pdb,resolution,cluster30,fold,uniprot,chains,ligands
10AI,2.1,1729_30,0,A7YT55,AB,"[[""A1C4P"", [""A"", ""B""], ""non-polymer"", 161.2, 0]]"
10QV,1.9,1822_30,3,P15559,ABCD,"[[""SWF"", [""A""], ""non-polymer"", 308.3, 0], [""FAD"", [""A"", ""B"", ""C"", ""D""], ""non-polymer"", 785.5, 0]]"
10ZF,2.39,178464_30,4,P08515;P22681,A,"[[""A1DCD"", [""A""], ""non-polymer"", 539.6, 0]]"
12GS,2.1,688_30,1,P09211,AB,"[[""0HH"", [""A"", ""B""], ""peptide-like"", 433.6, 0]]"
13TC,1.7,3581_30,1,P0DTD2,AB,"[[""2FX"", [""B""], ""non-polymer"", 192.2, 0]]"
13YB,1.35,396_30,2,F1T146,A,"[[""TM0"", [""A""], ""non-polymer"", 203.2, 0]]"
13YH,1.67,396_30,2,F1T146,A,"[[""YDX"", [""A""], ""non-polymer"", 205.2, 0]]"
13ZL,1.34,396_30,2,F1T146,A,"[[""NY4"", [""A""], ""non-polymer"", 204.3, 0]]"
14UZ,2.456,767_30,2,P9WN94,AB,"[[""A1DOC"", [""B""], ""non-polymer"", 238.7, 0]]"
1A28,1.8,6181_30,4,P06401,AB,"[[""STR"", [""A"", ""B""], ""non-polymer"", 314.5, 0]]"
1A7D,1.8,6354_30,1,P02247,A,"[[""CFO"", [""A""], ""non-polymer"", 163.1, 0]]"
1AE1,2.4,2281_30,4,P50162,AB,"[[""NAP"", [""A"", ""B""], ""non-polymer"", 743.4, 0]]"
1AL6,1.85,1438_30,2,P23007,A,"[[""HAX"", [""A""], ""non-polymer"", 808.5, 0]]"
1AOG,2.3,812_30,2,P28593,AB,"[[""FAD"", [""A"", ""B""], ""non-polymer"", 785.5, 0]]"
1AP9,2.35,706_30,3,P02945,A,"[[""RET"", [""A""], ""non-polymer"", 284.4, 0]]"
1ATL,1.8,6088_30,2,P15167,AB,"[[""0QI"", [""A"", ""B""], ""peptide-like"", 339.4, 0]]"
1B0P,2.31,6707_30,1,P94692,AB,"[[""SF4"", [""A"", ""B""], ""non-polymer"", 351.6, 0], [""TPP"", [""A"", ""B""], ""non-polymer"", 425.3, 1]]"
1B5P,1.8,2596_30,2,Q56232,AB,"[[""PLP"", [""A"", ""B""], ""non-polymer"", 247.1, 0]]"
1B8N,2.0,1484_30,2,P55859,A,"[[""IMG"", [""A""], ""non-polymer"", 281.3, 0]]"
1BL4,1.9,1241_30,0,P62942,AB,"[[""AP1"", [""A"", ""B""], ""non-polymer"", 693.8, 0]]"
1C1X,1.4,5635_30,3,Q59771,AB,"[[""HFA"", [""A"", ""B""], ""L-peptide linking"", 166.2, 0], [""NAD"", [""A"", ""B""], ""non-polymer"", 663.4, 0]]"
1C4V,2.1,241_30,1,P00734,123,"[[""IH2"", [""2""], ""non-polymer"", 528.6, 0]]"
1C80,2.2,3183_30,0,P07953,AB,"[[""GTP"", [""A"", ""B""], ""non-polymer"", 523.2, 0]]"
1CNT,2.4,26579_30,1,P26441,1234,"[[""YB"", [""3""], ""non-polymer"", 173.0, 3]]"
1CU0,2.2,498_30,3,P00720,A,"[[""HED"", [""A""], ""non-polymer"", 154.3, 0]]"
1CZC,2.5,1255_30,4,P00509,A,"[[""PLP"", [""A""], ""non-polymer"", 247.1, 0]]"
1DHJ,1.8,878_30,2,P0ABQ4,AB,"[[""MTX"", [""A"", ""B""], ""non-polymer"", 454.4, 0]]"
1DJX,2.3,11386_30,4,P10688,AB,"[[""I3P"", [""A"", ""B""], ""non-polymer"", 420.1, 0]]"
1DK0,1.77,4258_30,0,Q54450,AB,"[[""HEM"", [""A"", ""B""], ""non-polymer"", 616.5, 0]]"
1DOR,2.0,1535_30,0,A2RJT9,AB,"[[""FMN"", [""A"", ""B""], ""non-polymer"", 456.3, 0]]"
1E1L,2.3,4889_30,3,P08165,A,"[[""NAP"", [""A""], ""non-polymer"", 743.4, 0], [""FAD"", [""A""], ""non-polymer"", 785.5, 0]]"
1E92,2.2,1417_30,3,Q01782,ABCD,"[[""HBI"", [""A"", ""B"", ""C"", ""D""], ""non-polymer"", 239.2, 0], [""NAP"", [""A"", ""B"", ""C"", ""D""], ""non-polymer"", 743.4, 0]]"
1EL5,1.8,2000_30,1,P40859,AB,"[[""FAD"", [""A"", ""B""], ""non-polymer"", 785.5, 0]]"
1EVL,1.55,6_30,4,P0A8M3,ABCD,"[[""TSB"", [""A"", ""B"", ""C"", ""D""], ""non-polymer"", 447.4, 0]]"
1EWH,2.35,967_30,3,P23577,ABC,"[[""HEC"", [""A"", ""B"", ""C""], ""non-polymer"", 620.5, 0]]"
1EZ1,1.75,813_30,3,P33221,AB,"[[""MPO"", [""A""], ""non-polymer"", 209.3, 0], [""GAR"", [""A"", ""B""], ""non-polymer"", 284.2, -2], [""ANP"", [""A"", ""B""], ""non-polymer"", 506.2, 0]]"
1EZ4,2.3,755_30,2,P56511,ABCD,"[[""NAD"", [""A"", ""B"", ""C"", ""D""], ""non-polymer"", 663.4, 0]]"
1F3L,2.03,3601_30,2,O70467,A,"[[""SAH"", [""A""], ""non-polymer"", 384.4, 0]]"
1F5F,1.7,11121_30,1,P04278,A,"[[""DHT"", [""A""], ""non-polymer"", 290.4, 0]]"
1F9W,2.5,18110_30,2,P17119,AB,"[[""ADP"", [""A"", ""B""], ""non-polymer"", 427.2, 0]]"
1FCY,1.3,3731_30,4,P13631,A,"[[""LMU"", [""A""], ""D-saccharide"", 510.6, 0], [""564"", [""A""], ""non-polymer"", 386.5, 0]]"
1FDD,1.9,3381_30,2,P00214,A,"[[""F3S"", [""A""], ""non-polymer"", 295.8, 0], [""SF4"", [""A""], ""non-polymer"", 351.6, 0]]"
1FJ6,2.5,882_30,4,P00636,A,"[[""F6P"", [""A""], ""D-saccharide, beta linking"", 260.1, 0]]"
1FKJ,1.7,1241_30,0,P62942,A,"[[""FK5"", [""A""], ""non-polymer"", 804.0, 0]]"
1FOL,2.2,488_30,2,P29473,AB,"[[""HEM"", [""A"", ""B""], ""non-polymer"", 616.5, 0], [""ARG"", [""A"", ""B""], ""L-peptide linking"", 175.2, 1]]"
1FPE,2.2,882_30,4,P00636,AB,"[[""AMP"", [""A"", ""B""], ""non-polymer"", 347.2, 0], [""AHG"", [""A"", ""B""], ""D-saccharide"", 324.1, 0]]"
1FZU,1.8,2723_30,3,P00651,A,"[[""2GP"", [""A""], ""non-polymer"", 363.2, 0]]"
1G0K,1.85,498_30,3,P00720,A,"[[""HED"", [""A""], ""non-polymer"", 154.3, 0]]"
1G2N,1.65,2045_30,2,Q7SIF6,A,"[[""EPH"", [""A""], ""non-polymer"", 709.9, 0]]"
1G3E,1.8,47_30,4,P00760,A,"[[""109"", [""A""], ""non-polymer"", 237.3, 0]]"
1GFI,2.2,57_30,1,P10824,A,"[[""GDP"", [""A""], ""RNA linking"", 443.2, 0]]"
1GP2,2.3,32_30,2,P10824;P62871;P63212,ABG,"[[""GDP"", [""A""], ""RNA linking"", 443.2, 0]]"
1GQK,1.9,6962_30,0,B3PC73,AB,"[[""BDP"", [""A"", ""B""], ""D-saccharide, beta linking"", 194.1, 0]]"
1GS5,1.5,1639_30,4,P0A6C8,A,"[[""ANP"", [""A""], ""non-polymer"", 506.2, 0], [""NLG"", [""A""], ""non-polymer"", 189.2, 0]]"
1GUA,2.0,1893_30,2,P04049;P62834,AB,"[[""GNP"", [""A""], ""non-polymer"", 522.2, 0]]"
1GZR,2.0,4341_30,2,P05019,B,"[[""C15"", [""B""], ""non-polymer"", 336.6, 1]]"
1H6H,1.7,18842_30,0,Q15080,A,"[[""PIB"", [""A""], ""non-polymer"", 554.4, 0]]"
1H74,1.9,11966_30,0,Q58504,ABCD,"[[""ADP"", [""A"", ""C""], ""non-polymer"", 427.2, 0], [""AGS"", [""B"", ""D""], ""non-polymer"", 523.2, 0]]"
1H7Q,2.0,28936_30,0,P39621,A,"[[""TYD"", [""A""], ""non-polymer"", 402.2, 0]]"
1H8I,1.75,241_30,1,P00734;P01050,HIL,"[[""PHV"", [""H""], ""peptide-like"", 637.7, 0]]"
1HK4,2.4,613_30,4,P02768,A,"[[""T44"", [""A""], ""non-polymer"", 776.9, 0]]"
1HW8,2.1,4537_30,3,P04035,ABCD,"[[""ADP"", [""B"", ""D""], ""non-polymer"", 427.2, 0], [""114"", [""A"", ""B"", ""C"", ""D""], ""non-polymer"", 408.5, 0]]"
1HYB,2.0,4094_30,1,O26253,A,"[[""NMN"", [""A""], ""non-polymer"", 335.2, 1]]"
1I19,1.7,45972_30,1,Q7SID9,AB,"[[""FAD"", [""A"", ""B""], ""non-polymer"", 785.5, 0]]"
1I5S,2.2,4801_30,1,P33173,A,"[[""ADP"", [""A""], ""non-polymer"", 427.2, 0]]"
1IG0,1.8,42448_30,4,P35202,AB,"[[""VIB"", [""A"", ""B""], ""non-polymer"", 265.4, 1]]"
1II7,2.2,8200_30,2,Q8U1N9,AB,"[[""D5M"", [""A""], ""non-polymer"", 331.2, 0]]"
1IIH,2.2,611_30,4,P04789,AB,"[[""3PG"", [""B""], ""non-polymer"", 186.1, 0]]"
1IM8,2.2,1069_30,0,P43985,AB,"[[""SAI"", [""A"", ""B""], ""non-polymer"", 431.3, 0]]"
1IO3,1.9,24326_30,1,P00083,A,"[[""HEC"", [""A""], ""non-polymer"", 620.5, 0]]"
1IUU,2.0,4455_30,0,P20586,A,"[[""FAD"", [""A""], ""non-polymer"", 785.5, 0]]"
1JAF,2.5,3062_30,4,P00142,AB,"[[""HEC"", [""A"", ""B""], ""non-polymer"", 620.5, 0]]"
1JDO,1.9,180_30,2,P02185,A,"[[""HEM"", [""A""], ""non-polymer"", 616.5, 0]]"
1JEU,1.25,2120_30,2,P06202,AB,"[[""IUM"", [""A""], ""non-polymer"", 270.0, 0]]"
1JG7,1.65,10639_30,3,P04547,A,"[[""UDP"", [""A""], ""RNA linking"", 404.2, 0]]"
1JHA,2.0,770_30,3,Q05603,A,"[[""AAM"", [""A""], ""non-polymer"", 347.2, 0]]"
1JP4,1.69,9000_30,1,Q9Z1N4,A,"[[""AMP"", [""A""], ""non-polymer"", 347.2, 0]]"
1JS2,1.9,6389_30,0,P00260,ABCD,"[[""SF4"", [""A"", ""B"", ""C"", ""D""], ""non-polymer"", 351.6, 0]]"
1JXM,2.0,2313_30,1,P31016,A,"[[""5GP"", [""A""], ""non-polymer"", 363.2, 0]]"
1K0G,2.05,844_30,0,P05041,AB,"[[""TRP"", [""A"", ""B""], ""L-peptide linking"", 204.2, 0]]"
1K1I,2.2,47_30,4,P00760,A,"[[""FD1"", [""A""], ""non-polymer"", 508.6, 0]]"
1K4D,2.3,13_30,3,P01837;P01868;P0A334,ABC,"[[""DGA"", [""C""], ""non-polymer"", 625.0, 0]]"
1KAH,2.1,447_30,3,P06988,AB,"[[""HIS"", [""A""], ""L-peptide linking"", 156.2, 1]]"
1KAV,2.35,1950_30,3,P18031,A,"[[""FEP"", [""A""], ""non-polymer"", 470.3, 0]]"
1KEC,2.3,2716_30,4,P06875,AB,"[[""GRO"", [""B""], ""non-polymer"", 150.2, 0]]"
1KHE,2.4,1016_30,4,P35558,A,"[[""GCP"", [""A""], ""non-polymer"", 521.2, 0]]"
1KI4,2.34,5692_30,1,P0DTH5,AB,"[[""BTD"", [""A"", ""B""], ""non-polymer"", 389.2, 0]]"
1KWU,1.95,6628_30,0,P19999,ABC,"[[""MMA"", [""A"", ""B"", ""C""], ""D-saccharide"", 194.2, 0]]"
1L6Y,1.9,2650_30,1,P0ACB2,AB,"[[""4OX"", [""A"", ""B""], ""non-polymer"", 216.2, 0]]"
1L8P,2.1,24_30,0,P00924,ABCD,"[[""PAH"", [""A"", ""B"", ""C"", ""D""], ""non-polymer"", 155.0, 0]]"
1LGT,1.7,4745_30,0,P47228,A,"[[""BP3"", [""A""], ""non-polymer"", 220.7, 0]]"
1LH1,2.0,2173_30,0,P02240,A,"[[""HEM"", [""A""], ""non-polymer"", 616.5, 0]]"
1LOY,1.55,2723_30,3,P00651,A,"[[""3GP"", [""A""], ""non-polymer"", 363.2, 0]]"
1LWL,2.2,1392_30,2,P00183,A,"[[""DSO"", [""A""], ""non-polymer"", 539.8, 0], [""HEM"", [""A""], ""non-polymer"", 616.5, 0]]"
1LXY,2.0,1271_30,4,P23793,AB,"[[""CIR"", [""A"", ""B""], ""L-peptide linking"", 175.2, 0]]"
1MJ7,2.25,13_30,3,,HL,"[[""HAL"", [""H""], ""non-polymer"", 476.5, 0]]"
1ML4,1.8,185_30,0,P77918,A,"[[""PAL"", [""A""], ""non-polymer"", 255.1, 0]]"
1MMZ,1.8,10856_30,1,Q9ZB17,AB,"[[""ARB"", [""A"", ""B""], ""L-saccharide, beta linking"", 150.1, 0]]"
1N2B,1.7,176_30,4,P9WIL5,AB,"[[""APC"", [""A"", ""B""], ""non-polymer"", 505.2, 0]]"
1N7M,1.8,1_30,3,P01857,HL,"[[""MMP"", [""L""], ""non-polymer"", 580.7, 0]]"
1N83,1.63,9241_30,0,P35398,A,"[[""CLR"", [""A""], ""non-polymer"", 386.7, 0]]"
1NDY,2.0,4318_30,2,P56658,A,"[[""FR3"", [""A""], ""non-polymer"", 309.4, 0]]"
1NGJ,2.1,149_30,0,P19120,A,"[[""ANP"", [""A""], ""non-polymer"", 506.2, 0]]"
1NHJ,2.3,520_30,0,P23367,A,"[[""ANP"", [""A""], ""non-polymer"", 506.2, 0]]"
1NHX,2.1,1016_30,4,P35558,A,"[[""FTB"", [""A""], ""non-polymer"", 463.5, 0], [""PEP"", [""A""], ""non-polymer"", 168.0, 0]]"
1NJJ,2.45,2798_30,4,Q9TZZ6,ABCD,"[[""ORX"", [""A"", ""B"", ""C"", ""D""], ""non-polymer"", 363.3, 0], [""GET"", [""A"", ""B"", ""C""], ""non-polymer"", 496.6, 0]]"
1NOJ,2.4,513_30,0,P00489,A,"[[""PLP"", [""A""], ""non-polymer"", 247.1, 0], [""NTZ"", [""A""], ""non-polymer"", 202.2, 0]]"
1O03,1.4,2588_30,4,P71447,A,"[[""G16"", [""A""], ""D-saccharide"", 339.1, -1]]"
1O0M,1.5,340_30,0,P61823,AB,"[[""U2P"", [""A"", ""B""], ""RNA linking"", 324.2, 0]]"
1O5B,1.85,11054_30,2,P00749,AB,"[[""ESI"", [""B""], ""non-polymer"", 303.1, 1]]"
1O6L,1.6,107554_30,0,P31751;P49841,AC,"[[""ANP"", [""A""], ""non-polymer"", 506.2, 0]]"
1OE7,1.8,1847_30,2,P30114,AB,"[[""GSH"", [""A"", ""B""], ""peptide-like"", 307.3, 0]]"
1OIN,2.15,846_30,2,Q08638,AB,"[[""G2F"", [""A"", ""B""], ""D-saccharide, alpha linking"", 182.1, 0]]"
1OJ6,1.95,3294_30,4,Q9NPG2,ABCD,"[[""HEM"", [""A"", ""B"", ""C"", ""D""], ""non-polymer"", 616.5, 0]]"
1OKC,2.2,2127_30,3,P02722,A,"[[""PC1"", [""A""], ""non-polymer"", 790.1, 0], [""LDM"", [""A""], ""non-polymer"", 300.5, 0], [""CXT"", [""A""], ""non-polymer"", 770.8, 0]]"
1OWO,2.3,5134_30,2,P05327,A,"[[""FAD"", [""A""], ""non-polymer"", 785.5, 0]]"
1OXO,2.3,1287_30,1,P00508,AB,"[[""IK2"", [""A"", ""B""], ""non-polymer"", 322.2, 0]]"
1P3U,1.75,38671_30,4,Q9RGD9,A,"[[""HEM"", [""A""], ""non-polymer"", 616.5, 0]]"
1PHE,1.6,1392_30,2,P00183,A,"[[""HEM"", [""A""], ""non-polymer"", 616.5, 0]]"
1PSC,2.0,1155_30,1,P0A434,AB,"[[""EBP"", [""A"", ""B""], ""non-polymer"", 242.3, 0]]"
1Q4S,1.95,3217_30,1,Q04416,AB,"[[""COA"", [""A""], ""non-polymer"", 767.5, 0]]"
1QBV,1.8,154721_30,2,P00734;P28504,EHL,"[[""PPX"", [""H""], ""peptide-like"", 381.5, 0]]"
1QJ8,1.9,4858_30,2,P0A917,A,"[[""PC4"", [""A""], ""non-polymer"", 336.9, 0], [""C8E"", [""A""], ""non-polymer"", 306.4, 0]]"
1RAF,2.5,185_30,0,P0A786;P0A7F3,ABCD,"[[""CTP"", [""B"", ""D""], ""non-polymer"", 483.2, 0]]"
1RE1,2.5,560_30,1,P42574,AB,"[[""NA3"", [""A""], ""non-polymer"", 301.1, 0]]"
1REF,1.8,1276_30,3,P36217,AB,"[[""C3X"", [""B""], ""D-saccharide"", 206.2, 0]]"
1REQ,2.0,24277_30,0,P11652;P11653,ABCD,"[[""DCA"", [""A"", ""C""], ""non-polymer"", 735.5, 0]]"
1RGA,1.7,2723_30,3,P00651,A,"[[""3GP"", [""A""], ""non-polymer"", 363.2, 0], [""GMP"", [""A""], ""non-polymer"", 283.2, 0]]"
1RMQ,2.0,5963_30,4,P0AE22,AB,"[[""OS"", [""A"", ""B""], ""non-polymer"", 190.2, 3]]"
1RW8,2.4,2747_30,3,P36897,A,"[[""580"", [""A""], ""non-polymer"", 293.3, 0]]"
1S5N,0.95,883_30,1,P15587,A,"[[""XYL"", [""A""], ""D-saccharide"", 152.1, 0]]"
1SNM,1.74,535_30,4,P00644,A,"[[""THP"", [""A""], ""DNA linking"", 402.2, 0]]"
1T1R,2.3,253_30,1,P45568,AB,"[[""IMB"", [""A"", ""B""], ""non-polymer"", 318.2, 0]]"
1TA8,1.8,125_30,4,Q837V6,A,"[[""NMN"", [""A""], ""non-polymer"", 335.2, 1]]"
1TRB,2.0,2011_30,3,P0A9P4,A,"[[""FAD"", [""A""], ""non-polymer"", 785.5, 0]]"
1TSN,2.2,113_30,4,P0A884,A,"[[""C2F"", [""A""], ""non-polymer"", 459.5, 0], [""UFP"", [""A""], ""DNA linking"", 326.2, 0]]"
1TZJ,1.99,1645_30,2,Q00740,ABCD,"[[""PLP"", [""A"", ""B"", ""C"", ""D""], ""non-polymer"", 247.1, 0]]"
1U1I,1.9,33194_30,4,O28480,ABCD,"[[""NAD"", [""A"", ""B"", ""C"", ""D""], ""non-polymer"", 663.4, 0]]"
1U30,1.9,1827_30,3,P04746,A,"[[""GOX"", [""A""], ""non-polymer"", 192.2, 0], [""LAG"", [""A""], ""saccharide"", 516.5, 0]]"
1U32,2.0,694_30,3,P36873,A,"[[""OKA"", [""A""], ""non-polymer"", 805.0, 0]]"
1U9M,2.0,4208_30,2,P00171,ABCDEF,"[[""HEM"", [""A"", ""B"", ""C"", ""D"", ""E"", ""F""], ""non-polymer"", 616.5, 0]]"
1UBM,1.4,1191_30,4,P21852;P21853,LS,"[[""SF4"", [""S""], ""non-polymer"", 351.6, 0], [""F3S"", [""S""], ""non-polymer"", 295.8, 0], [""FNE"", [""L""], ""non-polymer"", 230.6, 0]]"
1UEU,2.0,3232_30,0,O28126,A,"[[""CTP"", [""A""], ""non-polymer"", 483.2, 0]]"
1UHE,1.55,860_30,4,P56065,AB,"[[""NSN"", [""A""], ""non-polymer"", 201.2, 0]]"
1UHJ,1.8,6558_30,3,P02592,AB,"[[""CZB"", [""A"", ""B""], ""non-polymer"", 520.4, 0]]"
1UIW,1.5,109_30,3,P68871;P69905,ABCDEFGH,"[[""HEM"", [""A"", ""B"", ""C"", ""D"", ""E"", ""F"", ""G"", ""H""], ""non-polymer"", 616.5, 0]]"
1UMA,2.0,241_30,1,P00734;P01050,HIL,"[[""IN2"", [""H""], ""non-polymer"", 218.3, 0]]"
1UMB,2.1,6974_30,1,Q5SLR3;Q5SLR4,ABCD,"[[""TPP"", [""A"", ""C""], ""non-polymer"", 425.3, 1]]"
1UX9,2.4,13285_30,4,Q8WWM9,AB,"[[""FC6"", [""A"", ""B""], ""non-polymer"", 211.9, 0], [""HEM"", [""A"", ""B""], ""non-polymer"", 616.5, 0]]"
1UZ4,1.71,26156_30,0,Q6QT42,A,"[[""IFL"", [""A""], ""non-polymer"", 161.2, 0]]"
1V0M,1.07,5951_30,3,P26514,A,"[[""XYP"", [""A""], ""D-saccharide, beta linking"", 150.1, 0]]"
1V5Y,1.9,4863_30,3,P46072,AB,"[[""FMN"", [""A"", ""B""], ""non-polymer"", 456.3, 0], [""4HC"", [""A"", ""B""], ""non-polymer"", 162.1, 0]]"
1V9N,2.1,8045_30,2,O59028,A,"[[""NDP"", [""A""], ""non-polymer"", 745.4, 0]]"
1VP4,1.82,10340_30,2,Q9X0L5,AB,"[[""PLP"", [""A"", ""B""], ""non-polymer"", 247.1, 0]]"
1WAD,1.8,6336_30,2,P00133,A,"[[""HEC"", [""A""], ""non-polymer"", 620.5, 0]]"
1WC0,2.4,12538_30,4,O32393,AB,"[[""APC"", [""A"", ""B""], ""non-polymer"", 505.2, 0]]"
1WCQ,2.1,17695_30,1,Q02834,ABC,"[[""DAN"", [""A"", ""B"", ""C""], ""D-saccharide"", 291.3, 0]]"
1WTC,1.9,13739_30,0,O59791,A,"[[""PLP"", [""A""], ""non-polymer"", 247.1, 0], [""ACP"", [""A""], ""non-polymer"", 505.2, 0]]"
1WUA,1.45,53_30,0,P68135,A,"[[""ATP"", [""A""], ""non-polymer"", 507.2, 0]]"
1XGI,1.96,1064_30,3,P00811,AB,"[[""NST"", [""B""], ""non-polymer"", 328.3, 0]]"
1XJM,2.4,16098_30,4,O33839,AB,"[[""TTP"", [""A"", ""B""], ""non-polymer"", 482.2, 0]]"
1XK3,2.08,1267_30,4,P09601,AB,"[[""HEM"", [""A"", ""B""], ""non-polymer"", 616.5, 0]]"
1XQ3,2.25,1544_30,2,P10275,A,"[[""R18"", [""A""], ""non-polymer"", 284.4, 0]]"
1XXN,1.7,5651_30,1,P18429,A,"[[""SRT"", [""A""], ""non-polymer"", 150.1, 0]]"
1Y30,2.2,27009_30,1,O06553,AB,"[[""FMN"", [""A""], ""non-polymer"", 456.3, 0]]"
1Y8J,2.25,2490_30,1,P08473,A,"[[""STS"", [""A""], ""non-polymer"", 270.4, 1]]"
1YBQ,2.0,12080_30,1,P39377,AB,"[[""BDH"", [""A"", ""B""], ""non-polymer"", 270.2, 0]]"
1YEA,1.9,494_30,4,P00045,A,"[[""HEC"", [""A""], ""non-polymer"", 620.5, 0]]"
1YNU,2.25,3849_30,3,P37821,A,"[[""PY4"", [""A""], ""non-polymer"", 334.3, 0]]"
1YWA,0.89,2727_30,2,Q94734,A,"[[""HEM"", [""A""], ""non-polymer"", 616.5, 0]]"
1YWB,0.97,2727_30,2,Q94734,A,"[[""HEM"", [""A""], ""non-polymer"", 616.5, 0]]"
1YWQ,2.3,6847_30,1,Q81EW9,A,"[[""FMN"", [""A""], ""non-polymer"", 456.3, 0]]"
1YZN,2.06,1481_30,1,P01123,A,"[[""GNP"", [""A""], ""non-polymer"", 522.2, 0]]"
1Z84,1.83,19545_30,3,Q9FK51,AB,"[[""AMP"", [""A"", ""B""], ""non-polymer"", 347.2, 0]]"
1ZEJ,2.0,5063_30,4,O28262,A,"[[""PE8"", [""A""], ""non-polymer"", 370.4, 0]]"
1ZPZ,2.5,1250_30,4,P03951,A,"[[""BUK"", [""A""], ""non-polymer"", 684.6, 0]]"
1ZZ1,1.57,6192_30,4,Q70I53,ABCD,"[[""SHH"", [""A"", ""B"", ""C"", ""D""], ""non-polymer"", 264.3, 0]]"
24AQ,1.84,4616_30,3,Q9HB07,A,"[[""C5P"", [""A""], ""non-polymer"", 323.2, 0]]"
28HW,1.1,1183_30,1,P17931,A,"[[""A1J0D"", [""A""], ""D-saccharide"", 440.5, 0]]"
28WL,1.6,2098_30,1,P27338,AB,"[[""C15"", [""A"", ""B""], ""non-polymer"", 336.6, 1], [""A1JF0"", [""A"", ""B""], ""non-polymer"", 475.5, 0], [""FAD"", [""A"", ""B""], ""non-polymer"", 785.5, 0]]"
2A2S,1.7,688_30,1,P09211,AB,"[[""GSN"", [""A"", ""B""], ""non-polymer"", 334.3, -2]]"
2A3A,2.1,4891_30,2,Q873X9,AB,"[[""TEP"", [""A"", ""B""], ""non-polymer"", 180.2, 0]]"
2A4R,2.4,1027_30,3,P27958,ABCD,"[[""BNH"", [""A""], ""non-polymer"", 697.8, 0]]"
2A7X,1.7,176_30,4,P9WIL5,A,"[[""AMP"", [""A""], ""non-polymer"", 347.2, 0]]"
2A8T,2.1,10946_30,1,Q6TEC1,AB,"[[""MGT"", [""A"", ""B""], ""non-polymer"", 539.2, 0], [""ADN"", [""A"", ""B""], ""non-polymer"", 267.2, 0]]"
2ABK,1.85,7976_30,1,P0AB83,A,"[[""SF4"", [""A""], ""non-polymer"", 351.6, 0]]"
2AG4,1.8,15671_30,0,P17900,AB,"[[""LP3"", [""A"", ""B""], ""non-polymer"", 524.7, 1]]"
2AL1,1.5,24_30,0,P00924,AB,"[[""2PG"", [""A""], ""non-polymer"", 186.1, 0], [""PEP"", [""A"", ""B""], ""non-polymer"", 168.0, 0]]"
2AL5,1.65,211_30,0,P19491,AB,"[[""4MP"", [""A""], ""non-polymer"", 219.2, 0], [""FWD"", [""A"", ""B""], ""non-polymer"", 217.2, 0]]"
2AN9,2.35,774_30,3,P60546,AB,"[[""GMP"", [""A"", ""B""], ""non-polymer"", 283.2, 0], [""GDP"", [""A"", ""B""], ""RNA linking"", 443.2, 0]]"
2AUQ,1.8,2868_30,0,P02213,AB,"[[""HEM"", [""A"", ""B""], ""non-polymer"", 616.5, 0]]"
2AVN,2.35,247783_30,0,Q9X1A9,AB,"[[""SAI"", [""A"", ""B""], ""non-polymer"", 431.3, 0]]"
2AX0,2.0,917_30,2,P26663,AB,"[[""5X"", [""A"", ""B""], ""non-polymer"", 418.6, 0]]"
2B00,1.85,623_30,1,P00592,A,"[[""GCH"", [""A""], ""non-polymer"", 465.6, 0]]"
2BGU,2.2,10639_30,3,P04547,A,"[[""UDP"", [""A""], ""RNA linking"", 404.2, 0]]"
2BIA,1.77,566_30,0,Q9RME2,AB,"[[""PLP"", [""A"", ""B""], ""non-polymer"", 247.1, 0]]"
2BIG,1.3,566_30,0,Q9RME2,AB,"[[""PLP"", [""A"", ""B""], ""non-polymer"", 247.1, 0]]"
2BKL,1.5,1501_30,1,Q9X5N2,AB,"[[""ZAH"", [""A"", ""B""], ""non-polymer"", 320.3, 0]]"
2BKS,2.2,1093_30,0,P00797,AB,"[[""PZ1"", [""B""], ""non-polymer"", 587.7, 0]]"
2BT6,1.5,3639_30,2,P00257,AB,"[[""RUA"", [""A"", ""B""], ""non-polymer"", 597.7, 0], [""FES"", [""A"", ""B""], ""non-polymer"", 175.8, 0]]"
2C27,1.8,3128_30,3,P9WJM7,A,"[[""MA8"", [""A""], ""D-saccharide"", 444.5, 0], [""ACO"", [""A""], ""non-polymer"", 809.6, 0], [""COA"", [""A""], ""non-polymer"", 767.5, 0]]"
2C29,1.81,1009_30,1,P93799,DF,"[[""DQH"", [""D"", ""F""], ""non-polymer"", 304.3, 0], [""NAP"", [""D"", ""F""], ""non-polymer"", 743.4, 0]]"
2C2N,1.55,13607_30,4,Q8IVS2,AB,"[[""AE4"", [""A""], ""non-polymer"", 266.3, 0]]"
2C2Z,1.95,5762_30,1,Q14790,ABC,"[[""DTD"", [""B""], ""non-polymer"", 152.2, 0]]"
2C4M,1.9,513_30,0,Q8KQ56,ABCD,"[[""PLP"", [""A"", ""B"", ""C"", ""D""], ""non-polymer"", 247.1, 0]]"
2CDC,1.5,13090_30,4,O93715,ABCD,"[[""XYP"", [""A"", ""B"", ""C"", ""D""], ""D-saccharide, beta linking"", 150.1, 0], [""NAP"", [""A"", ""B"", ""C"", ""D""], ""non-polymer"", 743.4, 0]]"
2CDV,1.8,6336_30,2,P00132,A,"[[""HEC"", [""A""], ""non-polymer"", 620.5, 0]]"
2CES,2.15,846_30,2,Q08638,AB,"[[""GIM"", [""A"", ""B""], ""non-polymer"", 201.2, 1]]"
2CFI,1.85,112_30,3,O75891,A,"[[""ZZZ"", [""A""], ""non-polymer"", 195.2, 0]]"
2CHX,2.5,1660_30,0,P48736,A,"[[""090"", [""A""], ""non-polymer"", 350.4, 1]]"
2CJE,2.34,14521_30,4,O15826,A,"[[""DUN"", [""A""], ""non-polymer"", 387.2, 0]]"
2CJZ,1.7,12537_30,1,P54829,A,"[[""PTR"", [""A""], ""L-peptide linking"", 261.2, 0]]"
2CLM,1.51,75_30,2,P00929;P0A2K1,AB,"[[""F6F"", [""A""], ""non-polymer"", 329.2, 0], [""PLS"", [""B""], ""non-polymer"", 336.2, 0]]"
2CZC,2.0,3749_30,0,O59494,ABCD,"[[""NAD"", [""A"", ""B"", ""C"", ""D""], ""non-polymer"", 663.4, 0]]"
2D06,2.3,1548_30,4,P50225,AB,"[[""EST"", [""A"", ""B""], ""non-polymer"", 272.4, 0], [""A3P"", [""A"", ""B""], ""RNA linking"", 427.2, 0]]"
2DD7,1.9,1997_30,2,Q2MHN7,AB,"[[""CXS"", [""B""], ""non-polymer"", 221.3, 0]]"
2DE3,1.6,31817_30,4,P54997,AB,"[[""OBP"", [""A"", ""B""], ""non-polymer"", 234.3, 0]]"
2DRE,2.0,27758_30,0,O04797,ABCD,"[[""CLA"", [""A"", ""B"", ""C"", ""D""], ""non-polymer"", 893.5, 0]]"
2DV7,2.3,1587_30,0,O58456,AB,"[[""SAH"", [""A""], ""non-polymer"", 384.4, 0]]"
2E1T,2.1,4052_30,2,A4PHY4,AB,"[[""MLC"", [""A"", ""B""], ""non-polymer"", 853.6, 0]]"
2ECU,1.3,1979_30,1,Q5SJP7,AB,"[[""1PG"", [""B""], ""non-polymer"", 252.3, 0]]"
2F07,2.3,87472_30,1,O07001,AB,"[[""BTB"", [""A"", ""B""], ""non-polymer"", 209.2, 0]]"
2F6V,1.7,1950_30,3,P18031,A,"[[""SK2"", [""A""], ""non-polymer"", 419.5, 0]]"
2F8P,1.93,6558_30,3,Q27709,A,"[[""CEI"", [""A""], ""non-polymer"", 411.5, 0]]"
2FDU,1.85,448_30,4,P11509,ABCD,"[[""D1G"", [""A"", ""B"", ""C"", ""D""], ""non-polymer"", 202.3, 0], [""HEM"", [""A"", ""B"", ""C"", ""D""], ""non-polymer"", 616.5, 0]]"
2FEQ,2.44,210168_30,4,P00734,DHL,"[[""34P"", [""H""], ""peptide-like"", 464.6, 0]]"
2FS9,2.3,3881_30,2,P20231,ABCD,"[[""C4A"", [""A"", ""B"", ""C"", ""D""], ""non-polymer"", 519.6, 0]]"
2FSZ,2.2,3336_30,1,Q92731,AB,"[[""OHT"", [""A"", ""B""], ""non-polymer"", 387.5, 0]]"
2G19,1.7,2770_30,3,Q9GZT9,A,"[[""4HG"", [""A""], ""non-polymer"", 372.1, 0]]"
2GC3,2.1,7853_30,3,P83194,AB,"[[""M6P"", [""A"", ""B""], ""D-saccharide, alpha linking"", 260.1, 0]]"
2GFJ,1.8,2393_30,1,P52700,AB,"[[""VI"", [""A"", ""B""], ""non-polymer"", 308.3, 0]]"
2GJL,2.0,7768_30,4,Q9I4V0,A,"[[""FMN"", [""A""], ""non-polymer"", 456.3, 0]]"
2GXS,1.66,7097_30,1,O07897,AB,"[[""AMP"", [""A"", ""B""], ""non-polymer"", 347.2, 0]]"
2HA6,2.25,307_30,0,P21836,AB,"[[""SCK"", [""A"", ""B""], ""non-polymer"", 290.4, 2]]"
2HNV,2.5,4443_30,4,P01175,ABCDE,"[[""PHE"", [""A"", ""B"", ""C"", ""D"", ""E""], ""L-peptide linking"", 165.2, 0], [""TYR"", [""A"", ""B"", ""C"", ""D"", ""E""], ""L-peptide linking"", 181.2, 0]]"
2HUW,1.9,2571_30,4,P62993,AB,"[[""YVN"", [""A"", ""B""], ""non-polymer"", 527.5, 0]]"
2HVO,1.65,879_30,3,P15121,A,"[[""ZST"", [""A""], ""non-polymer"", 419.4, 0], [""NAP"", [""A""], ""non-polymer"", 743.4, 0]]"
2HY8,2.0,2976_30,2,Q13153,1,"[[""1ST"", [""1""], ""non-polymer"", 480.5, 0]]"
2HZA,2.1,1218_30,1,P0A6Z6,AB,"[[""3CM"", [""B""], ""D-saccharide"", 466.5, 0]]"
2I6B,2.3,5062_30,2,P55263,AB,"[[""89I"", [""A"", ""B""], ""non-polymer"", 400.5, 0]]"
2I7O,1.5,1278_30,1,P00282,A,"[[""REQ"", [""A""], ""non-polymer"", 478.5, 0]]"
2I9V,2.2,1969_30,4,P16113,A,"[[""HC4"", [""A""], ""non-polymer"", 164.2, 0]]"
2IDO,2.1,53880_30,3,P03007;Q71T70,ABCD,"[[""TMP"", [""A"", ""C""], ""non-polymer"", 322.2, 0]]"
2IO6,2.2,5512_30,3,P30291,A,"[[""330"", [""A""], ""non-polymer"", 416.4, 0]]"
2ISK,2.1,21341_30,0,Q92PC8,ABCDEFGH,"[[""FNR"", [""A"", ""B"", ""C"", ""D"", ""E"", ""F"", ""G"", ""H""], ""non-polymer"", 458.4, 0]]"
2IXC,1.79,11326_30,1,P9WH11,ABCD,"[[""TRH"", [""A"", ""B"", ""C"", ""D""], ""non-polymer"", 548.3, 0]]"
2IYF,1.7,10633_30,0,Q53685,AB,"[[""UDP"", [""A"", ""B""], ""RNA linking"", 404.2, 0], [""ERY"", [""A"", ""B""], ""non-polymer"", 733.9, 0]]"
2J9X,1.9,75_30,2,P00929;P0A2K1,AB,"[[""P1T"", [""B""], ""non-polymer"", 318.2, 0], [""G3P"", [""A""], ""non-polymer"", 172.1, 0]]"
2JCJ,2.02,4151_30,2,P14769,A,"[[""UDP"", [""A""], ""RNA linking"", 404.2, 0]]"
2JDZ,2.1,1153_30,4,P81637,A,"[[""XMM"", [""A""], ""D-saccharide"", 408.6, 0]]"
2JGS,1.9,3768_30,4,P02701,ABCD,"[[""BTN"", [""A"", ""B"", ""C"", ""D""], ""non-polymer"", 244.3, 0]]"
2JI8,2.15,3702_30,0,P40149,AB,"[[""FYN"", [""A"", ""B""], ""non-polymer"", 795.5, 0], [""ADP"", [""A"", ""B""], ""non-polymer"", 427.2, 0], [""TPP"", [""A"", ""B""], ""non-polymer"", 425.3, 1]]"
2MYE,1.68,180_30,2,P02185,A,"[[""HEM"", [""A""], ""non-polymer"", 616.5, 0]]"
2O06,2.0,1304_30,4,P19623,AB,"[[""MTA"", [""A"", ""B""], ""non-polymer"", 297.3, 0]]"
2OBM,2.25,3622_30,4,B7UMA6,A,"[[""ADP"", [""A""], ""non-polymer"", 427.2, 0]]"
2OLC,2.0,1187_30,1,O31663,AB,"[[""ADP"", [""A"", ""B""], ""non-polymer"", 427.2, 0], [""CPS"", [""A""], ""non-polymer"", 614.9, 0], [""HO"", [""A"", ""B""], ""non-polymer"", 164.9, 0]]"
2OLN,1.15,53604_30,4,Q9X9P9,A,"[[""FAD"", [""A""], ""non-polymer"", 785.5, 0]]"
2OS1,1.5,1622_30,4,Q82ZJ0,A,"[[""BB2"", [""A""], ""non-polymer"", 385.5, 0]]"
2P9A,1.6,2176_30,1,P0AE18,A,"[[""YE6"", [""A""], ""non-polymer"", 236.7, 0]]"
2P9T,2.0,99_30,3,P09041,A,"[[""3PG"", [""A""], ""non-polymer"", 186.1, 0]]"
2PCG,2.2,1587_30,0,O58456,AB,"[[""SAH"", [""A""], ""non-polymer"", 384.4, 0]]"
2PD6,2.0,2751_30,4,Q92506,ABCD,"[[""NAD"", [""A"", ""B"", ""C"", ""D""], ""non-polymer"", 663.4, 0]]"
2PMP,2.3,90564_30,2,Q9CAK8,A,"[[""C5P"", [""A""], ""non-polymer"", 323.2, 0]]"
2PQB,1.8,564_30,0,Q9R4E4,A,"[[""GG9"", [""A""], ""non-polymer"", 458.2, 0]]"
2PR5,1.45,13827_30,0,O34627,AB,"[[""FMN"", [""A"", ""B""], ""non-polymer"", 456.3, 0]]"
2PUT,1.9,3055_30,4,P53704,ABCD,"[[""UD1"", [""A"", ""B"", ""C"", ""D""], ""non-polymer"", 607.4, 0], [""F6R"", [""A"", ""B"", ""C"", ""D""], ""non-polymer"", 260.1, 0]]"
2PV7,2.0,24338_30,1,P43902,AB,"[[""NAD"", [""A"", ""B""], ""non-polymer"", 663.4, 0], [""TYR"", [""A"", ""B""], ""L-peptide linking"", 181.2, 0]]"
2PZF,2.0,1775_30,1,P13569,AB,"[[""ATP"", [""A"", ""B""], ""non-polymer"", 507.2, 0]]"
2Q0C,2.2,17541_30,1,Q381M1,AB,"[[""CTP"", [""A""], ""non-polymer"", 483.2, 0]]"
2Q0O,2.0,30723_30,4,P55407;P55408,ABCD,"[[""LAE"", [""A"", ""B""], ""non-polymer"", 241.3, 0]]"
2Q7A,2.1,143600_30,0,Q06A48,AB,"[[""HEM"", [""A"", ""B""], ""non-polymer"", 616.5, 0]]"
2QBT,1.75,1255_30,4,P00509,A,"[[""PSZ"", [""A""], ""non-polymer"", 374.3, 0], [""PMP"", [""A""], ""non-polymer"", 248.2, 0]]"
2QEO,2.315,18732_30,3,Q7PNF2,AB,"[[""LNR"", [""A"", ""B""], ""non-polymer"", 169.2, 0]]"
2QNY,2.15,282_30,0,P9WNG3,AB,"[[""DFD"", [""A"", ""B""], ""non-polymer"", 186.3, 0]]"
2QQ0,1.5,9997_30,0,Q9WYN2,AB,"[[""ADP"", [""B""], ""non-polymer"", 427.2, 0], [""TMP"", [""B""], ""non-polymer"", 322.2, 0], [""ANP"", [""A""], ""non-polymer"", 506.2, 0], [""THM"", [""A""], ""DNA OH 5 prime terminus"", 242.2, 0]]"
2QSZ,1.9,9379_30,4,Q9NWW6,A,"[[""NMN"", [""A""], ""non-polymer"", 335.2, 1]]"
2QWL,1.75,149_30,0,P19120,AB,"[[""ADP"", [""A"", ""B""], ""non-polymer"", 427.2, 0]]"
2R0C,1.8,13549_30,0,Q8KI25,A,"[[""FAD"", [""A""], ""non-polymer"", 785.5, 0]]"
2R0T,1.9,16498_30,4,Q9F118,AB,"[[""PGU"", [""A"", ""B""], ""non-polymer"", 378.3, 0]]"
2R4Z,1.6,2868_30,0,P02213,AB,"[[""HEM"", [""A"", ""B""], ""non-polymer"", 616.5, 0]]"
2R9R,2.4,3156_30,0,P62483,ABGH,"[[""PGW"", [""B"", ""H""], ""non-polymer"", 749.0, 0], [""NAP"", [""A"", ""G""], ""non-polymer"", 743.4, 0]]"
2REH,2.4,13035_30,3,Q8X1D8,ABCD,"[[""FAD"", [""A"", ""B"", ""C"", ""D""], ""non-polymer"", 785.5, 0]]"
2RFB,2.5,12829_30,3,Q6KZ68,ABC,"[[""HEM"", [""A"", ""B"", ""C""], ""non-polymer"", 616.5, 0]]"
2RJ4,1.47,1180_30,4,P16442,A,"[[""UDP"", [""A""], ""RNA linking"", 404.2, 0], [""AD7"", [""A""], ""non-polymer"", 421.5, 0]]"
2RKU,1.95,1372_30,2,P53350,A,"[[""TAR"", [""A""], ""non-polymer"", 150.1, 0], [""SRT"", [""A""], ""non-polymer"", 150.1, 0], [""R78"", [""A""], ""non-polymer"", 521.7, 0]]"
2RTE,1.5,529_30,2,P22629,BD,"[[""BTN"", [""B"", ""D""], ""non-polymer"", 244.3, 0]]"
2UV2,2.3,6677_30,0,Q9H2G2,A,"[[""GVD"", [""A""], ""non-polymer"", 381.4, 0]]"
2UV7,2.0,3640_30,0,P54619,A,"[[""AMP"", [""A""], ""non-polymer"", 347.2, 0]]"
2V0L,2.2,192_30,0,P43889,A,"[[""URI"", [""A""], ""non-polymer"", 244.2, 0]]"
2V34,2.3,19719_30,1,O67060,AB,"[[""CTN"", [""A"", ""B""], ""non-polymer"", 243.2, 0], [""SG3"", [""B""], ""non-polymer"", 214.1, 0]]"
2V4J,2.1,13083_30,2,P45573;P45574;P45575,ABCDEF,"[[""SH0"", [""A"", ""D""], ""non-polymer"", 868.9, 0], [""SF4"", [""A"", ""B"", ""D"", ""E""], ""non-polymer"", 351.6, 0]]"
2VCZ,1.95,1847_30,2,O60760,ABCD,"[[""VC3"", [""B""], ""non-polymer"", 189.2, 0], [""GSH"", [""A"", ""B"", ""C"", ""D""], ""peptide-like"", 307.3, 0]]"
2VD8,1.47,1189_30,1,A0A6L7HC45,AB,"[[""PLP"", [""A"", ""B""], ""non-polymer"", 247.1, 0]]"
2VIA,1.67,103_30,4,Q7SIB6,A,"[[""PLP"", [""A""], ""non-polymer"", 247.1, 0]]"
2VIO,1.8,740_30,3,P00749,A,"[[""L1O"", [""A""], ""non-polymer"", 250.1, 0]]"
2VNV,1.7,2604_30,0,B4EH87,ABCDE,"[[""MMA"", [""A"", ""B"", ""C"", ""D"", ""E""], ""D-saccharide"", 194.2, 0]]"
2VRX,1.86,16909_30,2,O13024;Q6DE08,ABCD,"[[""447"", [""A"", ""B""], ""non-polymer"", 513.6, 0]]"
2W2T,1.95,1212_30,4,P15153,A,"[[""GDP"", [""A""], ""RNA linking"", 443.2, 0]]"
2W3L,2.1,2273_30,3,P10415,AB,"[[""DRO"", [""A"", ""B""], ""non-polymer"", 576.1, 0]]"
2W70,1.77,5136_30,4,P24182,AB,"[[""L22"", [""A"", ""B""], ""non-polymer"", 193.2, 0]]"
2W7J,1.68,103_30,4,Q7SIB6,A,"[[""PLP"", [""A""], ""non-polymer"", 247.1, 0]]"
2WGH,2.3,2383_30,1,P23921,AB,"[[""DTP"", [""A"", ""B""], ""non-polymer"", 491.2, 0]]"
2WHQ,2.15,307_30,0,P21836,AB,"[[""HI6"", [""A"", ""B""], ""non-polymer"", 288.3, 2]]"
2WKH,1.791,500_30,0,P14489,AB,"[[""ZZ7"", [""A"", ""B""], ""non-polymer"", 367.4, 0]]"
2WKP,1.9,1212_30,4,O49003;P63000,A,"[[""FMN"", [""A""], ""non-polymer"", 456.3, 0], [""GTP"", [""A""], ""non-polymer"", 523.2, 0]]"
2WKU,2.3,337_30,0,P07097,ABCD,"[[""DNO"", [""A"", ""B""], ""D-saccharide"", 180.2, 0]]"
2WLG,1.9,24923_30,0,Q93S40,ABC,"[[""SOP"", [""A"", ""C""], ""non-polymer"", 823.6, 0]]"
2WR8,1.77,21087_30,3,O58212,A,"[[""SAH"", [""A""], ""non-polymer"", 384.4, 0]]"
2X13,1.74,1616_30,3,P00558,A,"[[""3PG"", [""A""], ""non-polymer"", 186.1, 0], [""ADP"", [""A""], ""non-polymer"", 427.2, 0]]"
2X1L,2.3,3255_30,4,A0R3E2,ABC,"[[""CXS"", [""A"", ""B"", ""C""], ""non-polymer"", 221.3, 0], [""ADN"", [""A"", ""B"", ""C""], ""non-polymer"", 267.2, 0]]"
2X4D,1.92,8041_30,3,Q9H008,AB,"[[""POP"", [""A"", ""B""], ""non-polymer"", 176.0, -2]]"
2X7C,1.9,2785_30,0,P52732,AB,"[[""KZ9"", [""A"", ""B""], ""non-polymer"", 274.3, 0], [""ADP"", [""A"", ""B""], ""non-polymer"", 427.2, 0]]"
2X7E,2.4,2785_30,0,P52732,AB,"[[""X7E"", [""A"", ""B""], ""non-polymer"", 376.4, 0], [""ADP"", [""A"", ""B""], ""non-polymer"", 427.2, 0]]"
2X9I,2.2,41619_30,4,Q58MU6,ABCD,"[[""BLA"", [""A"", ""B"", ""C"", ""D""], ""non-polymer"", 582.6, 0]]"
2XAN,2.2,7203_30,0,Q93YN9,AB,"[[""ANP"", [""A"", ""B""], ""non-polymer"", 506.2, 0], [""5MY"", [""A"", ""B""], ""non-polymer"", 580.1, 0]]"
2XDA,1.85,530_30,2,Q48255,A,"[[""JPS"", [""A""], ""non-polymer"", 298.4, 0]]"
2XIM,2.3,883_30,1,P12851,ABCD,"[[""XYL"", [""A"", ""B"", ""C"", ""D""], ""D-saccharide"", 152.1, 0]]"
2Y1D,2.05,253_30,1,P9WNS1,AB,"[[""34F"", [""A""], ""non-polymer"", 328.1, 0]]"
2Y1W,2.1,2527_30,1,Q86X55,ABCD,"[[""SFG"", [""A"", ""B"", ""C"", ""D""], ""non-polymer"", 381.4, 0], [""849"", [""A"", ""B"", ""C"", ""D""], ""non-polymer"", 381.5, 0]]"
2Y59,2.5,9993_30,0,P39045,ABCD,"[[""ZA3"", [""A"", ""B"", ""C"", ""D""], ""non-polymer"", 241.0, -1]]"
2Y60,1.4,2039_30,0,P05326,A,"[[""M8F"", [""A""], ""non-polymer"", 395.5, 0]]"
2Y6B,1.9,2982_30,2,Q43758,A,"[[""HEM"", [""A""], ""non-polymer"", 616.5, 0]]"
2YCF,1.77,5088_30,2,O96017,A,"[[""YCF"", [""A""], ""non-polymer"", 440.5, 0]]"
2YCP,2.0,1667_30,2,P31013,ABCD,"[[""P33"", [""C"", ""D""], ""non-polymer"", 326.4, 0], [""P61"", [""A"", ""B"", ""C"", ""D""], ""non-polymer"", 428.3, 0]]"
2YFO,1.35,5695_30,4,G4T4R7,A,"[[""GLA"", [""A""], ""D-saccharide, alpha linking"", 180.2, 0]]"
2YGX,2.39,457_30,2,Q59523,ABCD,"[[""HEM"", [""A"", ""B"", ""C"", ""D""], ""non-polymer"", 616.5, 0]]"
2YMV,1.6,25090_30,0,A0R2V4,A,"[[""FNR"", [""A""], ""non-polymer"", 458.4, 0]]"
2YQH,2.3,2788_30,3,O74933,AB,"[[""GN1"", [""A"", ""B""], ""D-saccharide"", 301.2, 0]]"
2YQS,2.3,2788_30,3,O74933,A,"[[""UD1"", [""A""], ""non-polymer"", 607.4, 0]]"
2YV5,1.9,4265_30,3,O66555,A,"[[""GDP"", [""A""], ""RNA linking"", 443.2, 0]]"
2Z6J,2.3,7768_30,4,Q9FBC5,AB,"[[""TUI"", [""A"", ""B""], ""non-polymer"", 482.5, 0], [""FMN"", [""A"", ""B""], ""non-polymer"", 456.3, 0]]"
2Z73,2.5,55018_30,1,P31356,AB,"[[""PC1"", [""B""], ""non-polymer"", 790.1, 0], [""TWT"", [""A"", ""B""], ""non-polymer"", 310.6, 0], [""RET"", [""A"", ""B""], ""non-polymer"", 284.4, 0]]"
2ZFN,1.9,11095_30,0,Q07794,A,"[[""ACO"", [""A""], ""non-polymer"", 809.6, 0]]"
2ZHQ,1.96,120639_30,1,P00734;P01050,HIL,"[[""27U"", [""H""], ""non-polymer"", 378.5, 0]]"
2ZHZ,1.8,93043_30,2,Q2SZ09,ABC,"[[""ATP"", [""B""], ""non-polymer"", 507.2, 0]]"
2ZVJ,2.3,2044_30,4,P22734,A,"[[""KOM"", [""A""], ""non-polymer"", 254.2, 0], [""SAM"", [""A""], ""non-polymer"", 398.4, 0]]"
2ZYW,1.8,1548_30,4,Q3UZZ6,X,"[[""A3P"", [""X""], ""RNA linking"", 427.2, 0]]"
33YN,1.75,2157_30,1,P0DTC1;P0DTD1,AB,"[[""A1KOY"", [""A""], ""non-polymer"", 367.4, 0]]"
36JE,2.1,15214_30,2,A0A1D8PKB4,A,"[[""A1DLP"", [""A""], ""non-polymer"", 360.4, 0]]"
3A1S,1.5,3318_30,4,Q9WXQ8,AB,"[[""GDP"", [""A"", ""B""], ""RNA linking"", 443.2, 0]]"
3AH5,2.5,27874_30,1,O26061,ABCDEF,"[[""FAD"", [""A"", ""B"", ""C"", ""D"", ""E"", ""F""], ""non-polymer"", 785.5, 0], [""UMP"", [""A"", ""B"", ""C"", ""D"", ""E"", ""F""], ""non-polymer"", 308.2, 0]]"
3ASZ,2.25,686_30,2,Q5SKR5,AB,"[[""C5P"", [""A"", ""B""], ""non-polymer"", 323.2, 0]]"
3AV7,1.84,10340_30,2,O57946,AC,"[[""PMP"", [""A"", ""C""], ""non-polymer"", 248.2, 0], [""KYN"", [""A"", ""C""], ""L-peptide linking"", 208.2, 0], [""KYA"", [""A"", ""C""], ""non-polymer"", 189.2, 0]]"
3B0H,2.306,6795_30,4,Q76KA9,AB,"[[""SF4"", [""A"", ""B""], ""non-polymer"", 351.6, 0]]"
3B3P,2.45,251_30,4,P29476,AB,"[[""H4B"", [""A"", ""B""], ""non-polymer"", 241.2, 0], [""JI7"", [""A"", ""B""], ""non-polymer"", 373.9, 0], [""HEM"", [""A"", ""B""], ""non-polymer"", 616.5, 0]]"
3B82,2.35,6508_30,0,P11439;P32324,ABCDEF,"[[""NAD"", [""B"", ""D"", ""F""], ""non-polymer"", 663.4, 0]]"
3BHH,2.4,2091_30,3,Q13554,ABCD,"[[""5CP"", [""A"", ""B""], ""non-polymer"", 360.4, 0]]"
3BTO,1.66,414_30,1,P00327,ABCD,"[[""NAD"", [""A"", ""B"", ""C"", ""D""], ""non-polymer"", 663.4, 0], [""SSB"", [""A"", ""B"", ""C"", ""D""], ""non-polymer"", 160.3, 0]]"
3C2C,1.68,33372_30,4,P0C189,A,"[[""HEM"", [""A""], ""non-polymer"", 616.5, 0]]"
3C41,2.25,1895_30,2,D0VWX4,JK,"[[""ANP"", [""J"", ""K""], ""non-polymer"", 506.2, 0]]"
3C78,0.98,2727_30,2,Q94734,X,"[[""FDD"", [""X""], ""non-polymer"", 592.5, 0]]"
3CCZ,1.7,4537_30,3,P04035,ABCD,"[[""5HI"", [""A"", ""B"", ""C"", ""D""], ""non-polymer"", 527.6, 0]]"
3CDB,2.3,4537_30,3,P04035,ABCD,"[[""9HI"", [""A"", ""C"", ""D""], ""non-polymer"", 655.7, 0]]"
3CEA,2.4,23127_30,0,F9ULF9,ABCD,"[[""NAD"", [""A"", ""B"", ""C"", ""D""], ""non-polymer"", 663.4, 0]]"
3CFD,2.5,13_30,3,P01837;P01867,ABHL,"[[""SPB"", [""B"", ""H""], ""non-polymer"", 309.4, 0]]"
3CKL,2.0,1548_30,4,O43704,AB,"[[""A3P"", [""A"", ""B""], ""RNA linking"", 427.2, 0], [""STL"", [""A"", ""B""], ""non-polymer"", 228.2, 0]]"
3CKN,2.2,4983_30,3,Q73WU1,A,"[[""UDP"", [""A""], ""RNA linking"", 404.2, 0]]"
3CKU,1.7,1341_30,0,Q00511,A,"[[""AZA"", [""A""], ""non-polymer"", 153.1, 0]]"
3CN8,2.4,11126_30,1,P50264,AB,"[[""FAD"", [""A"", ""B""], ""non-polymer"", 785.5, 0]]"
3CNS,2.4,11126_30,1,P50264,AB,"[[""FAD"", [""A"", ""B""], ""non-polymer"", 785.5, 0], [""SP8"", [""A"", ""B""], ""non-polymer"", 263.4, 0]]"
3CPJ,2.35,2728_30,4,P38555;P39958,BG,"[[""GDP"", [""B""], ""RNA linking"", 443.2, 0]]"
3CTL,2.2,1934_30,4,P32719,ABCDEF,"[[""S6P"", [""A"", ""B"", ""C"", ""D"", ""E"", ""F""], ""D-saccharide"", 262.2, 0]]"
3CW8,2.25,17106_30,2,Q8GN86,X,"[[""00A"", [""X""], ""non-polymer"", 485.8, 0]]"
3D4B,1.9,3310_30,3,Q9WYW0,AD,"[[""DZD"", [""A""], ""non-polymer"", 657.5, 0]]"
3DHF,1.8,1839_30,2,P43490,AB,"[[""POP"", [""A"", ""B""], ""non-polymer"", 176.0, -2], [""NMN"", [""A"", ""B""], ""non-polymer"", 335.2, 1]]"
3DOD,1.9,800_30,2,P53555,AB,"[[""PLP"", [""A"", ""B""], ""non-polymer"", 247.1, 0]]"
3DPK,1.95,1407_30,2,P07333;P11362,A,"[[""8C5"", [""A""], ""non-polymer"", 490.6, 0]]"
3DV3,2.3,1311_30,3,Q02750,A,"[[""ATP"", [""A""], ""non-polymer"", 507.2, 0], [""MEK"", [""A""], ""non-polymer"", 526.2, 0]]"
3DYS,2.3,6130_30,0,O76083,AB,"[[""5GP"", [""A""], ""non-polymer"", 363.2, 0], [""IBM"", [""B""], ""non-polymer"", 222.2, 0]]"
3E16,1.6,2646_30,1,Q16651,B,"[[""B4C"", [""B""], ""non-polymer"", 672.8, 0]]"
3ECN,2.1,9690_30,4,O60658,AB,"[[""IBM"", [""A"", ""B""], ""non-polymer"", 222.2, 0]]"
3EDO,1.2,55465_30,1,Q5FKC3,AB,"[[""FMN"", [""A"", ""B""], ""non-polymer"", 456.3, 0]]"
3EFW,2.29,803_30,2,O14965,AB,"[[""AK8"", [""A"", ""B""], ""non-polymer"", 494.5, 0]]"
3EHG,1.74,12382_30,4,O34757,A,"[[""ATP"", [""A""], ""non-polymer"", 507.2, 0]]"
3EHW,1.8,15307_30,2,P33316,ABCXYZ,"[[""DUP"", [""A"", ""B"", ""C"", ""X"", ""Y"", ""Z""], ""non-polymer"", 467.2, 0]]"
3EKU,2.5,53_30,0,P10987,A,"[[""CY9"", [""A""], ""non-polymer"", 507.6, 0], [""ATP"", [""A""], ""non-polymer"", 507.2, 0]]"
3EMM,1.358,4417_30,0,O64527,A,"[[""HEM"", [""A""], ""non-polymer"", 616.5, 0]]"
3EPW,1.3,9738_30,2,Q9GPQ4,AB,"[[""JMQ"", [""A"", ""B""], ""non-polymer"", 280.3, 0]]"
3EQI,1.9,1311_30,3,Q02750,A,"[[""ADP"", [""A""], ""non-polymer"", 427.2, 0]]"
3ESC,1.2,2534_30,2,P00590,A,"[[""SXC"", [""A""], ""non-polymer"", 654.9, 0]]"
3ETJ,1.6,15755_30,1,P09029,AB,"[[""ADP"", [""A"", ""B""], ""non-polymer"", 427.2, 0]]"
3EZ2,2.05,17850_30,0,P07620,AB,"[[""ADP"", [""A"", ""B""], ""non-polymer"", 427.2, 0]]"
3F68,1.75,159220_30,0,P00734;P09945,HIL,"[[""91U"", [""H""], ""peptide-like"", 434.0, 0]]"
3F9B,1.42,6025_30,0,P15273,A,"[[""PDV"", [""A""], ""non-polymer"", 214.9, 0]]"
3F9M,1.5,1111_30,0,P35557,A,"[[""MRK"", [""A""], ""non-polymer"", 349.4, 0]]"
3FDY,1.55,4209_30,3,Q7ZA32,A,"[[""FAD"", [""A""], ""non-polymer"", 785.5, 0]]"
3FJZ,1.7,493_30,0,P0A6D3,A,"[[""S3P"", [""A""], ""non-polymer"", 254.1, 0], [""GPF"", [""A""], ""non-polymer"", 169.1, 0]]"
3FNM,1.7,2536_30,3,O25743,ABCD,"[[""AVN"", [""B"", ""D""], ""L-peptide linking"", 178.6, 0]]"
3FU0,1.8,1391_30,2,P09960,A,"[[""22F"", [""A""], ""non-polymer"", 201.2, 0], [""YB"", [""A""], ""non-polymer"", 173.0, 3]]"
3FUG,2.0,126208_30,1,P19793;Q15596,AB,"[[""2E3"", [""A""], ""non-polymer"", 364.5, 0]]"
3FW3,1.72,1406_30,4,P22748,AB,"[[""ETS"", [""A"", ""B""], ""non-polymer"", 324.4, 0]]"
3G5F,1.4,2353_30,0,P9WPP7,A,"[[""HEM"", [""A""], ""non-polymer"", 616.5, 0]]"
3GAL,1.9,1718_30,0,P47929,AB,"[[""1GN"", [""A"", ""B""], ""D-saccharide, beta linking"", 179.2, 0]]"
3GG4,2.0,8149_30,1,Q665C6,AB,"[[""BTB"", [""B""], ""non-polymer"", 209.2, 0]]"
3GPO,1.9,1109_30,3,Q8JUX6,ABCD,"[[""APR"", [""A"", ""B"", ""C"", ""D""], ""non-polymer"", 559.3, 0]]"
3GSM,2.4,1427_30,4,Q9KU37,A,"[[""VPU"", [""A""], ""non-polymer"", 395.4, 0]]"
3GWT,1.75,4703_30,2,Q07343,A,"[[""066"", [""A""], ""non-polymer"", 518.6, 0]]"
3H18,2.4,5574_30,3,,A,"[[""PMS"", [""A""], ""non-polymer"", 172.2, 0]]"
3H73,1.7,41350_30,3,P62576,AB,"[[""DAN"", [""A"", ""B""], ""D-saccharide"", 291.3, 0]]"
3HCN,1.6,4069_30,3,P22830,AB,"[[""HEM"", [""A"", ""B""], ""non-polymer"", 616.5, 0], [""CHD"", [""A"", ""B""], ""non-polymer"", 408.6, 0], [""FES"", [""A"", ""B""], ""non-polymer"", 175.8, 0]]"
3HHI,1.6,1925_30,4,Q6R7Z5,AB,"[[""074"", [""A"", ""B""], ""peptide-like"", 385.5, 0]]"
3HXN,2.0,109_30,3,P68871;P69905,ABCD,"[[""HEM"", [""A"", ""B"", ""C"", ""D""], ""non-polymer"", 616.5, 0], [""IHP"", [""D""], ""non-polymer"", 660.0, 0]]"
3IBQ,2.0,39294_30,0,F9UM74,A,"[[""ATP"", [""A""], ""non-polymer"", 507.2, 0]]"
3IEI,1.9,8759_30,4,Q9UIC8,ABCDEFGH,"[[""SAH"", [""A"", ""B"", ""C"", ""D"", ""E"", ""F"", ""G"", ""H""], ""non-polymer"", 384.4, 0]]"
3IG6,1.83,11054_30,2,P00749,ABCD,"[[""438"", [""B"", ""D""], ""non-polymer"", 603.7, 0]]"
3IR5,2.3,5835_30,0,P09152;P11349;P11350,ABC,"[[""HEM"", [""C""], ""non-polymer"", 616.5, 0], [""F3S"", [""B""], ""non-polymer"", 295.8, 0], [""AGA"", [""A""], ""non-polymer"", 455.5, -1], [""SF4"", [""A"", ""B""], ""non-polymer"", 351.6, 0], [""MD1"", [""A""], ""non-polymer"", 740.6, 0]]"
3IUQ,2.1,1501_30,1,Q9X6R4,A,"[[""ZPR"", [""A""], ""peptide-like"", 330.4, 0]]"
3JV7,2.0,11585_30,4,Q8KLT9,ABCD,"[[""NAD"", [""A"", ""B"", ""C"", ""D""], ""non-polymer"", 663.4, 0]]"
3K6P,1.996,3867_30,4,P11474,A,"[[""5FB"", [""A""], ""non-polymer"", 422.4, 0]]"
3KAR,2.3,18110_30,2,P17119,A,"[[""ADP"", [""A""], ""non-polymer"", 427.2, 0]]"
3KEC,2.05,788_30,4,P45452,AB,"[[""3KE"", [""A"", ""B""], ""non-polymer"", 443.5, 0]]"
3KJN,1.8,5762_30,1,Q14790,AB,"[[""B93"", [""A""], ""non-polymer"", 593.6, 0]]"
3KMT,1.78,37179_30,3,O41094;P68431,ABCGHI,"[[""SAH"", [""A"", ""B"", ""C""], ""non-polymer"", 384.4, 0]]"
3KZN,1.8,9558_30,2,Q8P8J2,A,"[[""AOR"", [""A""], ""non-polymer"", 174.2, 0]]"
3L0D,2.5,512_30,1,Q8L201,AB,"[[""NAD"", [""A"", ""B""], ""non-polymer"", 663.4, 0]]"
3LBK,2.3,1166_30,2,Q00987,A,"[[""K23"", [""A""], ""non-polymer"", 462.3, 0]]"
3LKK,2.001,10853_30,2,Q9HLX1,AB,"[[""IP8"", [""A"", ""B""], ""non-polymer"", 166.1, 0], [""ATP"", [""A"", ""B""], ""non-polymer"", 507.2, 0]]"
3LSC,1.64,11616_30,4,Q6SJY7,AB,"[[""AOO"", [""A""], ""non-polymer"", 211.3, 0]]"
3LXN,2.5,492_30,1,P29597,A,"[[""MI1"", [""A""], ""non-polymer"", 312.4, 0]]"
3M28,1.4,494_30,4,P00431,A,"[[""HEM"", [""A""], ""non-polymer"", 616.5, 0]]"
3M55,1.55,218997_30,0,Q12962;Q8WTS6,AB,"[[""SAH"", [""A""], ""non-polymer"", 384.4, 0]]"
3M5D,2.2,9558_30,2,Q8P8J2,A,"[[""PA9"", [""A""], ""non-polymer"", 296.2, 0]]"
3M5E,1.7,42_30,4,P00918,A,"[[""JDR"", [""A""], ""non-polymer"", 372.9, 0]]"
3MB9,1.65,879_30,3,P15121,A,"[[""ZST"", [""A""], ""non-polymer"", 419.4, 0], [""NAP"", [""A""], ""non-polymer"", 743.4, 0]]"
3MBH,2.0,39294_30,0,Q89ZB9,ABCDEF,"[[""PXL"", [""A"", ""B"", ""C"", ""D"", ""E"", ""F""], ""non-polymer"", 167.2, 0]]"
3MBI,1.8,2793_30,1,Q97CA5,ABCD,"[[""HSX"", [""D""], ""D-saccharide, alpha linking"", 230.1, 0], [""ADP"", [""A"", ""B"", ""C"", ""D""], ""non-polymer"", 427.2, 0]]"
3MDT,2.3,2231_30,0,Q9Y6A2,AB,"[[""HEM"", [""A"", ""B""], ""non-polymer"", 616.5, 0], [""VOR"", [""A"", ""B""], ""non-polymer"", 349.3, 0]]"
3MMJ,1.6,8495_30,0,Q7WUJ1,AB,"[[""IHP"", [""A"", ""B""], ""non-polymer"", 660.0, 0]]"
3MPN,2.25,3404_30,0,O67854,A,"[[""MTN"", [""A""], ""non-polymer"", 264.4, 0]]"
3MYR,2.1,1191_30,4,D3RV26;D3RV29,ABCDEFGH,"[[""SF4"", [""A"", ""C"", ""E"", ""G""], ""non-polymer"", 351.6, 0], [""F3S"", [""A"", ""C"", ""E"", ""G""], ""non-polymer"", 295.8, 0], [""NFV"", [""B"", ""D"", ""F"", ""H""], ""non-polymer"", 210.6, 0]]"
3N1S,1.45,8920_30,1,P0ACE7,ABEFIJMN,"[[""5GP"", [""A"", ""B"", ""E"", ""F"", ""I"", ""J"", ""M"", ""N""], ""non-polymer"", 363.2, 0]]"
3N8I,1.5,4688_30,0,P24666,A,"[[""NLA"", [""A""], ""non-polymer"", 186.2, 0]]"
3NBS,2.2,1075_30,2,P00004,ABCD,"[[""HEC"", [""A"", ""B"", ""C"", ""D""], ""non-polymer"", 620.5, 0]]"
3NDC,2.0,18893_30,4,O68100,AB,"[[""SAH"", [""A"", ""B""], ""non-polymer"", 384.4, 0]]"
3NJU,1.4,623_30,1,P60045,A,"[[""ANN"", [""A""], ""non-polymer"", 152.1, 0]]"
3OOI,1.75,15059_30,3,Q96L73,A,"[[""SAM"", [""A""], ""non-polymer"", 398.4, 0]]"
3OUZ,1.902,4744_30,1,Q0P8W7,AB,"[[""SRT"", [""A""], ""non-polymer"", 150.1, 0], [""ADP"", [""A"", ""B""], ""non-polymer"", 427.2, 0]]"
3OWM,1.65,7410_30,2,L0DSL2,AB,"[[""HEC"", [""A"", ""B""], ""non-polymer"", 620.5, 0]]"
3P6M,2.0,1392_30,2,P00183,A,"[[""DSO"", [""A""], ""non-polymer"", 539.8, 0], [""HEM"", [""A""], ""non-polymer"", 616.5, 0]]"
3P76,1.93,146_30,1,O67648,A,"[[""P76"", [""A""], ""non-polymer"", 421.5, 0]]"
3P7Y,1.2,653_30,1,P71278,A,"[[""FMN"", [""A""], ""non-polymer"", 456.3, 0], [""P7Y"", [""A""], ""non-polymer"", 165.1, 0]]"
3P8X,1.7,612_30,1,P11473,A,"[[""ZYD"", [""A""], ""non-polymer"", 416.6, 0]]"
3PC0,1.298,1388_30,0,O26232,AB,"[[""UP6"", [""A"", ""B""], ""non-polymer"", 325.2, 0]]"
3PD8,2.476,211_30,0,P19491,ABC,"[[""HA7"", [""A"", ""B"", ""C""], ""non-polymer"", 184.1, 0]]"
3PEN,2.3005,1048_30,2,Q980A5,A,"[[""GDP"", [""A""], ""RNA linking"", 443.2, 0], [""5GP"", [""A""], ""non-polymer"", 363.2, 0]]"
3PXW,2.11,2922_30,4,A1BB97;P22619;Q51658,ABCDEF,"[[""HEC"", [""A"", ""B""], ""non-polymer"", 620.5, 0]]"
3PZC,2.2,13795_30,3,Q89VT8,AB,"[[""COA"", [""B""], ""non-polymer"", 767.5, 0], [""GAP"", [""A""], ""non-polymer"", 404.3, 0]]"
3Q11,1.8,3211_30,4,A0ACD7PRX6,AB,"[[""P4F"", [""A"", ""B""], ""D-peptide linking"", 247.1, 0], [""NAP"", [""A"", ""B""], ""non-polymer"", 743.4, 0]]"
3Q2Z,2.0,4400_30,3,P37268,A,"[[""D9A"", [""A""], ""non-polymer"", 577.0, 0]]"
3Q78,2.2,13618_30,2,J9VSJ6;T2BPA1,ABD,"[[""FPS"", [""B""], ""non-polymer"", 398.4, 0], [""3CX"", [""B""], ""non-polymer"", 237.3, 0]]"
3Q7P,2.5,13891_30,4,P55042,AB,"[[""GNP"", [""A"", ""B""], ""non-polymer"", 522.2, 0]]"
3Q86,2.38,269_30,1,Q5HFV4,AB,"[[""GTP"", [""A"", ""B""], ""non-polymer"", 523.2, 0]]"
3Q8G,1.8,9012_30,3,P33324,A,"[[""PEE"", [""A""], ""non-polymer"", 744.0, 0]]"
3QE8,1.49,20_30,2,P00698,AB,"[[""REI"", [""A"", ""B""], ""non-polymer"", 356.3, 0]]"
3QTC,1.75,2809_30,1,Q8PWY1,A,"[[""ANP"", [""A""], ""non-polymer"", 506.2, 0], [""0A1"", [""A""], ""L-peptide linking"", 195.2, 0]]"
3QVI,2.5,1024_30,3,Q9Y006,ABCD,"[[""K95"", [""A"", ""C""], ""peptide-like"", 704.9, 0]]"
3QWV,2.03,2695_30,2,Q8R5A0,A,"[[""SAH"", [""A""], ""non-polymer"", 384.4, 0]]"
3QXJ,1.38,16848_30,1,O24872,A,"[[""GTP"", [""A""], ""non-polymer"", 523.2, 0]]"
3R56,1.4,419_30,0,P30405,A,"[[""P33"", [""A""], ""non-polymer"", 326.4, 0]]"
3R88,1.73,336_30,0,P9WFX5,AB,"[[""PRP"", [""A"", ""B""], ""D-saccharide"", 390.1, 0], [""14F"", [""B""], ""non-polymer"", 197.2, 0]]"
3RHJ,1.89,112_30,3,P28037,ABCD,"[[""NAP"", [""A"", ""B"", ""C"", ""D""], ""non-polymer"", 743.4, 0]]"
3RIY,1.55,217968_30,0,P68431;Q9NXA8,ABCD,"[[""NAD"", [""A"", ""B""], ""non-polymer"", 663.4, 0]]"
3RME,1.8,1132_30,2,Q9BZP6,AB,"[[""A1BEM"", [""A"", ""B""], ""non-polymer"", 248.3, 0]]"
3RN6,2.255,11001_30,2,P25524,A,"[[""PXN"", [""A""], ""non-polymer"", 368.5, 0], [""IGA"", [""A""], ""non-polymer"", 151.1, 0]]"
3RNO,2.5,685_30,2,Q8K4Z3,A,"[[""NAP"", [""A""], ""non-polymer"", 743.4, 0]]"
3RTA,1.95,2944_30,4,Q9X024,AB,"[[""ACO"", [""A""], ""non-polymer"", 809.6, 0]]"
3RUA,2.1,13579_30,1,Q7BJX9,ABCD,"[[""NAD"", [""A"", ""B"", ""C"", ""D""], ""non-polymer"", 663.4, 0]]"
3RWG,2.1,114_30,3,Q5QGG3;Q6V7J5;Q9GJ77,ABC,"[[""XPE"", [""A""], ""non-polymer"", 458.5, 0]]"
3RYK,1.631,3462_30,0,A0A6L7H6N0,AB,"[[""TYD"", [""B""], ""non-polymer"", 402.2, 0], [""POP"", [""A""], ""non-polymer"", 176.0, -2]]"
3S3Q,1.8,1925_30,4,Q8MNY2,A,"[[""C1P"", [""A""], ""non-polymer"", 529.7, 0]]"
3S66,1.401,109_30,3,P68871;P69905,AB,"[[""HEM"", [""A"", ""B""], ""non-polymer"", 616.5, 0]]"
3SJ1,1.9,7771_30,0,Q8GGK7,X,"[[""HEC"", [""X""], ""non-polymer"", 620.5, 0], [""DXC"", [""X""], ""non-polymer"", 392.6, 0]]"
3ST6,1.75,9260_30,3,P9WFX1,ABCD,"[[""RVE"", [""A"", ""B""], ""non-polymer"", 224.2, 0]]"
3T2D,1.36,11587_30,1,B1YAL1,A,"[[""P6F"", [""A""], ""non-polymer"", 340.1, 0]]"
3T2Z,2.2994,10681_30,4,B7JBP8,AB,"[[""FAD"", [""A"", ""B""], ""non-polymer"", 785.5, 0]]"
3T70,1.8,27446_30,2,Q8II92,ABCF,"[[""DU4"", [""A"", ""B"", ""C""], ""non-polymer"", 407.5, 0]]"
3TFZ,2.39,28365_30,3,Q9F6D3,ABCDEF,"[[""CXS"", [""A"", ""B"", ""C"", ""D"", ""E"", ""F""], ""non-polymer"", 221.3, 0]]"
3TK1,2.4,10841_30,2,G7CAR0,AB,"[[""GDP"", [""A"", ""B""], ""RNA linking"", 443.2, 0]]"
3TL1,1.8,10691_30,0,P23154,AB,"[[""JRO"", [""A"", ""B""], ""non-polymer"", 258.2, 0]]"
3TSK,2.0,1819_30,4,P39900,A,"[[""QEG"", [""A""], ""non-polymer"", 564.7, 0]]"
3TTU,1.89,1239_30,3,P21179,ABCD,"[[""HEM"", [""A"", ""B"", ""C"", ""D""], ""non-polymer"", 616.5, 0]]"
3TTW,1.62,1239_30,3,P21179,ABCD,"[[""HEM"", [""A"", ""B"", ""C"", ""D""], ""non-polymer"", 616.5, 0]]"
3TUC,2.1,1862_30,2,P43405,A,"[[""FPW"", [""A""], ""non-polymer"", 508.5, 0]]"
3TVC,2.43,788_30,4,P45452,A,"[[""E3P"", [""A""], ""non-polymer"", 430.5, 0]]"
3TWB,1.76,3626_30,0,B5R541,ABCDE,"[[""GCO"", [""A"", ""B"", ""C"", ""D"", ""E""], ""D-saccharide"", 196.2, 0]]"
3TXG,1.7,20_30,2,P00698,A,"[[""CPT"", [""A""], ""non-polymer"", 300.0, 0]]"
3U91,1.45,127_30,0,Q7ZC55,A,"[[""JEF"", [""A""], ""non-polymer"", 597.8, 0]]"
3UAZ,1.4,363_30,2,Q5EEL8,A,"[[""NOS"", [""A""], ""non-polymer"", 268.2, 0]]"
3UKD,1.9,14556_30,0,P20425,A,"[[""ADP"", [""A""], ""non-polymer"", 427.2, 0], [""C5P"", [""A""], ""non-polymer"", 323.2, 0]]"
3V1H,1.9,6939_30,1,P45723,A,"[[""INS"", [""A""], ""non-polymer"", 180.2, 0]]"
3V70,2.206,24729_30,4,Q8WWP7,AB,"[[""GDP"", [""A"", ""B""], ""RNA linking"", 443.2, 0]]"
3V7Z,1.61,8039_30,4,P29068,A,"[[""GEM"", [""A""], ""non-polymer"", 235.3, 0]]"
3VBI,1.8,26360_30,1,,ACE,"[[""0FX"", [""A"", ""C"", ""E""], ""non-polymer"", 547.3, 0], [""COA"", [""A"", ""C"", ""E""], ""non-polymer"", 767.5, 0]]"
3VEG,2.35,3594_30,0,Q0SE24,ABC,"[[""HEM"", [""A"", ""B"", ""C""], ""non-polymer"", 616.5, 0]]"
3VKX,2.1,1197_30,0,P12004,A,"[[""T3"", [""A""], ""non-polymer"", 651.0, 0]]"
3VQP,2.1,2037_30,4,Q72498,AB,"[[""DBJ"", [""A""], ""non-polymer"", 166.2, 0]]"
3VRI,1.6,114_30,3,P01889;P61769;P62318,ABC,"[[""1KX"", [""A""], ""non-polymer"", 286.3, 0]]"
3VRY,2.481,478_30,3,P08631,AB,"[[""B43"", [""A"", ""B""], ""non-polymer"", 370.4, 0]]"
3W1B,2.4,107651_30,2,P49917;Q96SD1,AB,"[[""AMP"", [""A""], ""non-polymer"", 347.2, 0]]"
3WCI,2.3,4400_30,3,P37268,ABCDEF,"[[""BH5"", [""A"", ""B"", ""C"", ""D"", ""E"", ""F""], ""non-polymer"", 482.5, 0]]"
3WDL,2.4,21623_30,3,Q5JIZ8,ABCD,"[[""ATP"", [""A"", ""B"", ""C"", ""D""], ""non-polymer"", 507.2, 0]]"
3WF2,2.3,3909_30,0,P16278,ABCD,"[[""NDJ"", [""A"", ""B"", ""C"", ""D""], ""non-polymer"", 278.4, 0]]"
3WJP,1.533,8033_30,4,Q5JII7,A,"[[""ANP"", [""A""], ""non-polymer"", 506.2, 0]]"
3X01,2.15,2174_30,3,P78356,AB,"[[""AMP"", [""A"", ""B""], ""non-polymer"", 347.2, 0]]"
3ZCP,1.83,513_30,0,P00489,A,"[[""PLP"", [""A""], ""non-polymer"", 247.1, 0], [""F58"", [""A""], ""D-saccharide"", 332.4, 0]]"
3ZSY,2.2,1233_30,1,P12497,AB,"[[""OM3"", [""A"", ""B""], ""non-polymer"", 439.5, 1]]"
3ZUP,1.804,4855_30,0,Q72K29,AB,"[[""2M8"", [""A"", ""B""], ""D-saccharide, alpha linking"", 268.2, 0]]"
4AA4,2.3,346_30,3,Q16539,A,"[[""QC0"", [""A""], ""non-polymer"", 443.5, 0]]"
4ACC,2.21,3957_30,0,P49841,AB,"[[""7YG"", [""A"", ""B""], ""non-polymer"", 441.5, 0]]"
4AHG,2.448,2194_30,4,P03950,A,"[[""TAR"", [""A""], ""non-polymer"", 150.1, 0]]"
4AOU,2.5,1107_30,3,A3DC45,A,"[[""NAP"", [""A""], ""non-polymer"", 743.4, 0], [""ICT"", [""A""], ""non-polymer"", 192.1, 0]]"
4AVK,2.4,1870_30,2,P08191,AB,"[[""FVQ"", [""A"", ""B""], ""D-saccharide"", 295.3, 0]]"
4AWI,1.91,1338_30,4,P45983,A,"[[""AQ2"", [""A""], ""non-polymer"", 447.6, 0]]"
4AZK,1.595,566_30,0,Q9RME2,AB,"[[""PLP"", [""A"", ""B""], ""non-polymer"", 247.1, 0]]"
4B2W,2.36,2381_30,0,Q9HU22,ABCD,"[[""BZ0"", [""A"", ""B"", ""C"", ""D""], ""non-polymer"", 336.3, 0]]"
4B52,1.76,742_30,0,E3E6L0,AB,"[[""RDF"", [""A"", ""B""], ""peptide-like"", 543.5, 0]]"
4B6S,1.9,530_30,2,Q48255,ABC,"[[""2HN"", [""A"", ""B"", ""C""], ""non-polymer"", 370.2, 0]]"
4BAM,1.88,200140_30,0,P00734;P01050,ABD,"[[""MM9"", [""B""], ""non-polymer"", 456.6, 0]]"
4BBV,1.6,1969_30,4,P16113,A,"[[""HC4"", [""A""], ""non-polymer"", 164.2, 0]]"
4BGK,2.18,9278_30,3,O75936,A,"[[""RTK"", [""A""], ""non-polymer"", 166.2, 1]]"
4BHG,1.85,9278_30,3,O75936,A,"[[""C2T"", [""A""], ""non-polymer"", 161.2, 1]]"
4BK1,1.73,28403_30,2,Q0SFK6,A,"[[""FAD"", [""A""], ""non-polymer"", 785.5, 0], [""P3A"", [""A""], ""non-polymer"", 873.0, -2]]"
4BM4,2.3,2241_30,0,W5IDB6,A,"[[""HEM"", [""A""], ""non-polymer"", 616.5, 0]]"
4BRH,1.69,9502_30,1,Q5ZUA2,AB,"[[""TMV"", [""A"", ""B""], ""non-polymer"", 463.3, 0]]"
4BVB,2.0,3466_30,1,Q9NTG7,A,"[[""OCZ"", [""A""], ""non-polymer"", 248.7, 0], [""AR6"", [""A""], ""non-polymer"", 559.3, 0]]"
4C2Z,2.08,1126_30,0,P30419,AB,"[[""646"", [""A"", ""B""], ""non-polymer"", 495.4, 0]]"
4C72,1.5,2664_30,2,P9WQD9,AB,"[[""M7U"", [""A"", ""B""], ""non-polymer"", 691.0, 0], [""TLG"", [""A"", ""B""], ""non-polymer"", 238.3, 0]]"
4C7X,2.29,1130_30,2,Q1WQU8,A,"[[""TPP"", [""A""], ""non-polymer"", 425.3, 1]]"
4C9X,1.2,1494_30,0,P36639,A,"[[""VHS"", [""A""], ""non-polymer"", 450.3, 0]]"
4CES,1.85,1233_30,1,P12497,AB,"[[""NFW"", [""A"", ""B""], ""non-polymer"", 508.5, 0]]"
4CF0,1.85,1233_30,1,P12497,AB,"[[""O5U"", [""A"", ""B""], ""non-polymer"", 510.6, 0]]"
4CIP,1.22,3062_30,4,P00138,A,"[[""ASC"", [""A""], ""L-saccharide"", 176.1, 0], [""HEC"", [""A""], ""non-polymer"", 620.5, 0]]"
4CNG,1.1,56958_30,3,Q4JB16,AB,"[[""SAH"", [""A"", ""B""], ""non-polymer"", 384.4, 0]]"
4CPF,1.14,529_30,2,P22629,AB,"[[""LH3"", [""B""], ""non-polymer"", 602.7, 0]]"
4CQ6,1.8,11713_30,0,Q9LS02,ABC,"[[""T25"", [""B"", ""C""], ""non-polymer"", 296.4, 0]]"
4CQE,2.3,969_30,4,P15056,AB,"[[""CQE"", [""A"", ""B""], ""non-polymer"", 627.7, 0]]"
4CT7,1.897,5645_30,0,A5YKK6;Q92600,AB,"[[""TRP"", [""B""], ""L-peptide linking"", 204.2, 0]]"
4CVQ,2.11,11924_30,4,P0A959,AB,"[[""PLP"", [""A"", ""B""], ""non-polymer"", 247.1, 0]]"
4CYH,2.1,419_30,0,P62937,A,"[[""HIS"", [""A""], ""L-peptide linking"", 156.2, 1]]"
4CZJ,2.0,5279_30,3,A0A0H3C7V4,AB,"[[""ANP"", [""A"", ""B""], ""non-polymer"", 506.2, 0]]"
4D05,1.65,34537_30,3,A0ACD6BAT9,AB,"[[""AMP"", [""A"", ""B""], ""non-polymer"", 347.2, 0]]"
4DDN,1.9,11957_30,3,P93193,ABCD,"[[""AMG"", [""A"", ""B"", ""C"", ""D""], ""D-saccharide"", 194.2, 0]]"
4DH1,2.0,357_30,2,P05132;P63248,AI,"[[""ATP"", [""A""], ""non-polymer"", 507.2, 0]]"
4DJD,2.38,11165_30,0,Q07340;Q07341;Q46389,ABCDEF,"[[""SF4"", [""C"", ""E""], ""non-polymer"", 351.6, 0]]"
4DN5,2.5,9862_30,2,Q99558,AB,"[[""AGS"", [""A"", ""B""], ""non-polymer"", 523.2, 0]]"
4E1K,2.0,192_30,0,P43889,A,"[[""0N5"", [""A""], ""non-polymer"", 386.4, 0]]"
4E2P,2.36,457_30,2,D9WMQ6,A,"[[""HEM"", [""A""], ""non-polymer"", 616.5, 0]]"
4E3K,1.4299,1064_30,3,P00811,AB,"[[""0NA"", [""A"", ""B""], ""non-polymer"", 284.1, 0]]"
4ED9,1.95,1884_30,2,A0A0H3G7M3,A,"[[""NHE"", [""A""], ""non-polymer"", 207.3, 0]]"
4EDG,2.003,5169_30,1,O05338,A,"[[""ATP"", [""A""], ""non-polymer"", 507.2, 0]]"
4EEJ,1.501,1340_30,1,P50120,AB,"[[""RET"", [""A"", ""B""], ""non-polymer"", 284.4, 0]]"
4EF1,1.9,4096_30,0,Q831K8,AB,"[[""MSE"", [""A"", ""B""], ""L-peptide linking"", 196.1, 0]]"
4EFB,2.2,125_30,4,Q837V6,A,"[[""0OW"", [""A""], ""non-polymer"", 322.4, 0], [""NMN"", [""A""], ""non-polymer"", 335.2, 1]]"
4EID,1.13,46938_30,3,O30881,A,"[[""HEC"", [""A""], ""non-polymer"", 620.5, 0]]"
4EJ7,2.29,9099_30,2,P00551,ABC,"[[""ATP"", [""A"", ""B"", ""C""], ""non-polymer"", 507.2, 0]]"
4ENR,1.6,1239_30,3,P21179,ABCD,"[[""HEM"", [""A"", ""B"", ""C"", ""D""], ""non-polymer"", 616.5, 0]]"
4ER3,2.4,4193_30,4,Q8TEK3,A,"[[""0QK"", [""A""], ""non-polymer"", 539.7, 0]]"
4F28,1.55,5563_30,0,Q9NZ45,AB,"[[""FES"", [""A"", ""B""], ""non-polymer"", 175.8, 0]]"
4FOC,1.7,2750_30,4,Q9UM73,A,"[[""0UU"", [""A""], ""non-polymer"", 474.6, 0]]"
4FOD,2.0,2750_30,4,Q9UM73,A,"[[""0UV"", [""A""], ""non-polymer"", 577.7, 0]]"
4FPF,2.23,3003_30,2,Q54727,A,"[[""JKK"", [""A""], ""non-polymer"", 249.7, 0]]"
4FT3,2.5,1065_30,0,O14757,A,"[[""H1K"", [""A""], ""non-polymer"", 308.7, 0]]"
4FV0,2.1,501_30,0,P28482,A,"[[""EK3"", [""A""], ""non-polymer"", 336.4, 0]]"
4FX8,1.9411,1388_30,0,O26232,AB,"[[""BMP"", [""A"", ""B""], ""RNA linking"", 340.2, 0]]"
4G05,2.35,2241_30,0,O94753,A,"[[""HEM"", [""A""], ""non-polymer"", 616.5, 0]]"
4G10,1.2,62830_30,0,Q9WXJ9,A,"[[""GSH"", [""A""], ""peptide-like"", 307.3, 0]]"
4G38,1.56,970_30,4,P17846,A,"[[""SF4"", [""A""], ""non-polymer"", 351.6, 0]]"
4G5F,2.33,176_30,4,P9WIL5,AB,"[[""15N"", [""A"", ""B""], ""non-polymer"", 180.2, 0], [""0JD"", [""A"", ""B""], ""non-polymer"", 180.2, 0]]"
4GBM,1.62,77765_30,1,F4Y423,A,"[[""A3P"", [""A""], ""RNA linking"", 427.2, 0]]"
4GCH,1.9,194367_30,3,P00766,EFG,"[[""DMC"", [""G""], ""non-polymer"", 249.3, 0]]"
4GCI,1.5,7959_30,3,Q8D0L3,AB,"[[""GSH"", [""A"", ""B""], ""peptide-like"", 307.3, 0]]"
4GH5,1.6,585_30,2,A7IQH5,ABCD,"[[""NAD"", [""A"", ""B"", ""C"", ""D""], ""non-polymer"", 663.4, 0]]"
4GOJ,2.1,5564_30,3,Q13432;Q9WUL7,ABCD,"[[""GNP"", [""A"", ""B""], ""non-polymer"", 522.2, 0]]"
4GQR,1.2,1827_30,3,P04746,A,"[[""MYC"", [""A""], ""non-polymer"", 318.2, 0]]"
4GTT,2.05,3671_30,4,Q08602;Q08603,AB,"[[""7TQ"", [""B""], ""non-polymer"", 676.8, 0]]"
4GV2,1.8,9692_30,4,Q9Y6F1,A,"[[""5ME"", [""A""], ""non-polymer"", 322.4, 0]]"
4GYD,1.8,5085_30,4,P0A3X7,ABCDEF,"[[""HEC"", [""A"", ""B"", ""C"", ""D"", ""E"", ""F""], ""non-polymer"", 620.5, 0]]"
4H2S,2.15,13795_30,3,Q89VT6;Q89VT8,ABCD,"[[""PNS"", [""C"", ""D""], ""non-polymer"", 358.3, 0], [""AMP"", [""A"", ""B""], ""non-polymer"", 347.2, 0]]"
4HJL,1.5,2758_30,2,P0A111;P0A113,AB,"[[""FES"", [""A""], ""non-polymer"", 175.8, 0], [""15O"", [""A""], ""non-polymer"", 162.6, 0]]"
4HMN,2.4,640_30,4,P42330,A,"[[""NAP"", [""A""], ""non-polymer"", 743.4, 0], [""16J"", [""A""], ""non-polymer"", 309.8, 0]]"
4HO5,1.7,2381_30,0,Q9AGY4,AB,"[[""DAU"", [""A"", ""B""], ""non-polymer"", 564.3, 0]]"
4I08,2.063,585_30,2,Q9KQH7,AB,"[[""NDP"", [""A"", ""B""], ""non-polymer"", 745.4, 0]]"
4IB7,2.2,1536_30,2,P02754,A,"[[""CAT"", [""A""], ""non-polymer"", 228.4, 1]]"
4IJH,1.498,6250_30,0,P27694,A,"[[""1EJ"", [""A""], ""non-polymer"", 405.9, 0]]"
4IKL,1.9,262_30,4,P02766,AB,"[[""SUZ"", [""A"", ""B""], ""non-polymer"", 356.4, 0]]"
4IMR,1.96,4347_30,0,A9CL57,AB,"[[""NAP"", [""A"", ""B""], ""non-polymer"", 743.4, 0]]"
4IVK,1.8,10533_30,0,,A,"[[""CEP"", [""A""], ""non-polymer"", 398.5, 0]]"
4J31,2.4,2375_30,0,P38169,AB,"[[""FAD"", [""A"", ""B""], ""non-polymer"", 785.5, 0]]"
4J5S,1.55,14747_30,1,Q9Y530,ABCD,"[[""ZZC"", [""A"", ""B"", ""C"", ""D""], ""non-polymer"", 541.3, -2]]"
4JAO,2.05,9501_30,4,P9WPF3,ABCD,"[[""JAO"", [""B"", ""C""], ""non-polymer"", 270.5, 0]]"
4JI9,2.4,492_30,1,O60674,AB,"[[""1M3"", [""A"", ""B""], ""non-polymer"", 509.7, 0]]"
4JIB,1.72,4004_30,2,O00408,ABCD,"[[""1L6"", [""A"", ""B"", ""C"", ""D""], ""non-polymer"", 420.5, 0]]"
4JIQ,2.49,653_30,1,O31246,A,"[[""1L5"", [""A""], ""non-polymer"", 163.2, 0], [""FMN"", [""A""], ""non-polymer"", 456.3, 0]]"
4JL6,1.65,2189_30,4,O66490,AB,"[[""ADP"", [""A"", ""B""], ""non-polymer"", 427.2, 0]]"
4JQA,1.45,640_30,4,P52895,AB,"[[""NAP"", [""A"", ""B""], ""non-polymer"", 743.4, 0], [""ID8"", [""A"", ""B""], ""non-polymer"", 241.3, 0]]"
4K46,2.01,400_30,4,Q6LTE1,A,"[[""ADP"", [""A""], ""non-polymer"", 427.2, 0], [""AMP"", [""A""], ""non-polymer"", 347.2, 0]]"
4K4O,1.3,248_30,4,Q839Z1,A,"[[""DOO"", [""A""], ""non-polymer"", 434.5, 0]]"
4K7Y,1.199,653_30,1,Q02899,A,"[[""FMN"", [""A""], ""non-polymer"", 456.3, 0]]"
4K93,1.5,10397_30,3,Q2KDX6,AB,"[[""ADN"", [""A"", ""B""], ""non-polymer"", 267.2, 0], [""1Q8"", [""A"", ""B""], ""non-polymer"", 151.2, 0]]"
4KBC,1.98,2133_30,1,P48730,AB,"[[""1QJ"", [""A"", ""B""], ""non-polymer"", 269.3, 0]]"
4KCX,2.0,11309_30,4,Q58F21,AB,"[[""1QK"", [""A"", ""B""], ""non-polymer"", 397.5, 1]]"
4KEY,2.05,786_30,3,P14779,AB,"[[""HEM"", [""A"", ""B""], ""non-polymer"", 616.5, 0], [""1C6"", [""A"", ""B""], ""non-polymer"", 329.4, 0]]"
4KFO,1.6,1839_30,2,P43490,AB,"[[""1QS"", [""A"", ""B""], ""non-polymer"", 427.4, 0]]"
4KPD,1.96,690_30,0,P14324,A,"[[""RIS"", [""A""], ""non-polymer"", 283.1, 0], [""IPE"", [""A""], ""non-polymer"", 246.1, 0]]"
4KPR,2.4,1674_30,1,O89049,ABEF,"[[""FAD"", [""A"", ""B"", ""E"", ""F""], ""non-polymer"", 785.5, 0]]"
4KRV,2.4,4679_30,2,P08037,AB,"[[""NGS"", [""A"", ""B""], ""D-saccharide, beta linking"", 301.3, 0], [""UDH"", [""A"", ""B""], ""non-polymer"", 503.3, 0]]"
4KTR,2.3,18510_30,2,D6XZ22,ABCDEFGH,"[[""7PE"", [""B"", ""D""], ""non-polymer"", 310.4, 0], [""PE5"", [""H""], ""non-polymer"", 398.5, 0]]"
4L3G,2.05,2922_30,4,A1BB97;A1BBA0;Q51658,ABCDEF,"[[""HEC"", [""A"", ""B""], ""non-polymer"", 620.5, 0]]"
4L4M,2.445,1839_30,2,P43490,AB,"[[""1XD"", [""A"", ""B""], ""non-polymer"", 427.4, 0]]"
4L8W,2.39,9704_30,1,Q6NY42,BDEGIK,"[[""MTX"", [""G"", ""I""], ""non-polymer"", 454.4, 0]]"
4LCW,2.4,1198_30,0,P01850;P61769;Q6P4G7;Q95460,ABCDEFGH,"[[""1VY"", [""A"", ""C""], ""non-polymer"", 328.3, 0]]"
4LFG,1.76,2130_30,0,B9DUT7,AB,"[[""IPE"", [""A"", ""B""], ""non-polymer"", 246.1, 0]]"
4M3P,1.895,12316_30,0,Q93088,ABCD,"[[""SRT"", [""B"", ""D""], ""non-polymer"", 150.1, 0]]"
4M5J,1.696,2630_30,2,P26281,A,"[[""YH5"", [""A""], ""non-polymer"", 331.4, 0], [""APC"", [""A""], ""non-polymer"", 505.2, 0]]"
4MBC,1.75,248_30,4,Q59961,A,"[[""28G"", [""A""], ""non-polymer"", 440.5, 0]]"
4MBG,1.74,12066_30,3,Q4WP27;Q4WPS9,AB,"[[""FPP"", [""B""], ""non-polymer"", 382.3, 0]]"
4MKA,2.05,917_30,2,P26663,AB,"[[""2AY"", [""A"", ""B""], ""non-polymer"", 494.6, 0]]"
4MMW,1.647,33872_30,2,Q7CSI0,AB,"[[""LLH"", [""A"", ""B""], ""non-polymer"", 195.1, 0], [""XYH"", [""A"", ""B""], ""non-polymer"", 194.1, -1]]"
4MOE,2.0,4209_30,3,Q7ZA32,ABCD,"[[""G3F"", [""A"", ""B"", ""C"", ""D""], ""D-saccharide, beta linking"", 182.1, 0], [""FDA"", [""A"", ""B"", ""C"", ""D""], ""non-polymer"", 787.6, 0]]"
4MRH,1.12,3245_30,2,P15379,A,"[[""2CQ"", [""A""], ""non-polymer"", 156.6, 0]]"
4MUB,1.75,6467_30,2,G4VLE5,A,"[[""A3P"", [""A""], ""RNA linking"", 427.2, 0], [""OAQ"", [""A""], ""non-polymer"", 279.3, 0]]"
4MZN,1.172,742_30,0,P00800,E,"[[""2G9"", [""E""], ""peptide-like"", 427.5, 0]]"
4N4V,2.0,2436_30,2,O95271,AB,"[[""2GY"", [""A"", ""B""], ""non-polymer"", 443.5, 0]]"
4N7B,2.198,479_30,1,Q8I295,A,"[[""F3S"", [""A""], ""non-polymer"", 295.8, 0]]"
4N94,1.73,1435_30,1,P0A988,AB,"[[""2HO"", [""A""], ""non-polymer"", 157.1, 0]]"
4NHV,1.992,2807_30,2,Q81VW8,AB,"[[""2O6"", [""A"", ""B""], ""non-polymer"", 202.1, 0]]"
4NRB,2.08,672_30,4,Q9UIF8,A,"[[""2LX"", [""A""], ""non-polymer"", 235.3, 0]]"
4NT0,1.769,1388_30,0,O26232,AB,"[[""3DU"", [""A"", ""B""], ""non-polymer"", 323.2, 0]]"
4NZO,1.9,6426_30,4,O43314,A,"[[""2OV"", [""A""], ""non-polymer"", 680.3, 0], [""ANP"", [""A""], ""non-polymer"", 506.2, 0]]"
4O59,1.52,862_30,1,P10096,OPQR,"[[""NAD"", [""O"", ""P"", ""Q"", ""R""], ""non-polymer"", 663.4, 0]]"
4OBA,1.602,1166_30,2,Q00987,ABC,"[[""2TW"", [""A"", ""B"", ""C""], ""non-polymer"", 568.5, 0]]"
4OG1,2.05,10351_30,3,Q2GB23,A,"[[""PE8"", [""A""], ""non-polymer"", 370.4, 0]]"
4OH4,2.25,242534_30,4,O22476;Q9FMZ0,ABEF,"[[""ANP"", [""A"", ""B""], ""non-polymer"", 506.2, 0]]"
4OK1,2.09,108659_30,1,P10275,AB,"[[""198"", [""A""], ""non-polymer"", 430.4, 0]]"
4OTE,2.2,4096_30,0,Q186K7,AB,"[[""MSE"", [""A"", ""B""], ""L-peptide linking"", 196.1, 0]]"
4OU4,2.4,2645_30,1,L7PYQ2,A,"[[""S2T"", [""A""], ""non-polymer"", 228.6, 0]]"
4OUG,2.46,3845_30,3,Q9GK12,ABCD,"[[""LP5"", [""C""], ""non-polymer"", 711.9, 0]]"
4OVT,1.8,36412_30,4,A6X5V3,AB,"[[""LFC"", [""A"", ""B""], ""L-saccharide"", 180.2, 0]]"
4P8E,2.04,638_30,4,Q9KKP2,AB,"[[""5RP"", [""A"", ""B""], ""saccharide"", 230.1, 0]]"
4P8L,2.02,5260_30,0,P9WJF1,AB,"[[""36C"", [""A"", ""B""], ""non-polymer"", 365.3, 0], [""FAD"", [""A"", ""B""], ""non-polymer"", 785.5, 0]]"
4PE0,1.08,1510_30,0,P02638,AX,"[[""NQS"", [""A"", ""X""], ""non-polymer"", 234.3, 0]]"
4PF7,2.33,2107_30,3,P14735,AB,"[[""2QW"", [""A"", ""B""], ""non-polymer"", 424.4, 0]]"
4PKV,2.5,7066_30,4,P15917,A,"[[""30R"", [""A""], ""non-polymer"", 395.4, 0]]"
4PWC,2.3,1353_30,4,B2ZWE9,A,"[[""FAD"", [""A""], ""non-polymer"", 785.5, 0]]"
4PYN,1.2,2044_30,4,P22734,A,"[[""SAH"", [""A""], ""non-polymer"", 384.4, 0]]"
4PYR,1.45,215659_30,4,Q7P0B4,A,"[[""GSH"", [""A""], ""peptide-like"", 307.3, 0]]"
4Q3S,2.11,1018_30,3,Q6WVP6,ABCD,"[[""X7A"", [""A"", ""B"", ""C"", ""D""], ""non-polymer"", 303.2, -1]]"
4Q9M,2.06,1404_30,3,Q8DRB3,AB,"[[""2ZW"", [""A"", ""B""], ""non-polymer"", 354.8, 0], [""FPP"", [""A"", ""B""], ""non-polymer"", 382.3, 0]]"
4QA2,2.377,3358_30,3,Q9BY41,AB,"[[""SHH"", [""A"", ""B""], ""non-polymer"", 264.3, 0]]"
4QB2,1.5,55798_30,1,H6WCZ0,A,"[[""BDP"", [""A""], ""D-saccharide, beta linking"", 194.1, 0], [""GCU"", [""A""], ""D-saccharide, alpha linking"", 194.1, 0]]"
4QJW,1.55,1406_30,4,O43570,ABCD,"[[""WWO"", [""A"", ""B"", ""C"", ""D""], ""non-polymer"", 424.4, 0]]"
4QNB,1.996,418_30,4,P12497,A,"[[""1B0"", [""A""], ""non-polymer"", 425.5, 0]]"
4QPM,2.202,9768_30,0,O43683,AB,"[[""ADP"", [""A"", ""B""], ""non-polymer"", 427.2, 0]]"
4QQ6,1.75,7827_30,2,Q16637,A,"[[""36X"", [""A""], ""non-polymer"", 188.3, 0]]"
4R37,1.9,550_30,0,Q5LH16,AB,"[[""PE5"", [""A""], ""non-polymer"", 398.5, 0], [""UD1"", [""A""], ""non-polymer"", 607.4, 0]]"
4R82,1.659,47401_30,1,Q8GME2,AB,"[[""FAD"", [""A"", ""B""], ""non-polymer"", 785.5, 0], [""NAD"", [""A"", ""B""], ""non-polymer"", 663.4, 0]]"
4RFL,2.2,21011_30,4,Q58122,ABCD,"[[""NDP"", [""A"", ""B"", ""C"", ""D""], ""non-polymer"", 745.4, 0]]"
4RFM,2.1,678_30,1,Q08881,A,"[[""3P6"", [""A""], ""non-polymer"", 515.6, 0]]"
4RMG,1.88,2434_30,1,Q8IXJ6,A,"[[""NAD"", [""A""], ""non-polymer"", 663.4, 0], [""3TE"", [""A""], ""non-polymer"", 420.6, 0]]"
4RXT,1.35,61352_30,3,B9JKX8,A,"[[""ARA"", [""A""], ""L-saccharide, alpha linking"", 150.1, 0]]"
4S3C,1.45,309_30,2,Q5SLI8,A,"[[""SF4"", [""A""], ""non-polymer"", 351.6, 0], [""43Q"", [""A""], ""non-polymer"", 279.1, 1]]"
4TKU,1.43,1122_30,2,P07328;P07329,ABCD,"[[""HCA"", [""A"", ""C""], ""non-polymer"", 206.2, 0], [""ICS"", [""A"", ""C""], ""non-polymer"", 787.5, 0], [""CLF"", [""B"", ""D""], ""non-polymer"", 671.2, 0]]"
4TRO,1.4,586_30,1,P9WGR1,A,"[[""ZID"", [""A""], ""non-polymer"", 768.5, 0], [""NAD"", [""A""], ""non-polymer"", 663.4, 0]]"
4TZ8,2.15,1552_30,3,Q6PL18,A,"[[""39U"", [""A""], ""non-polymer"", 211.3, 0]]"
4U0I,2.0,1407_30,2,P10721,A,"[[""0LI"", [""A""], ""non-polymer"", 532.6, 0]]"
4U41,2.2,2473_30,0,O95819,AB,"[[""3C8"", [""A""], ""non-polymer"", 309.4, 0]]"
4U69,1.6,1564_30,1,P53582,A,"[[""Q07"", [""A""], ""non-polymer"", 181.2, 0]]"
4U79,2.23,1338_30,4,P53779,A,"[[""3EL"", [""A""], ""non-polymer"", 566.7, 0]]"
4U7H,1.48,1822_30,3,P16083,AB,"[[""K25"", [""B""], ""non-polymer"", 476.8, 0], [""FAD"", [""A"", ""B""], ""non-polymer"", 785.5, 0]]"
4U9J,2.1,19575_30,2,Q8EF49,AB,"[[""MNH"", [""A"", ""B""], ""non-polymer"", 615.6, 0]]"
4U9R,2.17,202058_30,0,Q1LAJ7,A,"[[""TCE"", [""A""], ""non-polymer"", 250.2, 0]]"
4UHG,1.7,704_30,3,Q9H2K2,AB,"[[""SZ5"", [""A"", ""B""], ""non-polymer"", 236.3, 0]]"
4UMC,2.34,1423_30,3,Q9K169,ABCD,"[[""PEQ"", [""A"", ""B"", ""C"", ""D""], ""non-polymer"", 170.1, 0]]"
4UND,2.2,1247_30,2,P09874,AB,"[[""2YQ"", [""A"", ""B""], ""non-polymer"", 380.4, 0]]"
4UOB,1.31,90925_30,4,Q9RVU4,A,"[[""SF4"", [""A""], ""non-polymer"", 351.6, 0]]"
4UU0,2.5,1014_30,3,P04191,A,"[[""TG1"", [""A""], ""non-polymer"", 650.8, 0]]"
4UUW,1.98,892_30,0,Q5SHB0,AB,"[[""AMP"", [""A""], ""non-polymer"", 347.2, 0]]"
4UXH,2.4,33848_30,4,Q4QC75,AB,"[[""T5A"", [""A"", ""B""], ""non-polymer"", 891.4, 0]]"
4UXM,1.5,8710_30,0,P83514,A,"[[""BE7"", [""A""], ""non-polymer"", 357.2, 0]]"
4W66,2.36,251415_30,3,D0LNW1,AB,"[[""GSH"", [""A"", ""B""], ""peptide-like"", 307.3, 0]]"
4WCU,2.35,1437_30,4,Q08499,ABCD,"[[""3KQ"", [""A"", ""B"", ""C"", ""D""], ""non-polymer"", 489.3, 0]]"
4WDF,2.0,4942_30,3,P16330,A,"[[""A2P"", [""A""], ""non-polymer"", 427.2, 0]]"
4WFR,2.0,4942_30,3,P16330,A,"[[""2AM"", [""A""], ""non-polymer"", 347.2, 0]]"
4WG4,2.3,1067_30,3,Q9BJF5,A,"[[""UWB"", [""A""], ""non-polymer"", 402.5, 0]]"
4WKN,2.0,720_30,2,Q9ZMY2,A,"[[""TDI"", [""A""], ""non-polymer"", 293.4, 0]]"
4X45,1.75,1346_30,1,P07741,AB,"[[""AMP"", [""B""], ""non-polymer"", 347.2, 0]]"
4XJ4,1.596,12554_30,2,Q9KVG7,A,"[[""3AT"", [""A""], ""non-polymer"", 491.2, 0]]"
4XY8,1.7,2760_30,0,Q9H8M2,A,"[[""43U"", [""A""], ""non-polymer"", 320.1, 0]]"
4XZI,2.45,879_30,3,P15121,A,"[[""F49"", [""A""], ""non-polymer"", 605.9, 0], [""NAP"", [""A""], ""non-polymer"", 743.4, 0]]"
4Y4S,1.75,35478_30,2,Q66G68,A,"[[""HEM"", [""A""], ""non-polymer"", 616.5, 0]]"
4YRO,2.5,5212_30,2,Q4DA54,A,"[[""4JO"", [""A""], ""non-polymer"", 187.0, 0], [""HIS"", [""A""], ""L-peptide linking"", 156.2, 1]]"
4YV1,1.85,1816_30,0,Q4DA73,ABCD,"[[""4K2"", [""B"", ""D""], ""non-polymer"", 256.3, 0], [""S4M"", [""A"", ""B"", ""C"", ""D""], ""non-polymer"", 356.4, 0]]"
4Z04,1.45,53680_30,4,Q2YLQ3,A,"[[""GSH"", [""A""], ""peptide-like"", 307.3, 0]]"
4Z6U,1.48,5764_30,2,Q45135,ABCD,"[[""4NC"", [""C""], ""non-polymer"", 155.1, 0]]"
4Z83,1.8,357_30,2,P00517;P61925,EI,"[[""4L7"", [""E""], ""non-polymer"", 404.3, 0]]"
4ZAB,1.16,3194_30,1,A2QHE5,A,"[[""4LW"", [""A""], ""non-polymer"", 166.1, 0], [""FZZ"", [""A""], ""non-polymer"", 524.5, 0], [""4LU"", [""A""], ""non-polymer"", 525.5, 1]]"
4ZOJ,1.96,336_30,0,A5U4M0,AB,"[[""PRP"", [""A"", ""B""], ""D-saccharide"", 390.1, 0], [""61L"", [""A"", ""B""], ""non-polymer"", 287.4, 0]]"
4ZZX,1.65,5789_30,4,Q9UGN5,AB,"[[""FSU"", [""A"", ""B""], ""non-polymer"", 248.3, 0]]"
5A89,1.65,2088_30,1,Q59263,AB,"[[""ADP"", [""A"", ""B""], ""non-polymer"", 427.2, 0], [""FMN"", [""A"", ""B""], ""non-polymer"", 456.3, 0]]"
5ABN,2.194,2241_30,0,O94753,A,"[[""HEM"", [""A""], ""non-polymer"", 616.5, 0]]"
5AEN,1.864,1391_30,2,P09960,A,"[[""YB"", [""A""], ""non-polymer"", 173.0, 3], [""DP8"", [""A""], ""non-polymer"", 257.3, 0]]"
5AJQ,2.2,6677_30,0,O94804,AB,"[[""DB8"", [""A"", ""B""], ""non-polymer"", 530.4, 0]]"
5AJT,2.43,21542_30,4,M1VUY5,ABCD,"[[""TAR"", [""A"", ""B"", ""C"", ""D""], ""non-polymer"", 150.1, 0]]"
5ALN,2.0,1167_30,3,P34913,A,"[[""5ZM"", [""A""], ""non-polymer"", 255.3, 0]]"
5ALX,2.23,1167_30,3,P34913,A,"[[""DUL"", [""A""], ""non-polymer"", 263.4, 0]]"
5AZ3,1.423,37188_30,1,Q8NTB8,A,"[[""HEM"", [""A""], ""non-polymer"", 616.5, 0]]"
5B6H,1.9,407_30,1,Q66DQ2,A,"[[""AMP"", [""A""], ""non-polymer"", 347.2, 0]]"
5BJ3,2.2,2596_30,2,Q56232,ABCD,"[[""PLP"", [""A"", ""B"", ""C"", ""D""], ""non-polymer"", 247.1, 0]]"
5BTX,2.1,20195_30,3,A0ABF7PFV9,AB,"[[""CMP"", [""A"", ""B""], ""non-polymer"", 329.2, 0]]"
5BZE,1.31,3245_30,2,P15379,A,"[[""6BT"", [""A""], ""non-polymer"", 163.2, 0], [""68N"", [""A""], ""non-polymer"", 163.2, 0]]"
5C3D,1.39,1180_30,4,P16442,A,"[[""URM"", [""A""], ""non-polymer"", 564.3, 0]]"
5C5L,1.75,535_30,4,P00644,A,"[[""THP"", [""A""], ""DNA linking"", 402.2, 0]]"
5C66,2.03,3587_30,0,P00634,AB,"[[""WO4"", [""A"", ""B""], ""non-polymer"", 247.8, 0]]"
5C7N,1.75,394_30,2,P55201,A,"[[""BMF"", [""A""], ""non-polymer"", 404.4, 0]]"
5C88,2.49,17018_30,3,Q980R9,AB,"[[""COA"", [""A"", ""B""], ""non-polymer"", 767.5, 0]]"
5CGB,1.6,1870_30,2,P08191,AB,"[[""51C"", [""A"", ""B""], ""non-polymer"", 292.4, 0]]"
5CNG,1.8,180_30,2,P68082,A,"[[""HEM"", [""A""], ""non-polymer"", 616.5, 0]]"
5CPN,1.8,2069_30,2,Q9R9V9,AB,"[[""FNR"", [""A"", ""B""], ""non-polymer"", 458.4, 0], [""531"", [""A"", ""B""], ""non-polymer"", 217.3, 0]]"
5CW2,2.0,1167_30,3,G7CF24,ABCD,"[[""BSU"", [""A"", ""B"", ""C"", ""D""], ""non-polymer"", 212.2, 0]]"
5D21,1.9,4702_30,2,Q05097,ABCD,"[[""56N"", [""A"", ""B"", ""C"", ""D""], ""D-saccharide"", 256.3, 0]]"
5DCZ,2.23,704_30,3,Q9H2K2,A,"[[""59B"", [""A""], ""non-polymer"", 375.4, 0]]"
5DII,1.804,10197_30,3,D0LHE3,ABCDEF,"[[""SF4"", [""A"", ""D""], ""non-polymer"", 351.6, 0]]"
5DTK,1.60000241571,500_30,0,Q6XEC0,ABCD,"[[""5F3"", [""A"", ""B"", ""C"", ""D""], ""non-polymer"", 276.3, 0]]"
5DWQ,2.36,2527_30,1,P84243;Q86X55,ABCDFG,"[[""SFG"", [""A"", ""B"", ""C"", ""D""], ""non-polymer"", 381.4, 0]]"
5E26,2.14,42967_30,2,Q9BZ23,ABCD,"[[""PAU"", [""A"", ""B"", ""C"", ""D""], ""peptide-like"", 219.2, 0], [""ADP"", [""A"", ""B"", ""C"", ""D""], ""non-polymer"", 427.2, 0]]"
5E95,1.402,3298_30,2,P01112,AB,"[[""GDP"", [""A""], ""RNA linking"", 443.2, 0]]"
5E9O,2.1,42994_30,1,E0RQU0,ABCD,"[[""I3C"", [""B"", ""C"", ""D""], ""non-polymer"", 558.8, 0]]"
5EAG,2.4,1395_30,0,A6ZSR0,A,"[[""5LU"", [""A""], ""non-polymer"", 376.7, 0], [""HEM"", [""A""], ""non-polymer"", 616.5, 0]]"
5EH0,2.18,2654_30,0,P33981,A,"[[""5NW"", [""A""], ""non-polymer"", 417.5, 0]]"
5EJ2,2.15,5064_30,0,A0A0H2ZYS9,ABCD,"[[""NAD"", [""A"", ""B"", ""C"", ""D""], ""non-polymer"", 663.4, 0]]"
5EOB,1.75,1161_30,1,P08581,A,"[[""5QQ"", [""A""], ""non-polymer"", 392.3, 0]]"
5EQ1,1.55,394_30,2,P55201,A,"[[""BEA"", [""A""], ""non-polymer"", 190.2, 1]]"
5EQD,1.83,4658_30,0,A0R629,AB,"[[""UDP"", [""B""], ""RNA linking"", 404.2, 0], [""FAD"", [""A"", ""B""], ""non-polymer"", 785.5, 0]]"
5EQE,2.4,5659_30,1,P35790,AB,"[[""5R8"", [""A"", ""B""], ""non-polymer"", 233.4, 0]]"
5EZ6,1.8,1231_30,3,P61586,B,"[[""GDP"", [""B""], ""RNA linking"", 443.2, 0]]"
5F3D,1.9,676_30,4,Q9X1X7,A,"[[""5UK"", [""A""], ""non-polymer"", 203.1, 0], [""SF4"", [""A""], ""non-polymer"", 351.6, 0]]"
5F5E,1.802,7169_30,0,Q03164,A,"[[""SAH"", [""A""], ""non-polymer"", 384.4, 0]]"
5FE6,1.77,3653_30,3,Q92831,AB,"[[""5WZ"", [""A""], ""non-polymer"", 168.2, 0]]"
5FEN,1.55,1340_30,1,P50120,AB,"[[""RET"", [""A"", ""B""], ""non-polymer"", 284.4, 0]]"
5FJO,2.08,6667_30,3,Q44244,AB,"[[""NPQ"", [""A"", ""B""], ""non-polymer"", 257.3, 0]]"
5FUT,1.6,5659_30,1,P35790,A,"[[""PQ7"", [""A""], ""non-polymer"", 506.7, 2]]"
5FVE,2.07,20953_30,1,O25242,A,"[[""2HO"", [""A""], ""non-polymer"", 157.1, 0]]"
5FZ0,2.42,1344_30,4,Q9UGL1,A,"[[""DJ6"", [""A""], ""non-polymer"", 273.1, 0]]"
5GLG,1.8,13084_30,0,P21375,A,"[[""FAD"", [""A""], ""non-polymer"", 785.5, 0]]"
5GQJ,1.5,6324_30,4,P11041,A,"[[""CTP"", [""A""], ""non-polymer"", 483.2, 0], [""ATP"", [""A""], ""non-polymer"", 507.2, 0]]"
5GT4,1.83,612_30,1,P11473,A,"[[""2KB"", [""A""], ""non-polymer"", 499.7, 0]]"
5GZ3,1.59,6945_30,4,G1UII1,AB,"[[""NAP"", [""A"", ""B""], ""non-polymer"", 743.4, 0]]"
5GZP,2.03,99_30,3,Q07412,AB,"[[""PGA"", [""A"", ""B""], ""non-polymer"", 156.0, 0]]"
5H3E,2.21,1107_30,3,P54071,AB,"[[""ICT"", [""A"", ""B""], ""non-polymer"", 192.1, 0]]"
5HNB,2.35,3006_30,3,P24863;P49336,AB,"[[""62M"", [""A""], ""non-polymer"", 351.4, 0]]"
5HW4,2.211,66_30,0,P67087,ABC,"[[""SAM"", [""A"", ""B"", ""C""], ""non-polymer"", 398.4, 0]]"
5HXP,1.95,1404_30,3,B8XA40,AC,"[[""O4B"", [""C""], ""non-polymer"", 264.3, 0], [""IPR"", [""A"", ""C""], ""non-polymer"", 248.1, 0]]"
5I0J,1.8,15960_30,0,Q9RS96,ABCD,"[[""UMP"", [""A"", ""B""], ""non-polymer"", 308.2, 0]]"
5I5S,2.06,1703_30,4,O15382,AB,"[[""NVU"", [""A"", ""B""], ""non-polymer"", 177.2, 0], [""PLP"", [""A"", ""B""], ""non-polymer"", 247.1, 0]]"
5I5X,1.65,1703_30,4,O15382,AB,"[[""68C"", [""A"", ""B""], ""non-polymer"", 293.3, 0], [""PMP"", [""A"", ""B""], ""non-polymer"", 248.2, 0]]"
5I7A,2.08,6244_30,3,P9WP53,ABCD,"[[""PLP"", [""A"", ""B"", ""C"", ""D""], ""non-polymer"", 247.1, 0], [""68Q"", [""A"", ""B"", ""C"", ""D""], ""non-polymer"", 325.1, 0]]"
5I7S,1.595,586_30,1,A0A0H3HP34,A,"[[""E9P"", [""A""], ""non-polymer"", 214.3, 0], [""NAD"", [""A""], ""non-polymer"", 663.4, 0]]"
5I89,1.07,1747_30,0,Q92793,A,"[[""69B"", [""A""], ""non-polymer"", 346.4, 0]]"
5II1,2.02,4190_30,0,Q86U86,AB,"[[""6BL"", [""A"", ""B""], ""non-polymer"", 200.2, 0]]"
5IT1,2.1,457_30,2,Q70AS3,ABCD,"[[""2OH"", [""A"", ""B"", ""C"", ""D""], ""non-polymer"", 228.3, 0], [""HEM"", [""A"", ""B"", ""C"", ""D""], ""non-polymer"", 616.5, 0]]"
5IVC,1.573,1344_30,4,P29375,A,"[[""6E7"", [""A""], ""non-polymer"", 347.4, 0]]"
5IXZ,2.4,8642_30,1,A0ACD6B960,AB,"[[""HEM"", [""A"", ""B""], ""non-polymer"", 616.5, 0]]"
5IZZ,1.6,19290_30,2,,A,"[[""3HP"", [""A""], ""non-polymer"", 152.1, 0]]"
5J1Q,1.74,1666_30,3,P09955,A,"[[""CXA"", [""A""], ""non-polymer"", 244.3, 0]]"
5JA0,1.9,690_30,0,P14324,F,"[[""FPP"", [""F""], ""non-polymer"", 382.3, 0]]"
5JE0,1.552,19917_30,2,Q9LBJ0,AB,"[[""SAH"", [""A"", ""B""], ""non-polymer"", 384.4, 0], [""AZ8"", [""A"", ""B""], ""non-polymer"", 165.1, 0]]"
5JOV,1.5,7614_30,2,A7LXT0,A,"[[""B9D"", [""A""], ""L-saccharide, alpha linking"", 198.1, 0]]"
5JVE,1.12,3062_30,4,P00138,A,"[[""HEC"", [""A""], ""non-polymer"", 620.5, 0]]"
5K8Z,1.55,10865_30,4,B8HNS6,ABCD,"[[""HEM"", [""A"", ""B"", ""C"", ""D""], ""non-polymer"", 616.5, 0]]"
5KA7,2.061,1950_30,3,P18031,A,"[[""OTA"", [""A""], ""non-polymer"", 270.3, 0]]"
5KCM,2.149,14114_30,3,A9CH39,AB,"[[""FAD"", [""A"", ""B""], ""non-polymer"", 785.5, 0], [""SF4"", [""A"", ""B""], ""non-polymer"", 351.6, 0]]"
5KPZ,2.4,4673_30,4,Q9H999,A,"[[""PAZ"", [""A""], ""non-polymer"", 299.2, 0], [""ADP"", [""A""], ""non-polymer"", 427.2, 0]]"
5KQ2,1.9,335_30,1,Q3JNW6,AB,"[[""HEM"", [""A"", ""B""], ""non-polymer"", 616.5, 0]]"
5KSY,2.482,3597_30,1,Q8IXI2,A,"[[""GDP"", [""A""], ""RNA linking"", 443.2, 0]]"
5KVA,1.827,2148_30,3,C5Z4W3,AB,"[[""SAM"", [""A"", ""B""], ""non-polymer"", 398.4, 0]]"
5L0T,1.43,31111_30,4,Q8NBL1,AB,"[[""UDP"", [""A""], ""RNA linking"", 404.2, 0]]"
5L9I,1.9,9061_30,3,A0A822VA67,AB,"[[""SNW"", [""A"", ""B""], ""non-polymer"", 308.3, 0]]"
5LCK,1.89,501_30,0,P28482,A,"[[""6TT"", [""A""], ""non-polymer"", 432.4, 0]]"
5LHA,1.89,2419_30,3,A0A1W2VMW5,ABCD,"[[""PMP"", [""A"", ""B"", ""C"", ""D""], ""non-polymer"", 248.2, 0]]"
5LHT,2.0601,4748_30,4,P9WMN1,A,"[[""TIH"", [""A""], ""L-peptide linking"", 171.2, 0]]"
5LPT,2.36,210_30,4,P28720,AB,"[[""726"", [""A"", ""B""], ""non-polymer"", 462.5, 0]]"
5LPZ,2.48,371_30,4,O22476,A,"[[""ADP"", [""A""], ""non-polymer"", 427.2, 0]]"
5LQS,1.9,676_30,4,Q9X1X7,A,"[[""SF4"", [""A""], ""non-polymer"", 351.6, 0], [""NTM"", [""A""], ""non-polymer"", 167.1, 0]]"
5LSE,2.5,738_30,4,P0C0Y7;P0C0Y8;P0C0Y9,HLM,"[[""SPN"", [""M""], ""non-polymer"", 595.0, 0], [""D12"", [""H"", ""L""], ""non-polymer"", 170.3, 0], [""U10"", [""L"", ""M""], ""non-polymer"", 863.3, 0], [""BPH"", [""L"", ""M""], ""non-polymer"", 889.2, 0]]"
5LXC,2.15,5199_30,3,Q92630,AB,"[[""7AA"", [""A"", ""B""], ""non-polymer"", 404.3, 0]]"
5M0P,1.95,7197_30,0,E9NSU2,AB,"[[""HEM"", [""A"", ""B""], ""non-polymer"", 616.5, 0], [""DCR"", [""A"", ""B""], ""non-polymer"", 312.5, 0]]"
5M1R,1.64,1616_30,3,P00558,A,"[[""ADP"", [""A""], ""non-polymer"", 427.2, 0]]"
5M53,1.9,5837_30,1,P51955,A,"[[""7GJ"", [""A""], ""non-polymer"", 394.5, 0]]"
5MAA,1.686,10352_30,3,A0AA86ANQ3,AB,"[[""SF4"", [""A"", ""B""], ""non-polymer"", 351.6, 0], [""B3R"", [""A"", ""B""], ""non-polymer"", 173.0, 0]]"
5MAG,2.35,3538_30,2,Q14680,A,"[[""7KC"", [""A""], ""non-polymer"", 490.6, 0]]"
5MJI,2.0,56975_30,3,K4REZ6,A,"[[""7O6"", [""A""], ""non-polymer"", 471.3, 1]]"
5MTP,2.0,586_30,1,P9WGR0,ABCDEFGH,"[[""NAD"", [""A"", ""B"", ""C"", ""D"", ""E"", ""F"", ""G"", ""H""], ""non-polymer"", 663.4, 0], [""53K"", [""A"", ""B"", ""C"", ""D"", ""E"", ""F"", ""G"", ""H""], ""non-polymer"", 357.4, 0]]"
5MUL,1.39,41881_30,4,Q8A1H5,A,"[[""BDP"", [""A""], ""D-saccharide, beta linking"", 194.1, 0]]"
5MY8,1.7,12656_30,2,Q96SB4,A,"[[""RXZ"", [""A""], ""non-polymer"", 507.5, 0]]"
5N93,2.1,2654_30,0,P33981,A,"[[""8QE"", [""A""], ""non-polymer"", 324.4, 0]]"
5NAK,1.5,2375_30,0,Q84HF5,AB,"[[""KYN"", [""A""], ""L-peptide linking"", 208.2, 0], [""FAD"", [""A"", ""B""], ""non-polymer"", 785.5, 0]]"
5NCZ,1.94,592_30,1,O35904,A,"[[""8TN"", [""A""], ""non-polymer"", 459.6, 0]]"
5NFX,1.34,2078_30,4,Q9RZA4,A,"[[""LBV"", [""A""], ""non-polymer"", 585.7, 1]]"
5NRW,1.7,1747_30,0,Q92793,A,"[[""96N"", [""A""], ""non-polymer"", 334.4, 0]]"
5NTQ,2.26,1137_30,0,P51449,AB,"[[""444"", [""A"", ""B""], ""non-polymer"", 481.3, 0]]"
5O08,1.552,137_30,2,B1MDL6,ABC,"[[""COD"", [""A"", ""B"", ""C""], ""non-polymer"", 687.6, 0]]"
5O48,1.69,1126_30,0,A5K1A2,ABC,"[[""9K2"", [""A"", ""B"", ""C""], ""non-polymer"", 283.3, 0]]"
5OBK,1.0,1100_30,2,Q13451,A,"[[""9QN"", [""A""], ""non-polymer"", 484.4, 0]]"
5ONZ,1.93,7516_30,1,K5BDL0,AB,"[[""9YW"", [""A"", ""B""], ""D-saccharide"", 238.2, 0]]"
5OO9,1.59,30450_30,2,E2EKP5,A,"[[""URI"", [""A""], ""non-polymer"", 244.2, 0]]"
5OP6,2.45,2926_30,3,Q9NWT6,A,"[[""A0W"", [""A""], ""non-polymer"", 393.4, 0]]"
5OR6,2.4,2289_30,4,O49686;Q9CAJ0,AB,"[[""A4K"", [""A""], ""non-polymer"", 316.3, 0]]"
5OT9,2.45,1411_30,0,P35120,AB,"[[""AOZ"", [""A"", ""B""], ""non-polymer"", 227.2, 0]]"
5OTH,1.69,477_30,3,P68400,AB,"[[""AQ8"", [""A"", ""B""], ""non-polymer"", 419.9, 0]]"
5P9E,1.5,2044_30,4,P22734,A,"[[""77S"", [""A""], ""non-polymer"", 432.4, 0], [""D1D"", [""A""], ""non-polymer"", 152.2, 0]]"
5Q1Q,1.44,540_30,2,Q6PJP8,A,"[[""AWS"", [""A""], ""non-polymer"", 233.3, 0]]"
5QG0,1.753,490_30,3,P18031,A,"[[""JP4"", [""A""], ""non-polymer"", 193.2, 0]]"
5QGD,1.661,490_30,3,P18031,A,"[[""JKJ"", [""A""], ""non-polymer"", 249.3, 0]]"
5QHX,1.11,1976_30,4,Q460N5,A,"[[""GRY"", [""A""], ""non-polymer"", 214.3, 0]]"
5QIW,1.71,12082_30,0,Q96DC9,A,"[[""J5S"", [""A""], ""non-polymer"", 161.2, 0]]"
5QJP,1.5,2414_30,2,Q9UKK9,ABCD,"[[""K1P"", [""B"", ""C"", ""D""], ""non-polymer"", 198.3, 0]]"
5QQM,2.02,1212_30,4,O60229;P63000,AB,"[[""N74"", [""A""], ""non-polymer"", 297.3, 0]]"
5QRO,1.61,3148_30,2,O15178,A,"[[""NXJ"", [""A""], ""non-polymer"", 204.3, 0]]"
5QS0,1.6,3148_30,2,O15178,A,"[[""NZ4"", [""A""], ""non-polymer"", 248.3, 0]]"
5QTM,1.79,2414_30,2,Q9UKK9,ABCD,"[[""PWA"", [""A"", ""B"", ""D""], ""non-polymer"", 164.1, 0]]"
5QXV,1.74,1552_30,3,Q6PL18,A,"[[""RJG"", [""A""], ""non-polymer"", 254.3, 0]]"
5QY8,1.59,231_30,4,P32357;P33334,AB,"[[""TJV"", [""A""], ""non-polymer"", 181.2, 0]]"
5R1Z,1.067,70_30,2,P11838,A,"[[""R9M"", [""A""], ""non-polymer"", 157.2, 0]]"
5R26,1.058,70_30,2,P11838,A,"[[""RCV"", [""A""], ""non-polymer"", 195.2, 0]]"
5R54,1.79,5776_30,1,Q9BRQ3,A,"[[""RYM"", [""A""], ""non-polymer"", 233.3, 0]]"
5RJX,1.291,1358_30,2,Q8WWQ0,A,"[[""UVA"", [""A""], ""non-polymer"", 185.2, 0]]"
5RMD,1.92,2407_30,2,P0DTD1,AB,"[[""VWY"", [""A"", ""B""], ""non-polymer"", 242.3, 0]]"
5RWP,1.48,2065_30,3,Q92835,A,"[[""JO1"", [""A""], ""non-polymer"", 221.3, 0]]"
5RZ8,1.66,3677_30,2,Q9Y2J2,A,"[[""WHG"", [""A""], ""non-polymer"", 167.2, 0]]"
5RZQ,1.88,3677_30,2,Q9Y2J2,A,"[[""WJ7"", [""A""], ""non-polymer"", 246.1, 0]]"
5RZU,1.66,3677_30,2,Q9Y2J2,A,"[[""NZJ"", [""A""], ""non-polymer"", 246.3, 0]]"
5S7Y,1.37,2049_30,4,Q04771,AB,"[[""LU8"", [""A"", ""B""], ""non-polymer"", 432.6, 0]]"
5S8E,1.24,1358_30,2,Q8WWQ0,A,"[[""5WY"", [""A""], ""non-polymer"", 179.2, 0]]"
5S9U,1.73,812_30,2,Q389T8,AB,"[[""FAD"", [""A"", ""B""], ""non-polymer"", 785.5, 0], [""JMM"", [""A"", ""B""], ""non-polymer"", 248.3, 0]]"
5SES,2.11,429_30,3,Q9Y233,ABCD,"[[""IGZ"", [""A"", ""B"", ""C"", ""D""], ""non-polymer"", 404.5, 0]]"
5SFS,2.24,429_30,3,Q9Y233,ABCD,"[[""IOU"", [""A"", ""B"", ""C"", ""D""], ""non-polymer"", 340.4, 0]]"
5SGI,1.97,429_30,3,Q9Y233,ABCD,"[[""IX9"", [""A"", ""B"", ""C"", ""D""], ""non-polymer"", 387.4, 0]]"
5T5Q,1.95,1149_30,4,Q2YL80,ABCD,"[[""NAD"", [""A"", ""B"", ""C"", ""D""], ""non-polymer"", 663.4, 0]]"
5TA6,2.5,1372_30,2,P53350,A,"[[""79D"", [""A""], ""non-polymer"", 555.7, 0]]"
5TC4,1.89,306_30,3,P13995,A,"[[""L34"", [""A""], ""non-polymer"", 471.4, 0], [""NAD"", [""A""], ""non-polymer"", 663.4, 0]]"
5TEG,1.3,7571_30,1,P62805;Q9NQR1,ABDE,"[[""SAM"", [""A"", ""B""], ""non-polymer"", 398.4, 0]]"
5TF9,2.5,10030_30,4,Q9H4A3,AB,"[[""ANP"", [""A"", ""B""], ""non-polymer"", 506.2, 0], [""7AV"", [""A"", ""B""], ""non-polymer"", 476.0, 0]]"
5TH5,2.407,32617_30,4,O31677,ABCD,"[[""SF4"", [""A"", ""B"", ""C"", ""D""], ""non-polymer"", 351.6, 0], [""7C5"", [""A"", ""B"", ""C"", ""D""], ""non-polymer"", 456.4, 0]]"
5THH,1.959,5108_30,3,P54577,A,"[[""TYR"", [""A""], ""L-peptide linking"", 181.2, 0]]"
5TK9,1.843,33331_30,4,O24769,A,"[[""7D7"", [""A""], ""non-polymer"", 251.2, 0]]"
5TKN,1.92,14112_30,3,Q8I8I2,A,"[[""P6F"", [""A""], ""non-polymer"", 340.1, 0]]"
5TPR,1.7,15194_30,3,Q3M6C3,AB,"[[""NAD"", [""A"", ""B""], ""non-polymer"", 663.4, 0]]"
5TR6,1.93,1862_30,2,P43405,A,"[[""7KG"", [""A""], ""non-polymer"", 344.4, 0]]"
5TUE,2.1,11012_30,1,A0A059WYP6,AB,"[[""FAD"", [""A"", ""B""], ""non-polymer"", 785.5, 0]]"
5TUF,2.25,11012_30,1,A0A059WYP6,AB,"[[""FAD"", [""A"", ""B""], ""non-polymer"", 785.5, 0], [""TDC"", [""B""], ""non-polymer"", 426.4, 0]]"
5TV6,2.456,4238_30,4,O67575,AB,"[[""PML"", [""A"", ""B""], ""non-polymer"", 160.2, 0]]"
5TZG,2.5,29443_30,0,F2RCL8,AC,"[[""C2E"", [""C""], ""non-polymer"", 690.4, 0]]"
5U08,1.52,40097_30,3,,ABCD,"[[""SIS"", [""A"", ""C"", ""D""], ""non-polymer"", 447.5, 0]]"
5UG2,1.34,494_30,4,B3LRE1,A,"[[""86J"", [""A""], ""non-polymer"", 165.2, 0], [""HEM"", [""A""], ""non-polymer"", 616.5, 0]]"
5UGH,2.062,93_30,2,P31153,ABCD,"[[""8AJ"", [""A"", ""B"", ""C""], ""non-polymer"", 350.8, 0]]"
5UID,2.18,1421_30,0,A4KUD2,ABCD,"[[""PLP"", [""A"", ""D""], ""non-polymer"", 247.1, 0]]"
5UL0,2.2,1395_30,0,A6ZSR0,A,"[[""VT1"", [""A""], ""non-polymer"", 527.4, 0], [""HEM"", [""A""], ""non-polymer"", 616.5, 0]]"
5UOY,1.82,10019_30,3,Q01064,A,"[[""8HM"", [""A""], ""non-polymer"", 465.6, 0]]"
5UQU,1.7,1438_30,2,B0YD89,AB,"[[""COA"", [""B""], ""non-polymer"", 767.5, 0]]"
5UXE,2.1,437_30,4,A0A127ELD1,ABCD,"[[""8LA"", [""A"", ""B"", ""C"", ""D""], ""non-polymer"", 476.9, 0], [""IMP"", [""A"", ""B"", ""C"", ""D""], ""non-polymer"", 348.2, 0]]"
5V5N,2.006,6673_30,3,O43318;Q15750,A,"[[""EDH"", [""A""], ""non-polymer"", 322.4, 0]]"
5VAR,1.83,2399_30,1,O75164,A,"[[""92Y"", [""A""], ""non-polymer"", 245.4, 0]]"
5VCZ,1.5,7101_30,2,Q99640,A,"[[""XZN"", [""A""], ""non-polymer"", 530.4, 0]]"
5VIJ,2.105,2328_30,3,P35439;Q00959,AB,"[[""5DX"", [""B""], ""non-polymer"", 354.2, 0]]"
5VJP,1.98,4236_30,0,P49435,AB,"[[""IR9"", [""A"", ""B""], ""non-polymer"", 323.1, 0]]"
5VOG,1.5,14183_30,1,A0A1D3HIA2,A,"[[""G4P"", [""A""], ""RNA linking"", 603.2, 0]]"
5VUA,2.2,958_30,1,P11309,B,"[[""8GX"", [""B""], ""non-polymer"", 390.4, 0]]"
5VUB,2.0,958_30,1,P11309,B,"[[""8GU"", [""B""], ""non-polymer"", 390.4, 0]]"
5VUY,2.154,251_30,4,P29475,AB,"[[""P64"", [""A"", ""B""], ""non-polymer"", 320.4, 0], [""H4B"", [""A"", ""B""], ""non-polymer"", 241.2, 0], [""HEM"", [""A"", ""B""], ""non-polymer"", 616.5, 0]]"
5VW8,1.808,2838_30,1,B4G043,A,"[[""NAP"", [""A""], ""non-polymer"", 743.4, 0], [""FAD"", [""A""], ""non-polymer"", 785.5, 0]]"
5VYQ,1.6,17279_30,1,P9WKZ3,AB,"[[""TYD"", [""B""], ""non-polymer"", 402.2, 0], [""EP1"", [""A"", ""B""], ""non-polymer"", 252.3, 0], [""0FX"", [""A""], ""non-polymer"", 547.3, 0], [""FON"", [""A""], ""non-polymer"", 473.4, 0]]"
5VYR,1.7,35386_30,2,F8WJP6,AB,"[[""GMP"", [""A"", ""B""], ""non-polymer"", 283.2, 0], [""B62"", [""A"", ""B""], ""non-polymer"", 181.2, 0]]"
5W27,1.8,18356_30,1,A0A125SA29,AB,"[[""9VG"", [""A"", ""B""], ""non-polymer"", 493.5, 0]]"
5WA9,1.15,2622_30,2,P49773,AB,"[[""9ZD"", [""A""], ""non-polymer"", 432.3, 0]]"
5WC4,1.2,311_30,2,K9MST3,AB,"[[""BYC"", [""A"", ""B""], ""non-polymer"", 871.6, 0]]"
5WDE,1.85,42303_30,1,Q9BVG8,A,"[[""ADP"", [""A""], ""non-polymer"", 427.2, 0]]"
5WDH,2.248,14254_30,2,Q9BW19,A,"[[""ADP"", [""A""], ""non-polymer"", 427.2, 0]]"
5WFP,2.08,1986_30,4,P01112;Q07889,NQR,"[[""5UX"", [""N""], ""non-polymer"", 361.2, 0], [""GNP"", [""Q""], ""non-polymer"", 522.2, 0]]"
5WGS,2.34,20988_30,3,L0E155,A,"[[""PM7"", [""A""], ""non-polymer"", 335.4, 0], [""FAD"", [""A""], ""non-polymer"", 785.5, 0]]"
5WM7,1.777,4415_30,3,A0A140DJY3,A,"[[""AMP"", [""A""], ""non-polymer"", 347.2, 0]]"
5WQR,0.8,6389_30,0,P80176,A,"[[""SF4"", [""A""], ""non-polymer"", 351.6, 0]]"
5X7Z,2.2,14699_30,1,P9WME9,A,"[[""BHA"", [""A""], ""non-polymer"", 153.1, 0]]"
5XD6,1.898,4517_30,4,Q9LUT0,AB,"[[""ANP"", [""A"", ""B""], ""non-polymer"", 506.2, 0]]"
5XDE,1.6,9639_30,3,Q9LBX2,ABCD,"[[""83R"", [""B"", ""C"", ""D""], ""non-polymer"", 184.3, 0], [""FMN"", [""A"", ""B"", ""C"", ""D""], ""non-polymer"", 456.3, 0]]"
5XDV,1.7,767_30,2,Q6GHP9,A,"[[""GDP"", [""A""], ""RNA linking"", 443.2, 0], [""ZI6"", [""A""], ""non-polymer"", 477.2, 0]]"
5XHR,1.8,1064_30,3,P05364,A,"[[""PXH"", [""A""], ""non-polymer"", 343.5, 0]]"
5XXS,2.09,47078_30,0,P17622,AB,"[[""COA"", [""A"", ""B""], ""non-polymer"", 767.5, 0]]"
5XZF,2.1,160705_30,3,P13053;Q15648,AC,"[[""8J0"", [""A""], ""non-polymer"", 518.8, 0]]"
5YG3,2.4,103_30,4,A0A1G4H5I1,ABC,"[[""PLG"", [""A"", ""B"", ""C""], ""non-polymer"", 306.2, 0], [""8UC"", [""A"", ""B"", ""C""], ""non-polymer"", 401.4, 0]]"
5YHE,2.465,4890_30,4,Q2FVE7,AB,"[[""8UX"", [""A"", ""B""], ""non-polymer"", 328.3, 0]]"
5YSP,1.7,49380_30,1,Q9WYP6,AB,"[[""MDN"", [""A""], ""non-polymer"", 176.0, 0], [""INS"", [""A"", ""B""], ""non-polymer"", 180.2, 0]]"
5YSS,2.276,1485_30,3,A0A0D7LY80,ABCD,"[[""NAD"", [""B"", ""D""], ""non-polymer"", 663.4, 0]]"
5Z2V,2.2,66_30,0,Q9I3H9,AB,"[[""N"", [""A""], ""RNA linking"", 214.1, 0]]"
5ZA9,1.62,740_30,3,P00749,U,"[[""50I"", [""U""], ""non-polymer"", 393.4, 0]]"
5ZHT,1.532,1694_30,4,Q10QA5,A,"[[""9GU"", [""A""], ""non-polymer"", 325.3, 0]]"
5ZRH,1.54,3967_30,1,A0R2K6,A,"[[""C5P"", [""A""], ""non-polymer"", 323.2, 0]]"
5ZRK,1.49,3967_30,1,A0R2K6,AB,"[[""DCP"", [""A"", ""B""], ""non-polymer"", 467.2, 0]]"
6AE9,1.47,38562_30,4,Q942P9,AB,"[[""POG"", [""A"", ""B""], ""non-polymer"", 424.6, 0]]"
6AFD,1.48,1374_30,4,Q99497,A,"[[""72S"", [""A""], ""non-polymer"", 161.2, 0]]"
6AFJ,1.48,1374_30,4,Q99497,A,"[[""73G"", [""A""], ""non-polymer"", 261.3, 0]]"
6AFT,2.492,2831_30,1,P21616,AB,"[[""1PG"", [""A"", ""B""], ""non-polymer"", 252.3, 0]]"
6AQS,1.57,363_30,2,Q8I3X4,A,"[[""IM5"", [""A""], ""non-polymer"", 279.3, 0]]"
6ASM,1.55,616_30,1,P22259,A,"[[""ATP"", [""A""], ""non-polymer"", 507.2, 0], [""BTB"", [""A""], ""non-polymer"", 209.2, 0]]"
6AUX,1.9,251_30,4,P29476,AB,"[[""HEM"", [""A"", ""B""], ""non-polymer"", 616.5, 0], [""H4B"", [""A"", ""B""], ""non-polymer"", 241.2, 0], [""W82"", [""A"", ""B""], ""non-polymer"", 349.4, 0]]"
6AYR,1.95,720_30,2,Q0PC20,ABCD,"[[""BIG"", [""A"", ""B"", ""C"", ""D""], ""non-polymer"", 335.5, 0]]"
6B3B,1.85,21848_30,1,A0A1U7N2Z8,A,"[[""SAM"", [""A""], ""non-polymer"", 398.4, 0]]"
6BK3,2.17,1013_30,1,Q7XT97,A,"[[""B2S"", [""A""], ""non-polymer"", 296.3, 0], [""UDP"", [""A""], ""RNA linking"", 404.2, 0]]"
6BME,1.899,4977_30,0,R9RY64,AB,"[[""HEM"", [""A"", ""B""], ""non-polymer"", 616.5, 0]]"
6BMU,2.12,1245_30,3,Q06124,AB,"[[""DZV"", [""A"", ""B""], ""non-polymer"", 432.9, 0], [""5OD"", [""A"", ""B""], ""non-polymer"", 352.3, 0]]"
6BNN,1.55,4987_30,4,B6TPH0,A,"[[""GSH"", [""A""], ""peptide-like"", 307.3, 0]]"
6C8P,1.635,1432_30,2,P9WK17,A,"[[""EQA"", [""A""], ""non-polymer"", 210.2, 0]]"
6CDR,2.399,5641_30,4,Q13363,A,"[[""NAI"", [""A""], ""non-polymer"", 665.4, 0]]"
6CHH,2.3,2200_30,3,P40261,ABCD,"[[""F0P"", [""A"", ""B"", ""C"", ""D""], ""non-polymer"", 528.6, 0]]"
6CIF,2.2,488_30,2,P29474,ABCD,"[[""GD"", [""A"", ""B"", ""C"", ""D""], ""non-polymer"", 157.2, 0], [""BTB"", [""A"", ""B"", ""C"", ""D""], ""non-polymer"", 209.2, 0], [""F2J"", [""A"", ""B"", ""C"", ""D""], ""non-polymer"", 324.4, 0], [""H4B"", [""A"", ""B"", ""C"", ""D""], ""non-polymer"", 241.2, 0], [""HEM"", [""A"", ""B"", ""C"", ""D""], ""non-polymer"", 616.5, 0]]"
6CXK,1.108,878_30,2,P0ABQ4,A,"[[""DHF"", [""A""], ""non-polymer"", 443.4, 0]]"
6D2E,2.05,4658_30,0,Q6NER4,A,"[[""GDU"", [""A""], ""non-polymer"", 566.3, 0], [""FAD"", [""A""], ""non-polymer"", 785.5, 0]]"
6DB2,1.7,5813_30,3,Q6WZB0,A,"[[""HRG"", [""A""], ""L-peptide linking"", 188.2, 0]]"
6DDP,1.49,857_30,3,P9WNX1,ABCD,"[[""G6Y"", [""A"", ""B"", ""C"", ""D""], ""non-polymer"", 416.5, 0], [""NDP"", [""A"", ""B"", ""C"", ""D""], ""non-polymer"", 745.4, 0]]"
6DF4,1.3,34557_30,1,U3KMH2,A,"[[""G9Y"", [""A""], ""non-polymer"", 377.4, 0]]"
6DQ8,1.46,1344_30,4,P29375,A,"[[""H6T"", [""A""], ""non-polymer"", 430.9, 0], [""H6S"", [""A""], ""non-polymer"", 430.9, 0]]"
6DSP,1.37,5644_30,2,U5MRH9,AB,"[[""PAV"", [""A"", ""B""], ""L-saccharide, alpha linking"", 150.1, 0]]"
6DWA,1.922,1_30,3,,ABHL,"[[""HD4"", [""B"", ""H""], ""D-saccharide"", 435.3, 0]]"
6E1Z,1.1,785_30,0,P61964,AB,"[[""HLP"", [""A"", ""B""], ""non-polymer"", 192.2, 0]]"
6E2O,2.389,4310_30,4,Q99683,AB,"[[""S0L"", [""A"", ""B""], ""non-polymer"", 411.5, 0]]"
6EK3,1.6,1976_30,4,Q460N3,AB,"[[""OUL"", [""A"", ""B""], ""non-polymer"", 256.3, 0]]"
6ELA,1.485,1819_30,4,P39900,ABCD,"[[""B9Z"", [""A"", ""B"", ""C"", ""D""], ""non-polymer"", 422.5, 0]]"
6ETD,1.723,4099_30,4,Q39054,A,"[[""AMP"", [""A""], ""non-polymer"", 347.2, 0]]"
6EUW,1.0,1039_30,4,Q2LG68,A,"[[""BYB"", [""A""], ""non-polymer"", 400.4, 0]]"
6EZ6,2.04,592_30,1,O35904,A,"[[""C5Z"", [""A""], ""non-polymer"", 490.6, 0]]"
6F5Q,1.43,632_30,3,Q6B0I6,A,"[[""CTK"", [""A""], ""non-polymer"", 259.3, 0]]"
6F66,1.749,8978_30,2,A0A384E145,AB,"[[""GSH"", [""A"", ""B""], ""peptide-like"", 307.3, 0], [""CUT"", [""A"", ""B""], ""non-polymer"", 214.2, 0]]"
6F67,2.398,8978_30,2,A0A384E145,AB,"[[""CUQ"", [""A"", ""B""], ""non-polymer"", 214.2, 0]]"
6F71,2.301,8978_30,2,A0A384E158,ABCD,"[[""CWE"", [""A"", ""B"", ""C"", ""D""], ""non-polymer"", 272.3, 0]]"
6FAC,2.05,5812_30,0,G0SEG4,A,"[[""ADP"", [""A""], ""non-polymer"", 427.2, 0]]"
6FCK,1.9,1065_30,0,O14757,A,"[[""D4Z"", [""A""], ""non-polymer"", 334.4, 0]]"
6FMD,1.58,784_30,0,Q02127,A,"[[""ORO"", [""A""], ""non-polymer"", 156.1, 0], [""FMN"", [""A""], ""non-polymer"", 456.3, 0], [""DUH"", [""A""], ""non-polymer"", 401.3, 0]]"
6FOK,1.97,15390_30,3,G3XD89,AB,"[[""C8E"", [""A"", ""B""], ""non-polymer"", 306.4, 0]]"
6FQ7,1.6,501_30,0,P63086,A,"[[""E2K"", [""A""], ""non-polymer"", 410.4, 0]]"
6FT2,1.25,1411_30,0,P02911,A,"[[""ARG"", [""A""], ""L-peptide linking"", 175.2, 1]]"
6FYP,2.29,8288_30,4,P49761,A,"[[""3NG"", [""A""], ""non-polymer"", 349.8, 0]]"
6G0Z,2.15,8718_30,1,A0A0H2XK72,AB,"[[""GDP"", [""A"", ""B""], ""RNA linking"", 443.2, 0]]"
6G3Z,2.35,9413_30,2,O54288,AB,"[[""ELE"", [""A"", ""B""], ""non-polymer"", 258.1, 0]]"
6G8B,2.374,1524_30,0,P04825,A,"[[""7MF"", [""A""], ""non-polymer"", 349.2, 1]]"
6GA7,1.8,706_30,3,P02945,A,"[[""RET"", [""A""], ""non-polymer"", 284.4, 0], [""L2P"", [""A""], ""non-polymer"", 653.2, 0], [""TRD"", [""A""], ""non-polymer"", 184.4, 0], [""MYS"", [""A""], ""non-polymer"", 212.4, 0], [""C14"", [""A""], ""non-polymer"", 198.4, 0], [""UND"", [""A""], ""non-polymer"", 156.3, 0]]"
6GK0,1.85,784_30,0,Q02127,A,"[[""F1W"", [""A""], ""non-polymer"", 454.6, 0], [""DDQ"", [""A""], ""non-polymer"", 201.3, 0], [""DOR"", [""A""], ""non-polymer"", 158.1, 0], [""FMN"", [""A""], ""non-polymer"", 456.3, 0]]"
6GLR,1.601,1494_30,0,P36639,AB,"[[""F3E"", [""A"", ""B""], ""non-polymer"", 171.2, 0]]"
6GNA,1.295,47602_30,2,Q97EM8,A,"[[""FAD"", [""A""], ""non-polymer"", 785.5, 0]]"
6GO2,1.9,8039_30,4,P29068,A,"[[""LU0"", [""A""], ""non-polymer"", 210.3, 0]]"
6GUR,2.1,17113_30,2,Q4WF29,AB,"[[""FN8"", [""A"", ""B""], ""non-polymer"", 389.4, 0]]"
6GXQ,1.96,6046_30,4,Q8WQX9,AB,"[[""FFZ"", [""A""], ""non-polymer"", 455.5, 0]]"
6GXY,1.8,15116_30,1,O77404,ABC,"[[""FFN"", [""A"", ""B"", ""C""], ""non-polymer"", 260.3, 0]]"
6H65,2.35,5270_30,2,D0LR31,ABCDEF,"[[""PLP"", [""A"", ""B"", ""C"", ""D"", ""E"", ""F""], ""non-polymer"", 247.1, 0]]"
6H6L,2.5,15996_30,2,A7U694;Q6SJQ7,ABCDEFGH,"[[""CHO"", [""A"", ""B"", ""C"", ""D""], ""non-polymer"", 449.6, 0]]"
6HAI,2.2,11667_30,3,Q8KRS7,AB,"[[""FWW"", [""A"", ""B""], ""non-polymer"", 843.8, 0]]"
6HDP,2.3,5199_30,3,Q92630,A,"[[""FZ5"", [""A""], ""non-polymer"", 464.5, 0]]"
6HE2,2.3,12098_30,1,I3VE75,AB,"[[""COA"", [""A"", ""B""], ""non-polymer"", 767.5, 0], [""8LE"", [""A"", ""B""], ""non-polymer"", 433.3, 0], [""AMP"", [""A"", ""B""], ""non-polymer"", 347.2, 0]]"
6HEY,1.367,927_30,2,P29317,A,"[[""FZW"", [""A""], ""non-polymer"", 527.5, 0]]"
6HJK,2.4,803_30,2,O14965,A,"[[""G7W"", [""A""], ""non-polymer"", 512.5, 0]]"
6HL1,1.599,2161_30,4,Q15596;Q96RI1,AB,"[[""JN3"", [""A""], ""non-polymer"", 392.6, 0]]"
6HLE,1.994,2837_30,3,P09958,AB,"[[""GEB"", [""B""], ""non-polymer"", 198.3, 0]]"
6HTO,1.45,43577_30,1,C6FX51,AB,"[[""5AD"", [""A"", ""B""], ""non-polymer"", 251.2, 0], [""SF4"", [""A"", ""B""], ""non-polymer"", 351.6, 0]]"
6HWV,1.7,346_30,3,Q16539,A,"[[""GEW"", [""A""], ""non-polymer"", 582.6, 0]]"
6I0R,2.1,676_30,4,Q9X1X7,A,"[[""QAT"", [""A""], ""non-polymer"", 199.2, 0]]"
6I47,1.9,762_30,3,B7UZI4,AAA,"[[""UNZ"", [""AAA""], ""non-polymer"", 450.5, 0], [""UNY"", [""AAA""], ""non-polymer"", 450.5, 0]]"
6I4K,1.83,53_30,0,P13020;Q8I4X0,AG,"[[""ATP"", [""A""], ""non-polymer"", 507.2, 0], [""BTB"", [""A""], ""non-polymer"", 209.2, 0]]"
6I5M,2.4,1048_30,2,Q980A5,A,"[[""GDP"", [""A""], ""RNA linking"", 443.2, 0]]"
6I7I,2.33,10503_30,4,Q9BVA6,A,"[[""ATP"", [""A""], ""non-polymer"", 507.2, 0], [""P33"", [""A""], ""non-polymer"", 326.4, 0]]"
6IMO,1.55,1437_30,4,Q08499,AB,"[[""AJL"", [""A"", ""B""], ""non-polymer"", 350.4, 0]]"
6INF,1.69,3485_30,0,Q6VAB4,A,"[[""UDP"", [""A""], ""RNA linking"", 404.2, 0]]"
6IRI,1.38,42741_30,1,Q8DJI7,A,"[[""FES"", [""A""], ""non-polymer"", 175.8, 0]]"
6ISN,1.98,279_30,0,P18669,BC,"[[""AW6"", [""C""], ""non-polymer"", 429.8, 0]]"
6ITJ,1.994,758_30,0,P11362,AB,"[[""AXU"", [""A"", ""B""], ""non-polymer"", 371.4, 0]]"
6IWI,2.155,1916_30,3,O76074,A,"[[""B0C"", [""A""], ""non-polymer"", 441.6, 0]]"
6J1T,1.783,7462_30,4,P41365,AB,"[[""B7U"", [""A""], ""non-polymer"", 253.3, 0]]"
6J3C,1.851,784_30,0,Q02127,A,"[[""B5X"", [""A""], ""non-polymer"", 410.5, 0], [""ORO"", [""A""], ""non-polymer"", 156.1, 0], [""FMN"", [""A""], ""non-polymer"", 456.3, 0]]"
6J5L,2.3,2402_30,1,P04629,A,"[[""B9C"", [""A""], ""non-polymer"", 477.6, 0]]"
6JF7,2.0,2405_30,3,A0A098SKQ8,AB,"[[""K3U"", [""A"", ""B""], ""non-polymer"", 366.4, 0]]"
6JI6,1.5,688_30,1,P08515,A,"[[""GSH"", [""A""], ""peptide-like"", 307.3, 0]]"
6JR2,1.65,6505_30,2,A0A0N9XBU7,AB,"[[""36J"", [""A"", ""B""], ""non-polymer"", 320.4, 0]]"
6JSB,1.699,36220_30,3,Q8NTB5,AB,"[[""HEM"", [""A"", ""B""], ""non-polymer"", 616.5, 0]]"
6K1M,2.32,1339_30,1,B4SII9,ABCD,"[[""PLP"", [""A"", ""B"", ""C"", ""D""], ""non-polymer"", 247.1, 0]]"
6KGO,2.25,1470_30,0,O60341,A,"[[""FAD"", [""A""], ""non-polymer"", 785.5, 0], [""DJ0"", [""A""], ""non-polymer"", 276.3, 0]]"
6KXH,1.78039550258,4173_30,4,A0A0K2AJY3,ABCD,"[[""DY9"", [""A"", ""B"", ""C"", ""D""], ""non-polymer"", 324.3, 0]]"
6L1B,1.74,786_30,3,P14779,AB,"[[""YIC"", [""A"", ""B""], ""non-polymer"", 400.5, 0], [""HEM"", [""A"", ""B""], ""non-polymer"", 616.5, 0]]"
6LBL,1.68,1467_30,2,P52699,A,"[[""NO9"", [""A""], ""non-polymer"", 219.2, 0]]"
6LOP,1.91,42846_30,3,A0A094YZ24,AB,"[[""ELX"", [""A"", ""B""], ""non-polymer"", 290.5, 0]]"
6LZJ,1.72835563454,7064_30,4,O67518,A,"[[""ACP"", [""A""], ""non-polymer"", 505.2, 0]]"
6M1T,1.9,7959_30,3,O30347,AB,"[[""GSH"", [""A"", ""B""], ""peptide-like"", 307.3, 0]]"
6M74,1.52,2404_30,3,I6SYK8,A,"[[""FNR"", [""A""], ""non-polymer"", 458.4, 0]]"
6M8B,1.8,6820_30,3,Q8NFU5,A,"[[""KMP"", [""A""], ""non-polymer"", 286.2, 0]]"
6M8V,2.221,3315_30,4,Q57566,A,"[[""FMN"", [""A""], ""non-polymer"", 456.3, 0]]"
6M93,2.5,17123_30,4,P35222;P63208;Q9Y297,ABC,"[[""J8Y"", [""A""], ""non-polymer"", 350.3, 0]]"
6MGB,1.8,23827_30,3,A0A179D1D1,A,"[[""C5P"", [""A""], ""non-polymer"", 323.2, 0]]"
6MT9,2.5,2839_30,0,P50620,A,"[[""ATP"", [""A""], ""non-polymer"", 507.2, 0], [""ADP"", [""A""], ""non-polymer"", 427.2, 0], [""TTP"", [""A""], ""non-polymer"", 482.2, 0]]"
6MTF,1.92,52512_30,2,Q06KA2,AB,"[[""TRT"", [""A"", ""B""], ""non-polymer"", 352.5, 0]]"
6MVP,2.0,917_30,2,P26663,AB,"[[""K4S"", [""A"", ""B""], ""non-polymer"", 522.4, 0]]"
6MW7,2.194,28276_30,0,A6NHR9,ABCD,"[[""ATP"", [""A"", ""B"", ""C"", ""D""], ""non-polymer"", 507.2, 0]]"
6MWA,2.4,1584_30,0,A8EVM5,B,"[[""CPS"", [""B""], ""non-polymer"", 614.9, 0], [""PX4"", [""B""], ""non-polymer"", 678.9, 1]]"
6N5F,1.93,18115_30,2,G0R7E2,A,"[[""KJ1"", [""A""], ""non-polymer"", 298.5, 0]]"
6NA4,1.722,13306_30,0,E4N096,ABCD,"[[""NAP"", [""A"", ""B"", ""D""], ""non-polymer"", 743.4, 0], [""2EC"", [""A"", ""B""], ""non-polymer"", 163.2, 0], [""YAS"", [""C"", ""D""], ""non-polymer"", 837.6, 0], [""NDP"", [""C""], ""non-polymer"", 745.4, 0]]"
6NLX,1.8,862_30,1,A0A4V8H039,ABCD,"[[""NAD"", [""B"", ""C"", ""D""], ""non-polymer"", 663.4, 0]]"
6NMQ,1.58,2770_30,3,Q9GZT9,A,"[[""KU1"", [""A""], ""non-polymer"", 247.2, 0]]"
6NWG,1.939,4229_30,2,P9WPQ5,ABCD,"[[""L6J"", [""A"", ""B"", ""D""], ""non-polymer"", 306.3, 0]]"
6O49,1.85,6211_30,0,Q12306;Q3JK38,AB,"[[""LL7"", [""A"", ""B""], ""non-polymer"", 519.6, 0]]"
6OP1,1.7,1122_30,2,P07328;P07329,ABCD,"[[""CLF"", [""A"", ""C""], ""non-polymer"", 671.2, 0], [""ICS"", [""A"", ""C""], ""non-polymer"", 787.5, 0], [""HCA"", [""A"", ""C""], ""non-polymer"", 206.2, 0]]"
6P3T,2.5,4164_30,2,P9WFK7,A,"[[""NRS"", [""A""], ""non-polymer"", 381.4, 0]]"
6P6M,2.201,1027_30,3,P26664,A,"[[""O31"", [""A""], ""non-polymer"", 838.9, 0]]"
6P86,1.8,502_30,0,P21645,ABC,"[[""O3V"", [""B"", ""C""], ""non-polymer"", 389.5, 0], [""O4S"", [""A""], ""non-polymer"", 474.6, 0]]"
6PNN,2.1,3288_30,0,P78417,A,"[[""OR7"", [""A""], ""non-polymer"", 355.2, 0]]"
6PPZ,2.4,8189_30,4,H2VFG5,A,"[[""MN9"", [""A""], ""non-polymer"", 221.2, 0]]"
6PQ8,2.2,12459_30,4,Q9X6W1,A,"[[""J01"", [""A""], ""non-polymer"", 199.2, 0]]"
6PRU,1.539,19945_30,3,Q8DLC7,AB,"[[""VRB"", [""A"", ""B""], ""non-polymer"", 590.7, 0]]"
6Q0Y,1.7,4024_30,1,Q18CL1,A,"[[""UD1"", [""A""], ""non-polymer"", 607.4, 0]]"
6Q8Z,2.4,4978_30,2,P51570,ABCD,"[[""HFK"", [""A"", ""B"", ""C""], ""non-polymer"", 350.4, 0], [""HR5"", [""A"", ""C""], ""non-polymer"", 207.3, 0]]"
6Q96,1.8,1166_30,2,Q00987,AB,"[[""HRE"", [""A"", ""B""], ""non-polymer"", 545.0, 0]]"
6QGW,1.938,568_30,1,P0A940,AB,"[[""C8E"", [""A""], ""non-polymer"", 306.4, 0]]"
6QOP,1.912,144_30,1,B1MDI3,AB,"[[""JBQ"", [""A"", ""B""], ""non-polymer"", 166.2, 0]]"
6QQJ,2.08,3309_30,3,P93025,A,"[[""FMN"", [""A""], ""non-polymer"", 456.3, 0]]"
6QVT,1.7,25923_30,0,P15907,AB,"[[""NCC"", [""A"", ""B""], ""non-polymer"", 614.5, 0]]"
6QZZ,1.85,4675_30,2,A0A2R2JFI5,AB,"[[""SAH"", [""A"", ""B""], ""non-polymer"", 384.4, 0]]"
6R1D,1.1,3576_30,3,A4TVL0,AB,"[[""JP5"", [""A"", ""B""], ""non-polymer"", 248.2, 0]]"
6R4B,2.15,803_30,2,O14965,A,"[[""JSN"", [""A""], ""non-polymer"", 295.3, 0], [""ADP"", [""A""], ""non-polymer"", 427.2, 0]]"
6R5N,2.0,4274_30,4,Q9I311,AB,"[[""NOJ"", [""A"", ""B""], ""D-saccharide"", 163.2, 0]]"
6R73,2.3,1467_30,2,Q7WYA8,AB,"[[""LMP"", [""A"", ""B""], ""non-polymer"", 401.5, 0]]"
6RB3,2.3,10993_30,3,B1MFK2,ABE,"[[""JWW"", [""A"", ""B"", ""E""], ""non-polymer"", 259.3, 0]]"
6RF4,2.4,2016_30,1,N0DKS8,ABCDE,"[[""LFA"", [""A"", ""B"", ""C"", ""D"", ""E""], ""non-polymer"", 282.5, 0], [""RET"", [""A"", ""B"", ""C"", ""D"", ""E""], ""non-polymer"", 284.4, 0]]"
6RG8,2.47,1050_30,2,Q8Y8D7,A,"[[""K2K"", [""A""], ""non-polymer"", 451.4, 0]]"
6RMA,2.1,36343_30,3,G0SEG4;G0SFN3,AB,"[[""ADP"", [""A""], ""non-polymer"", 427.2, 0]]"
6RR1,1.9,7919_30,0,A0A0W8ATM9,AB,"[[""HEM"", [""A"", ""B""], ""non-polymer"", 616.5, 0]]"
6SBD,1.4,35403_30,1,A0A2D1CM82,A,"[[""L4B"", [""A""], ""non-polymer"", 426.6, 0]]"
6SCH,2.2,8209_30,2,P25984,ABCD,"[[""NAD"", [""A"", ""B"", ""C"", ""D""], ""non-polymer"", 663.4, 0]]"
6SK1,1.5,8869_30,0,A0A385TZ63,A,"[[""COA"", [""A""], ""non-polymer"", 767.5, 0]]"
6SK9,2.0,5837_30,1,P51955,A,"[[""F9N"", [""A""], ""non-polymer"", 487.6, 0]]"
6SPZ,2.08,23720_30,0,P63252;P78352,APQ,"[[""GSH"", [""A""], ""peptide-like"", 307.3, 0]]"
6SQZ,1.9,11022_30,0,Q9QY93,AD,"[[""0KX"", [""A"", ""D""], ""non-polymer"", 466.2, 0]]"
6SR6,2.5,12549_30,0,G0RYD6;G0RZX9,ABCD,"[[""ATP"", [""A"", ""C""], ""non-polymer"", 507.2, 0]]"
6SXU,1.398,5953_30,3,Q9XBQ3,AAABBB,"[[""LX5"", [""AAA"", ""BBB""], ""non-polymer"", 228.2, 0]]"
6SZK,1.2,1191_30,4,P69741,LLLMMMSSSTTT,"[[""F3S"", [""SSS"", ""TTT""], ""non-polymer"", 295.8, 0], [""SF4"", [""SSS"", ""TTT""], ""non-polymer"", 351.6, 0]]"
6T0D,1.43,2631_30,2,Q96MU7,AB,"[[""M4N"", [""A"", ""B""], ""non-polymer"", 201.2, 0]]"
6T3W,1.82,24149_30,4,P03313,A,"[[""SFX"", [""A""], ""non-polymer"", 309.3, 0]]"
6T4S,2.02,1730_30,4,Q04544,AB,"[[""K2P"", [""A""], ""non-polymer"", 206.1, 0]]"
6T6Z,1.7,43227_30,4,K4MHV9,A,"[[""MRB"", [""A""], ""non-polymer"", 855.1, 0]]"
6T9W,2.15,8993_30,4,G8NTI5,ABCD,"[[""NAP"", [""A"", ""B"", ""C""], ""non-polymer"", 743.4, 0]]"
6TBO,2.07,1730_30,4,Q04544,AB,"[[""N0E"", [""B""], ""non-polymer"", 241.3, 0]]"
6TI9,1.45,262_30,4,P02766,AB,"[[""ND5"", [""A"", ""B""], ""non-polymer"", 367.0, 0]]"
6TIH,1.021,3194_30,1,A2QHE5,AAA,"[[""ND8"", [""AAA""], ""non-polymer"", 178.2, 0], [""BYN"", [""AAA""], ""non-polymer"", 542.5, 0]]"
6TOR,2.05,2479_30,2,Q8TBG4,AB,"[[""PMP"", [""A"", ""B""], ""non-polymer"", 248.2, 0]]"
6TS6,1.33,1250_30,4,P03951,A,"[[""NW5"", [""A""], ""non-polymer"", 442.5, 0]]"
6TUG,2.42,65441_30,0,E6LHV2,ABCDEFGH,"[[""AF2"", [""A"", ""B"", ""C"", ""D"", ""E"", ""F"", ""G"", ""H""], ""DNA linking"", 349.2, 0]]"
6TXL,2.099,2465_30,4,Q9X0L2,ABCDEFGH,"[[""LFA"", [""B"", ""C"", ""E"", ""H""], ""non-polymer"", 282.5, 0]]"
6U13,1.52,2393_30,1,B2FTM1,A,"[[""MX1"", [""A""], ""non-polymer"", 422.3, 0]]"
6U2X,2.15,112_30,3,P49419,ABCDEFGH,"[[""NAD"", [""A"", ""B"", ""C"", ""D"", ""E"", ""F"", ""G"", ""H""], ""non-polymer"", 663.4, 0]]"
6U32,1.8,4199_30,1,,A,"[[""PVY"", [""A""], ""non-polymer"", 602.7, 1]]"
6UH2,1.9,217091_30,3,Q04TM7,AB,"[[""NAD"", [""A"", ""B""], ""non-polymer"", 663.4, 0]]"
6UL0,1.76,11004_30,3,Q12306;Q86WV6,A,"[[""QBJ"", [""A""], ""non-polymer"", 582.6, 0]]"
6UQY,1.57,15139_30,0,Q9HUP2,AB,"[[""AT3"", [""A"", ""B""], ""non-polymer"", 162.3, 1]]"
6UZX,2.41,2328_30,3,P35439;Q00959,AB,"[[""QM4"", [""B""], ""non-polymer"", 450.4, 0]]"
6V59,1.593,83085_30,3,Q2T6B0,AB,"[[""HEC"", [""A"", ""B""], ""non-polymer"", 620.5, 0]]"
6VD4,1.954,1932_30,0,Q9NAV7,AB,"[[""MH0"", [""A"", ""B""], ""non-polymer"", 620.5, 0], [""MWJ"", [""A"", ""B""], ""non-polymer"", 187.0, 0]]"
6VHE,1.94,18955_30,1,Q2FUY3,ABCD,"[[""6WG"", [""A"", ""B"", ""C"", ""D""], ""non-polymer"", 189.3, 0]]"
6VIA,1.591,2226_30,3,Q1LCS4,A,"[[""EAY"", [""A""], ""non-polymer"", 169.1, 0]]"
6VKZ,2.1,33845_30,2,A0A386KZ50,A,"[[""GST"", [""A""], ""non-polymer"", 330.3, 0]]"
6VLC,2.15,5623_30,0,A0A0U1RGY0,ABCD,"[[""UD1"", [""A"", ""C""], ""non-polymer"", 607.4, 0]]"
6VLG,2.5,5873_30,2,Q9WTS2,ABCD,"[[""GDP"", [""A"", ""B"", ""C"", ""D""], ""RNA linking"", 443.2, 0]]"
6VOT,2.4,1351_30,1,G3XD46,A,"[[""R7G"", [""A""], ""non-polymer"", 688.6, 0]]"
6VQL,2.069,1720_30,2,Q9NWZ3,ABCD,"[[""R7S"", [""A"", ""B"", ""C"", ""D""], ""non-polymer"", 429.5, 0]]"
6VZB,1.68,2353_30,0,A0ACD6BAW8,A,"[[""HEM"", [""A""], ""non-polymer"", 616.5, 0], [""QRP"", [""A""], ""non-polymer"", 283.3, 0]]"
6W0N,2.41,4457_30,0,P50053,AB,"[[""RYS"", [""A"", ""B""], ""non-polymer"", 372.3, 0]]"
6W26,2.15,4244_30,1,I1RDR8,AI,"[[""POP"", [""A"", ""I""], ""non-polymer"", 176.0, -2]]"
6W3Z,2.3,962_30,2,A0A0J9XTC4,ABCD,"[[""NAD"", [""A"", ""B"", ""C""], ""non-polymer"", 663.4, 0]]"
6W5K,1.95,1730_30,4,Q83883,ABCD,"[[""TKV"", [""A"", ""B"", ""C"", ""D""], ""non-polymer"", 514.1, 0]]"
6WPR,1.85,585_30,2,V5VHN7,AB,"[[""NDP"", [""A"", ""B""], ""non-polymer"", 745.4, 0]]"
6WUW,2.2,613_30,4,P02768,AB,"[[""UAY"", [""A"", ""B""], ""non-polymer"", 256.3, 0]]"
6WYC,1.5,2521_30,2,P0CE13,ABCD,"[[""NAD"", [""A"", ""B"", ""C"", ""D""], ""non-polymer"", 663.4, 0]]"
6X0P,1.69,15270_30,2,Q9NR48,ABCD,"[[""SAM"", [""A"", ""B"", ""C"", ""D""], ""non-polymer"", 398.4, 0], [""UK7"", [""A"", ""B"", ""C"", ""D""], ""non-polymer"", 325.4, 0]]"
6X21,1.54,2526_30,0,P27540;Q99814,AB,"[[""UKJ"", [""A""], ""non-polymer"", 426.2, 0]]"
6X7Z,1.0,12498_30,3,A1YIY3,A,"[[""INS"", [""A""], ""non-polymer"", 180.2, 0]]"
6XAF,1.968,2573_30,1,Q5S007,AB,"[[""GDP"", [""A"", ""B""], ""RNA linking"", 443.2, 0]]"
6XEW,2.0,2751_30,4,H9XP47,AB,"[[""ADP"", [""B""], ""non-polymer"", 427.2, 0], [""NAD"", [""A""], ""non-polymer"", 663.4, 0]]"
6XF3,2.38,1382_30,4,Q86WV6,AB,"[[""V5V"", [""A""], ""non-polymer"", 746.6, 0]]"
6XFV,2.15,1137_30,0,P51449,AB,"[[""V27"", [""A"", ""B""], ""non-polymer"", 556.5, 0]]"
6XSC,2.0,535_30,4,P00644,A,"[[""THP"", [""A""], ""DNA linking"", 402.2, 0]]"
6XVA,2.3,1407_30,2,P10721,AB,"[[""O2K"", [""A"", ""B""], ""non-polymer"", 514.6, 0]]"
6Y91,2.5,643_30,1,Q6VVP7,ABCD,"[[""NAD"", [""A"", ""B"", ""C"", ""D""], ""non-polymer"", 663.4, 0]]"
6YF4,1.77,2121_30,2,P29166,AB,"[[""402"", [""A"", ""B""], ""non-polymer"", 355.0, 0], [""SF4"", [""A"", ""B""], ""non-polymer"", 351.6, 0], [""FES"", [""A"", ""B""], ""non-polymer"", 175.8, 0]]"
6YQ0,1.08,1149_30,4,,AAABBB,"[[""P7K"", [""AAA"", ""BBB""], ""non-polymer"", 336.3, 0], [""NAP"", [""AAA"", ""BBB""], ""non-polymer"", 743.4, 0]]"
6YTW,2.0,8288_30,4,P49761,AB,"[[""EAE"", [""A"", ""B""], ""non-polymer"", 249.3, 0]]"
6YVS,1.81,927_30,2,Q05397,ABCD,"[[""PVT"", [""A"", ""B"", ""C"", ""D""], ""non-polymer"", 400.4, 0]]"
6YWT,1.05,968_30,0,P11172,A,"[[""BMP"", [""A""], ""RNA linking"", 340.2, 0]]"
6YXI,1.34,1378_30,0,Q6P988,A,"[[""PZ8"", [""A""], ""non-polymer"", 249.7, 0]]"
6Z52,2.12,8288_30,4,P49761,AB,"[[""Q8T"", [""A"", ""B""], ""non-polymer"", 478.6, 0]]"
6Z6A,2.37,845_30,0,Q14145,AB,"[[""Q9E"", [""A""], ""non-polymer"", 490.6, 0]]"
6ZU8,1.95,3148_30,2,O15178,A,"[[""0WN"", [""A""], ""non-polymer"", 488.0, 0]]"
6ZUH,1.7,141994_30,3,P00734;P28504,HIL,"[[""N6H"", [""H""], ""non-polymer"", 429.9, 0]]"
6ZXW,2.19,48068_30,2,A0A117KMN5;O29011,GH,"[[""SFG"", [""G""], ""non-polymer"", 381.4, 0]]"
7A16,1.9,4692_30,2,P50579,A,"[[""HZE"", [""A""], ""non-polymer"", 414.4, 0]]"
7A1P,1.76,25187_30,4,Q9NWT6,AB,"[[""QW2"", [""A""], ""non-polymer"", 188.2, 0]]"
7A3W,1.59,2411_30,0,,AB,"[[""NDP"", [""A"", ""B""], ""non-polymer"", 745.4, 0]]"
7A9H,1.849,240_30,4,P9WNS3,AAABBB,"[[""TPP"", [""AAA"", ""BBB""], ""non-polymer"", 425.3, 1]]"
7AAW,2.25,2011_30,3,Q815J1,AB,"[[""NAP"", [""B""], ""non-polymer"", 743.4, 0], [""FAD"", [""A"", ""B""], ""non-polymer"", 785.5, 0]]"
7AC8,2.06,255_30,3,Q9X0C6;Q9X0C8,ABCDEF,"[[""GUO"", [""A"", ""E""], ""non-polymer"", 577.3, 0]]"
7AIA,2.2,11612_30,4,Q8TB36,AAABBB,"[[""RF8"", [""AAA""], ""non-polymer"", 286.4, 0]]"
7AN5,1.91,23956_30,0,Q9L0T8,AB,"[[""RDH"", [""A"", ""B""], ""non-polymer"", 208.2, 0]]"
7AQ9,1.585,4844_30,1,P19573,AB,"[[""PHE"", [""B""], ""L-peptide linking"", 165.2, 0], [""B3P"", [""A"", ""B""], ""non-polymer"", 282.3, 0], [""CUZ"", [""B""], ""non-polymer"", 286.2, 0]]"
7AQG,2.27,4211_30,2,P05121,ABC,"[[""RV2"", [""A""], ""non-polymer"", 384.8, 0]]"
7ATO,1.587,1351_30,1,G3XD46,A,"[[""RXW"", [""A""], ""non-polymer"", 176.0, 0]]"
7AVU,2.1,1986_30,4,Q07889,AB,"[[""S3Z"", [""A"", ""B""], ""non-polymer"", 406.4, 0]]"
7B21,1.2,87478_30,1,B3PLJ6,AAA,"[[""HEC"", [""AAA""], ""non-polymer"", 620.5, 0]]"
7B37,1.34,1378_30,0,Q6P988,A,"[[""SRK"", [""A""], ""non-polymer"", 219.2, 0]]"
7B4R,1.4,6231_30,3,B1MD73,A,"[[""COA"", [""A""], ""non-polymer"", 767.5, 0], [""FD7"", [""A""], ""non-polymer"", 262.4, 0]]"
7B7F,1.6,7087_30,4,Q7N8J0,A,"[[""FUL"", [""A""], ""L-saccharide, beta linking"", 164.2, 0]]"
7B9Z,1.44,1100_30,2,Q13451,A,"[[""T58"", [""A""], ""non-polymer"", 727.9, 0]]"
7BB4,1.7,7087_30,4,Q7N8J0,A,"[[""FUL"", [""A""], ""L-saccharide, beta linking"", 164.2, 0]]"
7BDT,1.75,118_30,0,P31947;Q13526,AP,"[[""TJ8"", [""A""], ""non-polymer"", 327.2, 0]]"
7BGG,1.04,16562_30,4,P9WKL5,A,"[[""SAH"", [""A""], ""non-polymer"", 384.4, 0]]"
7BLW,1.45,1378_30,0,Q6P988,A,"[[""AYR"", [""A""], ""non-polymer"", 285.3, 0]]"
7BRZ,1.3,47_30,4,P00760,A,"[[""F66"", [""A""], ""non-polymer"", 174.2, 0]]"
7C6B,1.7,1251_30,4,Q9UKV8,ABC,"[[""K2R"", [""A"", ""B"", ""C""], ""non-polymer"", 480.4, 0]]"
7C7O,1.8,248_30,4,P0AES6,A,"[[""FKU"", [""A""], ""non-polymer"", 427.4, 0]]"
7CBH,1.95,6_30,4,V7II86,AB,"[[""FQR"", [""A""], ""non-polymer"", 430.7, 0]]"
7CEP,2.05,2445_30,1,O32164,A,"[[""7TS"", [""A""], ""non-polymer"", 331.2, 0]]"
7CJ9,1.58,10251_30,0,A0A172U6X0,ABCDEFGH,"[[""FUD"", [""A"", ""B"", ""C"", ""D"", ""E"", ""F"", ""G"", ""H""], ""D-saccharide"", 180.2, 0]]"
7CNN,2.5,12_30,3,A0A8D1UIR5;A0A8V0Z8P0;P63042;Q2XVP4,ABCDEF,"[[""GTP"", [""A"", ""C"", ""D""], ""non-polymer"", 523.2, 0], [""GDF"", [""B""], ""non-polymer"", 778.9, 0], [""GDP"", [""B""], ""RNA linking"", 443.2, 0]]"
7CNY,2.12,30737_30,1,P0A8K1,ABCD,"[[""G8C"", [""B"", ""D""], ""non-polymer"", 467.5, 0]]"
7CRK,1.85,2016_30,1,W8VZW3,A,"[[""RET"", [""A""], ""non-polymer"", 284.4, 0]]"
7DAZ,1.64,2197_30,1,Q7JYX0,AB,"[[""GSH"", [""A"", ""B""], ""peptide-like"", 307.3, 0], [""H29"", [""A"", ""B""], ""non-polymer"", 231.3, 0]]"
7DIA,1.55,11814_30,0,Q76NL8,A,"[[""YMZ"", [""A""], ""non-polymer"", 378.3, 0], [""H8O"", [""A""], ""non-polymer"", 378.3, 0]]"
7DK8,1.99,2106_30,2,A3BLS0,A,"[[""AMP"", [""A""], ""non-polymer"", 347.2, 0]]"
7DMG,1.79,10385_30,2,G8BHG4,AB,"[[""NAP"", [""A"", ""B""], ""non-polymer"", 743.4, 0]]"
7EFJ,1.992,999_30,3,Q13526,A,"[[""J2C"", [""A""], ""non-polymer"", 328.8, 0], [""PE8"", [""A""], ""non-polymer"", 370.4, 0]]"
7EMZ,2.3,44458_30,1,A0A2I1BSX0,AB,"[[""H3X"", [""A""], ""non-polymer"", 446.6, 0]]"
7EPR,2.2,3544_30,3,,ABCD,"[[""NAD"", [""A"", ""B"", ""C"", ""D""], ""non-polymer"", 663.4, 0]]"
7EX9,1.75,6265_30,0,A0A059WLS9,A,"[[""U28"", [""A""], ""non-polymer"", 365.9, 0]]"
7EYS,1.95,2095_30,0,A0A6J4CX17,ABCD,"[[""0CC"", [""C""], ""non-polymer"", 394.5, 0]]"
7EZQ,1.886,1529_30,2,P93836,A,"[[""0O0"", [""A""], ""non-polymer"", 418.4, 0]]"
7F74,2.0,53244_30,2,O05773,ABCD,"[[""FMN"", [""A"", ""B"", ""C"", ""D""], ""non-polymer"", 456.3, 0]]"
7F7L,2.25,605_30,3,A0A5J6VLZ7,AB,"[[""NDP"", [""A"", ""B""], ""non-polymer"", 745.4, 0]]"
7FNZ,1.66,231_30,4,P32357;P33334,AB,"[[""W00"", [""B""], ""non-polymer"", 242.3, 0]]"
7FOF,1.77,231_30,4,P32357;P33334,AB,"[[""W5L"", [""B""], ""non-polymer"", 215.7, 0]]"
7FQF,1.23,878_30,2,P0ABQ4,A,"[[""NAP"", [""A""], ""non-polymer"", 743.4, 0], [""FOL"", [""A""], ""non-polymer"", 441.4, 0]]"
7FSL,2.38,2617_30,2,O00560,ABCD,"[[""NUM"", [""A""], ""non-polymer"", 242.3, 0]]"
7FT9,1.77,2617_30,2,O00560,ABCD,"[[""4MB"", [""C""], ""non-polymer"", 215.2, 0]]"
7FU2,2.3,1146_30,3,Q8N884,A,"[[""YM9"", [""A""], ""non-polymer"", 304.7, 0]]"
7FVL,1.15,1358_30,2,Q8WWQ0,A,"[[""ZP0"", [""A""], ""non-polymer"", 377.4, 0]]"
7FY9,1.74,220_30,4,P15090,A,"[[""K7C"", [""A""], ""non-polymer"", 435.5, 0]]"
7GQS,1.57,3515_30,3,Q14191,A,"[[""ADP"", [""A""], ""non-polymer"", 427.2, 0]]"
7GSO,1.72,490_30,3,P18031,A,"[[""A1ABA"", [""A""], ""non-polymer"", 261.2, 0]]"
7GUY,1.75,769_30,3,P41182,AD,"[[""A1ACA"", [""A""], ""non-polymer"", 339.6, 0]]"
7GXG,1.95,769_30,3,P41182,AD,"[[""A1ACB"", [""A""], ""non-polymer"", 306.8, 0]]"
7H43,1.13,297_30,2,Q65900,A,"[[""LJ6"", [""A""], ""non-polymer"", 210.3, 0]]"
7H6P,1.39,1109_30,3,Q8JUX6,ABCD,"[[""SZY"", [""C""], ""non-polymer"", 150.2, 0]]"
7HCF,1.0,46_30,2,P0DTD1,AB,"[[""A1A49"", [""A""], ""non-polymer"", 268.3, 0], [""A1A5A"", [""A""], ""non-polymer"", 268.3, 0]]"
7HCQ,0.98,46_30,2,P0DTD1,AB,"[[""A1A50"", [""A""], ""non-polymer"", 333.4, 0]]"
7HG6,1.52,2072_30,2,Q7Z4V5,ABC,"[[""2NU"", [""B""], ""non-polymer"", 258.1, 0]]"
7HGT,1.57,2072_30,2,Q7Z4V5,ABC,"[[""A1A3R"", [""B"", ""C""], ""non-polymer"", 247.7, 0]]"
7HH2,1.78,2072_30,2,Q7Z4V5,ABC,"[[""A1AKB"", [""C""], ""non-polymer"", 157.2, 0]]"
7HM7,1.34,923_30,2,Q62191,B,"[[""A1BFH"", [""B""], ""non-polymer"", 193.2, 0]]"
7HO6,1.24,923_30,2,Q62191,B,"[[""A1BF1"", [""B""], ""non-polymer"", 204.2, 0]]"
7HOO,1.492,51_30,0,Q32ZE1,AB,"[[""A1BGX"", [""B""], ""non-polymer"", 308.3, 0]]"
7HOS,1.6,51_30,0,Q32ZE1,AB,"[[""A1BGY"", [""B""], ""non-polymer"", 269.3, 0]]"
7HP6,1.61,51_30,0,Q32ZE1,AB,"[[""A1BG5"", [""B""], ""non-polymer"", 266.3, 0]]"
7HTK,2.25,1345_30,0,Q42561,AB,"[[""S9S"", [""A"", ""B""], ""non-polymer"", 217.3, 0]]"
7HVU,1.429,297_30,2,Q65900,AC,"[[""A1BPY"", [""A""], ""non-polymer"", 395.3, 0]]"
7I71,1.34,297_30,2,Q65900,A,"[[""A1B5M"", [""A""], ""non-polymer"", 287.3, 0]]"
7ILP,1.64,1272_30,1,P0DTC9,A,"[[""JHP"", [""A""], ""non-polymer"", 227.7, 0]]"
7IPR,1.37,608_30,4,P0DTD1,A,"[[""VNV"", [""A""], ""non-polymer"", 160.2, 0]]"
7IPS,1.58,608_30,4,P0DTD1,A,"[[""SYV"", [""A""], ""non-polymer"", 164.2, 0]]"
7JJA,1.01,9356_30,1,Q8CWN2,A,"[[""EDT"", [""A""], ""non-polymer"", 292.2, 0]]"
7JUC,1.4,3629_30,2,P22897,A,"[[""MMA"", [""A""], ""D-saccharide"", 194.2, 0]]"
7JW9,2.39,2142_30,4,Q3K9A1,ABCD,"[[""FMN"", [""A"", ""B"", ""C"", ""D""], ""non-polymer"", 456.3, 0]]"
7K99,1.9,762_30,3,P47205,AC,"[[""W4M"", [""A"", ""C""], ""non-polymer"", 453.6, 0]]"
7KD7,1.44,9400_30,0,Q86UY6,ABDE,"[[""CMC"", [""B"", ""E""], ""non-polymer"", 825.6, 0], [""BTB"", [""D""], ""non-polymer"", 209.2, 0]]"
7KEP,1.92,10382_30,0,,A,"[[""NXL"", [""A""], ""non-polymer"", 267.3, 0], [""FYG"", [""A""], ""non-polymer"", 265.2, 0]]"
7KGX,2.0,3095_30,3,P20581,A,"[[""WE1"", [""A""], ""non-polymer"", 417.5, 0]]"
7KHQ,2.0,500_30,0,Q6XEC0,AB,"[[""MER"", [""A"", ""B""], ""non-polymer"", 385.5, 0]]"
7KZ9,1.9,92610_30,4,A0ACA7P374,AB,"[[""XN7"", [""A"", ""B""], ""non-polymer"", 162.2, 0]]"
7L36,1.84,1016_30,4,P07379,A,"[[""GTP"", [""A""], ""non-polymer"", 523.2, 0]]"
7L5P,2.14,678_30,1,Q06187,AB,"[[""R1L"", [""A"", ""B""], ""non-polymer"", 665.8, 0]]"
7L92,1.75,2406_30,2,P09215,ADGJMPSV,"[[""DGA"", [""A"", ""D"", ""G"", ""J"", ""M"", ""P"", ""S"", ""V""], ""non-polymer"", 625.0, 0], [""DPV"", [""D"", ""J"", ""M"", ""P"", ""S"", ""V""], ""non-polymer"", 351.5, 0]]"
7L9T,1.8,857_30,3,I7FC10,A,"[[""QKJ"", [""A""], ""non-polymer"", 360.4, 0]]"
7LEO,1.65,2406_30,2,P09215,AD,"[[""XZJ"", [""D""], ""non-polymer"", 382.5, 0], [""XP5"", [""A""], ""non-polymer"", 482.6, 1]]"
7LTS,2.32,10933_30,1,Q8EGW2;Q8EGW3,ABCD,"[[""SAH"", [""A"", ""C""], ""non-polymer"", 384.4, 0]]"
7LUI,1.74,601_30,2,P32557,A,"[[""TCH"", [""A""], ""non-polymer"", 515.7, 0]]"
7MDA,2.24,1144_30,4,A0A0H3K724,H,"[[""LB6"", [""H""], ""non-polymer"", 311.1, 0]]"
7MDN,2.42,8151_30,3,O96028,ABCDEFGH,"[[""Y6V"", [""A"", ""B"", ""C"", ""D"", ""E"", ""F"", ""G"", ""H""], ""non-polymer"", 328.4, 0]]"
7MMC,2.001,1027_30,3,P26664,A,"[[""ZKA"", [""A""], ""non-polymer"", 766.9, 0]]"
7MNS,2.1,3007_30,4,P49792;P62826,AB,"[[""GDP"", [""A""], ""RNA linking"", 443.2, 0]]"
7MS5,1.98,4214_30,1,P45974,AB,"[[""ZOG"", [""A"", ""B""], ""non-polymer"", 437.5, 0]]"
7MSD,2.2,2320_30,3,O75530,A,"[[""ZMY"", [""A""], ""non-polymer"", 562.5, 0]]"
7MT5,1.5,75_30,2,P00929;P0A2K1,AB,"[[""0JO"", [""B""], ""non-polymer"", 316.2, 0], [""F9F"", [""A""], ""non-polymer"", 365.2, 0]]"
7MXG,2.395,1614_30,2,O14744;Q9BQA1,ABCD,"[[""ZR4"", [""A"", ""C""], ""non-polymer"", 394.8, 0]]"
7N13,1.59,1494_30,0,P36639,AB,"[[""ZRV"", [""A"", ""B""], ""non-polymer"", 514.6, 0]]"
7NNR,1.7,413_30,4,P9WPZ9,AB,"[[""UJQ"", [""A"", ""B""], ""non-polymer"", 226.2, 0], [""BTB"", [""A"", ""B""], ""non-polymer"", 209.2, 0]]"
7NP6,1.84,1137_30,0,P51449,A,"[[""UK8"", [""A""], ""non-polymer"", 463.8, 0]]"
7NRE,2.3,568_30,1,P0A940,AC,"[[""C8E"", [""A""], ""non-polymer"", 306.4, 0]]"
7O25,1.34,7291_30,1,Q9X0Z6,A,"[[""SAM"", [""A""], ""non-polymer"", 398.4, 0], [""SF4"", [""A""], ""non-polymer"", 351.6, 0], [""5X8"", [""A""], ""L-peptide linking"", 370.4, 0], [""CPS"", [""A""], ""non-polymer"", 614.9, 0]]"
7O8F,1.45,2016_30,1,W8VZW3,A,"[[""RET"", [""A""], ""non-polymer"", 284.4, 0]]"
7OFC,1.97,845_30,0,Q9Z2X8,A,"[[""VCT"", [""A""], ""non-polymer"", 251.3, 0]]"
7OKL,1.2,769_30,3,P41182,AB,"[[""VJ5"", [""A""], ""non-polymer"", 431.9, 0]]"
7OLI,1.65,10940_30,2,Q9UZY0,AB,"[[""8HG"", [""A"", ""B""], ""non-polymer"", 283.2, 0]]"
7OMX,1.52,16994_30,0,A0A0B0SG80,AAA,"[[""CNA"", [""AAA""], ""non-polymer"", 662.5, 1]]"
7OQF,1.05,968_30,0,P11172,AB,"[[""U5P"", [""A"", ""B""], ""non-polymer"", 324.2, 0], [""OMP"", [""A"", ""B""], ""non-polymer"", 368.2, 0]]"
7ORF,1.7,1338_30,4,P53779,A,"[[""0G3"", [""A""], ""non-polymer"", 580.7, 0]]"
7P0R,2.5,1466_30,0,P14902,ABCD,"[[""HEM"", [""A"", ""B"", ""C"", ""D""], ""non-polymer"", 616.5, 0], [""NFK"", [""A"", ""C""], ""non-polymer"", 236.2, 0], [""TRP"", [""B"", ""D""], ""L-peptide linking"", 204.2, 0]]"
7P1D,1.69,10679_30,2,Q0CMX0,A,"[[""KDM"", [""A""], ""D-saccharide, alpha linking"", 268.2, 0]]"
7P24,0.97,15232_30,0,Q8A2X8,AAA,"[[""NGY"", [""AAA""], ""D-saccharide, alpha linking"", 301.3, 0], [""NGS"", [""AAA""], ""D-saccharide, beta linking"", 301.3, 0]]"
7P2V,2.25,4707_30,2,A5H660,A,"[[""4XI"", [""A""], ""non-polymer"", 468.0, 0]]"
7P46,1.7,2952_30,2,Q8PDA8,ABCDEFGH,"[[""HEM"", [""A"", ""B"", ""C"", ""D"", ""E"", ""F"", ""G"", ""H""], ""non-polymer"", 616.5, 0], [""KYN"", [""A"", ""B"", ""C"", ""D"", ""E"", ""F"", ""G"", ""H""], ""L-peptide linking"", 208.2, 0], [""TRP"", [""A"", ""B"", ""C"", ""D"", ""E"", ""F"", ""G"", ""H""], ""L-peptide linking"", 204.2, 0]]"
7PA4,1.45,2851_30,3,P21589,A,"[[""C5P"", [""A""], ""non-polymer"", 323.2, 0]]"
7PAE,1.85,3115_30,2,O43924,B,"[[""O7T"", [""B""], ""non-polymer"", 603.8, 0]]"
7PDQ,1.58,154070_30,4,P28700;Q15596,AB,"[[""LG2"", [""A""], ""non-polymer"", 363.5, 0]]"
7PE5,2.1,2767_30,2,P58154,AaABaBCaCDaDEaE,"[[""7OB"", [""BaB"", ""CaC"", ""DaD"", ""EaE""], ""non-polymer"", 398.3, 0]]"
7PI1,1.729,3088_30,1,P28820,AAABBBCCCDDD,"[[""TRP"", [""AAA"", ""BBB"", ""CCC"", ""DDD""], ""L-peptide linking"", 204.2, 0]]"
7PL1,1.85,2074_30,1,Q9UBP6,A,"[[""SFG"", [""A""], ""non-polymer"", 381.4, 0]]"
7PUV,1.4,1406_30,4,O43570,ABCD,"[[""84Z"", [""A"", ""B"", ""C"", ""D""], ""non-polymer"", 389.8, 0]]"
7Q2C,1.9,3287_30,4,Q79FX8,A,"[[""3AV"", [""A""], ""non-polymer"", 160.2, 0]]"
7Q8V,2.13,9135_30,4,Q5TCY1,A,"[[""9IV"", [""A""], ""non-polymer"", 336.8, 0]]"
7QHV,2.14,6914_30,4,A9CEY9,AAABBB,"[[""CQI"", [""AAA"", ""BBB""], ""non-polymer"", 668.9, 0]]"
7QMS,1.79,70_30,2,P11838,A,"[[""U1H"", [""A""], ""non-polymer"", 175.2, 0]]"
7QQA,1.79,548_30,2,C1DK95,ABCD,"[[""SF4"", [""A"", ""C""], ""non-polymer"", 351.6, 0], [""ADP"", [""A"", ""B"", ""C"", ""D""], ""non-polymer"", 427.2, 0]]"
7QTY,1.69,2295_30,1,A6T526,A,"[[""F0R"", [""A""], ""non-polymer"", 246.3, 0], [""FAD"", [""A""], ""non-polymer"", 785.5, 0]]"
7QVU,2.4,3149_30,3,Q9UIF9,A,"[[""FIY"", [""A""], ""non-polymer"", 291.4, 0]]"
7QZU,1.964,739_30,1,P30613,ABCDEFGH,"[[""FBP"", [""A"", ""B"", ""C"", ""D"", ""E"", ""F"", ""G"", ""H""], ""D-saccharide, beta linking"", 340.1, 0], [""I4L"", [""A"", ""B"", ""C"", ""E"", ""F"", ""G""], ""non-polymer"", 562.5, 0]]"
7R0N,1.2,91_30,1,P01116,A,"[[""GDP"", [""A""], ""RNA linking"", 443.2, 0], [""H40"", [""A""], ""non-polymer"", 396.3, 0]]"
7R5X,2.052,704_30,3,Q9H2K2,AAAABBBB,"[[""I6D"", [""AAA"", ""BBB""], ""non-polymer"", 189.2, 0]]"
7RDO,1.99,1183_30,1,P17931,A,"[[""4IW"", [""A""], ""non-polymer"", 484.2, 0]]"
7RDT,2.1,32827_30,4,P78549,A,"[[""SF4"", [""A""], ""non-polymer"", 351.6, 0]]"
7REZ,1.64,144_30,1,B1MDI3,AB,"[[""SAH"", [""A"", ""B""], ""non-polymer"", 384.4, 0]]"
7RKB,2.5,27709_30,0,A0ACD7U480,A,"[[""NEU"", [""A""], ""non-polymer"", 253.2, 0]]"
7ROM,1.65,4088_30,0,P38626,A,"[[""FAD"", [""A""], ""non-polymer"", 785.5, 0]]"
7RYA,2.1,1395_30,0,P10614,A,"[[""HEM"", [""A""], ""non-polymer"", 616.5, 0], [""1YN"", [""A""], ""non-polymer"", 705.6, 0]]"
7S5F,1.72,605_30,3,A0A1U9WT24,ABCD,"[[""CS2"", [""A"", ""B"", ""C"", ""D""], ""non-polymer"", 196.2, 0], [""NAP"", [""A"", ""B"", ""C"", ""D""], ""non-polymer"", 743.4, 0]]"
7SF0,1.95000442951,64251_30,1,P04311,A,"[[""M7G"", [""A""], ""non-polymer"", 458.2, 1]]"
7SPV,1.18,1969_30,4,P16113,A,"[[""HC4"", [""A""], ""non-polymer"", 164.2, 0]]"
7SZD,2.05,5772_30,4,Q96S44;Q9Y3C4,ABCD,"[[""DVO"", [""A"", ""C""], ""non-polymer"", 316.3, 0]]"
7T3E,1.04,3105_30,3,Q6LPV9,AB,"[[""SLB"", [""A"", ""B""], ""D-saccharide, beta linking"", 309.3, 0]]"
7T9E,1.57,1932_30,0,Q9NAV7,AAABBB,"[[""GH9"", [""AAA"", ""BBB""], ""non-polymer"", 152.2, 0], [""HEM"", [""AAA"", ""BBB""], ""non-polymer"", 616.5, 0]]"
7TLQ,2.2,2445_30,1,C8W9P2,AB,"[[""PLP"", [""A"", ""B""], ""non-polymer"", 247.1, 0]]"
7TNF,1.539,1988_30,1,Q2IU02,A,"[[""HEM"", [""A""], ""non-polymer"", 616.5, 0], [""Z7Z"", [""A""], ""non-polymer"", 198.2, 0]]"
7TW8,1.55,28628_30,3,P0DTD1;P41212,A,"[[""SAH"", [""A""], ""non-polymer"", 384.4, 0]]"
7U4I,1.97,3335_30,4,P36969,AB,"[[""L9U"", [""A"", ""B""], ""non-polymer"", 234.1, 0]]"
7U69,2.5,5767_30,2,F1QCV2,A,"[[""LS6"", [""A""], ""non-polymer"", 274.4, 0]]"
7UC9,1.1,414_30,1,P00327,AB,"[[""NAJ"", [""A"", ""B""], ""non-polymer"", 663.4, 0]]"
7UER,1.7,4673_30,4,Q9H999,A,"[[""ANP"", [""A""], ""non-polymer"", 506.2, 0], [""N1F"", [""A""], ""non-polymer"", 373.8, 0]]"
7UHX,1.3,414_30,1,P00327,AB,"[[""NAJ"", [""A"", ""B""], ""non-polymer"", 663.4, 0], [""PFB"", [""A"", ""B""], ""non-polymer"", 198.1, 0]]"
7ULU,2.2,5256_30,0,O94760,AB,"[[""NOU"", [""A"", ""B""], ""non-polymer"", 195.2, 0]]"
7UXO,2.25,144217_30,4,Q9NZQ7,AB,"[[""WHL"", [""B""], ""non-polymer"", 192.2, 0]]"
7V3R,1.7,1161_30,1,P08581,A,"[[""5IE"", [""A""], ""non-polymer"", 501.5, 0]]"
7W1I,1.67,1753_30,3,P86325,A,"[[""C9C"", [""A""], ""non-polymer"", 210.2, 0], [""C8X"", [""A""], ""non-polymer"", 254.2, 0]]"
7W8N,1.75,2645_30,1,A0A074MDU6,ABCD,"[[""D8F"", [""A"", ""B"", ""C"", ""D""], ""non-polymer"", 237.3, 0]]"
7WDT,1.65,21306_30,1,D4QAP5,A,"[[""NGY"", [""A""], ""D-saccharide, alpha linking"", 301.3, 0], [""NGS"", [""A""], ""D-saccharide, beta linking"", 301.3, 0]]"
7WGH,2.36,4400_30,3,A0A364LX79,A,"[[""POP"", [""A""], ""non-polymer"", 176.0, -2], [""FPS"", [""A""], ""non-polymer"", 398.4, 0]]"
7XE1,2.07,2844_30,3,Q8NB78,AB,"[[""DIJ"", [""A"", ""B""], ""non-polymer"", 213.1, 0], [""FAD"", [""A"", ""B""], ""non-polymer"", 785.5, 0]]"
7XFA,0.98,4581_30,0,P17931,A,"[[""D9J"", [""A""], ""non-polymer"", 621.3, 0]]"
7XNC,2.1,1311_30,3,Q02750,A,"[[""GIK"", [""A""], ""non-polymer"", 398.9, 0]]"
7XPQ,2.15,2036_30,1,C0HI30,AB,"[[""NAD"", [""A"", ""B""], ""non-polymer"", 663.4, 0], [""UD1"", [""A"", ""B""], ""non-polymer"", 607.4, 0]]"
7XUQ,2.5,4757_30,3,A2RI36,A,"[[""I1A"", [""A""], ""non-polymer"", 415.5, 0]]"
7XWU,2.0,6318_30,1,G8B6C8,AB,"[[""NDP"", [""A"", ""B""], ""non-polymer"", 745.4, 0]]"
7XX0,2.199,15784_30,1,A0A125SZC1,ABCDEFGH,"[[""I55"", [""A"", ""B"", ""C"", ""D"", ""E"", ""F"", ""G"", ""H""], ""non-polymer"", 431.4, 0], [""FAD"", [""A"", ""B"", ""C"", ""D"", ""E"", ""F"", ""G"", ""H""], ""non-polymer"", 785.5, 0]]"
7XYK,1.433,113_30,4,Q77J90,ABCD,"[[""UMP"", [""A"", ""B"", ""C"", ""D""], ""non-polymer"", 308.2, 0], [""D16"", [""A"", ""B"", ""C"", ""D""], ""non-polymer"", 458.5, 0]]"
7XZG,1.879,862_30,1,Q5ADM7,ABCD,"[[""NAD"", [""A"", ""B"", ""C"", ""D""], ""non-polymer"", 663.4, 0]]"
7Y2R,1.2,42_30,4,P00918,A,"[[""MNP"", [""A""], ""non-polymer"", 181.1, 0]]"
7YOP,2.20003123654,767_30,2,A0ABF7PLM3,AB,"[[""GNP"", [""B""], ""non-polymer"", 522.2, 0], [""GDP"", [""A""], ""RNA linking"", 443.2, 0]]"
7YRA,1.79,15071_30,3,D1MZ11,AB,"[[""FES"", [""A"", ""B""], ""non-polymer"", 175.8, 0]]"
7Z41,2.1,1976_30,4,Q460N3,AB,"[[""I9R"", [""A""], ""non-polymer"", 235.3, 0]]"
7ZIH,1.46890830792,1693_30,0,P17752,A,"[[""JCR"", [""A""], ""non-polymer"", 400.4, 0]]"
7ZRN,1.82,15070_30,2,A9GK58,AB,"[[""PPV"", [""A"", ""B""], ""non-polymer"", 178.0, 0]]"
7ZUN,2.5,958_30,1,P11309,A,"[[""JYO"", [""A""], ""non-polymer"", 415.4, 0]]"
7ZZJ,1.99,1050_30,2,Q8Y8D7,A,"[[""KIT"", [""A""], ""non-polymer"", 679.6, 0]]"
8A2I,2.16,1382_30,4,Q86WV6,AB,"[[""KWF"", [""A""], ""non-polymer"", 875.7, 0]]"
8A3N,2.0,1204_30,4,W8JWW7,AB,"[[""NAP"", [""A"", ""B""], ""non-polymer"", 743.4, 0]]"
8A66,1.901,3584_30,1,Q13188,AB,"[[""5BS"", [""A"", ""B""], ""non-polymer"", 416.5, 0]]"
8ABR,2.1,2318_30,0,D5DF88,A,"[[""HEB"", [""A""], ""non-polymer"", 618.5, 0]]"
8AID,1.52,52429_30,0,Q9HWJ8,ABCD,"[[""NHE"", [""A"", ""B"", ""C"", ""D""], ""non-polymer"", 207.3, 0]]"
8AJS,1.68,376_30,1,Q9I685,AAABBBCCCDDD,"[[""ADN"", [""AAA"", ""BBB"", ""CCC"", ""DDD""], ""non-polymer"", 267.2, 0], [""NAD"", [""AAA"", ""BBB"", ""CCC"", ""DDD""], ""non-polymer"", 663.4, 0]]"
8AMO,1.4,13009_30,0,P9WPL3,A,"[[""HEM"", [""A""], ""non-polymer"", 616.5, 0]]"
8AN6,1.9,7581_30,0,,ABCD,"[[""BTN"", [""A"", ""B"", ""C"", ""D""], ""non-polymer"", 244.3, 0]]"
8AN8,2.394,1161_30,1,P08581,AB,"[[""MDI"", [""A"", ""B""], ""non-polymer"", 460.5, 0]]"
8ATL,2.464,1720_30,2,Q9NWZ3,AAABBB,"[[""O6X"", [""AAA"", ""BBB""], ""non-polymer"", 493.4, 0]]"
8B0Z,1.23,1868_30,3,P09382,AB,"[[""OV6"", [""A"", ""B""], ""non-polymer"", 520.5, 0]]"
8BDF,1.95,12_30,3,A0A8V0Z8P0;P63043;P81947;Q6B856,ABCDEF,"[[""GTP"", [""A"", ""C""], ""non-polymer"", 523.2, 0], [""GDP"", [""B"", ""D""], ""RNA linking"", 443.2, 0], [""R42"", [""B"", ""D""], ""non-polymer"", 833.9, 0], [""ACP"", [""F""], ""non-polymer"", 505.2, 0]]"
8BGX,1.9,14245_30,3,Q7MY08,ABCD,"[[""SAH"", [""A"", ""B"", ""C"", ""D""], ""non-polymer"", 384.4, 0], [""QPF"", [""A"", ""B"", ""C"", ""D""], ""non-polymer"", 270.2, 0]]"
8BIY,1.61,7482_30,1,A4IPE6,ABCD,"[[""CXS"", [""A"", ""C"", ""D""], ""non-polymer"", 221.3, 0]]"
8BLR,1.4,91_30,1,P01116,A,"[[""GDP"", [""A""], ""RNA linking"", 443.2, 0]]"
8BR1,2.044,4026_30,2,A0A9P1NJI6;P68135,ABCD,"[[""LAB"", [""A"", ""C""], ""non-polymer"", 395.5, 0], [""ATP"", [""A"", ""C""], ""non-polymer"", 507.2, 0], [""3AT"", [""B"", ""D""], ""non-polymer"", 491.2, 0]]"
8BRB,1.7,912_30,4,A0AA82WPD4,AB,"[[""UB7"", [""A"", ""B""], ""non-polymer"", 166.1, 0]]"
8BZ6,2.4,28891_30,0,A0A401AAP7,ABCDEF,"[[""UPG"", [""A"", ""B"", ""C"", ""D"", ""E"", ""F""], ""non-polymer"", 566.3, 0]]"
8C1A,1.9,46_30,2,P0DTD1,AB,"[[""T6O"", [""A""], ""non-polymer"", 435.4, 0]]"
8C7Y,1.65,969_30,4,P15056,AB,"[[""TXV"", [""A"", ""B""], ""non-polymer"", 478.9, 0]]"
8C8C,2.096,2174_30,3,P48426,A,"[[""U1U"", [""A""], ""non-polymer"", 378.9, 0]]"
8CES,2.5,7402_30,2,A0A7H0DN74,AB,"[[""UH2"", [""A"", ""B""], ""non-polymer"", 523.6, 0]]"
8CET,2.5,7402_30,2,A0A7H0DN74,AB,"[[""UGR"", [""A"", ""B""], ""non-polymer"", 534.6, 0]]"
8CFE,1.8,376_30,1,Q9I685,ABCD,"[[""T9G"", [""A"", ""C""], ""non-polymer"", 151.2, 0], [""NAD"", [""A"", ""B"", ""C"", ""D""], ""non-polymer"", 663.4, 0]]"
8CK9,1.6,2239_30,0,A0A399FZ67,A,"[[""HEM"", [""A""], ""non-polymer"", 616.5, 0]]"
8CRK,1.1,608_30,4,P0DTD1,B,"[[""OG3"", [""B""], ""non-polymer"", 155.6, 0]]"
8CTV,2.1,3457_30,4,Q81HW2,AB,"[[""TL"", [""A"", ""B""], ""non-polymer"", 204.4, 1]]"
8CUH,2.4,1400_30,3,Q15562,AB,"[[""P0I"", [""A"", ""B""], ""non-polymer"", 435.6, 0]]"
8D1P,1.88,149_30,0,W4J0F1,A,"[[""H5V"", [""A""], ""non-polymer"", 280.3, 0]]"
8D6F,2.49,7101_30,2,Q99640,AB,"[[""QG5"", [""A"", ""B""], ""non-polymer"", 333.3, 0]]"
8DE5,2.02,556_30,3,Q8X1X3,A,"[[""J0M"", [""A""], ""non-polymer"", 196.2, 0], [""NAD"", [""A""], ""non-polymer"", 663.4, 0]]"
8E4F,2.47,113_30,4,J9F199,A,"[[""NAP"", [""A""], ""non-polymer"", 743.4, 0], [""FOL"", [""A""], ""non-polymer"", 441.4, 0]]"
8E9D,1.37,1255_30,4,P00509,AB,"[[""PLP"", [""A"", ""B""], ""non-polymer"", 247.1, 0]]"
8EFJ,2.31,346_30,3,P47811,A,"[[""WHQ"", [""A""], ""non-polymer"", 444.9, 0]]"
8EVZ,2.45,278_30,4,Q9LCT6,ABC,"[[""DS0"", [""A"", ""B"", ""C""], ""non-polymer"", 182.1, 0], [""ADP"", [""A"", ""B"", ""C""], ""non-polymer"", 427.2, 0]]"
8FET,2.202,1009_30,1,C5YGL7,AB,"[[""NAP"", [""A"", ""B""], ""non-polymer"", 743.4, 0]]"
8FQO,1.83,1550_30,2,A7Y407,AB,"[[""YDB"", [""A"", ""B""], ""non-polymer"", 373.2, 0]]"
8FQX,1.496,42_30,4,P00918,A,"[[""N84"", [""A""], ""non-polymer"", 322.3, 0]]"
8FTA,1.78,4190_30,0,Q86U86,A,"[[""Y8X"", [""A""], ""non-polymer"", 272.7, 0]]"
8FUX,1.2,23827_30,3,A0A0H2Z2W8,AB,"[[""KDO"", [""A"", ""B""], ""D-saccharide, alpha linking"", 238.2, 0], [""PXV"", [""A"", ""B""], ""non-polymer"", 279.4, 0], [""C5P"", [""A""], ""non-polymer"", 323.2, 0], [""KD3"", [""A"", ""B""], ""non-polymer"", 238.2, 0]]"
8FXT,1.53,8687_30,0,P0AEE5,A,"[[""YDM"", [""A""], ""non-polymer"", 227.3, 0]]"
8G8O,2.2,492_30,1,O60674,AB,"[[""YT0"", [""A"", ""B""], ""non-polymer"", 398.5, 0]]"
8GBU,2.5,2996_30,3,P03147,ABCDEF,"[[""YWE"", [""A"", ""B"", ""C"", ""E""], ""non-polymer"", 461.8, 0]]"
8GC8,1.75,678_30,1,Q06187,A,"[[""YXJ"", [""A""], ""non-polymer"", 380.5, 0]]"
8GFM,2.38,9303_30,4,Q0PA47,A,"[[""4AM"", [""A""], ""D-saccharide"", 290.3, 0]]"
8GLZ,2.02,1988_30,1,Q2IU02,A,"[[""HEM"", [""A""], ""non-polymer"", 616.5, 0]]"
8GM4,2.12,8440_30,2,O00418;P0DP23,AB,"[[""EKI"", [""A""], ""non-polymer"", 289.3, 0], [""ADP"", [""A""], ""non-polymer"", 427.2, 0]]"
8H7B,1.4640844632,1758_30,2,Q07820,AB,"[[""QHR"", [""A"", ""B""], ""non-polymer"", 596.7, 0]]"
8HNF,1.57,1843_30,0,,A,"[[""1PG"", [""A""], ""non-polymer"", 252.3, 0]]"
8HO0,1.71,2353_30,0,A0A8I3B027,A,"[[""3ZI"", [""A""], ""non-polymer"", 301.3, 0], [""HEM"", [""A""], ""non-polymer"", 616.5, 0]]"
8HOI,2.25,2273_30,3,P10415,ABCD,"[[""98I"", [""A"", ""B"", ""C"", ""D""], ""non-polymer"", 890.1, 0]]"
8I2R,1.36,6247_30,2,B2IF78,A,"[[""BDF"", [""A""], ""D-saccharide, beta linking"", 180.2, 0]]"
8II0,2.04,2926_30,3,Q9NWT6,A,"[[""P5I"", [""A""], ""non-polymer"", 373.7, 0]]"
8IL9,2.16,2562_30,1,A0A1Y1HNG4,A,"[[""FMN"", [""A""], ""non-polymer"", 456.3, 0]]"
8IXZ,2.33,26446_30,2,A0A1C8HPQ3,ABCDEF,"[[""4UR"", [""A"", ""B"", ""D"", ""E""], ""non-polymer"", 674.4, 0]]"
8JCR,1.4,364_30,1,,A,"[[""E64"", [""A""], ""non-polymer"", 360.4, 1]]"
8JDE,1.729,5225_30,2,Q7TNG8,A,"[[""FAD"", [""A""], ""non-polymer"", 785.5, 0]]"
8JM6,1.91,3311_30,4,Q7XJE8,A,"[[""FAD"", [""A""], ""non-polymer"", 785.5, 0], [""FQ3"", [""A""], ""non-polymer"", 192.2, 0]]"
8JRD,1.83,311_30,2,P24826,AB,"[[""NAR"", [""A"", ""B""], ""non-polymer"", 272.3, 0], [""COA"", [""A"", ""B""], ""non-polymer"", 767.5, 0]]"
8K32,2.12,235_30,0,D7CJ24,ABCD,"[[""NAI"", [""A"", ""B"", ""C"", ""D""], ""non-polymer"", 665.4, 0]]"
8K4H,1.95,1437_30,4,Q08499,AB,"[[""R75"", [""A"", ""B""], ""non-polymer"", 424.1, 0]]"
8K71,2.23,2926_30,3,Q9NWT6,A,"[[""VIZ"", [""A""], ""non-polymer"", 420.5, 0]]"
8KE3,1.89980982122,2809_30,1,Q8PWY1,A,"[[""FXC"", [""A""], ""D-peptide linking"", 233.2, 0], [""ANP"", [""A""], ""non-polymer"", 506.2, 0]]"
8OMI,1.77,35062_30,1,C4M387,A,"[[""ATP"", [""A""], ""non-polymer"", 507.2, 0]]"
8PGC,1.3,424_30,4,Q9XAY4,A,"[[""YSB"", [""A""], ""non-polymer"", 541.6, 0]]"
8PPC,1.92,10333_30,0,P23677,AB,"[[""ATP"", [""A"", ""B""], ""non-polymer"", 507.2, 0], [""2KM"", [""A"", ""B""], ""non-polymer"", 420.1, 0]]"
8PVM,1.38,2121_30,2,P29166,AB,"[[""FES"", [""A"", ""B""], ""non-polymer"", 175.8, 0], [""SF4"", [""A"", ""B""], ""non-polymer"", 351.6, 0], [""402"", [""A"", ""B""], ""non-polymer"", 355.0, 0]]"
8PYN,1.71,5594_30,0,P08069,AAA,"[[""ICV"", [""AAA""], ""non-polymer"", 466.4, 0]]"
8Q2Z,1.88,1126_30,0,P30419,ABCD,"[[""COA"", [""A"", ""B""], ""non-polymer"", 767.5, 0]]"
8Q61,2.32,1998_30,2,P31751,A,"[[""K06"", [""A""], ""non-polymer"", 443.5, 0]]"
8Q6G,1.541,4952_30,1,Q9UBF8,A,"[[""KIH"", [""A""], ""non-polymer"", 486.5, 0]]"
8Q9W,2.5,6306_30,1,O43148,AB,"[[""GNP"", [""B""], ""non-polymer"", 522.2, 0], [""SFG"", [""A"", ""B""], ""non-polymer"", 381.4, 0]]"
8QF1,1.32,3356_30,1,P19784,AB,"[[""GNP"", [""A""], ""non-polymer"", 522.2, 0]]"
8QFJ,1.9,8530_30,2,K9TLZ5,A,"[[""FMN"", [""A""], ""non-polymer"", 456.3, 0], [""ATP"", [""A""], ""non-polymer"", 507.2, 0]]"
8QQB,2.26,477_30,3,P68400,AB,"[[""WJE"", [""A"", ""B""], ""non-polymer"", 463.1, 0]]"
8QS6,1.8,118_30,0,P31947,AP,"[[""WQ0"", [""A""], ""non-polymer"", 427.7, 0]]"
8QTH,2.198,2336_30,1,Q13191,A,"[[""WX0"", [""A""], ""non-polymer"", 441.4, 0]]"
8QVU,2.24,1242_30,3,P01116;P40337;Q15369;Q15370,ABCDEFGH,"[[""GDP"", [""A"", ""E""], ""RNA linking"", 443.2, 0]]"
8QX2,2.1,2304_30,4,Q8WSF8,ABCDE,"[[""ILR"", [""A"", ""B"", ""C"", ""D"", ""E""], ""non-polymer"", 223.3, 0]]"
8R06,1.7,3637_30,3,F6BL85,A,"[[""PO8"", [""A""], ""non-polymer"", 194.2, 1]]"
8R0W,1.95,154475_30,3,P11309,AB,"[[""XGF"", [""A""], ""non-polymer"", 213.0, 0]]"
8R1T,2.0,147304_30,1,P11309,AD,"[[""XIJ"", [""A""], ""non-polymer"", 241.3, 0]]"
8R3Q,1.88,1130_30,2,C6KSV3,ABCD,"[[""TPP"", [""A"", ""B"", ""C"", ""D""], ""non-polymer"", 425.3, 1]]"
8R5M,2.49,4969_30,1,P16581,A,"[[""Y6O"", [""A""], ""non-polymer"", 710.8, 0]]"
8RBY,1.9,195_30,3,P0DTC2,AB,"[[""MPO"", [""A""], ""non-polymer"", 209.3, 0]]"
8RXU,1.737,7410_30,2,,AAAMMMYYY,"[[""HEC"", [""AAA"", ""MMM"", ""YYY""], ""non-polymer"", 620.5, 0]]"
8S0O,1.834,1245_30,3,Q06124,AB,"[[""A1H4G"", [""A"", ""B""], ""non-polymer"", 461.0, 0]]"
8S6I,1.72,10766_30,3,Q92772,A,"[[""A1H5G"", [""A""], ""non-polymer"", 426.5, 0]]"
8SMU,2.45,649_30,3,P42212;Q6NIZ1,ABCD,"[[""HEM"", [""A"", ""B"", ""C"", ""D""], ""non-polymer"", 616.5, 0]]"
8SRL,2.01,4551_30,1,Q7S860,ABCD,"[[""PIT"", [""A"", ""B"", ""C"", ""D""], ""non-polymer"", 244.2, 0]]"
8SRX,2.09,4098_30,4,Q07812;Q16611,ABCD,"[[""K6G"", [""A"", ""B"", ""D""], ""non-polymer"", 496.6, 0]]"
8TAB,2.26,809_30,4,P02879,A,"[[""U4T"", [""A""], ""non-polymer"", 230.3, 0]]"
8TBL,1.88,419_30,0,P01116;P62937,ABCD,"[[""ZNI"", [""C"", ""D""], ""non-polymer"", 865.1, 0], [""GNP"", [""A"", ""B""], ""non-polymer"", 522.2, 0]]"
8TNC,1.4,39486_30,0,,ABC,"[[""3JD"", [""A"", ""B"", ""C""], ""non-polymer"", 320.4, 0]]"
8TS5,2.1,1_30,3,,ABCG,"[[""BTB"", [""A"", ""G""], ""non-polymer"", 209.2, 0]]"
8U0I,1.541,78862_30,3,Q9I7B4,A,"[[""C2E"", [""A""], ""non-polymer"", 690.4, 0]]"
8UDE,2.25,2115_30,0,T1K569,ABCD,"[[""GSH"", [""A"", ""B"", ""C"", ""D""], ""peptide-like"", 307.3, 0]]"
8UF3,2.45,13284_30,3,B4RQ30,AB,"[[""HEC"", [""A"", ""B""], ""non-polymer"", 620.5, 0]]"
8USF,1.45,2019_30,3,P23360,AB,"[[""6NT"", [""A"", ""B""], ""non-polymer"", 164.1, 0]]"
8UZO,2.1,2112_30,0,A0A0H3FPU4,ABCD,"[[""ADP"", [""A"", ""B"", ""C"", ""D""], ""non-polymer"", 427.2, 0]]"
8V75,1.85,6820_30,3,Q8NFU5,A,"[[""YIK"", [""A""], ""non-polymer"", 346.3, 0]]"
8VA5,1.3,2932_30,2,O00255,A,"[[""K5O"", [""A""], ""non-polymer"", 717.9, 0]]"
8VME,2.3,15677_30,0,O15169;P35222;Q9WV60,ABC,"[[""ADP"", [""A""], ""non-polymer"", 427.2, 0]]"
8VQT,2.05,1932_30,0,Q9NAV7,AB,"[[""HEM"", [""A"", ""B""], ""non-polymer"", 616.5, 0]]"
8VXD,2.47,2133_30,1,P48730,AB,"[[""A1AD7"", [""A"", ""B""], ""non-polymer"", 293.3, 0]]"
8W3U,2.0,68039_30,2,O26473,AB,"[[""NAD"", [""A"", ""B""], ""non-polymer"", 663.4, 0], [""UDP"", [""A"", ""B""], ""RNA linking"", 404.2, 0]]"
8WHO,1.892,1529_30,2,P93836,A,"[[""WHO"", [""A""], ""non-polymer"", 386.4, 0]]"
8WWV,2.3,46890_30,4,A0A7Y1Q2L1,ABCDEF,"[[""ADP"", [""A"", ""B"", ""C"", ""D"", ""E"", ""F""], ""non-polymer"", 427.2, 0], [""P3S"", [""A"", ""B"", ""C"", ""D"", ""E"", ""F""], ""non-polymer"", 260.2, 0]]"
8WZ9,1.649,376_30,1,Q5ZTY7,A,"[[""NAD"", [""A""], ""non-polymer"", 663.4, 0]]"
8X69,1.796,1529_30,2,P93836,A,"[[""YDF"", [""A""], ""non-polymer"", 388.4, 0]]"
8XIM,2.4,883_30,1,P12851,ABCD,"[[""XLS"", [""A"", ""B"", ""C"", ""D""], ""D-saccharide"", 150.1, 0]]"
8XP4,2.26,1080_30,0,Q15046,AB,"[[""ALY"", [""A"", ""B""], ""L-peptide linking"", 188.2, 0]]"
8XRH,1.25,6794_30,2,Q00942,A,"[[""ANP"", [""A""], ""non-polymer"", 506.2, 0]]"
8Y12,2.1,2411_30,0,A0A179FZ20,AB,"[[""NAP"", [""A"", ""B""], ""non-polymer"", 743.4, 0]]"
8Y4I,1.935,424_30,4,A0A0F7KYQ8,ABCDEFGH,"[[""A1LXF"", [""A"", ""B"", ""C"", ""D"", ""E"", ""F"", ""G"", ""H""], ""non-polymer"", 253.0, -1]]"
8YIF,1.6,54513_30,3,D2YYD7,A,"[[""A1L2I"", [""A""], ""non-polymer"", 335.4, 0]]"
8YO0,1.3,11935_30,1,Q9ULC3,A,"[[""GDP"", [""A""], ""RNA linking"", 443.2, 0]]"
8Z8R,1.79,2148_30,3,A0A077EWA5,ABCD,"[[""SAH"", [""A"", ""B"", ""C"", ""D""], ""non-polymer"", 384.4, 0]]"
8ZN0,1.8,1196_30,0,,AB,"[[""A1D8J"", [""A"", ""B""], ""non-polymer"", 285.3, 0], [""SAM"", [""A"", ""B""], ""non-polymer"", 398.4, 0]]"
8ZU2,1.79888582046,7101_30,2,Q99640,A,"[[""A1D85"", [""A""], ""non-polymer"", 431.5, 0]]"
8ZWQ,2.23,188751_30,4,Q90030,ABCD,"[[""UMP"", [""A""], ""non-polymer"", 308.2, 0]]"
9AUZ,1.94,437_30,4,Q2FJM6,A,"[[""VP4"", [""A""], ""non-polymer"", 398.9, 0], [""IMP"", [""A""], ""non-polymer"", 348.2, 0]]"
9BHI,2.07,3316_30,0,Q12866,A,"[[""A1APF"", [""A""], ""non-polymer"", 635.8, 0]]"
9BLH,2.35,2091_30,3,Q13557,AB,"[[""6ZZ"", [""A"", ""B""], ""non-polymer"", 434.5, 0]]"
9BOE,2.02,9_30,4,P0DTD1,AB,"[[""UED"", [""A"", ""B""], ""non-polymer"", 405.5, 0]]"
9BXY,2.11,127_30,0,A0A0M3KKW9,A,"[[""A1ATE"", [""A""], ""non-polymer"", 538.0, 0]]"
9C3Z,1.8,91_30,1,P01116,AB,"[[""GDP"", [""A"", ""B""], ""RNA linking"", 443.2, 0]]"
9C8A,1.54,1289_30,4,F7X6I3,AB,"[[""FAD"", [""A"", ""B""], ""non-polymer"", 785.5, 0], [""FDA"", [""A"", ""B""], ""non-polymer"", 787.6, 0]]"
9C8Z,1.41,43109_30,2,C5B159,A,"[[""EU"", [""A""], ""non-polymer"", 152.0, 2]]"
9C94,1.98,2932_30,2,O00255,AB,"[[""A1AVG"", [""A"", ""B""], ""non-polymer"", 522.6, 0]]"
9CDM,2.05,9_30,4,P0DTD1,A,"[[""XEK"", [""A""], ""non-polymer"", 565.4, 0]]"
9CDX,2.38,10484_30,1,Q12852,A,"[[""A1AZP"", [""A""], ""non-polymer"", 320.3, 0]]"
9CG2,1.96,209979_30,4,Q8U2I5,A,"[[""SAH"", [""A""], ""non-polymer"", 384.4, 0], [""SF4"", [""A""], ""non-polymer"", 351.6, 0], [""5AD"", [""A""], ""non-polymer"", 251.2, 0]]"
9CKW,1.4,364_30,1,P00784,A,"[[""E6D"", [""A""], ""non-polymer"", 344.4, 0]]"
9CST,1.13,529_30,2,P22629,A,"[[""QG7"", [""A""], ""non-polymer"", 468.6, 0]]"
9DFM,2.25,15091_30,1,,AB,"[[""HEM"", [""A"", ""B""], ""non-polymer"", 616.5, 0], [""TSS"", [""A"", ""B""], ""non-polymer"", 160.2, 0]]"
9DG7,2.5,4500_30,3,A0A5S8WF76,A,"[[""A1A4H"", [""A""], ""non-polymer"", 329.4, 0], [""SAM"", [""A""], ""non-polymer"", 398.4, 0]]"
9DGD,1.8,4500_30,3,A0A5S8WF76,A,"[[""GHT"", [""A""], ""non-polymer"", 325.4, 0], [""SAH"", [""A""], ""non-polymer"", 384.4, 0]]"
9DHB,1.96,3157_30,2,A0A0R4J3C9,ABCD,"[[""PLG"", [""A"", ""B"", ""C"", ""D""], ""non-polymer"", 306.2, 0], [""FFO"", [""A"", ""B"", ""C"", ""D""], ""non-polymer"", 473.4, 0]]"
9DPZ,2.41,2416_30,2,Q9UM07,A,"[[""3YZ"", [""A""], ""non-polymer"", 474.6, 0], [""A1A9P"", [""A""], ""non-polymer"", 511.5, 0]]"
9ESG,2.497,1466_30,0,P14902,AB,"[[""A1H60"", [""A"", ""B""], ""non-polymer"", 337.4, 0], [""HEM"", [""A"", ""B""], ""non-polymer"", 616.5, 0]]"
9EZT,2.5,1822_30,3,P15559,ABCD,"[[""NAD"", [""B"", ""C""], ""non-polymer"", 663.4, 0], [""FAD"", [""A"", ""B"", ""C"", ""D""], ""non-polymer"", 785.5, 0]]"
9F4L,1.4,3041_30,3,P09651,A,"[[""WGP"", [""A""], ""non-polymer"", 178.2, 0]]"
9F8R,1.58,7254_30,2,Q396C9,ABCD,"[[""A1IAN"", [""A"", ""B"", ""C"", ""D""], ""non-polymer"", 364.8, 0]]"
9F94,1.32,14074_30,4,O69754,A,"[[""A1IAY"", [""A""], ""non-polymer"", 229.2, 0]]"
9FBN,1.8,3594_30,0,A0A7U9HFU5,ABCDEF,"[[""HEM"", [""A"", ""B"", ""C"", ""D"", ""E"", ""F""], ""non-polymer"", 616.5, 0]]"
9FF6,1.4,262_30,4,P02766,AB,"[[""A1ICE"", [""A"", ""B""], ""non-polymer"", 285.3, 0]]"
9FWM,1.574,1489_30,3,P0DTC1;P0DTD1,AB,"[[""A1IGR"", [""A""], ""non-polymer"", 160.2, 0]]"
9G3L,1.739,2604_30,0,Q9HYN5,ABCD,"[[""A1IH4"", [""B"", ""C"", ""D""], ""L-saccharide, beta linking"", 306.3, 0], [""R7E"", [""A""], ""non-polymer"", 362.4, 0]]"
9G5F,1.62,2788_30,3,Q4WAR0,ABCD,"[[""GN1"", [""A"", ""B""], ""D-saccharide"", 301.2, 0]]"
9G8C,1.9,6035_30,4,A9CI81,AB,"[[""EL5"", [""A"", ""B""], ""non-polymer"", 584.7, 0]]"
9GEU,1.56,1747_30,0,Q92793,AB,"[[""A1IKL"", [""A"", ""B""], ""non-polymer"", 460.6, 0]]"
9GHX,2.19,20_30,2,P00698,A,"[[""RE"", [""A""], ""non-polymer"", 186.2, 0], [""REI"", [""A""], ""non-polymer"", 356.3, 0], [""VHL"", [""A""], ""non-polymer"", 404.4, 0]]"
9GIN,2.06,1986_30,4,Q07890,A,"[[""A1IL1"", [""A""], ""non-polymer"", 249.2, 0]]"
9GJX,2.4,6960_30,1,Q65MG6,ABCDEF,"[[""CB1"", [""A"", ""B"", ""C"", ""D"", ""E""], ""non-polymer"", 252.2, 0], [""FMN"", [""A"", ""B"", ""C"", ""D"", ""E"", ""F""], ""non-polymer"", 456.3, 0]]"
9GNS,1.93,3450_30,0,P20711,A,"[[""142"", [""A""], ""non-polymer"", 226.2, 0], [""PLP"", [""A""], ""non-polymer"", 247.1, 0]]"
9GOD,2.49,4282_30,1,Q86TI2,ABCD,"[[""A1INH"", [""A"", ""B"", ""C"", ""D""], ""non-polymer"", 300.4, 0]]"
9GPU,1.36,1100_30,2,Q13451,AB,"[[""A1INS"", [""A"", ""B""], ""non-polymer"", 582.7, 0]]"
9GZ4,0.96,2121_30,2,P07598;P07603,AB,"[[""4WW"", [""A""], ""non-polymer"", 354.0, 0], [""SF4"", [""A""], ""non-polymer"", 351.6, 0]]"
9H06,1.86,12460_30,1,A0A0C3QM78,A,"[[""A1IRH"", [""A""], ""non-polymer"", 200.3, 0], [""SFG"", [""A""], ""non-polymer"", 381.4, 0]]"
9H34,2.3,12_30,3,A0A8V0Z8P0;P63043;P81947;Q6B856,ABCDEF,"[[""GDP"", [""B"", ""D""], ""RNA linking"", 443.2, 0], [""GTP"", [""A"", ""C""], ""non-polymer"", 523.2, 0], [""ACP"", [""F""], ""non-polymer"", 505.2, 0]]"
9HAO,1.94,3080_30,4,P31224,ABCDE,"[[""D12"", [""A"", ""B""], ""non-polymer"", 170.3, 0], [""C14"", [""A"", ""C""], ""non-polymer"", 198.4, 0], [""LPX"", [""C""], ""non-polymer"", 453.6, 0], [""DDQ"", [""B"", ""C""], ""non-polymer"", 201.3, 0], [""DDR"", [""B""], ""non-polymer"", 400.6, 0], [""XE9"", [""A""], ""non-polymer"", 352.9, 0]]"
9HF8,2.19,3469_30,2,P54274,A,"[[""T9Q"", [""A""], ""non-polymer"", 179.2, 0]]"
9HFB,2.29,3469_30,2,P54274,A,"[[""JP4"", [""A""], ""non-polymer"", 193.2, 0]]"
9HIN,1.55,7964_30,2,Q9C029,A,"[[""A1IU9"", [""A""], ""peptide-like"", 516.5, 0]]"
9HK5,1.491,3356_30,1,P19784,A,"[[""3NG"", [""A""], ""non-polymer"", 349.8, 0]]"
9HKB,1.44,437_30,4,Q2SWW9,BC,"[[""5GP"", [""B"", ""C""], ""non-polymer"", 363.2, 0]]"
9HM1,2.45,2392_30,2,P49841,A,"[[""A1IV9"", [""A""], ""non-polymer"", 366.5, 0]]"
9HVU,1.15,968_30,0,P11172,AB,"[[""A1IXU"", [""A"", ""B""], ""non-polymer"", 364.2, 0]]"
9HWQ,1.14,845_30,0,Q9Z2X8,A,"[[""B0A"", [""A""], ""non-polymer"", 233.3, 0]]"
9I17,1.55,477_30,3,P68400,A,"[[""A1IYZ"", [""A""], ""non-polymer"", 360.8, 0]]"
9I9E,1.7,2273_30,3,P10415;Q07817,ABCD,"[[""A1I1S"", [""A"", ""B"", ""C"", ""D""], ""non-polymer"", 420.5, 0]]"
9ISL,2.06,306_30,3,P11586,ABCD,"[[""NAP"", [""A"", ""B"", ""C"", ""D""], ""non-polymer"", 743.4, 0], [""A1L23"", [""A"", ""B"", ""C"", ""D""], ""non-polymer"", 467.8, 0]]"
9IST,2.27,786_30,3,P14779,AB,"[[""HL0"", [""A"", ""B""], ""non-polymer"", 255.4, 0], [""HEM"", [""A"", ""B""], ""non-polymer"", 616.5, 0]]"
9JOB,1.39,253_30,1,O96693,AB,"[[""UW0"", [""A"", ""B""], ""non-polymer"", 377.4, 0], [""NDP"", [""A"", ""B""], ""non-polymer"", 745.4, 0]]"
9JYR,1.65,999_30,3,Q13526,A,"[[""PE8"", [""A""], ""non-polymer"", 370.4, 0]]"
9KEC,1.68,999_30,3,Q13526,A,"[[""A1EE6"", [""A""], ""non-polymer"", 211.2, 0], [""PE8"", [""A""], ""non-polymer"", 370.4, 0]]"
9KLC,2.15,5524_30,1,Q96KQ7,AB,"[[""SFG"", [""A"", ""B""], ""non-polymer"", 381.4, 0], [""A1L58"", [""A"", ""B""], ""non-polymer"", 516.6, 0]]"
9KN8,1.64,750_30,3,P02791,A,"[[""A1L54"", [""A""], ""non-polymer"", 309.3, 0]]"
9LFQ,2.13,23167_30,0,,ABCDEF,"[[""A1EJ0"", [""E""], ""D-saccharide"", 221.2, 0]]"
9LFW,1.59,8559_30,2,Q9QZL0,A,"[[""A1D97"", [""A""], ""non-polymer"", 451.6, 0]]"
9M5F,2.35,6505_30,2,,A,"[[""36J"", [""A""], ""non-polymer"", 320.4, 0]]"
9MGL,2.25,1614_30,2,O14744;Q9BQA1,AB,"[[""MTA"", [""A""], ""non-polymer"", 297.3, 0], [""A1BLM"", [""A""], ""non-polymer"", 452.5, 0]]"
9MH2,1.35,363_30,2,A2EU62,A,"[[""ADN"", [""A""], ""non-polymer"", 267.2, 0]]"
9MJU,1.579,3515_30,3,Q14191,A,"[[""A1BL1"", [""A""], ""non-polymer"", 203.2, 0]]"
9MWW,1.8,488_30,2,P29474,ABCD,"[[""BTB"", [""A"", ""B"", ""C"", ""D""], ""non-polymer"", 209.2, 0], [""A1BTW"", [""A"", ""B"", ""C"", ""D""], ""non-polymer"", 441.6, 0], [""H4B"", [""A"", ""B"", ""C"", ""D""], ""non-polymer"", 241.2, 0], [""HEM"", [""A"", ""B"", ""C"", ""D""], ""non-polymer"", 616.5, 0], [""GD"", [""B"", ""C"", ""D""], ""non-polymer"", 157.2, 0]]"
9NQX,1.89,6420_30,4,Q9Y3R4,ABC,"[[""DAN"", [""A"", ""B"", ""C""], ""D-saccharide"", 291.3, 0]]"
9O73,1.49,2372_30,3,P53355,A,"[[""86Q"", [""A""], ""non-polymer"", 197.2, 0]]"
9ODX,1.45,7857_30,0,Q8C4B4,A,"[[""A1CA2"", [""A""], ""non-polymer"", 435.7, 0]]"
9OJY,2.158,2060_30,4,P01375,ABCDEF,"[[""A1CBZ"", [""B"", ""D""], ""non-polymer"", 478.5, 0]]"
9OLZ,1.71,874_30,4,P05637,AB,"[[""B4P"", [""A"", ""B""], ""non-polymer"", 836.4, 0]]"
9PGX,1.46,10226_30,1,Q8NFT2,A,"[[""NDP"", [""A""], ""non-polymer"", 745.4, 0]]"
9PMR,2.25,551_30,2,C3W5S0,A,"[[""A1CI3"", [""A""], ""non-polymer"", 259.3, 0]]"
9PT0,1.64,1340_30,1,P50120,A,"[[""A1CKZ"", [""A""], ""non-polymer"", 277.4, 0]]"
9Q31,2.05,5200_30,0,Q13546,AB,"[[""A1CNU"", [""A"", ""B""], ""non-polymer"", 271.3, 0]]"
9Q8D,1.54,4868_30,1,Q99685,A,"[[""A1I4L"", [""A""], ""non-polymer"", 405.4, 0]]"
9QEM,2.26,3896_30,3,Q9Y5A9,AB,"[[""A1I56"", [""A"", ""B""], ""non-polymer"", 277.3, 0]]"
9QF1,1.511,3565_30,2,Q9UNE7,A,"[[""A1I5T"", [""A""], ""non-polymer"", 474.5, 0]]"
9QPB,1.86,3873_30,0,O68183,AB,"[[""A1I83"", [""A"", ""B""], ""non-polymer"", 197.0, 0]]"
9QWB,1.6,2837_30,3,P09958,A,"[[""A1JA6"", [""A""], ""non-polymer"", 586.6, 0]]"
9QZ5,1.572,22144_30,0,P0DUV9,AB,"[[""3KK"", [""A"", ""B""], ""non-polymer"", 853.6, 0], [""TPW"", [""A"", ""B""], ""non-polymer"", 423.3, 0]]"
9RB0,2.213,14180_30,2,,A,"[[""A1IRM"", [""A""], ""non-polymer"", 660.0, 0]]"
9RDP,1.55,6810_30,1,Q5XX06,A,"[[""OO3"", [""A""], ""non-polymer"", 153.1, 0]]"
9REC,1.2,357_30,2,P25321,A,"[[""PGF"", [""A""], ""non-polymer"", 192.3, 0], [""A1JEU"", [""A""], ""non-polymer"", 270.3, 0]]"
9RFI,1.1,424_30,4,Q9XAY4,A,"[[""A1JFQ"", [""A""], ""non-polymer"", 398.5, 0]]"
9RIZ,1.734,9_30,4,P0DTC1,AB,"[[""A1JGN"", [""A"", ""B""], ""non-polymer"", 307.3, 0]]"
9RP2,1.93,10647_30,1,C9K1X5,AB,"[[""AHD"", [""A"", ""B""], ""non-polymer"", 245.1, -4]]"
9RP7,1.9,3115_30,2,O43924,B,"[[""A1JIB"", [""B""], ""non-polymer"", 677.3, 0]]"
9RR4,1.248,1183_30,1,P17931,A,"[[""A1JIP"", [""A""], ""non-polymer"", 576.6, 0]]"
9S2P,1.5,118_30,0,P04049;P31947,AP,"[[""WPN"", [""A""], ""non-polymer"", 409.7, 0]]"
9S3J,1.77,10988_30,0,P19438,AB,"[[""A1JLJ"", [""B""], ""non-polymer"", 217.2, 0]]"
9S3Y,2.05,7678_30,1,Q6LZI3,AB,"[[""NDP"", [""A"", ""B""], ""non-polymer"", 745.4, 0]]"
9S5L,1.6,1550_30,2,A7XM81,AB,"[[""XQN"", [""A"", ""B""], ""non-polymer"", 337.6, -1]]"
9SNJ,2.3,307_30,0,P21836,AB,"[[""A1JO2"", [""A"", ""B""], ""non-polymer"", 294.4, 0]]"
9SZX,2.3,5152_30,2,P16930,EF,"[[""A1JSL"", [""E"", ""F""], ""non-polymer"", 293.3, 0]]"
9T3F,2.07,194948_30,1,F2D8Y4;Q8RW50,AB,"[[""GSP"", [""A""], ""non-polymer"", 539.2, 0]]"
9T8A,2.08,95353_30,1,,ABCDEF,"[[""COH"", [""A"", ""B"", ""C"", ""D"", ""E"", ""F""], ""non-polymer"", 619.6, 0]]"
9TM3,1.2,3356_30,1,P19784,AB,"[[""A1JSZ"", [""A""], ""non-polymer"", 313.3, 0]]"
9UYS,2.04,11567_30,0,P17706,AB,"[[""A1EQP"", [""A"", ""B""], ""non-polymer"", 425.4, 0]]"
9V3A,2.0,106630_30,1,,A,"[[""SRO"", [""A""], ""non-polymer"", 176.2, 0]]"
9VCE,1.82,1221_30,1,E2QFN4,AB,"[[""A1ERS"", [""A""], ""non-polymer"", 473.5, 0], [""TYM"", [""B""], ""non-polymer"", 533.4, 0], [""CLW"", [""B""], ""non-polymer"", 169.6, 0]]"
9VEP,1.7,3571_30,1,A6TCF4,AB,"[[""D1D"", [""B""], ""non-polymer"", 152.2, 0]]"
9VFA,2.15,2115_30,0,P09488,ABCD,"[[""B1T"", [""B""], ""non-polymer"", 356.1, 0], [""GSH"", [""A"", ""B"", ""C"", ""D""], ""peptide-like"", 307.3, 0]]"
9VOG,1.43,214840_30,2,P13053;Q15648,AC,"[[""A1MAV"", [""A""], ""non-polymer"", 594.6, 0]]"
9VP6,2.3,1487_30,3,A2CIK6,AB,"[[""BG6"", [""A""], ""D-saccharide, beta linking"", 260.1, 0]]"
9VSS,1.79,2870_30,2,Q9YAQ8,A,"[[""MTA"", [""A""], ""non-polymer"", 297.3, 0]]"
9WM4,2.4,3571_30,1,Q9HXI4,AB,"[[""INS"", [""B""], ""non-polymer"", 180.2, 0]]"
9X0E,1.69,4209_30,3,Q6QWR1,A,"[[""FAD"", [""A""], ""non-polymer"", 785.5, 0]]"
9X2H,1.9,1963_30,4,P49588,A,"[[""A1EYX"", [""A""], ""non-polymer"", 176.6, 0]]"
9ZEG,1.532,1988_30,1,Q2IU02,A,"[[""HEM"", [""A""], ""non-polymer"", 616.5, 0], [""JO4"", [""A""], ""non-polymer"", 214.2, 0]]"
