pdb,resolution,cluster30,fold,uniprot,chains,ligands
121P,,121P,0,,,"[[""GCP"", []]]"
12AS,,12AS,0,,,"[[""AMP"", []]]"
13PK,,13PK,0,,,"[[""3PG"", []], [""ADP"", []]]"
16PK,,16PK,0,,,"[[""BIS"", []]]"
17GS,,17GS,0,,,"[[""GTX"", []]]"
182L,,182L,0,,,"[[""BZF"", []]]"
183L,,183L,0,,,"[[""DEN"", []]]"
185L,,185L,0,,,"[[""IND"", []]]"
186L,,186L,0,,,"[[""N4B"", []]]"
187L,,187L,0,,,"[[""PXY"", []]]"
18GS,,18GS,0,,,"[[""GDN"", []]]"
19GS,,19GS,0,,,"[[""GSH"", []], [""BSP"", []]]"
1A05,,1A05,0,,,"[[""IPM"", []]]"
1A0F,,1A0F,0,,,"[[""GTS"", []]]"
1A0G,,1A0G,0,,,"[[""PMP"", []]]"
1A0J,,1A0J,0,,,"[[""BEN"", []]]"
1A26,,1A26,0,,,"[[""CNA"", []]]"
1A2B,,1A2B,0,,,"[[""GSP"", []]]"
1A2C,,1A2C,0,,,"[[""OAR"", []], [""34H"", []], [""PRJ"", []], [""LEU"", []]]"
1A2K,,1A2K,0,,,"[[""GDP"", []]]"
1A4I,,1A4I,0,,,"[[""NDP"", []]]"
1A4M,,1A4M,0,,,"[[""PRH"", []]]"
1A4Q,,1A4Q,0,,,"[[""DPC"", []]]"
1A4W,,1A4W,0,,,"[[""QWE"", []]]"
1A53,,1A53,0,,,"[[""IGP"", []]]"
1A59,,1A59,0,,,"[[""COA"", []], [""CIT"", []]]"
1A5B,,1A5B,0,,,"[[""IGP"", []]]"
1A5S,,1A5S,0,,,"[[""SER"", []], [""PLP"", []], [""FIP"", []]]"
1A5Z,,1A5Z,0,,,"[[""NAD"", []], [""FBP"", []], [""OXM"", []]]"
1A69,,1A69,0,,,"[[""FMB"", []]]"
1A6V,,1A6V,0,,,"[[""NPC"", []]]"
1A71,,1A71,0,,,"[[""NAD"", []], [""ETF"", []]]"
1A78,,1A78,0,,,"[[""TDG"", []]]"
1A8G,,1A8G,0,,,"[[""2Z4"", []]]"
1A8P,,1A8P,0,,,"[[""FAD"", []]]"
1A95,,1A95,0,,,"[[""GUN"", []], [""PCP"", []]]"
1A9M,,1A9M,0,,,"[[""U0E"", []]]"
1A9Q,,1A9Q,0,,,"[[""HPA"", []]]"
1A9R,,1A9R,0,,,"[[""HPA"", []]]"
1A9S,,1A9S,0,,,"[[""NOS"", []]]"
1A9T,,1A9T,0,,,"[[""R1P"", []], [""HPA"", []]]"
1A9Y,,1A9Y,0,,,"[[""NAD"", []], [""UPG"", []]]"
1A9Z,,1A9Z,0,,,"[[""NAD"", []], [""UPG"", []]]"
1ABF,,1ABF,0,,,"[[""FCB"", []], [""FCA"", []]]"
1AC4,,1AC4,0,,,"[[""TMT"", []]]"
1AC8,,1AC8,0,,,"[[""TMZ"", []]]"
1ADS,,1ADS,0,,,"[[""NAP"", []]]"
1AE1,,1AE1,0,,,"[[""NAP"", []]]"
1AE8,,1AE8,0,,,"[[""GLU"", []], [""ILE"", []], [""AZL"", []], [""PHE"", []], [""PRO"", []], [""LEU"", []], [""ASP"", []], [""TYS"", []]]"
1AED,,1AED,0,,,"[[""DTI"", []]]"
1AEF,,1AEF,0,,,"[[""3AP"", []]]"
1AEG,,1AEG,0,,,"[[""4AP"", []]]"
1AEH,,1AEH,0,,,"[[""24T"", []]]"
1AEJ,,1AEJ,0,,,"[[""NVI"", []]]"
1AEK,,1AEK,0,,,"[[""IDM"", []]]"
1AEM,,1AEM,0,,,"[[""MPI"", []]]"
1AEN,,1AEN,0,,,"[[""25T"", []]]"
1AEO,,1AEO,0,,,"[[""2AP"", []]]"
1AEQ,,1AEQ,0,,,"[[""2EZ"", []]]"
1AF6,,1AF6,0,,,"[[""FRU"", []], [""GLC"", []]]"
1AF7,,1AF7,0,,,"[[""SAH"", []]]"
1AFE,,1AFE,0,,,"[[""GLU"", []], [""ILE"", []], [""PHE"", []], [""PRO"", []], [""LEU"", []], [""ASP"", []], [""ALZ"", []], [""TYS"", []]]"
1AFQ,,1AFQ,0,,,"[[""0FG"", []]]"
1AFS,,1AFS,0,,,"[[""TES"", []], [""NAP"", []]]"
1AGP,,1AGP,0,,,"[[""GNP"", []]]"
1AH0,,1AH0,0,,,"[[""SBI"", []], [""NAP"", []]]"
1AH3,,1AH3,0,,,"[[""TOL"", []], [""NAP"", []]]"
1AH4,,1AH4,0,,,"[[""NAP"", []]]"
1AHB,,1AHB,0,,,"[[""FMP"", []]]"
1AHF,,1AHF,0,,,"[[""IOP"", []]]"
1AHH,,1AHH,0,,,"[[""NAD"", []]]"
1AHI,,1AHI,0,,,"[[""NAD"", []], [""CHO"", []]]"
1AHX,,1AHX,0,,,"[[""HCI"", []]]"
1AHY,,1AHY,0,,,"[[""MAE"", []]]"
1AI9,,1AI9,0,,,"[[""NDP"", []]]"
1AIA,,1AIA,0,,,"[[""PMP"", []]]"
1AIC,,1AIC,0,,,"[[""PMP"", []]]"
1AID,,1AID,0,,,"[[""THK"", []]]"
1AIX,,1AIX,0,,,"[[""T19"", []]]"
1AJ0,,1AJ0,0,,,"[[""SAN"", []], [""PH2"", []]]"
1AJ2,,1AJ2,0,,,"[[""2PH"", []]]"
1AJ8,,1AJ8,0,,,"[[""COA"", []], [""CIT"", []]]"
1AJN,,1AJN,0,,,"[[""AAN"", []]]"
1AJP,,1AJP,0,,,"[[""OMD"", []]]"
1AJQ,,1AJQ,0,,,"[[""SPA"", []]]"
1AJS,,1AJS,0,,,"[[""PLA"", []]]"
1AJV,,1AJV,0,,,"[[""NMB"", []]]"
1AJX,,1AJX,0,,,"[[""AH1"", []]]"
1AKA,,1AKA,0,,,"[[""PLP"", []]]"
1AKB,,1AKB,0,,,"[[""PPD"", []]]"
1AKC,,1AKC,0,,,"[[""PPE"", []]]"
1AKD,,1AKD,0,,,"[[""CAM"", []]]"
1AKQ,,1AKQ,0,,,"[[""FMN"", []]]"
1AKR,,1AKR,0,,,"[[""FMN"", []]]"
1AKT,,1AKT,0,,,"[[""FMN"", []]]"
1AKU,,1AKU,0,,,"[[""FMN"", []]]"
1AKV,,1AKV,0,,,"[[""FMN"", []]]"
1AKW,,1AKW,0,,,"[[""FMN"", []]]"
1AKY,,1AKY,0,,,"[[""AP5"", []]]"
1AL8,,1AL8,0,,,"[[""FMN"", []], [""DHP"", []]]"
1ALN,,1ALN,0,,,"[[""CTD"", []]]"
1AM1,,1AM1,0,,,"[[""ADP"", []]]"
1AMA,,1AMA,0,,,"[[""PLA"", []]]"
1AMI,,1AMI,0,,,"[[""MIC"", []]]"
1AMK,,1AMK,0,,,"[[""PGA"", []]]"
1AMQ,,1AMQ,0,,,"[[""PMP"", []]]"
1AMR,,1AMR,0,,,"[[""MAE"", []], [""PMP"", []]]"
1AMW,,1AMW,0,,,"[[""ADP"", []]]"
1AMZ,,1AMZ,0,,,"[[""MLT"", []]]"
1AN9,,1AN9,0,,,"[[""FAD"", []], [""BE2"", []]]"
1ANC,,1ANC,0,,,"[[""BEN"", []]]"
1AND,,1AND,0,,,"[[""BEN"", []]]"
1ANE,,1ANE,0,,,"[[""BEN"", []]]"
1ANK,,1ANK,0,,,"[[""ANP"", []], [""AMP"", []]]"
1AOB,,1AOB,0,,,"[[""DDU"", []]]"
1APB,,1APB,0,,,"[[""FCB"", []], [""FCA"", []]]"
1APV,,1APV,0,,,"[[""VAL"", []], [""IVA"", []], [""NME"", []], [""DFO"", []]]"
1APW,,1APW,0,,,"[[""VAL"", []], [""IVA"", []], [""DFI"", []], [""NME"", []]]"
1AQ2,,1AQ2,0,,,"[[""PYR"", []], [""ATP"", []]]"
1AQB,,1AQB,0,,,"[[""RTL"", []]]"
1AQU,,1AQU,0,,,"[[""EST"", []], [""A3P"", []]]"
1AQY,,1AQY,0,,,"[[""A3P"", []]]"
1ARG,,1ARG,0,,,"[[""PPD"", []]]"
1ARH,,1ARH,0,,,"[[""PPD"", []]]"
1AS0,,1AS0,0,,,"[[""GSP"", []]]"
1AS3,,1AS3,0,,,"[[""GDP"", []]]"
1ASA,,1ASA,0,,,"[[""MAE"", []]]"
1ASC,,1ASC,0,,,"[[""NPL"", []]]"
1ASD,,1ASD,0,,,"[[""MAE"", []]]"
1ASM,,1ASM,0,,,"[[""MAE"", []]]"
1ATP,,1ATP,0,,,"[[""ATP"", []]]"
1ATR,,1ATR,0,,,"[[""ADP"", []]]"
1ATS,,1ATS,0,,,"[[""ADP"", []]]"
1AUX,,1AUX,0,,,"[[""AGS"", []]]"
1AWF,,1AWF,0,,,"[[""GLU"", []], [""ILE"", []], [""PHE"", []], [""PRO"", []], [""LEU"", []], [""ASP"", []], [""TYS"", []]]"
1AXA,,1AXA,0,,,"[[""U0E"", []]]"
1AXE,,1AXE,0,,,"[[""NAD"", []], [""ETF"", []]]"
1AXG,,1AXG,0,,,"[[""NAD"", []], [""ETF"", []]]"
1AXR,,1AXR,0,,,"[[""HTP"", []]]"
1AXW,,1AXW,0,,,"[[""MTX"", []], [""UMP"", []]]"
1AY5,,1AY5,0,,,"[[""MAE"", []]]"
1AY8,,1AY8,0,,,"[[""HCI"", []]]"
1AYL,,1AYL,0,,,"[[""OXL"", []], [""ATP"", []]]"
1AZ1,,1AZ1,0,,,"[[""ALR"", []], [""NAP"", []]]"
1AZ8,,1AZ8,0,,,"[[""IN4"", []]]"
1AZL,,1AZL,0,,,"[[""FMN"", []]]"
1AZS,,1AZS,0,,,"[[""GSP"", []], [""FKP"", []]]"
1AZT,,1AZT,0,,,"[[""GSP"", []]]"
1B09,,1B09,0,,,"[[""PC"", []]]"
1B0J,,1B0J,0,,,"[[""ICT"", []]]"
1B0K,,1B0K,0,,,"[[""FLC"", []]]"
1B0M,,1B0M,0,,,"[[""FLC"", []]]"
1B15,,1B15,0,,,"[[""NAE"", []]]"
1B16,,1B16,0,,,"[[""NAQ"", []]]"
1B1C,,1B1C,0,,,"[[""FMN"", []]]"
1B2L,,1B2L,0,,,"[[""CYH"", []], [""NDC"", []]]"
1B2R,,1B2R,0,,,"[[""FAD"", []]]"
1B37,,1B37,0,,,"[[""FAD"", []]]"
1B38,,1B38,0,,,"[[""ATP"", []]]"
1B39,,1B39,0,,,"[[""ATP"", []]]"
1B4P,,1B4P,0,,,"[[""GPS"", []]]"
1B4S,,1B4S,0,,,"[[""ADP"", []]]"
1B4U,,1B4U,0,,,"[[""DHB"", []]]"
1B4V,,1B4V,0,,,"[[""FAD"", []]]"
1B4X,,1B4X,0,,,"[[""MAE"", []]]"
1B56,,1B56,0,,,"[[""PLM"", []]]"
1B5D,,1B5D,0,,,"[[""DCM"", []]]"
1B5E,,1B5E,0,,,"[[""DCM"", []]]"
1B5Q,,1B5Q,0,,,"[[""FAD"", []], [""MD2"", []]]"
1B5T,,1B5T,0,,,"[[""FAD"", []]]"
1B62,,1B62,0,,,"[[""ADP"", []]]"
1B63,,1B63,0,,,"[[""ANP"", []]]"
1B6J,,1B6J,0,,,"[[""PI1"", []]]"
1B6K,,1B6K,0,,,"[[""PI5"", []]]"
1B6L,,1B6L,0,,,"[[""PI4"", []]]"
1B6M,,1B6M,0,,,"[[""PI6"", []]]"
1B6P,,1B6P,0,,,"[[""PI7"", []]]"
1B6S,,1B6S,0,,,"[[""ADP"", []]]"
1B6T,,1B6T,0,,,"[[""COD"", []]]"
1B7A,,1B7A,0,,,"[[""OPE"", []]]"
1B7Y,,1B7Y,0,,,"[[""FYA"", []]]"
1B8A,,1B8A,0,,,"[[""ATP"", []]]"
1B8N,,1B8N,0,,,"[[""IMG"", []]]"
1B8O,,1B8O,0,,,"[[""IMH"", []]]"
1B8S,,1B8S,0,,,"[[""FAD"", []]]"
1B8V,,1B8V,0,,,"[[""NAD"", []]]"
1B9I,,1B9I,0,,,"[[""PXG"", []]]"
1B9S,,1B9S,0,,,"[[""FDI"", []]]"
1B9T,,1B9T,0,,,"[[""RAI"", []]]"
1B9Z,,1B9Z,0,,,"[[""MAL"", []]]"
1BA0,,1BA0,0,,,"[[""ADP"", []]]"
1BA1,,1BA1,0,,,"[[""ADP"", []]]"
1BC5,,1BC5,0,,,"[[""GLU"", []], [""ACE"", []], [""TRP"", []], [""SAH"", []], [""ASN"", []], [""PHE"", []], [""THR"", []]]"
1BCS,,1BCS,0,,,"[[""ARG"", []]]"
1BCU,,1BCU,0,,,"[[""PRL"", []]]"
1BD0,,1BD0,0,,,"[[""IN5"", []]]"
1BDB,,1BDB,0,,,"[[""NAD"", []]]"
1BDM,,1BDM,0,,,"[[""NAX"", []]]"
1BDQ,,1BDQ,0,,,"[[""IM1"", []]]"
1BDU,,1BDU,0,,,"[[""DUR"", []]]"
1BE4,,1BE4,0,,,"[[""PCG"", []]]"
1BEU,,1BEU,0,,,"[[""IPL"", []], [""PLS"", []]]"
1BF3,,1BF3,0,,,"[[""FAD"", []], [""PHB"", []]]"
1BFD,,1BFD,0,,,"[[""TPP"", []]]"
1BFV,,1BFV,0,,,"[[""STG"", []]]"
1BG2,,1BG2,0,,,"[[""ADP"", []]]"
1BGN,,1BGN,0,,,"[[""FAD"", []], [""PHB"", []]]"
1BGQ,,1BGQ,0,,,"[[""RDC"", []]]"
1BH2,,1BH2,0,,,"[[""GSP"", []]]"
1BH5,,1BH5,0,,,"[[""GTX"", []]]"
1BHN,,1BHN,0,,,"[[""GDP"", []], [""35G"", []]]"
1BHX,,1BHX,0,,,"[[""GLU"", []], [""R56"", []], [""ILE"", []], [""PHE"", []], [""ASP"", []]]"
1BIF,,1BIF,0,,,"[[""AGS"", []]]"
1BIT,,1BIT,0,,,"[[""BEN"", []]]"
1BJ5,,1BJ5,0,,,"[[""MYR"", []]]"
1BJG,,1BJG,0,,,"[[""TMF"", []]]"
1BJI,,1BJI,0,,,"[[""DPC"", []]]"
1BJK,,1BJK,0,,,"[[""FAD"", []]]"
1BJU,,1BJU,0,,,"[[""GP6"", []]]"
1BJV,,1BJV,0,,,"[[""GP8"", []]]"
1BKJ,,1BKJ,0,,,"[[""FMN"", []]]"
1BKW,,1BKW,0,,,"[[""FAD"", []], [""PHB"", []]]"
1BKY,,1BKY,0,,,"[[""1MC"", []], [""SAH"", []]]"
1BL6,,1BL6,0,,,"[[""SB6"", []]]"
1BLZ,,1BLZ,0,,,"[[""ACV"", []]]"
1BMD,,1BMD,0,,,"[[""NAD"", []]]"
1BMK,,1BMK,0,,,"[[""SB5"", []]]"
1BN1,,1BN1,0,,,"[[""AL5"", []]]"
1BN3,,1BN3,0,,,"[[""AL6"", []]]"
1BN4,,1BN4,0,,,"[[""AL9"", []]]"
1BNN,,1BNN,0,,,"[[""AL1"", []]]"
1BNQ,,1BNQ,0,,,"[[""AL4"", []]]"
1BNT,,1BNT,0,,,"[[""AL2"", []]]"
1BNU,,1BNU,0,,,"[[""AL3"", []]]"
1BNV,,1BNV,0,,,"[[""AL7"", []]]"
1BNW,,1BNW,0,,,"[[""TPD"", []]]"
1BO4,,1BO4,0,,,"[[""COA"", []], [""SPD"", []]]"
1BO6,,1BO6,0,,,"[[""A3P"", []]]"
1BO7,,1BO7,0,,,"[[""U"", []]]"
1BOF,,1BOF,0,,,"[[""GDP"", []]]"
1BOZ,,1BOZ,0,,,"[[""PRD"", []], [""NDP"", []]]"
1BP1,,1BP1,0,,,"[[""PC1"", []]]"
1BQ1,,1BQ1,0,,,"[[""CB3"", []]]"
1BQ4,,1BQ4,0,,,"[[""BHC"", []]]"
1BQE,,1BQE,0,,,"[[""FAD"", []]]"
1BQO,,1BQO,0,,,"[[""N25"", []]]"
1BR6,,1BR6,0,,,"[[""PT1"", []]]"
1BRW,,1BRW,0,,,"[[""URA"", []]]"
1BS1,,1BS1,0,,,"[[""DAA"", []], [""ADP"", []]]"
1BSO,,1BSO,0,,,"[[""BRC"", []]]"
1BTO,,1BTO,0,,,"[[""NAD"", []], [""SSB"", []]]"
1BTY,,1BTY,0,,,"[[""BEN"", []]]"
1BU4,,1BU4,0,,,"[[""2GP"", []]]"
1BU5,,1BU5,0,,,"[[""RBF"", []]]"
1BUC,,1BUC,0,,,"[[""CAA"", []], [""FAD"", []]]"
1BUP,,1BUP,0,,,"[[""ADP"", []]]"
1BV7,,1BV7,0,,,"[[""XV6"", []]]"
1BV9,,1BV9,0,,,"[[""XV6"", []]]"
1BVY,,1BVY,0,,,"[[""FMN"", []]]"
1BWA,,1BWA,0,,,"[[""XV6"", []]]"
1BWB,,1BWB,0,,,"[[""146"", []]]"
1BWC,,1BWC,0,,,"[[""FAD"", []], [""AJ3"", []]]"
1BWK,,1BWK,0,,,"[[""FMN"", []]]"
1BWS,,1BWS,0,,,"[[""NDP"", []]]"
1BX0,,1BX0,0,,,"[[""FAD"", []]]"
1BX1,,1BX1,0,,,"[[""FAD"", []]]"
1BX4,,1BX4,0,,,"[[""ADN"", []]]"
1BXG,,1BXG,0,,,"[[""NAD"", []], [""HCI"", []]]"
1BXK,,1BXK,0,,,"[[""NAD"", []]]"
1BXM,,1BXM,0,,,"[[""ERG"", []]]"
1BXQ,,1BXQ,0,,,"[[""PP8"", []]]"
1BXS,,1BXS,0,,,"[[""NAD"", []]]"
1BYQ,,1BYQ,0,,,"[[""ADP"", []]]"
1BYU,,1BYU,0,,,"[[""GDP"", []]]"
1BZJ,,1BZJ,0,,,"[[""PIC"", []]]"
1BZL,,1BZL,0,,,"[[""FAD"", []], [""GCG"", []]]"
1BZM,,1BZM,0,,,"[[""MZM"", []]]"
1BZS,,1BZS,0,,,"[[""BSI"", []]]"
1BZY,,1BZY,0,,,"[[""IMU"", []]]"
1C0F,,1C0F,0,,,"[[""ATP"", []]]"
1C0G,,1C0G,0,,,"[[""ATP"", []]]"
1C0K,,1C0K,0,,,"[[""FAD"", []], [""LAC"", []]]"
1C0L,,1C0L,0,,,"[[""FAD"", []], [""FLA"", []]]"
1C14,,1C14,0,,,"[[""NAD"", []], [""TCL"", []]]"
1C1C,,1C1C,0,,,"[[""612"", []]]"
1C1D,,1C1D,0,,,"[[""NAD"", []], [""PHE"", []]]"
1C1E,,1C1E,0,,,"[[""ENH"", []]]"
1C1N,,1C1N,0,,,"[[""BAM"", []]]"
1C1Q,,1C1Q,0,,,"[[""BAI"", []]]"
1C1R,,1C1R,0,,,"[[""BAI"", []]]"
1C1T,,1C1T,0,,,"[[""BAB"", []]]"
1C1U,,1C1U,0,,,"[[""BAI"", []]]"
1C1V,,1C1V,0,,,"[[""BAB"", []]]"
1C1W,,1C1W,0,,,"[[""BAH"", []]]"
1C1X,,1C1X,0,,,"[[""NAD"", []], [""HFA"", []]]"
1C1Y,,1C1Y,0,,,"[[""GTP"", []]]"
1C23,,1C23,0,,,"[[""MPH"", []]]"
1C24,,1C24,0,,,"[[""MPJ"", []]]"
1C27,,1C27,0,,,"[[""NLP"", []]]"
1C29,,1C29,0,,,"[[""HE1"", []]]"
1C2D,,1C2D,0,,,"[[""BAK"", []]]"
1C2E,,1C2E,0,,,"[[""BAK"", []]]"
1C2H,,1C2H,0,,,"[[""BAK"", []]]"
1C2I,,1C2I,0,,,"[[""BAK"", []]]"
1C2J,,1C2J,0,,,"[[""BAK"", []]]"
1C2K,,1C2K,0,,,"[[""ABI"", []]]"
1C3E,,1C3E,0,,,"[[""GAR"", []], [""NHR"", []]]"
1C3Q,,1C3Q,0,,,"[[""TZE"", []]]"
1C3V,,1C3V,0,,,"[[""NDP"", []], [""PDC"", []]]"
1C3X,,1C3X,0,,,"[[""8IG"", []]]"
1C4U,,1C4U,0,,,"[[""IH1"", []]]"
1C4V,,1C4V,0,,,"[[""IH2"", []]]"
1C50,,1C50,0,,,"[[""CHI"", []]]"
1C5N,,1C5N,0,,,"[[""GLU"", []], [""ILE"", []], [""ESI"", []], [""PHE"", []], [""PRO"", []], [""LEU"", []], [""ASP"", []], [""TYS"", []]]"
1C5O,,1C5O,0,,,"[[""BAM"", []]]"
1C5P,,1C5P,0,,,"[[""BAM"", []]]"
1C5Q,,1C5Q,0,,,"[[""ESI"", []]]"
1C5R,,1C5R,0,,,"[[""ESI"", []], [""FLC"", []]]"
1C5S,,1C5S,0,,,"[[""ESX"", []]]"
1C5T,,1C5T,0,,,"[[""ESP"", []]]"
1C5U,,1C5U,0,,,"[[""ESP"", []]]"
1C5Z,,1C5Z,0,,,"[[""BAM"", []]]"
1C6X,,1C6X,0,,,"[[""3IN"", []]]"
1C6Y,,1C6Y,0,,,"[[""MK1"", []]]"
1C6Z,,1C6Z,0,,,"[[""ROC"", []]]"
1C70,,1C70,0,,,"[[""L75"", []]]"
1C7E,,1C7E,0,,,"[[""FMN"", []]]"
1C7F,,1C7F,0,,,"[[""FMN"", []]]"
1C7S,,1C7S,0,,,"[[""CBS"", []]]"
1C80,,1C80,0,,,"[[""GTP"", []]]"
1C81,,1C81,0,,,"[[""FDQ"", []]]"
1C84,,1C84,0,,,"[[""761"", []]]"
1C86,,1C86,0,,,"[[""OPA"", []]]"
1C87,,1C87,0,,,"[[""OPA"", []]]"
1C88,,1C88,0,,,"[[""OTA"", []]]"
1C8K,,1C8K,0,,,"[[""CPB"", []]]"
1C8L,,1C8L,0,,,"[[""CFF"", []], [""BIN"", []]]"
1C8V,,1C8V,0,,,"[[""HE1"", []]]"
1C96,,1C96,0,,,"[[""FLC"", []]]"
1C9C,,1C9C,0,,,"[[""PP3"", []]]"
1C9D,,1C9D,0,,,"[[""HF1"", []]]"
1C9K,,1C9K,0,,,"[[""5GP"", []]]"
1C9U,,1C9U,0,,,"[[""PQQ"", []]]"
1C9W,,1C9W,0,,,"[[""NAP"", []]]"
1C9Y,,1C9Y,0,,,"[[""NVA"", []], [""CP"", []]]"
1CA7,,1CA7,0,,,"[[""ENO"", []]]"
1CAQ,,1CAQ,0,,,"[[""DPS"", []]]"
1CB7,,1CB7,0,,,"[[""TAR"", []]]"
1CBF,,1CBF,0,,,"[[""SAH"", []]]"
1CBK,,1CBK,0,,,"[[""ROI"", []]]"
1CBO,,1CBO,0,,,"[[""FAD"", []]]"
1CBQ,,1CBQ,0,,,"[[""RE9"", []]]"
1CC2,,1CC2,0,,,"[[""FAD"", []]]"
1CC4,,1CC4,0,,,"[[""FAD"", []], [""PHB"", []]]"
1CC6,,1CC6,0,,,"[[""FAD"", []], [""PHB"", []]]"
1CCI,,1CCI,0,,,"[[""DMI"", []]]"
1CCW,,1CCW,0,,,"[[""TAR"", []]]"
1CD2,,1CD2,0,,,"[[""FOL"", []], [""NAP"", []]]"
1CDE,,1CDE,0,,,"[[""DZF"", []], [""GAR"", []]]"
1CDK,,1CDK,0,,,"[[""ANP"", []], [""MYR"", []]]"
1CE5,,1CE5,0,,,"[[""BEN"", []]]"
1CEB,,1CEB,0,,,"[[""AMH"", []]]"
1CF2,,1CF2,0,,,"[[""NAP"", []]]"
1CF3,,1CF3,0,,,"[[""FAD"", []]]"
1CFV,,1CFV,0,,,"[[""E3G"", []]]"
1CG0,,1CG0,0,,,"[[""GDP"", []], [""HDA"", []], [""IMO"", []]]"
1CG1,,1CG1,0,,,"[[""GDP"", []], [""HDA"", []], [""IMO"", []]]"
1CG3,,1CG3,0,,,"[[""GDP"", []], [""HDA"", []], [""IMO"", []]]"
1CG4,,1CG4,0,,,"[[""GDP"", []], [""IMO"", []]]"
1CG6,,1CG6,0,,,"[[""MTA"", []]]"
1CGK,,1CGK,0,,,"[[""NAR"", []]]"
1CGL,,1CGL,0,,,"[[""0ED"", []]]"
1CGZ,,1CGZ,0,,,"[[""STL"", []]]"
1CH0,,1CH0,0,,,"[[""2GP"", []]]"
1CHM,,1CHM,0,,,"[[""CMS"", []]]"
1CHW,,1CHW,0,,,"[[""HXC"", []]]"
1CIL,,1CIL,0,,,"[[""ETS"", []]]"
1CIM,,1CIM,0,,,"[[""PTS"", []]]"
1CIN,,1CIN,0,,,"[[""MTS"", []]]"
1CIP,,1CIP,0,,,"[[""GNP"", []]]"
1CIZ,,1CIZ,0,,,"[[""DPS"", []]]"
1CJ3,,1CJ3,0,,,"[[""FAD"", []], [""PHB"", []]]"
1CJ4,,1CJ4,0,,,"[[""FAD"", []], [""PHB"", []]]"
1CJB,,1CJB,0,,,"[[""IRP"", []]]"
1CJC,,1CJC,0,,,"[[""FAD"", []]]"
1CK6,,1CK6,0,,,"[[""SHA"", []]]"
1CKM,,1CKM,0,,,"[[""GTP"", []]]"
1CKN,,1CKN,0,,,"[[""GTP"", []]]"
1CL0,,1CL0,0,,,"[[""FAD"", []]]"
1CL2,,1CL2,0,,,"[[""PPG"", []]]"
1CLU,,1CLU,0,,,"[[""DBG"", []]]"
1CM0,,1CM0,0,,,"[[""COA"", []]]"
1CM8,,1CM8,0,,,"[[""ANP"", []]]"
1CMC,,1CMC,0,,,"[[""SAM"", []]]"
1CML,,1CML,0,,,"[[""MLC"", []]]"
1CMP,,1CMP,0,,,"[[""DMI"", []]]"
1CNQ,,1CNQ,0,,,"[[""F6P"", []]]"
1CNW,,1CNW,0,,,"[[""EG1"", []]]"
1CNX,,1CNX,0,,,"[[""EG2"", []]]"
1COM,,1COM,0,,,"[[""PRE"", []]]"
1COZ,,1COZ,0,,,"[[""CTP"", []]]"
1CQ7,,1CQ7,0,,,"[[""PY5"", []]]"
1CQ8,,1CQ8,0,,,"[[""PY6"", []]]"
1CQS,,1CQS,0,,,"[[""EQU"", []]]"
1CRB,,1CRB,0,,,"[[""RTL"", []]]"
1CS4,,1CS4,0,,,"[[""101"", []], [""FOK"", []], [""GSP"", []]]"
1CSC,,1CSC,0,,,"[[""LMR"", []], [""CMC"", []]]"
1CSH,,1CSH,0,,,"[[""AMX"", []], [""OAA"", []]]"
1CSI,,1CSI,0,,,"[[""OAA"", []], [""CMX"", []]]"
1CSN,,1CSN,0,,,"[[""ATP"", []]]"
1CSR,,1CSR,0,,,"[[""FAM"", []], [""OAA"", []]]"
1CSS,,1CSS,0,,,"[[""FCX"", []], [""OAA"", []]]"
1CT1,,1CT1,0,,,"[[""GAL"", []], [""NGA"", []], [""SIA"", []], [""BGC"", []]]"
1CT8,,1CT8,0,,,"[[""TAA"", []]]"
1CT9,,1CT9,0,,,"[[""GLN"", []]]"
1CTQ,,1CTQ,0,,,"[[""GNP"", []]]"
1CTU,,1CTU,0,,,"[[""ZEB"", []]]"
1CUL,,1CUL,0,,,"[[""3PO"", []], [""FOK"", []], [""103"", []], [""GSP"", []]]"
1CVU,,1CVU,0,,,"[[""SER"", []], [""ACD"", []], [""ILE"", []], [""ALA"", []], [""LYS"", []], [""ASN"", []], [""THR"", []]]"
1CW2,,1CW2,0,,,"[[""HSP"", []]]"
1CW4,,1CW4,0,,,"[[""AKG"", []]]"
1CWU,,1CWU,0,,,"[[""NAD"", []], [""TDB"", []]]"
1CX4,,1CX4,0,,,"[[""CMP"", []]]"
1CX9,,1CX9,0,,,"[[""NHP"", []]]"
1CXV,,1CXV,0,,,"[[""CBP"", []]]"
1CXZ,,1CXZ,0,,,"[[""GSP"", []]]"
1CY1,,1CY1,0,,,"[[""TMP"", []], [""THP"", []]]"
1CY2,,1CY2,0,,,"[[""TMP"", []]]"
1CY6,,1CY6,0,,,"[[""T3P"", []]]"
1CY7,,1CY7,0,,,"[[""TMP"", []]]"
1CY8,,1CY8,0,,,"[[""T3P"", []], [""TMP"", []]]"
1CYD,,1CYD,0,,,"[[""NAP"", []]]"
1CZC,,1CZC,0,,,"[[""GUA"", []]]"
1CZE,,1CZE,0,,,"[[""SIN"", []]]"
1CZH,,1CZH,0,,,"[[""FMN"", []]]"
1CZK,,1CZK,0,,,"[[""FMN"", []]]"
1CZL,,1CZL,0,,,"[[""FMN"", []]]"
1CZM,,1CZM,0,,,"[[""AAS"", []]]"
1CZN,,1CZN,0,,,"[[""FMN"", []]]"
1CZO,,1CZO,0,,,"[[""FMN"", []]]"
1CZR,,1CZR,0,,,"[[""FMN"", []]]"
1CZU,,1CZU,0,,,"[[""FMN"", []]]"
1D03,,1D03,0,,,"[[""FMN"", []]]"
1D04,,1D04,0,,,"[[""FMN"", []]]"
1D0C,,1D0C,0,,,"[[""INE"", []]]"
1D0M,,1D0M,0,,,"[[""NDG"", []], [""NAG"", []], [""BLG"", []]]"
1D0O,,1D0O,0,,,"[[""INE"", []]]"
1D0S,,1D0S,0,,,"[[""DMD"", []]]"
1D0V,,1D0V,0,,,"[[""NIO"", []], [""RBZ"", []]]"
1D0Y,,1D0Y,0,,,"[[""ONP"", []]]"
1D0Z,,1D0Z,0,,,"[[""PNQ"", []]]"
1D1A,,1D1A,0,,,"[[""DAE"", []]]"
1D1B,,1D1B,0,,,"[[""DAQ"", []]]"
1D1C,,1D1C,0,,,"[[""NMQ"", []]]"
1D1Q,,1D1Q,0,,,"[[""4NP"", []]]"
1D1S,,1D1S,0,,,"[[""NAD"", []]]"
1D1T,,1D1T,0,,,"[[""NAD"", []]]"
1D1V,,1D1V,0,,,"[[""PTU"", []], [""H4B"", []]]"
1D1X,,1D1X,0,,,"[[""4BT"", []], [""H4B"", []]]"
1D1Y,,1D1Y,0,,,"[[""3BT"", []]]"
1D2E,,1D2E,0,,,"[[""GDP"", []]]"
1D2N,,1D2N,0,,,"[[""ANP"", []]]"
1D2S,,1D2S,0,,,"[[""DHT"", []]]"
1D3D,,1D3D,0,,,"[[""BZT"", []]]"
1D3P,,1D3P,0,,,"[[""BT3"", []]]"
1D4A,,1D4A,0,,,"[[""FAD"", []]]"
1D4D,,1D4D,0,,,"[[""FAD"", []], [""SIN"", []]]"
1D4H,,1D4H,0,,,"[[""BEH"", []]]"
1D4I,,1D4I,0,,,"[[""BEG"", []]]"
1D4J,,1D4J,0,,,"[[""MSC"", []]]"
1D4K,,1D4K,0,,,"[[""PI8"", []]]"
1D4L,,1D4L,0,,,"[[""PI9"", []]]"
1D4O,,1D4O,0,,,"[[""NAP"", []]]"
1D4P,,1D4P,0,,,"[[""BPP"", []]]"
1D4S,,1D4S,0,,,"[[""TPV"", []]]"
1D4X,,1D4X,0,,,"[[""ATP"", []]]"
1D4Y,,1D4Y,0,,,"[[""TPV"", []]]"
1D5C,,1D5C,0,,,"[[""GDP"", []]]"
1D6H,,1D6H,0,,,"[[""COA"", []]]"
1D6S,,1D6S,0,,,"[[""PLP"", []], [""MET"", []]]"
1D6U,,1D6U,0,,,"[[""HY1"", []], [""PEA"", []]]"
1D6V,,1D6V,0,,,"[[""HOP"", []]]"
1D6W,,1D6W,0,,,"[[""GLU"", []], [""00R"", []], [""ILE"", []], [""PHE"", []], [""PRO"", []], [""LEU"", []], [""ASP"", []], [""TYS"", []]]"
1D6Y,,1D6Y,0,,,"[[""HY1"", []], [""PEA"", []]]"
1D6Z,,1D6Z,0,,,"[[""HY1"", []], [""PEA"", []]]"
1D7A,,1D7A,0,,,"[[""AIR"", []]]"
1D7L,,1D7L,0,,,"[[""RFL"", []], [""PHB"", []]]"
1D7O,,1D7O,0,,,"[[""NAD"", []], [""TCL"", []]]"
1D7R,,1D7R,0,,,"[[""5PA"", []]]"
1D7S,,1D7S,0,,,"[[""DCS"", []]]"
1D7U,,1D7U,0,,,"[[""LCS"", []]]"
1D7X,,1D7X,0,,,"[[""SPC"", []]]"
1D7Y,,1D7Y,0,,,"[[""FAD"", []]]"
1D8A,,1D8A,0,,,"[[""NAD"", []], [""TCL"", []]]"
1D8C,,1D8C,0,,,"[[""GLV"", []], [""SOR"", []]]"
1D8D,,1D8D,0,,,"[[""FII"", []]]"
1D8T,,1D8T,0,,,"[[""GDP"", []]]"
1D9I,,1D9I,0,,,"[[""00P"", []], [""GLU"", []], [""ILE"", []], [""PHE"", []], [""PRO"", []], [""LEU"", []], [""ASP"", []], [""TYS"", []]]"
1DAA,,1DAA,0,,,"[[""PLP"", []]]"
1DAD,,1DAD,0,,,"[[""ADP"", []]]"
1DAF,,1DAF,0,,,"[[""DSD"", []], [""ADP"", []]]"
1DAG,,1DAG,0,,,"[[""DSD"", []], [""ACP"", []]]"
1DAH,,1DAH,0,,,"[[""DNN"", []], [""ACP"", []]]"
1DAJ,,1DAJ,0,,,"[[""MOT"", []], [""NDP"", []]]"
1DAK,,1DAK,0,,,"[[""DPU"", []], [""ADP"", []]]"
1DAM,,1DAM,0,,,"[[""DTB"", []], [""ADP"", []]]"
1DAP,,1DAP,0,,,"[[""NDP"", []]]"
1DAR,,1DAR,0,,,"[[""GDP"", []]]"
1DAY,,1DAY,0,,,"[[""GNP"", []]]"
1DB1,,1DB1,0,,,"[[""VDX"", []]]"
1DB4,,1DB4,0,,,"[[""8IN"", []]]"
1DBO,,1DBO,0,,,"[[""NGA"", []], [""GC4"", []], [""SO4"", []]]"
1DBP,,1DBP,0,,,"[[""RIP"", []]]"
1DBT,,1DBT,0,,,"[[""U5P"", []]]"
1DBV,,1DBV,0,,,"[[""NAD"", []]]"
1DC6,,1DC6,0,,,"[[""NAD"", []]]"
1DCN,,1DCN,0,,,"[[""AS1"", []]]"
1DD6,,1DD6,0,,,"[[""MCI"", []]]"
1DDG,,1DDG,0,,,"[[""FAD"", []]]"
1DDS,,1DDS,0,,,"[[""MTX"", []]]"
1DDU,,1DDU,0,,,"[[""DDU"", []], [""CB3"", []]]"
1DE5,,1DE5,0,,,"[[""RNT"", []]]"
1DE6,,1DE6,0,,,"[[""RNS"", []]]"
1DEJ,,1DEJ,0,,,"[[""ATP"", []]]"
1DEK,,1DEK,0,,,"[[""DGP"", []]]"
1DF7,,1DF7,0,,,"[[""MTX"", []], [""NDP"", []]]"
1DF8,,1DF8,0,,,"[[""BTN"", []]]"
1DFG,,1DFG,0,,,"[[""NAD"", []], [""NDT"", []]]"
1DFH,,1DFH,0,,,"[[""NAD"", []], [""TDB"", []]]"
1DFI,,1DFI,0,,,"[[""NAD"", []]]"
1DFO,,1DFO,0,,,"[[""PLG"", []], [""FFO"", []]]"
1DG1,,1DG1,0,,,"[[""GDP"", []]]"
1DG7,,1DG7,0,,,"[[""WRB"", []], [""NDP"", []]]"
1DG8,,1DG8,0,,,"[[""NDP"", []]]"
1DGG,,1DGG,0,,,"[[""NDP"", []]]"
1DGH,,1DGH,0,,,"[[""NDP"", []]]"
1DGM,,1DGM,0,,,"[[""ADN"", []]]"
1DHI,,1DHI,0,,,"[[""MTX"", []]]"
1DHJ,,1DHJ,0,,,"[[""MTX"", []]]"
1DHR,,1DHR,0,,,"[[""NAD"", []]]"
1DHT,,1DHT,0,,,"[[""DHT"", []]]"
1DI8,,1DI8,0,,,"[[""DTQ"", []]]"
1DIA,,1DIA,0,,,"[[""NAP"", []], [""L24"", []]]"
1DIF,,1DIF,0,,,"[[""A85"", []]]"
1DIG,,1DIG,0,,,"[[""L37"", []], [""NAP"", []]]"
1DIM,,1DIM,0,,,"[[""EQP"", []]]"
1DJL,,1DJL,0,,,"[[""NAP"", []]]"
1DJN,,1DJN,0,,,"[[""FMN"", []], [""ADP"", []]]"
1DJQ,,1DJQ,0,,,"[[""FMN"", []], [""ADP"", []]]"
1DJX,,1DJX,0,,,"[[""I3P"", []]]"
1DKF,,1DKF,0,,,"[[""OLA"", []], [""BMS"", []]]"
1DKQ,,1DKQ,0,,,"[[""IHP"", []]]"
1DKU,,1DKU,0,,,"[[""AP2"", []], [""ABM"", []]]"
1DL5,,1DL5,0,,,"[[""SAH"", []]]"
1DL7,,1DL7,0,,,"[[""NCH"", []]]"
1DLG,,1DLG,0,,,"[[""HAI"", []]]"
1DLI,,1DLI,0,,,"[[""NAD"", []], [""UDX"", []]]"
1DLJ,,1DLJ,0,,,"[[""NAI"", []], [""UGA"", []]]"
1DLQ,,1DLQ,0,,,"[[""LIO"", []]]"
1DLR,,1DLR,0,,,"[[""MXA"", []], [""NDP"", []]]"
1DLS,,1DLS,0,,,"[[""MTX"", []], [""NDP"", []]]"
1DLV,,1DLV,0,,,"[[""COA"", []]]"
1DM2,,1DM2,0,,,"[[""HMD"", []]]"
1DM3,,1DM3,0,,,"[[""ACO"", []]]"
1DM6,,1DM6,0,,,"[[""PH3"", []]]"
1DM7,,1DM7,0,,,"[[""HRG"", []]]"
1DM8,,1DM8,0,,,"[[""H4B"", []], [""TZC"", []]]"
1DMH,,1DMH,0,,,"[[""LIO"", []], [""MCT"", []]]"
1DMJ,,1DMJ,0,,,"[[""AP4"", []], [""ITU"", []]]"
1DMK,,1DMK,0,,,"[[""AP6"", []], [""ITU"", []]]"
1DMS,,1DMS,0,,,"[[""PGD"", []]]"
1DMT,,1DMT,0,,,"[[""RDF"", []]]"
1DMY,,1DMY,0,,,"[[""AZM"", []]]"
1DNA,,1DNA,0,,,"[[""CB3"", []]]"
1DNC,,1DNC,0,,,"[[""FAD"", []], [""GSH"", []]]"
1DNP,,1DNP,0,,,"[[""FAD"", []], [""MHF"", []]]"
1DOB,,1DOB,0,,,"[[""FAD"", []], [""PHB"", []]]"
1DOC,,1DOC,0,,,"[[""FAD"", []], [""PHB"", []]]"
1DOD,,1DOD,0,,,"[[""DOB"", []], [""FAD"", []]]"
1DOE,,1DOE,0,,,"[[""DOB"", []], [""FAD"", []]]"
1DOH,,1DOH,0,,,"[[""NID"", []], [""NDP"", []]]"
1DOR,,1DOR,0,,,"[[""FMN"", []]]"
1DPF,,1DPF,0,,,"[[""GDP"", []]]"
1DPM,,1DPM,0,,,"[[""EBP"", []]]"
1DPO,,1DPO,0,,,"[[""BEN"", []]]"
1DQ8,,1DQ8,0,,,"[[""COA"", []], [""MAH"", []]]"
1DQA,,1DQA,0,,,"[[""COA"", []], [""MAH"", []], [""NAP"", []]]"
1DQE,,1DQE,0,,,"[[""BOM"", []]]"
1DQN,,1DQN,0,,,"[[""IMU"", []]]"
1DQP,,1DQP,0,,,"[[""IMG"", []]]"
1DQR,,1DQR,0,,,"[[""6PG"", []]]"
1DQX,,1DQX,0,,,"[[""BMP"", []]]"
1DR2,,1DR2,0,,,"[[""TAP"", []]]"
1DR3,,1DR3,0,,,"[[""TAP"", []], [""HBI"", []]]"
1DR4,,1DR4,0,,,"[[""NAP"", []], [""HBI"", []]]"
1DR5,,1DR5,0,,,"[[""NAP"", []]]"
1DR6,,1DR6,0,,,"[[""NAP"", []], [""HBI"", []]]"
1DR7,,1DR7,0,,,"[[""NAP"", []]]"
1DRA,,1DRA,0,,,"[[""MTX"", []]]"
1DRB,,1DRB,0,,,"[[""MTX"", []]]"
1DRF,,1DRF,0,,,"[[""FOL"", []]]"
1DRH,,1DRH,0,,,"[[""NAP"", []]]"
1DRJ,,1DRJ,0,,,"[[""RIP"", []]]"
1DRK,,1DRK,0,,,"[[""RIP"", []]]"
1DRT,,1DRT,0,,,"[[""PCV"", []], [""AKG"", []]]"
1DRU,,1DRU,0,,,"[[""NAD"", []]]"
1DRV,,1DRV,0,,,"[[""A3D"", []]]"
1DRW,,1DRW,0,,,"[[""NHD"", []]]"
1DS1,,1DS1,0,,,"[[""AKG"", []]]"
1DS6,,1DS6,0,,,"[[""GDP"", []]]"
1DS7,,1DS7,0,,,"[[""FMN"", []]]"
1DSS,,1DSS,0,,,"[[""NAD"", []]]"
1DTL,,1DTL,0,,,"[[""BEP"", []]]"
1DTP,,1DTP,0,,,"[[""APU"", []]]"
1DUV,,1DUV,0,,,"[[""PSQ"", []]]"
1DV2,,1DV2,0,,,"[[""ATP"", []]]"
1DVJ,,1DVJ,0,,,"[[""UP6"", []]]"
1DVR,,1DVR,0,,,"[[""ATF"", []]]"
1DWV,,1DWV,0,,,"[[""4AB"", []], [""HAR"", []]]"
1DWW,,1DWW,0,,,"[[""HAR"", []], [""H2B"", []]]"
1DXO,,1DXO,0,,,"[[""DQN"", []], [""FAD"", []]]"
1DXY,,1DXY,0,,,"[[""NAD"", []], [""COI"", []]]"
1DY4,,1DY4,0,,,"[[""SNP"", []]]"
1DYH,,1DYH,0,,,"[[""DZF"", []]]"
1DYI,,1DYI,0,,,"[[""FOL"", []]]"
1DYJ,,1DYJ,0,,,"[[""DDF"", []]]"
1DYR,,1DYR,0,,,"[[""TOP"", []], [""NDP"", []]]"
1DZ6,,1DZ6,0,,,"[[""CAM"", []]]"
1DZ8,,1DZ8,0,,,"[[""CAM"", []]]"
1DZ9,,1DZ9,0,,,"[[""CAM"", []]]"
1DZK,,1DZK,0,,,"[[""PRZ"", []]]"
1DZM,,1DZM,0,,,"[[""BZM"", []]]"
1DZP,,1DZP,0,,,"[[""BZQ"", []]]"
1E1K,,1E1K,0,,,"[[""FAD"", []], [""NAP"", []]]"
1E1L,,1E1L,0,,,"[[""FAD"", []], [""NAP"", []]]"
1E1M,,1E1M,0,,,"[[""FAD"", []], [""NAP"", []]]"
1E1N,,1E1N,0,,,"[[""FAD"", []]]"
1E1T,,1E1T,0,,,"[[""LAD"", []]]"
1E1V,,1E1V,0,,,"[[""CMG"", []]]"
1E1X,,1E1X,0,,,"[[""NW1"", []]]"
1E1Y,,1E1Y,0,,,"[[""CPB"", []], [""GLC"", []]]"
1E2D,,1E2D,0,,,"[[""TMP"", []], [""ADP"", []]]"
1E2E,,1E2E,0,,,"[[""TMP"", []], [""ADP"", []], [""AF3"", []]]"
1E2G,,1E2G,0,,,"[[""TMP"", []], [""ADP"", []], [""TYD"", []]]"
1E2I,,1E2I,0,,,"[[""APS"", []], [""ARP"", []]]"
1E2J,,1E2J,0,,,"[[""THM"", []]]"
1E2K,,1E2K,0,,,"[[""TMC"", []]]"
1E2L,,1E2L,0,,,"[[""TMC"", []]]"
1E2M,,1E2M,0,,,"[[""HPT"", []]]"
1E2N,,1E2N,0,,,"[[""RCA"", []]]"
1E2P,,1E2P,0,,,"[[""CCV"", []]]"
1E2Q,,1E2Q,0,,,"[[""TMP"", []], [""ATP"", []]]"
1E3E,,1E3E,0,,,"[[""NAD"", []]]"
1E3G,,1E3G,0,,,"[[""R18"", []]]"
1E3I,,1E3I,0,,,"[[""CXF"", []], [""NAD"", []]]"
1E3L,,1E3L,0,,,"[[""NAD"", []]]"
1E3R,,1E3R,0,,,"[[""AND"", []]]"
1E3S,,1E3S,0,,,"[[""NAD"", []]]"
1E4E,,1E4E,0,,,"[[""PHY"", []], [""ADP"", []]]"
1E4I,,1E4I,0,,,"[[""NFG"", []]]"
1E4V,,1E4V,0,,,"[[""AP5"", []]]"
1E4Y,,1E4Y,0,,,"[[""AP5"", []]]"
1E5D,,1E5D,0,,,"[[""FMN"", []]]"
1E5F,,1E5F,0,,,"[[""PLP"", []]]"
1E5I,,1E5I,0,,,"[[""AKG"", []]]"
1E5V,,1E5V,0,,,"[[""PGD"", []]]"
1E6E,,1E6E,0,,,"[[""FAD"", []]]"
1E6Q,,1E6Q,0,,,"[[""NTZ"", []]]"
1E6S,,1E6S,0,,,"[[""GOX"", []]]"
1E6W,,1E6W,0,,,"[[""NAD"", []], [""EST"", []]]"
1E6X,,1E6X,0,,,"[[""LGC"", []]]"
1E6Z,,1E6Z,0,,,"[[""NAG"", []], [""NGO"", []]]"
1E7B,,1E7B,0,,,"[[""HLT"", []]]"
1E7C,,1E7C,0,,,"[[""HLT"", []], [""MYR"", []]]"
1E7E,,1E7E,0,,,"[[""DKA"", []]]"
1E7F,,1E7F,0,,,"[[""DAO"", []]]"
1E7G,,1E7G,0,,,"[[""MYR"", []]]"
1E7H,,1E7H,0,,,"[[""PLM"", []]]"
1E7R,,1E7R,0,,,"[[""NAP"", []]]"
1E7S,,1E7S,0,,,"[[""NAP"", []]]"
1E7V,,1E7V,0,,,"[[""LY2"", []]]"
1E7W,,1E7W,0,,,"[[""MTX"", []], [""NDP"", []]]"
1E8C,,1E8C,0,,,"[[""UAG"", []], [""API"", []]]"
1E8G,,1E8G,0,,,"[[""FCR"", []], [""FAD"", []]]"
1E8V,,1E8V,0,,,"[[""DAN"", []]]"
1E8W,,1E8W,0,,,"[[""QUE"", []]]"
1E8X,,1E8X,0,,,"[[""ATP"", []]]"
1E8Z,,1E8Z,0,,,"[[""STU"", []]]"
1E9A,,1E9A,0,,,"[[""Z5A"", []]]"
1E9B,,1E9B,0,,,"[[""ANP"", []], [""ATM"", []], [""ADP"", []]]"
1E9C,,1E9C,0,,,"[[""ANP"", []], [""TMP"", []], [""ADP"", []]]"
1E9D,,1E9D,0,,,"[[""ATM"", []], [""ADP"", []]]"
1E9E,,1E9E,0,,,"[[""TMP"", []], [""ADP"", []]]"
1E9F,,1E9F,0,,,"[[""TMP"", []], [""ADP"", []]]"
1E9H,,1E9H,0,,,"[[""INR"", []]]"
1E9X,,1E9X,0,,,"[[""PIM"", []]]"
1EAG,,1EAG,0,,,"[[""A70"", []]]"
1EAM,,1EAM,0,,,"[[""SAH"", []]]"
1EAX,,1EAX,0,,,"[[""BEN"", []]]"
1EB1,,1EB1,0,,,"[[""GLU"", []], [""ILE"", []], [""ZAL"", []], [""ALA"", []], [""TYR"", []], [""PRO"", []], [""PHE"", []], [""ASP"", []], [""MMO"", []]]"
1EB2,,1EB2,0,,,"[[""BPO"", []]]"
1EB9,,1EB9,0,,,"[[""HBA"", []]]"
1EBF,,1EBF,0,,,"[[""NAD"", []]]"
1EBW,,1EBW,0,,,"[[""BEI"", []]]"
1EBY,,1EBY,0,,,"[[""BEB"", []]]"
1EBZ,,1EBZ,0,,,"[[""BEC"", []]]"
1EC0,,1EC0,0,,,"[[""BED"", []]]"
1EC1,,1EC1,0,,,"[[""BEE"", []]]"
1EC2,,1EC2,0,,,"[[""BEJ"", []]]"
1EC3,,1EC3,0,,,"[[""MS3"", []]]"
1EC8,,1EC8,0,,,"[[""GLR"", []]]"
1EC9,,1EC9,0,,,"[[""XYH"", []]]"
1ECC,,1ECC,0,,,"[[""PCP"", []]]"
1ECJ,,1ECJ,0,,,"[[""AMP"", []]]"
1ECM,,1ECM,0,,,"[[""TSA"", []]]"
1ECQ,,1ECQ,0,,,"[[""DXG"", []]]"
1ECV,,1ECV,0,,,"[[""878"", []]]"
1ED4,,1ED4,0,,,"[[""IPU"", []]]"
1ED5,,1ED5,0,,,"[[""NRG"", []]]"
1ED6,,1ED6,0,,,"[[""ILO"", []]]"
1EDO,,1EDO,0,,,"[[""NAP"", []]]"
1EE0,,1EE0,0,,,"[[""CAA"", []]]"
1EE1,,1EE1,0,,,"[[""DND"", []], [""ATP"", []]]"
1EEH,,1EEH,0,,,"[[""UMA"", []]]"
1EFC,,1EFC,0,,,"[[""GDP"", []]]"
1EFH,,1EFH,0,,,"[[""A3P"", []]]"
1EFT,,1EFT,0,,,"[[""GNP"", []]]"
1EFY,,1EFY,0,,,"[[""BZC"", []]]"
1EG2,,1EG2,0,,,"[[""MTA"", []]]"
1EGH,,1EGH,0,,,"[[""PGA"", []]]"
1EGY,,1EGY,0,,,"[[""9AP"", []]]"
1EHI,,1EHI,0,,,"[[""PHY"", []], [""ADP"", []]]"
1EIX,,1EIX,0,,,"[[""BMQ"", []]]"
1EIZ,,1EIZ,0,,,"[[""SAM"", []]]"
1EJ0,,1EJ0,0,,,"[[""SAM"", []]]"
1EJ1,,1EJ1,0,,,"[[""M7G"", []]]"
1EJ2,,1EJ2,0,,,"[[""NAD"", []]]"
1EJ3,,1EJ3,0,,,"[[""CZH"", []]]"
1EJ4,,1EJ4,0,,,"[[""M7G"", []]]"
1EJB,,1EJB,0,,,"[[""INJ"", []]]"
1EJE,,1EJE,0,,,"[[""FMN"", []]]"
1EJH,,1EJH,0,,,"[[""M7G"", []]]"
1EJJ,,1EJJ,0,,,"[[""3PG"", []]]"
1EK0,,1EK0,0,,,"[[""GDP"", []], [""GNP"", []]]"
1EK5,,1EK5,0,,,"[[""NAD"", []]]"
1EK6,,1EK6,0,,,"[[""NAI"", []], [""UPG"", []]]"
1EKO,,1EKO,0,,,"[[""I84"", []], [""NAP"", []]]"
1EKX,,1EKX,0,,,"[[""PAL"", []]]"
1EL3,,1EL3,0,,,"[[""I84"", []], [""NAP"", []]]"
1EL4,,1EL4,0,,,"[[""CTZ"", []]]"
1EL5,,1EL5,0,,,"[[""DMG"", []]]"
1EL7,,1EL7,0,,,"[[""MTD"", []]]"
1EL8,,1EL8,0,,,"[[""MSF"", []]]"
1EL9,,1EL9,0,,,"[[""MTG"", []]]"
1ELB,,1ELB,0,,,"[[""0Z4"", []]]"
1ELC,,1ELC,0,,,"[[""0Z3"", []]]"
1ELE,,1ELE,0,,,"[[""0QN"", []]]"
1ELI,,1ELI,0,,,"[[""PYC"", []]]"
1EM6,,1EM6,0,,,"[[""NBG"", []], [""CP4"", []]]"
1EMD,,1EMD,0,,,"[[""NAD"", []], [""CIT"", []]]"
1ENO,,1ENO,0,,,"[[""NAD"", []]]"
1ENT,,1ENT,0,,,"[[""0EM"", []]]"
1ENU,,1ENU,0,,,"[[""APZ"", []]]"
1ENY,,1ENY,0,,,"[[""NAD"", []]]"
1EOB,,1EOB,0,,,"[[""DHB"", []]]"
1EOS,,1EOS,0,,,"[[""U2G"", []]]"
1EOU,,1EOU,0,,,"[[""SMS"", []]]"
1EOW,,1EOW,0,,,"[[""U2G"", []]]"
1EP1,,1EP1,0,,,"[[""FMN"", []], [""FAD"", []]]"
1EP2,,1EP2,0,,,"[[""FMN"", []], [""FAD"", []], [""ORO"", []]]"
1EP3,,1EP3,0,,,"[[""FMN"", []], [""FAD"", []]]"
1EP4,,1EP4,0,,,"[[""S11"", []]]"
1EP9,,1EP9,0,,,"[[""CP"", []]]"
1EPB,,1EPB,0,,,"[[""REA"", []]]"
1EPQ,,1EPQ,0,,,"[[""0QF"", []]]"
1EPR,,1EPR,0,,,"[[""0QS"", []]]"
1EQA,,1EQA,0,,,"[[""SAH"", []], [""MG7"", []]]"
1EQJ,,1EQJ,0,,,"[[""2PG"", []]]"
1EQY,,1EQY,0,,,"[[""ATP"", []]]"
1ERB,,1ERB,0,,,"[[""ETR"", []]]"
1ESM,,1ESM,0,,,"[[""COA"", []]]"
1ESQ,,1ESQ,0,,,"[[""TZP"", []], [""ATP"", []]]"
1ESV,,1ESV,0,,,"[[""LAR"", []], [""ATP"", []]]"
1ESW,,1ESW,0,,,"[[""ACR"", []]]"
1ESZ,,1ESZ,0,,,"[[""CPO"", []]]"
1ETR,,1ETR,0,,,"[[""MIT"", []]]"
1ETS,,1ETS,0,,,"[[""MID"", []]]"
1ETT,,1ETT,0,,,"[[""0ZG"", []]]"
1EU8,,1EU8,0,,,"[[""TRE"", []]]"
1EUP,,1EUP,0,,,"[[""ASD"", []]]"
1EV4,,1EV4,0,,,"[[""GTS"", []]]"
1EV6,,1EV6,0,,,"[[""CRS"", []]]"
1EVE,,1EVE,0,,,"[[""E20"", []]]"
1EVI,,1EVI,0,,,"[[""2PC"", []], [""FAD"", []]]"
1EVR,,1EVR,0,,,"[[""RCO"", []]]"
1EWF,,1EWF,0,,,"[[""PC1"", []]]"
1EWJ,,1EWJ,0,,,"[[""BLM"", []]]"
1EWK,,1EWK,0,,,"[[""GLU"", []]]"
1EWY,,1EWY,0,,,"[[""FAD"", []]]"
1EX7,,1EX7,0,,,"[[""5GP"", []]]"
1EX8,,1EX8,0,,,"[[""A4P"", []]]"
1EXA,,1EXA,0,,,"[[""394"", []]]"
1EXB,,1EXB,0,,,"[[""NDP"", []]]"
1EXM,,1EXM,0,,,"[[""GNP"", []]]"
1EXV,,1EXV,0,,,"[[""NBG"", []], [""700"", []]]"
1EXX,,1EXX,0,,,"[[""961"", []]]"
1EY3,,1EY3,0,,,"[[""DAK"", []]]"
1EYE,,1EYE,0,,,"[[""PMM"", []]]"
1EYJ,,1EYJ,0,,,"[[""F6P"", []], [""AMP"", []]]"
1EYK,,1EYK,0,,,"[[""F6P"", []], [""AMP"", []]]"
1EYR,,1EYR,0,,,"[[""CDP"", []]]"
1EYW,,1EYW,0,,,"[[""PEL"", []], [""TEN"", []]]"
1EYZ,,1EYZ,0,,,"[[""ANP"", []]]"
1EZ2,,1EZ2,0,,,"[[""DII"", []]]"
1EZ4,,1EZ4,0,,,"[[""NAD"", []]]"
1EZF,,1EZF,0,,,"[[""IN0"", []]]"
1EZQ,,1EZQ,0,,,"[[""RPR"", []]]"
1F06,,1F06,0,,,"[[""2NP"", []], [""NDP"", []]]"
1F0L,,1F0L,0,,,"[[""APU"", []]]"
1F0S,,1F0S,0,,,"[[""PR2"", []]]"
1F0T,,1F0T,0,,,"[[""PR1"", []]]"
1F0U,,1F0U,0,,,"[[""RPR"", []]]"
1F0X,,1F0X,0,,,"[[""FAD"", []]]"
1F0Y,,1F0Y,0,,,"[[""NAD"", []], [""CAA"", []]]"
1F12,,1F12,0,,,"[[""3HC"", []]]"
1F1B,,1F1B,0,,,"[[""PAL"", []]]"
1F1V,,1F1V,0,,,"[[""DHY"", []]]"
1F28,,1F28,0,,,"[[""F89"", []], [""UMP"", []]]"
1F2U,,1F2U,0,,,"[[""ATP"", []]]"
1F3B,,1F3B,0,,,"[[""GBX"", []]]"
1F3D,,1F3D,0,,,"[[""TPM"", []]]"
1F3E,,1F3E,0,,,"[[""DPZ"", []]]"
1F3L,,1F3L,0,,,"[[""SAH"", []]]"
1F3P,,1F3P,0,,,"[[""NAD"", []], [""FAD"", []]]"
1F3T,,1F3T,0,,,"[[""PLP"", []], [""PUT"", []]]"
1F48,,1F48,0,,,"[[""ADP"", []]]"
1F4E,,1F4E,0,,,"[[""TPR"", []]]"
1F4F,,1F4F,0,,,"[[""TP3"", []]]"
1F4G,,1F4G,0,,,"[[""TP4"", []]]"
1F4P,,1F4P,0,,,"[[""FMN"", []]]"
1F57,,1F57,0,,,"[[""DCY"", []]]"
1F5A,,1F5A,0,,,"[[""3PO"", []], [""3AT"", []]]"
1F5F,,1F5F,0,,,"[[""DHT"", []]]"
1F5K,,1F5K,0,,,"[[""BAM"", []]]"
1F5N,,1F5N,0,,,"[[""GNP"", []]]"
1F5V,,1F5V,0,,,"[[""FMN"", []]]"
1F6B,,1F6B,0,,,"[[""GDP"", []]]"
1F6D,,1F6D,0,,,"[[""UDP"", []]]"
1F73,,1F73,0,,,"[[""HMN"", []]]"
1F74,,1F74,0,,,"[[""NAY"", []]]"
1F76,,1F76,0,,,"[[""FMN"", []], [""ORO"", []]]"
1F7P,,1F7P,0,,,"[[""UDP"", []]]"
1F7Q,,1F7Q,0,,,"[[""DUT"", []]]"
1F8C,,1F8C,0,,,"[[""4AM"", []]]"
1F8D,,1F8D,0,,,"[[""9AM"", []]]"
1F8E,,1F8E,0,,,"[[""49A"", []]]"
1F8F,,1F8F,0,,,"[[""NAD"", []]]"
1F8G,,1F8G,0,,,"[[""NAD"", []]]"
1F8I,,1F8I,0,,,"[[""GLV"", []], [""SIN"", []]]"
1F8R,,1F8R,0,,,"[[""FAD"", []], [""CIT"", []]]"
1F8W,,1F8W,0,,,"[[""FAD"", []]]"
1F8Y,,1F8Y,0,,,"[[""5MD"", []]]"
1F9A,,1F9A,0,,,"[[""ATP"", []]]"
1F9G,,1F9G,0,,,"[[""ASC"", []]]"
1F9H,,1F9H,0,,,"[[""APC"", []], [""PH2"", []]]"
1F9O,,1F9O,0,,,"[[""SSG"", []], [""PIH"", []], [""BGC"", []]]"
1F9T,,1F9T,0,,,"[[""ADP"", []]]"
1F9U,,1F9U,0,,,"[[""ADP"", []]]"
1F9V,,1F9V,0,,,"[[""ADP"", []]]"
1F9W,,1F9W,0,,,"[[""ADP"", []]]"
1FA2,,1FA2,0,,,"[[""DOM"", []]]"
1FBH,,1FBH,0,,,"[[""FBP"", []], [""AFP"", []]]"
1FBO,,1FBO,0,,,"[[""GLO"", []], [""GLC"", []]]"
1FBY,,1FBY,0,,,"[[""REA"", []]]"
1FC0,,1FC0,0,,,"[[""NBG"", []]]"
1FC4,,1FC4,0,,,"[[""PLP"", []], [""AKB"", []]]"
1FCB,,1FCB,0,,,"[[""FMN"", []], [""PYR"", []]]"
1FCE,,1FCE,0,,,"[[""MGL"", []], [""SGC"", []], [""BGC"", []]]"
1FCX,,1FCX,0,,,"[[""184"", []]]"
1FCY,,1FCY,0,,,"[[""564"", []]]"
1FCZ,,1FCZ,0,,,"[[""156"", []]]"
1FD0,,1FD0,0,,,"[[""254"", []]]"
1FD7,,1FD7,0,,,"[[""AI1"", []]]"
1FDJ,,1FDJ,0,,,"[[""G3P"", []], [""2FP"", []], [""13P"", []]]"
1FDQ,,1FDQ,0,,,"[[""HXA"", []]]"
1FDR,,1FDR,0,,,"[[""FAD"", []]]"
1FDS,,1FDS,0,,,"[[""EST"", []]]"
1FDT,,1FDT,0,,,"[[""EST"", []], [""NAP"", []]]"
1FEA,,1FEA,0,,,"[[""FAD"", []]]"
1FEC,,1FEC,0,,,"[[""FAD"", []]]"
1FEL,,1FEL,0,,,"[[""FEN"", []]]"
1FEM,,1FEM,0,,,"[[""REA"", []]]"
1FFQ,,1FFQ,0,,,"[[""AMI"", []], [""NAA"", []]]"
1FG7,,1FG7,0,,,"[[""PMP"", []]]"
1FGH,,1FGH,0,,,"[[""ATH"", []]]"
1FGX,,1FGX,0,,,"[[""U5P"", []]]"
1FGY,,1FGY,0,,,"[[""4IP"", []]]"
1FH7,,1FH7,0,,,"[[""XDN"", []], [""XYP"", []]]"
1FH8,,1FH8,0,,,"[[""XIF"", []], [""XYP"", []]]"
1FH9,,1FH9,0,,,"[[""LOX"", []], [""XYP"", []]]"
1FHD,,1FHD,0,,,"[[""XIM"", []], [""XYP"", []]]"
1FHV,,1FHV,0,,,"[[""OSB"", []]]"
1FHW,,1FHW,0,,,"[[""I5P"", []]]"
1FHX,,1FHX,0,,,"[[""4IP"", []]]"
1FIN,,1FIN,0,,,"[[""ATP"", []]]"
1FIQ,,1FIQ,0,,,"[[""FAD"", []], [""MTE"", []], [""SAL"", []]]"
1FIW,,1FIW,0,,,"[[""PBZ"", []]]"
1FJ6,,1FJ6,0,,,"[[""F6P"", []]]"
1FJ9,,1FJ9,0,,,"[[""F6P"", []], [""AMP"", []]]"
1FJS,,1FJS,0,,,"[[""Z34"", []]]"
1FK1,,1FK1,0,,,"[[""DAO"", []]]"
1FK2,,1FK2,0,,,"[[""MYR"", []]]"
1FK3,,1FK3,0,,,"[[""PAM"", []]]"
1FK4,,1FK4,0,,,"[[""STE"", []]]"
1FK5,,1FK5,0,,,"[[""OLA"", []]]"
1FK6,,1FK6,0,,,"[[""LNL"", []]]"
1FK7,,1FK7,0,,,"[[""RCL"", []]]"
1FK8,,1FK8,0,,,"[[""NAD"", []]]"
1FK9,,1FK9,0,,,"[[""EFZ"", []]]"
1FKW,,1FKW,0,,,"[[""PUR"", []]]"
1FKX,,1FKX,0,,,"[[""PRH"", []]]"
1FL2,,1FL2,0,,,"[[""FAD"", []]]"
1FL3,,1FL3,0,,,"[[""SPB"", []]]"
1FLA,,1FLA,0,,,"[[""FMN"", []]]"
1FLD,,1FLD,0,,,"[[""FMN"", []]]"
1FLM,,1FLM,0,,,"[[""FMN"", []]]"
1FLN,,1FLN,0,,,"[[""FMN"", []]]"
1FLR,,1FLR,0,,,"[[""FLU"", []]]"
1FLV,,1FLV,0,,,"[[""FMN"", []]]"
1FM4,,1FM4,0,,,"[[""DXC"", []]]"
1FM7,,1FM7,0,,,"[[""DFV"", []]]"
1FM8,,1FM8,0,,,"[[""DDC"", []]]"
1FMC,,1FMC,0,,,"[[""NAD"", []], [""CHO"", []]]"
1FMJ,,1FMJ,0,,,"[[""RTL"", []], [""A3P"", []]]"
1FMW,,1FMW,0,,,"[[""ATP"", []]]"
1FNB,,1FNB,0,,,"[[""FAD"", []]]"
1FNC,,1FNC,0,,,"[[""FDA"", []], [""A2P"", []]]"
1FNN,,1FNN,0,,,"[[""ADP"", []]]"
1FO3,,1FO3,0,,,"[[""KIF"", []]]"
1FOA,,1FOA,0,,,"[[""UD1"", []]]"
1FOI,,1FOI,0,,,"[[""14W"", []]]"
1FOJ,,1FOJ,0,,,"[[""7I2"", []], [""7NI"", []]]"
1FP1,,1FP1,0,,,"[[""HCC"", []], [""SAH"", []]]"
1FP4,,1FP4,0,,,"[[""HCA"", []]]"
1FPC,,1FPC,0,,,"[[""0ZI"", []]]"
1FPD,,1FPD,0,,,"[[""AHG"", []], [""AMP"", []]]"
1FPE,,1FPE,0,,,"[[""AHG"", []], [""AMP"", []]]"
1FPF,,1FPF,0,,,"[[""AHG"", []], [""AMP"", []]]"
1FPG,,1FPG,0,,,"[[""AHG"", []], [""AMP"", []]]"
1FPI,,1FPI,0,,,"[[""AHG"", []], [""AMP"", []]]"
1FPU,,1FPU,0,,,"[[""PRC"", []]]"
1FPX,,1FPX,0,,,"[[""SAM"", []]]"
1FQ5,,1FQ5,0,,,"[[""0GM"", []]]"
1FQC,,1FQC,0,,,"[[""GLO"", []], [""GLC"", []]]"
1FQD,,1FQD,0,,,"[[""GLO"", []], [""GLC"", []]]"
1FQJ,,1FQJ,0,,,"[[""GDP"", []], [""ALF"", []]]"
1FQK,,1FQK,0,,,"[[""GDP"", []], [""ALF"", []]]"
1FRB,,1FRB,0,,,"[[""ZST"", []], [""NAP"", []]]"
1FRN,,1FRN,0,,,"[[""FAD"", []]]"
1FRO,,1FRO,0,,,"[[""GSB"", []]]"
1FRQ,,1FRQ,0,,,"[[""FAD"", []]]"
1FS4,,1FS4,0,,,"[[""CRA"", []]]"
1FSG,,1FSG,0,,,"[[""9DG"", []], [""PRP"", []]]"
1FTA,,1FTA,0,,,"[[""AMP"", []]]"
1FTH,,1FTH,0,,,"[[""A3P"", []]]"
1FTL,,1FTL,0,,,"[[""DNQ"", []]]"
1FTM,,1FTM,0,,,"[[""AMQ"", []]]"
1FTN,,1FTN,0,,,"[[""GDP"", []]]"
1FTW,,1FTW,0,,,"[[""GL5"", []]]"
1FTY,,1FTY,0,,,"[[""GL7"", []]]"
1FU4,,1FU4,0,,,"[[""GL9"", []]]"
1FU7,,1FU7,0,,,"[[""CR1"", []]]"
1FU8,,1FU8,0,,,"[[""CR6"", []]]"
1FUE,,1FUE,0,,,"[[""FMN"", []]]"
1FUP,,1FUP,0,,,"[[""MLT"", []], [""PMA"", []]]"
1FUR,,1FUR,0,,,"[[""MLT"", []]]"
1FUY,,1FUY,0,,,"[[""FIP"", []]]"
1FV0,,1FV0,0,,,"[[""9AR"", []]]"
1FVT,,1FVT,0,,,"[[""106"", []]]"
1FVX,,1FVX,0,,,"[[""FMN"", []]]"
1FW0,,1FW0,0,,,"[[""KAI"", []]]"
1FW9,,1FW9,0,,,"[[""PHB"", []]]"
1FWT,,1FWT,0,,,"[[""E4P"", []], [""PEP"", []]]"
1FWU,,1FWU,0,,,"[[""MAG"", []], [""FUC"", []], [""SGA"", []]]"
1FWV,,1FWV,0,,,"[[""MAG"", []], [""FUC"", []], [""SGA"", []]]"
1FWW,,1FWW,0,,,"[[""PEP"", []], [""A5P"", []]]"
1FWY,,1FWY,0,,,"[[""UD1"", []]]"
1FX1,,1FX1,0,,,"[[""FMN"", []]]"
1FX9,,1FX9,0,,,"[[""MJI"", []]]"
1FXF,,1FXF,0,,,"[[""MJI"", []]]"
1FXH,,1FXH,0,,,"[[""PAC"", []]]"
1FXS,,1FXS,0,,,"[[""NAP"", []]]"
1FXU,,1FXU,0,,,"[[""GU7"", []]]"
1FXV,,1FXV,0,,,"[[""PNN"", []]]"
1FY6,,1FY6,0,,,"[[""A5P"", []]]"
1FY7,,1FY7,0,,,"[[""COA"", []]]"
1FYD,,1FYD,0,,,"[[""AMP"", []]]"
1FYF,,1FYF,0,,,"[[""SSA"", []]]"
1G02,,1G02,0,,,"[[""2GP"", []]]"
1G0C,,1G0C,0,,,"[[""CBI"", []]]"
1G0H,,1G0H,0,,,"[[""IPD"", []]]"
1G0I,,1G0I,0,,,"[[""INS"", []]]"
1G0N,,1G0N,0,,,"[[""PHH"", []], [""NDP"", []]]"
1G0O,,1G0O,0,,,"[[""PYQ"", []], [""NDP"", []]]"
1G16,,1G16,0,,,"[[""GDP"", []]]"
1G17,,1G17,0,,,"[[""GNP"", []]]"
1G1A,,1G1A,0,,,"[[""NAD"", []]]"
1G1B,,1G1B,0,,,"[[""PHB"", []]]"
1G1D,,1G1D,0,,,"[[""FSB"", []]]"
1G2A,,1G2A,0,,,"[[""BB2"", []]]"
1G2K,,1G2K,0,,,"[[""NM1"", []]]"
1G2L,,1G2L,0,,,"[[""T87"", []]]"
1G2N,,1G2N,0,,,"[[""EPH"", []]]"
1G2O,,1G2O,0,,,"[[""IMH"", []]]"
1G30,,1G30,0,,,"[[""T87"", []]]"
1G32,,1G32,0,,,"[[""R11"", []]]"
1G35,,1G35,0,,,"[[""AHF"", []]]"
1G36,,1G36,0,,,"[[""R11"", []]]"
1G37,,1G37,0,,,"[[""GLU"", []], [""ILE"", []], [""ALA"", []], [""PHE"", []], [""PRO"", []], [""TYR"", []], [""LEU"", []]]"
1G3B,,1G3B,0,,,"[[""108"", []]]"
1G3C,,1G3C,0,,,"[[""109"", []], [""FE"", []]]"
1G3D,,1G3D,0,,,"[[""108"", []]]"
1G3E,,1G3E,0,,,"[[""109"", []]]"
1G3M,,1G3M,0,,,"[[""A3P"", []], [""PCQ"", []]]"
1G3Q,,1G3Q,0,,,"[[""ADP"", []]]"
1G3U,,1G3U,0,,,"[[""TMP"", []]]"
1G41,,1G41,0,,,"[[""ADP"", []]]"
1G45,,1G45,0,,,"[[""FSB"", []]]"
1G46,,1G46,0,,,"[[""F2B"", []]]"
1G48,,1G48,0,,,"[[""F6B"", []]]"
1G4J,,1G4J,0,,,"[[""FFB"", []]]"
1G4K,,1G4K,0,,,"[[""HQQ"", []]]"
1G4O,,1G4O,0,,,"[[""BSB"", []]]"
1G4P,,1G4P,0,,,"[[""FQP"", []]]"
1G4S,,1G4S,0,,,"[[""TPS"", []]]"
1G4T,,1G4T,0,,,"[[""FTP"", []]]"
1G4U,,1G4U,0,,,"[[""GDP"", []], [""AF3"", []]]"
1G52,,1G52,0,,,"[[""F2B"", []]]"
1G53,,1G53,0,,,"[[""F6B"", []]]"
1G54,,1G54,0,,,"[[""FFB"", []]]"
1G55,,1G55,0,,,"[[""SAH"", []]]"
1G5Y,,1G5Y,0,,,"[[""REA"", []]]"
1G60,,1G60,0,,,"[[""SAM"", []]]"
1G63,,1G63,0,,,"[[""FMN"", []]]"
1G69,,1G69,0,,,"[[""ICP"", []], [""TZP"", []]]"
1G6C,,1G6C,0,,,"[[""IFP"", []], [""TZP"", []]]"
1G6I,,1G6I,0,,,"[[""DMJ"", []]]"
1G6K,,1G6K,0,,,"[[""NAD"", []]]"
1G6N,,1G6N,0,,,"[[""CMP"", []]]"
1G6O,,1G6O,0,,,"[[""ADP"", []]]"
1G6S,,1G6S,0,,,"[[""GPJ"", []], [""S3P"", []]]"
1G6T,,1G6T,0,,,"[[""S3P"", []]]"
1G72,,1G72,0,,,"[[""PQQ"", []]]"
1G74,,1G74,0,,,"[[""OLA"", []]]"
1G7S,,1G7S,0,,,"[[""GDP"", []]]"
1G7T,,1G7T,0,,,"[[""GNP"", []]]"
1G7V,,1G7V,0,,,"[[""PAI"", []]]"
1G81,,1G81,0,,,"[[""PHB"", []]]"
1G8J,,1G8J,0,,,"[[""MGD"", []]]"
1G8O,,1G8O,0,,,"[[""U5P"", []]]"
1G93,,1G93,0,,,"[[""UPG"", []]]"
1G97,,1G97,0,,,"[[""UD1"", []]]"
1G98,,1G98,0,,,"[[""PA5"", []]]"
1G99,,1G99,0,,,"[[""ADP"", []]]"
1G9A,,1G9A,0,,,"[[""BAB"", []]]"
1G9B,,1G9B,0,,,"[[""BAB"", []]]"
1G9C,,1G9C,0,,,"[[""BAB"", []]]"
1G9D,,1G9D,0,,,"[[""BAB"", []]]"
1G9J,,1G9J,0,,,"[[""SGC"", []], [""BGC"", []]]"
1G9Q,,1G9Q,0,,,"[[""APR"", []]]"
1G9R,,1G9R,0,,,"[[""UPF"", []]]"
1GA8,,1GA8,0,,,"[[""DEL"", []], [""UPF"", []]]"
1GAD,,1GAD,0,,,"[[""NAD"", []]]"
1GAE,,1GAE,0,,,"[[""NAD"", []]]"
1GAF,,1GAF,0,,,"[[""NPE"", []]]"
1GAL,,1GAL,0,,,"[[""FAD"", []]]"
1GBN,,1GBN,0,,,"[[""PLP"", []], [""GAB"", []], [""GBC"", []]]"
1GC5,,1GC5,0,,,"[[""ADP"", []]]"
1GCK,,1GCK,0,,,"[[""PLP"", []], [""ASP"", []]]"
1GCO,,1GCO,0,,,"[[""NAD"", []]]"
1GD1,,1GD1,0,,,"[[""NAD"", []]]"
1GDD,,1GDD,0,,,"[[""GDP"", []]]"
1GDE,,1GDE,0,,,"[[""GLU"", []], [""PLP"", []]]"
1GEB,,1GEB,0,,,"[[""CAM"", []]]"
1GEE,,1GEE,0,,,"[[""NAD"", []]]"
1GER,,1GER,0,,,"[[""FAD"", []]]"
1GES,,1GES,0,,,"[[""FAD"", []]]"
1GET,,1GET,0,,,"[[""FAD"", []], [""NAP"", []]]"
1GEU,,1GEU,0,,,"[[""NAD"", []], [""FAD"", []]]"
1GEX,,1GEX,0,,,"[[""PLP"", []], [""HSA"", []]]"
1GEY,,1GEY,0,,,"[[""PPE"", []]]"
1GFI,,1GFI,0,,,"[[""GDP"", []], [""ALF"", []]]"
1GFY,,1GFY,0,,,"[[""COL"", []]]"
1GG1,,1GG1,0,,,"[[""PGA"", []]]"
1GG2,,1GG2,0,,,"[[""GDP"", []]]"
1GG5,,1GG5,0,,,"[[""FAD"", []], [""E09"", []]]"
1GG6,,1GG6,0,,,"[[""APL"", []]]"
1GGN,,1GGN,0,,,"[[""GLS"", []]]"
1GHE,,1GHE,0,,,"[[""ACO"", []]]"
1GHV,,1GHV,0,,,"[[""120"", []]]"
1GHW,,1GHW,0,,,"[[""BMZ"", []]]"
1GHY,,1GHY,0,,,"[[""121"", []]]"
1GHZ,,1GHZ,0,,,"[[""120"", []]]"
1GI0,,1GI0,0,,,"[[""BMZ"", []]]"
1GI1,,1GI1,0,,,"[[""BMZ"", []]]"
1GI4,,1GI4,0,,,"[[""122"", []]]"
1GI6,,1GI6,0,,,"[[""124"", []]]"
1GIA,,1GIA,0,,,"[[""GSP"", []]]"
1GII,,1GII,0,,,"[[""1PU"", []]]"
1GIJ,,1GIJ,0,,,"[[""2PU"", []]]"
1GIL,,1GIL,0,,,"[[""GSP"", []]]"
1GIS,,1GIS,0,,,"[[""DA"", []]]"
1GIU,,1GIU,0,,,"[[""ADE"", []]]"
1GJ6,,1GJ6,0,,,"[[""132"", []]]"
1GJ7,,1GJ7,0,,,"[[""132"", []]]"
1GJ8,,1GJ8,0,,,"[[""133"", []]]"
1GJ9,,1GJ9,0,,,"[[""134"", []]]"
1GJA,,1GJA,0,,,"[[""135"", []]]"
1GJB,,1GJB,0,,,"[[""130"", []]]"
1GJC,,1GJC,0,,,"[[""130"", []]]"
1GJD,,1GJD,0,,,"[[""136"", []]]"
1GKD,,1GKD,0,,,"[[""BUM"", []], [""STN"", []]]"
1GKL,,1GKL,0,,,"[[""FER"", []]]"
1GKY,,1GKY,0,,,"[[""5GP"", []]]"
1GKZ,,1GKZ,0,,,"[[""ADP"", []]]"
1GLQ,,1GLQ,0,,,"[[""GTB"", []]]"
1GM7,,1GM7,0,,,"[[""PNN"", []]]"
1GM9,,1GM9,0,,,"[[""SOX"", []]]"
1GNI,,1GNI,0,,,"[[""OLA"", []]]"
1GNM,,1GNM,0,,,"[[""U0E"", []]]"
1GNN,,1GNN,0,,,"[[""U0E"", []]]"
1GNO,,1GNO,0,,,"[[""U0E"", []]]"
1GNQ,,1GNQ,0,,,"[[""CAG"", []]]"
1GNW,,1GNW,0,,,"[[""GTX"", []]]"
1GO2,,1GO2,0,,,"[[""FAD"", []]]"
1GOT,,1GOT,0,,,"[[""GDP"", []]]"
1GOX,,1GOX,0,,,"[[""FMN"", []]]"
1GOY,,1GOY,0,,,"[[""3GP"", []]]"
1GP2,,1GP2,0,,,"[[""GDP"", []]]"
1GP4,,1GP4,0,,,"[[""AKG"", []]]"
1GP5,,1GP5,0,,,"[[""DQH"", []], [""AKG"", []], [""DH2"", []]]"
1GP6,,1GP6,0,,,"[[""QUE"", []], [""SIN"", []], [""DH2"", []]]"
1GPN,,1GPN,0,,,"[[""HUB"", []]]"
1GPU,,1GPU,0,,,"[[""THD"", []]]"
1GQH,,1GQH,0,,,"[[""KOJ"", []]]"
1GQK,,1GQK,0,,,"[[""BDP"", []]]"
1GQL,,1GQL,0,,,"[[""XYP"", []], [""BDP"", []]]"
1GQR,,1GQR,0,,,"[[""SAF"", []]]"
1GQY,,1GQY,0,,,"[[""ACP"", []]]"
1GR0,,1GR0,0,,,"[[""NAD"", []]]"
1GR1,,1GR1,0,,,"[[""FAD"", []]]"
1GR2,,1GR2,0,,,"[[""KAI"", []]]"
1GRA,,1GRA,0,,,"[[""FAD"", []], [""NDP"", []], [""GSH"", []]]"
1GRB,,1GRB,0,,,"[[""NAD"", []], [""FAD"", []], [""NDP"", []]]"
1GRE,,1GRE,0,,,"[[""FAD"", []], [""GSH"", []]]"
1GRF,,1GRF,0,,,"[[""FAD"", []]]"
1GRG,,1GRG,0,,,"[[""FAD"", []]]"
1GRN,,1GRN,0,,,"[[""GDP"", []], [""AF3"", []]]"
1GRT,,1GRT,0,,,"[[""FAD"", []]]"
1GS3,,1GS3,0,,,"[[""EQU"", []]]"
1GS4,,1GS4,0,,,"[[""ZK5"", []]]"
1GSA,,1GSA,0,,,"[[""ADP"", []], [""GSH"", []]]"
1GSE,,1GSE,0,,,"[[""EAA"", []], [""GSH"", []]]"
1GSI,,1GSI,0,,,"[[""TMP"", []]]"
1GSJ,,1GSJ,0,,,"[[""ANP"", []], [""NLG"", []]]"
1GSN,,1GSN,0,,,"[[""FAD"", []], [""GSH"", []]]"
1GSP,,1GSP,0,,,"[[""SGP"", []]]"
1GSQ,,1GSQ,0,,,"[[""GDN"", []]]"
1GSU,,1GSU,0,,,"[[""GTX"", []]]"
1GSY,,1GSY,0,,,"[[""GSH"", []]]"
1GTZ,,1GTZ,0,,,"[[""DHK"", []]]"
1GU1,,1GU1,0,,,"[[""FA1"", []], [""TLA"", []]]"
1GUA,,1GUA,0,,,"[[""GNP"", []]]"
1GUF,,1GUF,0,,,"[[""NDP"", []]]"
1GUP,,1GUP,0,,,"[[""GDU"", []]]"
1GUQ,,1GUQ,0,,,"[[""GUD"", []]]"
1GUY,,1GUY,0,,,"[[""NAD"", []]]"
1GV0,,1GV0,0,,,"[[""NAD"", []]]"
1GV4,,1GV4,0,,,"[[""FAD"", []]]"
1GVE,,1GVE,0,,,"[[""NAP"", []], [""CIT"", []]]"
1GVG,,1GVG,0,,,"[[""PCX"", []], [""AKG"", []]]"
1GVO,,1GVO,0,,,"[[""FMN"", []], [""DNF"", []]]"
1GVQ,,1GVQ,0,,,"[[""CYH"", []], [""FMN"", []]]"
1GVR,,1GVR,0,,,"[[""TNL"", []], [""FMN"", []]]"
1GVS,,1GVS,0,,,"[[""FMN"", []], [""TNF"", []]]"
1GVV,,1GVV,0,,,"[[""0GM"", []]]"
1GW1,,1GW1,0,,,"[[""MBF"", []], [""NIN"", []]]"
1GW6,,1GW6,0,,,"[[""BES"", []]]"
1GWC,,1GWC,0,,,"[[""GTX"", []]]"
1GWJ,,1GWJ,0,,,"[[""FMN"", []]]"
1GWN,,1GWN,0,,,"[[""GTP"", []]]"
1GWQ,,1GWQ,0,,,"[[""ILE"", []], [""HIS"", []], [""ARG"", []], [""LYS"", []], [""GLN"", []], [""ZTW"", []], [""LEU"", []], [""ASP"", []]]"
1GWR,,1GWR,0,,,"[[""ALA"", []], [""ARG"", []], [""EST"", []], [""ASN"", []], [""TYR"", []], [""LEU"", []], [""ASP"", []]]"
1GWV,,1GWV,0,,,"[[""UDP"", []], [""LAT"", []]]"
1GWW,,1GWW,0,,,"[[""UDP"", []], [""GLC"", []]]"
1GWX,,1GWX,0,,,"[[""433"", []]]"
1GX0,,1GX0,0,,,"[[""UDP"", []], [""GAL"", []]]"
1GX1,,1GX1,0,,,"[[""CDP"", []]]"
1GX4,,1GX4,0,,,"[[""UDP"", []], [""GAL"", []], [""NAG"", []]]"
1GX8,,1GX8,0,,,"[[""RTL"", []]]"
1GX9,,1GX9,0,,,"[[""REA"", []]]"
1GXA,,1GXA,0,,,"[[""PLM"", []]]"
1GXS,,1GXS,0,,,"[[""BEZ"", []], [""DKA"", []]]"
1GXZ,,1GXZ,0,,,"[[""BRT"", []]]"
1GY8,,1GY8,0,,,"[[""NAD"", []], [""UDP"", []]]"
1GY9,,1GY9,0,,,"[[""TAU"", []], [""AKG"", []]]"
1GYY,,1GYY,0,,,"[[""FHC"", []]]"
1GZ5,,1GZ5,0,,,"[[""G6P"", []], [""UDP"", []]]"
1GZ6,,1GZ6,0,,,"[[""NAI"", []]]"
1GZ8,,1GZ8,0,,,"[[""MBP"", []]]"
1GZQ,,1GZQ,0,,,"[[""PII"", []]]"
1H00,,1H00,0,,,"[[""FCP"", []], [""FAP"", []]]"
1H01,,1H01,0,,,"[[""FAL"", []], [""FBL"", []]]"
1H07,,1H07,0,,,"[[""MFP"", []], [""MFQ"", []]]"
1H08,,1H08,0,,,"[[""BYP"", []], [""BWP"", []]]"
1H0G,,1H0G,0,,,"[[""0AR"", []], [""HIS"", []], [""DPR"", []], [""UN2"", []], [""UN1"", []]]"
1H0V,,1H0V,0,,,"[[""UN4"", []]]"
1H18,,1H18,0,,,"[[""PYR"", []], [""DTL"", []]]"
1H1D,,1H1D,0,,,"[[""BIA"", []], [""SAM"", []]]"
1H1I,,1H1I,0,,,"[[""QUE"", []]]"
1H1M,,1H1M,0,,,"[[""KMP"", []]]"
1H1P,,1H1P,0,,,"[[""CMG"", []]]"
1H1Q,,1H1Q,0,,,"[[""2A6"", []]]"
1H1R,,1H1R,0,,,"[[""6CP"", []]]"
1H1S,,1H1S,0,,,"[[""4SP"", []]]"
1H1W,,1H1W,0,,,"[[""ATP"", []]]"
1H22,,1H22,0,,,"[[""E10"", []]]"
1H23,,1H23,0,,,"[[""E12"", []]]"
1H2B,,1H2B,0,,,"[[""NAJ"", []], [""OCA"", []]]"
1H2J,,1H2J,0,,,"[[""DCB"", []]]"
1H2K,,1H2K,0,,,"[[""OGA"", []]]"
1H2L,,1H2L,0,,,"[[""AKG"", []]]"
1H2M,,1H2M,0,,,"[[""OGA"", []]]"
1H3F,,1H3F,0,,,"[[""TYE"", []]]"
1H3N,,1H3N,0,,,"[[""LMS"", []], [""LEU"", []]]"
1H41,,1H41,0,,,"[[""GCV"", []]]"
1H42,,1H42,0,,,"[[""FAD"", []]]"
1H46,,1H46,0,,,"[[""RNP"", []]]"
1H49,,1H49,0,,,"[[""HBO"", []], [""BGC"", []]]"
1H4I,,1H4I,0,,,"[[""PQQ"", []]]"
1H4W,,1H4W,0,,,"[[""BEN"", []]]"
1H50,,1H50,0,,,"[[""FMN"", []]]"
1H5N,,1H5N,0,,,"[[""PGD"", []]]"
1H5R,,1H5R,0,,,"[[""G1P"", []], [""THM"", []]]"
1H5S,,1H5S,0,,,"[[""TMP"", []]]"
1H5T,,1H5T,0,,,"[[""DAU"", []], [""TYD"", []]]"
1H5U,,1H5U,0,,,"[[""CHI"", []], [""GLC"", []]]"
1H5V,,1H5V,0,,,"[[""SSG"", []], [""SGC"", []], [""MA3"", []], [""GLC"", []]]"
1H60,,1H60,0,,,"[[""STR"", []], [""FMN"", []]]"
1H61,,1H61,0,,,"[[""FMN"", []], [""PDN"", []]]"
1H62,,1H62,0,,,"[[""ANB"", []], [""FMN"", []]]"
1H63,,1H63,0,,,"[[""FMN"", []]]"
1H65,,1H65,0,,,"[[""GDP"", []]]"
1H66,,1H66,0,,,"[[""FAD"", []], [""RH1"", []]]"
1H69,,1H69,0,,,"[[""ARH"", []], [""FAD"", []]]"
1H6A,,1H6A,0,,,"[[""NDP"", []]]"
1H6C,,1H6C,0,,,"[[""SIN"", []], [""NDP"", []]]"
1H70,,1H70,0,,,"[[""CIR"", []]]"
1H73,,1H73,0,,,"[[""THR"", []]]"
1H78,,1H78,0,,,"[[""DCP"", []]]"
1H7G,,1H7G,0,,,"[[""CTP"", []]]"
1H7H,,1H7H,0,,,"[[""CDP"", []]]"
1H7L,,1H7L,0,,,"[[""TYD"", []]]"
1H7Q,,1H7Q,0,,,"[[""TYD"", []]]"
1H7T,,1H7T,0,,,"[[""SIA"", []], [""C5P"", []]]"
1H81,,1H81,0,,,"[[""FAD"", []]]"
1H82,,1H82,0,,,"[[""GZZ"", []], [""FAD"", []]]"
1H83,,1H83,0,,,"[[""FAD"", []], [""DIA"", []]]"
1H84,,1H84,0,,,"[[""FAD"", []], [""NBA"", []]]"
1H85,,1H85,0,,,"[[""FAD"", []]]"
1H86,,1H86,0,,,"[[""FAD"", []], [""NBA"", []]]"
1H8D,,1H8D,0,,,"[[""GLU"", []], [""ILE"", []], [""PHE"", []], [""PRO"", []], [""LEU"", []], [""ASP"", []], [""PHW"", []], [""TYS"", []]]"
1H8I,,1H8I,0,,,"[[""GLU"", []], [""ILE"", []], [""PHE"", []], [""PRO"", []], [""LEU"", []], [""ASP"", []], [""TYS"", []]]"
1H8P,,1H8P,0,,,"[[""PC"", []]]"
1H8S,,1H8S,0,,,"[[""AIC"", []]]"
1H94,,1H94,0,,,"[[""NAD"", []]]"
1H9A,,1H9A,0,,,"[[""NAP"", []]]"
1H9Z,,1H9Z,0,,,"[[""RWF"", []], [""MYR"", []]]"
1HA2,,1HA2,0,,,"[[""SWF"", []], [""MYR"", []]]"
1HB1,,1HB1,0,,,"[[""OCV"", []]]"
1HB2,,1HB2,0,,,"[[""SCV"", []]]"
1HB3,,1HB3,0,,,"[[""SCV"", []]]"
1HB4,,1HB4,0,,,"[[""SCV"", []]]"
1HBK,,1HBK,0,,,"[[""COA"", []], [""MYR"", []]]"
1HBP,,1HBP,0,,,"[[""RTL"", []]]"
1HCK,,1HCK,0,,,"[[""ATP"", []]]"
1HDG,,1HDG,0,,,"[[""NAD"", []]]"
1HDO,,1HDO,0,,,"[[""NAP"", []]]"
1HDR,,1HDR,0,,,"[[""NAD"", []]]"
1HDU,,1HDU,0,,,"[[""ING"", []]]"
1HDX,,1HDX,0,,,"[[""NAD"", []], [""CXL"", []]]"
1HDZ,,1HDZ,0,,,"[[""NAD"", []]]"
1HE1,,1HE1,0,,,"[[""GDP"", []], [""AF3"", []]]"
1HE2,,1HE2,0,,,"[[""NAP"", []]]"
1HE3,,1HE3,0,,,"[[""NAP"", []]]"
1HE4,,1HE4,0,,,"[[""FMN"", []], [""NAP"", []]]"
1HE5,,1HE5,0,,,"[[""LUM"", []], [""NAP"", []]]"
1HEE,,1HEE,0,,,"[[""LHY"", []]]"
1HET,,1HET,0,,,"[[""NAD"", []]]"
1HEU,,1HEU,0,,,"[[""NAD"", []]]"
1HF3,,1HF3,0,,,"[[""NAD"", []]]"
1HF6,,1HF6,0,,,"[[""CTR"", []]]"
1HFP,,1HFP,0,,,"[[""MOT"", []], [""NAP"", []]]"
1HFQ,,1HFQ,0,,,"[[""MOT"", []], [""NAP"", []]]"
1HFR,,1HFR,0,,,"[[""MOT"", []], [""NAP"", []]]"
1HFS,,1HFS,0,,,"[[""L04"", []]]"
1HG0,,1HG0,0,,,"[[""SIN"", []]]"
1HG4,,1HG4,0,,,"[[""LPP"", []]]"
1HGX,,1HGX,0,,,"[[""5GP"", []]]"
1HI5,,1HI5,0,,,"[[""ADP"", []]]"
1HIH,,1HIH,0,,,"[[""C20"", []]]"
1HII,,1HII,0,,,"[[""C20"", []]]"
1HIV,,1HIV,0,,,"[[""1ZK"", []]]"
1HJ1,,1HJ1,0,,,"[[""PMB"", []], [""AOE"", []]]"
1HJ8,,1HJ8,0,,,"[[""BAM"", []]]"
1HJF,,1HJF,0,,,"[[""COI"", []]]"
1HJG,,1HJG,0,,,"[[""KIV"", []]]"
1HJO,,1HJO,0,,,"[[""ADP"", []]]"
1HK4,,1HK4,0,,,"[[""T44"", []], [""MYR"", []]]"
1HKD,,1HKD,0,,,"[[""GYP"", []]]"
1HKU,,1HKU,0,,,"[[""NAD"", []]]"
1HLD,,1HLD,0,,,"[[""NAD"", []]]"
1HLF,,1HLF,0,,,"[[""GL4"", []]]"
1HM9,,1HM9,0,,,"[[""UD1"", []], [""ACO"", []]]"
1HMP,,1HMP,0,,,"[[""5GP"", []]]"
1HMR,,1HMR,0,,,"[[""ELA"", []]]"
1HMS,,1HMS,0,,,"[[""OLA"", []]]"
1HMT,,1HMT,0,,,"[[""STE"", []]]"
1HN4,,1HN4,0,,,"[[""MJI"", []]]"
1HNH,,1HNH,0,,,"[[""COA"", []]]"
1HNJ,,1HNJ,0,,,"[[""MLC"", []]]"
1HO5,,1HO5,0,,,"[[""ADN"", []]]"
1HON,,1HON,0,,,"[[""GNH"", []]]"
1HOO,,1HOO,0,,,"[[""GNH"", []], [""GNP"", []]]"
1HOP,,1HOP,0,,,"[[""GCP"", []]]"
1HOR,,1HOR,0,,,"[[""AGP"", []]]"
1HOS,,1HOS,0,,,"[[""PHP"", []]]"
1HOX,,1HOX,0,,,"[[""F6P"", []]]"
1HP5,,1HP5,0,,,"[[""NGT"", []]]"
1HPM,,1HPM,0,,,"[[""ADP"", []]]"
1HPO,,1HPO,0,,,"[[""UNI"", []]]"
1HPS,,1HPS,0,,,"[[""RUN"", []]]"
1HPV,,1HPV,0,,,"[[""478"", []]]"
1HPX,,1HPX,0,,,"[[""KNI"", []]]"
1HQ5,,1HQ5,0,,,"[[""S2C"", []]]"
1HQG,,1HQG,0,,,"[[""ORN"", []]]"
1HQP,,1HQP,0,,,"[[""PRZ"", []]]"
1HQT,,1HQT,0,,,"[[""NAP"", []]]"
1HRK,,1HRK,0,,,"[[""CHD"", []]]"
1HRN,,1HRN,0,,,"[[""03D"", []]]"
1HSG,,1HSG,0,,,"[[""MK1"", []]]"
1HSH,,1HSH,0,,,"[[""MK1"", []]]"
1HSK,,1HSK,0,,,"[[""FAD"", []]]"
1HSO,,1HSO,0,,,"[[""NAD"", []], [""PYZ"", []]]"
1HSR,,1HSR,0,,,"[[""BHO"", []]]"
1HSZ,,1HSZ,0,,,"[[""NAD"", []]]"
1HT0,,1HT0,0,,,"[[""NAD"", []]]"
1HTG,,1HTG,0,,,"[[""G37"", []]]"
1HTW,,1HTW,0,,,"[[""ADP"", []]]"
1HU9,,1HU9,0,,,"[[""4HM"", []]]"
1HUQ,,1HUQ,0,,,"[[""GNP"", []]]"
1HUR,,1HUR,0,,,"[[""GDP"", []]]"
1HUV,,1HUV,0,,,"[[""FMN"", []]]"
1HV9,,1HV9,0,,,"[[""UD1"", []], [""COA"", []]]"
1HVH,,1HVH,0,,,"[[""Q82"", []]]"
1HVI,,1HVI,0,,,"[[""A77"", []]]"
1HVJ,,1HVJ,0,,,"[[""A78"", []]]"
1HVK,,1HVK,0,,,"[[""A79"", []]]"
1HVL,,1HVL,0,,,"[[""A76"", []]]"
1HVR,,1HVR,0,,,"[[""XK2"", []]]"
1HVS,,1HVS,0,,,"[[""A77"", []]]"
1HW5,,1HW5,0,,,"[[""CMP"", []]]"
1HW8,,1HW8,0,,,"[[""114"", []], [""ADP"", []]]"
1HW9,,1HW9,0,,,"[[""SIM"", []], [""ADP"", []]]"
1HWJ,,1HWJ,0,,,"[[""116"", []], [""ADP"", []]]"
1HWR,,1HWR,0,,,"[[""216"", []]]"
1HXA,,1HXA,0,,,"[[""FHP"", []]]"
1HXB,,1HXB,0,,,"[[""ROC"", []]]"
1HXD,,1HXD,0,,,"[[""BTN"", []]]"
1HXP,,1HXP,0,,,"[[""UDP"", []], [""U5P"", []]]"
1HXW,,1HXW,0,,,"[[""RIT"", []]]"
1HY3,,1HY3,0,,,"[[""PPS"", []]]"
1HY7,,1HY7,0,,,"[[""MBS"", []]]"
1HYB,,1HYB,0,,,"[[""NMN"", []]]"
1HYE,,1HYE,0,,,"[[""NAP"", []]]"
1HYF,,1HYF,0,,,"[[""2GP"", []]]"
1HYH,,1HYH,0,,,"[[""NAD"", []]]"
1HYO,,1HYO,0,,,"[[""HBU"", []]]"
1HYU,,1HYU,0,,,"[[""FAD"", []]]"
1HZ1,,1HZ1,0,,,"[[""2GP"", []]]"
1HZJ,,1HZJ,0,,,"[[""NAD"", []], [""UD1"", []]]"
1HZP,,1HZP,0,,,"[[""DAO"", []]]"
1HZZ,,1HZZ,0,,,"[[""NAD"", []], [""NAP"", []]]"
1I00,,1I00,0,,,"[[""D16"", []], [""UMP"", []]]"
1I0I,,1I0I,0,,,"[[""7HP"", []], [""PRP"", []]]"
1I0L,,1I0L,0,,,"[[""7HP"", []], [""PRP"", []]]"
1I0S,,1I0S,0,,,"[[""FMN"", []], [""NAP"", []]]"
1I0V,,1I0V,0,,,"[[""2GP"", []]]"
1I0X,,1I0X,0,,,"[[""2GP"", []]]"
1I13,,1I13,0,,,"[[""7HP"", []], [""PRP"", []]]"
1I14,,1I14,0,,,"[[""7HP"", []], [""PRP"", []]]"
1I1D,,1I1D,0,,,"[[""16G"", []], [""COA"", []]]"
1I1L,,1I1L,0,,,"[[""2ML"", []], [""PLP"", []]]"
1I1M,,1I1M,0,,,"[[""4MV"", []]]"
1I1N,,1I1N,0,,,"[[""SAH"", []]]"
1I1O,,1I1O,0,,,"[[""FMN"", []]]"
1I24,,1I24,0,,,"[[""NAD"", []], [""UPG"", []]]"
1I2C,,1I2C,0,,,"[[""NAD"", []], [""UPG"", []]]"
1I2E,,1I2E,0,,,"[[""2GP"", []]]"
1I30,,1I30,0,,,"[[""NAD"", []], [""826"", []]]"
1I36,,1I36,0,,,"[[""NAP"", []]]"
1I37,,1I37,0,,,"[[""DHT"", []]]"
1I38,,1I38,0,,,"[[""DHT"", []]]"
1I3F,,1I3F,0,,,"[[""2GP"", []]]"
1I3I,,1I3I,0,,,"[[""2GP"", []]]"
1I3K,,1I3K,0,,,"[[""NAD"", []], [""UPG"", []]]"
1I3L,,1I3L,0,,,"[[""NAD"", []], [""GDU"", []]]"
1I3M,,1I3M,0,,,"[[""NAD"", []], [""UD1"", []]]"
1I3N,,1I3N,0,,,"[[""NAD"", []], [""UD1"", []]]"
1I44,,1I44,0,,,"[[""ACP"", []]]"
1I4D,,1I4D,0,,,"[[""GDP"", []]]"
1I4F,,1I4F,0,,,"[[""VAL"", []], [""GLU"", []], [""HIS"", []], [""GLY"", []], [""ARG"", []], [""TYR"", []], [""ASP"", []], [""THR"", []]]"
1I52,,1I52,0,,,"[[""CTP"", []]]"
1I58,,1I58,0,,,"[[""ADP"", []], [""ACP"", []]]"
1I59,,1I59,0,,,"[[""ANP"", []], [""ADP"", []]]"
1I5A,,1I5A,0,,,"[[""ACP"", []]]"
1I5B,,1I5B,0,,,"[[""ANP"", []]]"
1I5C,,1I5C,0,,,"[[""ADP"", []]]"
1I5R,,1I5R,0,,,"[[""HYC"", []]]"
1I6K,,1I6K,0,,,"[[""TYM"", []]]"
1I6L,,1I6L,0,,,"[[""TYM"", []]]"
1I6M,,1I6M,0,,,"[[""TYM"", []]]"
1I6X,,1I6X,0,,,"[[""CMP"", []]]"
1I72,,1I72,0,,,"[[""PUT"", []]]"
1I75,,1I75,0,,,"[[""NOJ"", []]]"
1I76,,1I76,0,,,"[[""BSI"", []]]"
1I79,,1I79,0,,,"[[""PUT"", []]]"
1I7B,,1I7B,0,,,"[[""PUT"", []]]"
1I7C,,1I7C,0,,,"[[""MGB"", []], [""PUT"", []]]"
1I7G,,1I7G,0,,,"[[""AZ2"", []]]"
1I7I,,1I7I,0,,,"[[""AZ2"", []]]"
1I7L,,1I7L,0,,,"[[""ATP"", []]]"
1I7M,,1I7M,0,,,"[[""CG"", []], [""PUT"", []]]"
1I7P,,1I7P,0,,,"[[""FAD"", []]]"
1I7Z,,1I7Z,0,,,"[[""COC"", []]]"
1I80,,1I80,0,,,"[[""9HX"", []], [""IMR"", []]]"
1I83,,1I83,0,,,"[[""NTU"", []]]"
1I8T,,1I8T,0,,,"[[""FAD"", []]]"
1I8Z,,1I8Z,0,,,"[[""INL"", []]]"
1I90,,1I90,0,,,"[[""INM"", []]]"
1I91,,1I91,0,,,"[[""INQ"", []]]"
1I9G,,1I9G,0,,,"[[""SAM"", []]]"
1I9L,,1I9L,0,,,"[[""INV"", []]]"
1I9M,,1I9M,0,,,"[[""INW"", []]]"
1I9N,,1I9N,0,,,"[[""IOA"", []]]"
1I9O,,1I9O,0,,,"[[""IOC"", []]]"
1I9P,,1I9P,0,,,"[[""IOE"", []]]"
1IA3,,1IA3,0,,,"[[""TQ5"", []], [""NDP"", []]]"
1IA4,,1IA4,0,,,"[[""TQ6"", []], [""NDP"", []]]"
1IA9,,1IA9,0,,,"[[""ANP"", []]]"
1IAH,,1IAH,0,,,"[[""ADP"", []]]"
1IB0,,1IB0,0,,,"[[""NAD"", []], [""FAD"", []]]"
1IB6,,1IB6,0,,,"[[""NAD"", []]]"
1IBR,,1IBR,0,,,"[[""GNP"", []]]"
1ICI,,1ICI,0,,,"[[""NAD"", []]]"
1ICP,,1ICP,0,,,"[[""FMN"", []]]"
1ICQ,,1ICQ,0,,,"[[""OPD"", []], [""FMN"", []]]"
1ICR,,1ICR,0,,,"[[""NIO"", []], [""FMN"", []]]"
1ICS,,1ICS,0,,,"[[""FMN"", []]]"
1ICU,,1ICU,0,,,"[[""NIO"", []], [""FMN"", []]]"
1ICV,,1ICV,0,,,"[[""NIO"", []], [""FMN"", []]]"
1ID0,,1ID0,0,,,"[[""ANP"", []]]"
1IDB,,1IDB,0,,,"[[""0DO"", []]]"
1IDE,,1IDE,0,,,"[[""ICT"", []], [""NAP"", []]]"
1IDT,,1IDT,0,,,"[[""CB1"", []], [""FMN"", []]]"
1IE3,,1IE3,0,,,"[[""NAD"", []], [""PYR"", []]]"
1IE4,,1IE4,0,,,"[[""T44"", []]]"
1IE8,,1IE8,0,,,"[[""KH1"", []]]"
1IE9,,1IE9,0,,,"[[""VDX"", []]]"
1IEI,,1IEI,0,,,"[[""ZES"", []], [""NAP"", []]]"
1IEP,,1IEP,0,,,"[[""STI"", []]]"
1IEX,,1IEX,0,,,"[[""TCB"", []]]"
1IF2,,1IF2,0,,,"[[""129"", []]]"
1IF4,,1IF4,0,,,"[[""FBS"", []]]"
1IF5,,1IF5,0,,,"[[""FBT"", []]]"
1IF6,,1IF6,0,,,"[[""FBU"", []]]"
1IF7,,1IF7,0,,,"[[""SBR"", []]]"
1IF8,,1IF8,0,,,"[[""SBS"", []]]"
1IFS,,1IFS,0,,,"[[""ADE"", []]]"
1IFU,,1IFU,0,,,"[[""FMC"", []]]"
1IFX,,1IFX,0,,,"[[""DND"", []]]"
1IG1,,1IG1,0,,,"[[""ANP"", []]]"
1IGB,,1IGB,0,,,"[[""IPO"", []]]"
1IH7,,1IH7,0,,,"[[""GMP"", []]]"
1IH8,,1IH8,0,,,"[[""APC"", []]]"
1IHU,,1IHU,0,,,"[[""ADP"", []], [""AF3"", []]]"
1II0,,1II0,0,,,"[[""ADP"", []], [""ATP"", []]]"
1II6,,1II6,0,,,"[[""ADP"", []]]"
1II7,,1II7,0,,,"[[""DA"", []]]"
1IIC,,1IIC,0,,,"[[""MYA"", []]]"
1IID,,1IID,0,,,"[[""SER"", []], [""NHM"", []], [""GLY"", []], [""ALA"", []], [""LYS"", []], [""TYR"", []], [""LEU"", []]]"
1IIM,,1IIM,0,,,"[[""TTP"", []]]"
1IIN,,1IIN,0,,,"[[""UPG"", []]]"
1IIU,,1IIU,0,,,"[[""RTL"", []]]"
1IJH,,1IJH,0,,,"[[""FAD"", []]]"
1IK4,,1IK4,0,,,"[[""PGH"", []]]"
1IL0,,1IL0,0,,,"[[""NAD"", []], [""CAA"", []]]"
1IM8,,1IM8,0,,,"[[""SAI"", []]]"
1IMA,,1IMA,0,,,"[[""IPD"", []]]"
1IN4,,1IN4,0,,,"[[""ADP"", []]]"
1IN5,,1IN5,0,,,"[[""ADP"", []]]"
1IN6,,1IN6,0,,,"[[""ADP"", []]]"
1IN7,,1IN7,0,,,"[[""ADP"", []]]"
1IN8,,1IN8,0,,,"[[""ADP"", []]]"
1INF,,1INF,0,,,"[[""ST4"", []]]"
1ING,,1ING,0,,,"[[""ST5"", []]]"
1INH,,1INH,0,,,"[[""ST6"", []]]"
1INI,,1INI,0,,,"[[""CDM"", []]]"
1INV,,1INV,0,,,"[[""EQP"", []]]"
1INW,,1INW,0,,,"[[""AXP"", []]]"
1INX,,1INX,0,,,"[[""EQP"", []]]"
1INY,,1INY,0,,,"[[""EQP"", []]]"
1IOL,,1IOL,0,,,"[[""EST"", []]]"
1ION,,1ION,0,,,"[[""ADP"", []]]"
1IOV,,1IOV,0,,,"[[""POB"", []], [""ADP"", []]]"
1IOW,,1IOW,0,,,"[[""PHY"", []], [""ADP"", []]]"
1IOZ,,1IOZ,0,,,"[[""GDP"", []]]"
1IPE,,1IPE,0,,,"[[""NDP"", []]]"
1IPF,,1IPF,0,,,"[[""TNE"", []], [""NDP"", []]]"
1IQR,,1IQR,0,,,"[[""FAD"", []]]"
1IQU,,1IQU,0,,,"[[""TDR"", []], [""FAD"", []]]"
1IR3,,1IR3,0,,,"[[""ANP"", []]]"
1IS2,,1IS2,0,,,"[[""FAD"", []]]"
1IS3,,1IS3,0,,,"[[""LAT"", []]]"
1IS4,,1IS4,0,,,"[[""LAT"", []]]"
1ISH,,1ISH,0,,,"[[""ENP"", []]]"
1ISI,,1ISI,0,,,"[[""ENQ"", []], [""NCA"", []]]"
1ISJ,,1ISJ,0,,,"[[""NMN"", []]]"
1ISO,,1ISO,0,,,"[[""NAD"", []]]"
1IT0,,1IT0,0,,,"[[""LAT"", []]]"
1IT8,,1IT8,0,,,"[[""PQ0"", []]]"
1ITZ,,1ITZ,0,,,"[[""TPP"", []]]"
1IUS,,1IUS,0,,,"[[""PAB"", []], [""FAD"", []]]"
1IUT,,1IUT,0,,,"[[""PAB"", []], [""FAD"", []]]"
1IUU,,1IUU,0,,,"[[""PAB"", []], [""FAD"", []]]"
1IUV,,1IUV,0,,,"[[""FAD"", []], [""PHB"", []]]"
1IUW,,1IUW,0,,,"[[""FAD"", []], [""PHB"", []]]"
1IUX,,1IUX,0,,,"[[""FAD"", []], [""PHB"", []]]"
1IV2,,1IV2,0,,,"[[""CDP"", []]]"
1IV4,,1IV4,0,,,"[[""C5P"", []]]"
1IVE,,1IVE,0,,,"[[""ST3"", []]]"
1IVF,,1IVF,0,,,"[[""DAN"", []]]"
1IVR,,1IVR,0,,,"[[""CBA"", []]]"
1IWI,,1IWI,0,,,"[[""CAM"", []]]"
1IWJ,,1IWJ,0,,,"[[""CAM"", []]]"
1IX7,,1IX7,0,,,"[[""MAE"", []]]"
1IXE,,1IXE,0,,,"[[""COA"", []], [""CIT"", []]]"
1IXN,,1IXN,0,,,"[[""G3P"", []], [""DXP"", []]]"
1IY7,,1IY7,0,,,"[[""CXA"", []]]"
1IYB,,1IYB,0,,,"[[""5GP"", []]]"
1IYD,,1IYD,0,,,"[[""GUA"", []]]"
1IYE,,1IYE,0,,,"[[""PGU"", []]]"
1IYH,,1IYH,0,,,"[[""GSH"", []]]"
1IYI,,1IYI,0,,,"[[""GSH"", []]]"
1IYK,,1IYK,0,,,"[[""MIM"", []], [""MYA"", []]]"
1IZE,,1IZE,0,,,"[[""VAL"", []], [""STA"", []], [""IVA"", []], [""ALA"", []]]"
1IZH,,1IZH,0,,,"[[""Q50"", []]]"
1IZI,,1IZI,0,,,"[[""Q50"", []]]"
1IZO,,1IZO,0,,,"[[""PAM"", []]]"
1J01,,1J01,0,,,"[[""XIL"", []]]"
1J07,,1J07,0,,,"[[""DCU"", []]]"
1J09,,1J09,0,,,"[[""GLU"", []], [""ATP"", []]]"
1J0D,,1J0D,0,,,"[[""5PA"", []]]"
1J0E,,1J0E,0,,,"[[""1AC"", []]]"
1J0N,,1J0N,0,,,"[[""CEG"", []]]"
1J14,,1J14,0,,,"[[""BEN"", []]]"
1J15,,1J15,0,,,"[[""BEN"", []]]"
1J16,,1J16,0,,,"[[""BEN"", []]]"
1J1A,,1J1A,0,,,"[[""BHP"", []]]"
1J1F,,1J1F,0,,,"[[""5GP"", []]]"
1J1N,,1J1N,0,,,"[[""MAV"", []], [""BEM"", []], [""LGU"", []]]"
1J1Z,,1J1Z,0,,,"[[""ATP"", []], [""CIR"", []], [""ASP"", []]]"
1J2J,,1J2J,0,,,"[[""GTP"", []]]"
1J36,,1J36,0,,,"[[""LPR"", []]]"
1J37,,1J37,0,,,"[[""MCO"", []]]"
1J39,,1J39,0,,,"[[""UPG"", []]]"
1J3I,,1J3I,0,,,"[[""WRA"", []], [""UMP"", []], [""NDP"", []]]"
1J3K,,1J3K,0,,,"[[""WRA"", []], [""UMP"", []], [""NDP"", []]]"
1J49,,1J49,0,,,"[[""NAD"", []]]"
1J51,,1J51,0,,,"[[""TCZ"", []]]"
1J53,,1J53,0,,,"[[""TMP"", []]]"
1J54,,1J54,0,,,"[[""TMP"", []]]"
1J5P,,1J5P,0,,,"[[""NAD"", []]]"
1J6Z,,1J6Z,0,,,"[[""RHO"", []], [""ADP"", []]]"
1J78,,1J78,0,,,"[[""OLA"", []], [""VDY"", []]]"
1J7K,,1J7K,0,,,"[[""ATP"", []]]"
1J7L,,1J7L,0,,,"[[""ADP"", []]]"
1J7U,,1J7U,0,,,"[[""ANP"", []]]"
1J8A,,1J8A,0,,,"[[""BEN"", []]]"
1J8Q,,1J8Q,0,,,"[[""FMN"", []]]"
1J8V,,1J8V,0,,,"[[""LAM"", []]]"
1J91,,1J91,0,,,"[[""TBS"", []]]"
1J96,,1J96,0,,,"[[""TES"", []], [""NAP"", []]]"
1J99,,1J99,0,,,"[[""AND"", []]]"
1J9E,,1J9E,0,,,"[[""FMN"", []]]"
1J9G,,1J9G,0,,,"[[""FMN"", []]]"
1JA9,,1JA9,0,,,"[[""PYQ"", []], [""NDP"", []]]"
1JAC,,1JAC,0,,,"[[""AMG"", []]]"
1JAH,,1JAH,0,,,"[[""GCP"", []]]"
1JAI,,1JAI,0,,,"[[""GCP"", []]]"
1JAK,,1JAK,0,,,"[[""IFG"", []]]"
1JB9,,1JB9,0,,,"[[""FAD"", []]]"
1JBP,,1JBP,0,,,"[[""OCT"", []], [""ADP"", []]]"
1JBU,,1JBU,0,,,"[[""BEN"", []]]"
1JBV,,1JBV,0,,,"[[""ACP"", []]]"
1JCM,,1JCM,0,,,"[[""137"", []]]"
1JCQ,,1JCQ,0,,,"[[""SUC"", []], [""FPP"", []], [""739"", []]]"
1JCR,,1JCR,0,,,"[[""VAL"", []], [""FPP"", []], [""CYS"", []], [""PHE"", []], [""MET"", []]]"
1JCS,,1JCS,0,,,"[[""VAL"", []], [""FII"", []], [""LYS"", []], [""CYS"", []], [""PHE"", []], [""MET"", []], [""THR"", []]]"
1JCX,,1JCX,0,,,"[[""PAI"", []]]"
1JCY,,1JCY,0,,,"[[""PEP"", []], [""R5P"", []]]"
1JD3,,1JD3,0,,,"[[""PHB"", []]]"
1JDV,,1JDV,0,,,"[[""ADN"", []]]"
1JDX,,1JDX,0,,,"[[""NVA"", []]]"
1JDZ,,1JDZ,0,,,"[[""FMB"", []]]"
1JE1,,1JE1,0,,,"[[""GMP"", []]]"
1JEH,,1JEH,0,,,"[[""FAD"", []]]"
1JEP,,1JEP,0,,,"[[""DFL"", []]]"
1JF0,,1JF0,0,,,"[[""CZH"", []]]"
1JF2,,1JF2,0,,,"[[""CZH"", []]]"
1JF7,,1JF7,0,,,"[[""TBH"", []]]"
1JFH,,1JFH,0,,,"[[""MA1"", []], [""MA3"", []], [""GLC"", []], [""MA2"", []]]"
1JG0,,1JG0,0,,,"[[""DDT"", []], [""UMP"", []]]"
1JG1,,1JG1,0,,,"[[""SAH"", []]]"
1JG2,,1JG2,0,,,"[[""ADN"", []]]"
1JG3,,1JG3,0,,,"[[""VAL"", []], [""HIS"", []], [""ALA"", []], [""IAS"", []], [""ADN"", []], [""TYR"", []], [""PRO"", []]]"
1JG4,,1JG4,0,,,"[[""SAM"", []]]"
1JG6,,1JG6,0,,,"[[""UDP"", []]]"
1JG7,,1JG7,0,,,"[[""UDP"", []]]"
1JGI,,1JGI,0,,,"[[""SUC"", []]]"
1JGL,,1JGL,0,,,"[[""EST"", []]]"
1JGU,,1JGU,0,,,"[[""HBC"", []]]"
1JH7,,1JH7,0,,,"[[""UVC"", []]]"
1JHA,,1JHA,0,,,"[[""NIO"", []], [""AAM"", []]]"
1JHM,,1JHM,0,,,"[[""5MB"", []]]"
1JHO,,1JHO,0,,,"[[""NIO"", []], [""RMB"", []]]"
1JHQ,,1JHQ,0,,,"[[""PMO"", []], [""NIO"", []]]"
1JHR,,1JHR,0,,,"[[""NIO"", []], [""P2P"", []]]"
1JHU,,1JHU,0,,,"[[""PCR"", []]]"
1JHV,,1JHV,0,,,"[[""NIO"", []], [""PCR"", []]]"
1JHY,,1JHY,0,,,"[[""IPH"", []], [""NIO"", []]]"
1JIL,,1JIL,0,,,"[[""485"", []]]"
1JIN,,1JIN,0,,,"[[""KTN"", []]]"
1JIO,,1JIO,0,,,"[[""DEB"", []]]"
1JIP,,1JIP,0,,,"[[""KTN"", []]]"
1JIU,,1JIU,0,,,"[[""UDP"", []]]"
1JIV,,1JIV,0,,,"[[""UDP"", []]]"
1JIX,,1JIX,0,,,"[[""UDP"", []]]"
1JJ9,,1JJ9,0,,,"[[""BBT"", []]]"
1JJT,,1JJT,0,,,"[[""BDS"", []]]"
1JJV,,1JJV,0,,,"[[""ATP"", []]]"
1JKH,,1JKH,0,,,"[[""EFZ"", []]]"
1JKI,,1JKI,0,,,"[[""DG6"", []], [""NAI"", []]]"
1JKJ,,1JKJ,0,,,"[[""COA"", []]]"
1JKK,,1JKK,0,,,"[[""ANP"", []]]"
1JKL,,1JKL,0,,,"[[""ANP"", []]]"
1JLD,,1JLD,0,,,"[[""0PP"", []]]"
1JLR,,1JLR,0,,,"[[""GTP"", []]]"
1JLS,,1JLS,0,,,"[[""URA"", []], [""PRP"", []]]"
1JLV,,1JLV,0,,,"[[""GSH"", []]]"
1JM6,,1JM6,0,,,"[[""ADP"", []]]"
1JMF,,1JMF,0,,,"[[""UMP"", []]]"
1JMG,,1JMG,0,,,"[[""UMP"", []]]"
1JNK,,1JNK,0,,,"[[""ANP"", []]]"
1JNQ,,1JNQ,0,,,"[[""EGT"", []]]"
1JNR,,1JNR,0,,,"[[""FAD"", []]]"
1JNY,,1JNY,0,,,"[[""GDP"", []]]"
1JNZ,,1JNZ,0,,,"[[""FAD"", []]]"
1JOC,,1JOC,0,,,"[[""ITP"", []]]"
1JOL,,1JOL,0,,,"[[""FFO"", []]]"
1JOM,,1JOM,0,,,"[[""FFO"", []]]"
1JP4,,1JP4,0,,,"[[""AMP"", []]]"
1JPA,,1JPA,0,,,"[[""ANP"", []]]"
1JPJ,,1JPJ,0,,,"[[""GNP"", []]]"
1JPN,,1JPN,0,,,"[[""GNP"", []]]"
1JPZ,,1JPZ,0,,,"[[""140"", []]]"
1JQ3,,1JQ3,0,,,"[[""AAT"", []]]"
1JQ5,,1JQ5,0,,,"[[""NAD"", []]]"
1JQD,,1JQD,0,,,"[[""HSM"", []], [""SAH"", []]]"
1JQH,,1JQH,0,,,"[[""ANP"", []]]"
1JQI,,1JQI,0,,,"[[""CAA"", []], [""FAD"", []]]"
1JQN,,1JQN,0,,,"[[""DCO"", []]]"
1JQV,,1JQV,0,,,"[[""FMN"", []], [""ORO"", []]]"
1JQX,,1JQX,0,,,"[[""FMN"", []], [""ORO"", []]]"
1JQY,,1JQY,0,,,"[[""A32"", []]]"
1JR8,,1JR8,0,,,"[[""FAD"", []]]"
1JRA,,1JRA,0,,,"[[""FAD"", []]]"
1JRB,,1JRB,0,,,"[[""FMN"", []], [""ORO"", []]]"
1JRC,,1JRC,0,,,"[[""FMN"", []], [""ORO"", []]]"
1JRY,,1JRY,0,,,"[[""FAD"", []], [""FUM"", []]]"
1JRZ,,1JRZ,0,,,"[[""FAD"", []], [""FUM"", []]]"
1JS3,,1JS3,0,,,"[[""PLP"", []], [""142"", []]]"
1JSH,,1JSH,0,,,"[[""GAL"", []], [""SIA"", []]]"
1JSI,,1JSI,0,,,"[[""GAL"", []], [""SIA"", []], [""GLC"", []]]"
1JSN,,1JSN,0,,,"[[""GAL"", []], [""SIA"", []]]"
1JSO,,1JSO,0,,,"[[""SIA"", []]]"
1JSV,,1JSV,0,,,"[[""U55"", []]]"
1JT1,,1JT1,0,,,"[[""MCO"", []]]"
1JTE,,1JTE,0,,,"[[""SAH"", []]]"
1JTK,,1JTK,0,,,"[[""THU"", []]]"
1JTQ,,1JTQ,0,,,"[[""LY3"", []]]"
1JTU,,1JTU,0,,,"[[""LYB"", []]]"
1JTV,,1JTV,0,,,"[[""TES"", []]]"
1JU2,,1JU2,0,,,"[[""FAD"", []]]"
1JU9,,1JU9,0,,,"[[""NAD"", []]]"
1JUB,,1JUB,0,,,"[[""FMN"", []]]"
1JUE,,1JUE,0,,,"[[""FMN"", []]]"
1JV1,,1JV1,0,,,"[[""UD1"", []]]"
1JV3,,1JV3,0,,,"[[""UD2"", []]]"
1JV4,,1JV4,0,,,"[[""TZL"", []]]"
1JVD,,1JVD,0,,,"[[""UD1"", []]]"
1JVG,,1JVG,0,,,"[[""UD2"", []]]"
1JVU,,1JVU,0,,,"[[""C2P"", []]]"
1JVX,,1JVX,0,,,"[[""MAL"", []]]"
1JVY,,1JVY,0,,,"[[""MAL"", []]]"
1JW0,,1JW0,0,,,"[[""GUA"", []]]"
1JWT,,1JWT,0,,,"[[""BLI"", []]]"
1JWY,,1JWY,0,,,"[[""GDP"", []], [""ADP"", []], [""BGC"", []]]"
1JX1,,1JX1,0,,,"[[""DFV"", []]]"
1JX6,,1JX6,0,,,"[[""AI2"", []]]"
1JXN,,1JXN,0,,,"[[""MFU"", []]]"
1JXZ,,1JXZ,0,,,"[[""BCA"", []]]"
1JYL,,1JYL,0,,,"[[""CDC"", []]]"
1K06,,1K06,0,,,"[[""BZD"", []]]"
1K08,,1K08,0,,,"[[""BZD"", []]]"
1K0A,,1K0A,0,,,"[[""GTX"", []], [""GSH"", []]]"
1K0C,,1K0C,0,,,"[[""GTB"", []], [""GSH"", []]]"
1K0D,,1K0D,0,,,"[[""GSH"", []]]"
1K0J,,1K0J,0,,,"[[""FAD"", []], [""NDP"", []]]"
1K0L,,1K0L,0,,,"[[""FAD"", []]]"
1K1J,,1K1J,0,,,"[[""FD2"", []]]"
1K1L,,1K1L,0,,,"[[""FD3"", []]]"
1K1M,,1K1M,0,,,"[[""FD4"", []]]"
1K1Y,,1K1Y,0,,,"[[""ACR"", []], [""MAL"", []]]"
1K21,,1K21,0,,,"[[""IGN"", []]]"
1K22,,1K22,0,,,"[[""MEL"", []]]"
1K27,,1K27,0,,,"[[""MTM"", []]]"
1K2R,,1K2R,0,,,"[[""NRG"", []], [""H4B"", []]]"
1K2T,,1K2T,0,,,"[[""PTU"", []], [""H4B"", []]]"
1K2U,,1K2U,0,,,"[[""H4B"", []], [""TFM"", []]]"
1K2V,,1K2V,0,,,"[[""DEF"", []]]"
1K2Y,,1K2Y,0,,,"[[""TLA"", []]]"
1K3A,,1K3A,0,,,"[[""ACP"", []]]"
1K3C,,1K3C,0,,,"[[""PYR"", []], [""ADP"", []], [""AF3"", []]]"
1K3D,,1K3D,0,,,"[[""ADP"", []], [""AF3"", []]]"
1K3L,,1K3L,0,,,"[[""GTX"", []]]"
1K3T,,1K3T,0,,,"[[""BRZ"", []]]"
1K3Y,,1K3Y,0,,,"[[""GTX"", []]]"
1K4G,,1K4G,0,,,"[[""AIQ"", []]]"
1K4H,,1K4H,0,,,"[[""APQ"", []]]"
1K4M,,1K4M,0,,,"[[""NAD"", []], [""CIT"", []]]"
1K4V,,1K4V,0,,,"[[""UDP"", []]]"
1K4W,,1K4W,0,,,"[[""STE"", []]]"
1K5Q,,1K5Q,0,,,"[[""PAC"", []]]"
1K5S,,1K5S,0,,,"[[""GRO"", []]]"
1K6C,,1K6C,0,,,"[[""MK1"", []]]"
1K6M,,1K6M,0,,,"[[""AGS"", []]]"
1K6P,,1K6P,0,,,"[[""XN3"", []]]"
1K6T,,1K6T,0,,,"[[""XN1"", []]]"
1K6V,,1K6V,0,,,"[[""XN2"", []]]"
1K7D,,1K7D,0,,,"[[""GRO"", []]]"
1K7E,,1K7E,0,,,"[[""IAG"", []]]"
1K7F,,1K7F,0,,,"[[""IAV"", []]]"
1K7L,,1K7L,0,,,"[[""544"", []]]"
1K7W,,1K7W,0,,,"[[""AS1"", []]]"
1K8C,,1K8C,0,,,"[[""NAP"", []]]"
1K8Y,,1K8Y,0,,,"[[""13P"", []]]"
1K8Z,,1K8Z,0,,,"[[""IAG"", []]]"
1K97,,1K97,0,,,"[[""CIR"", []], [""ASP"", []]]"
1K9E,,1K9E,0,,,"[[""GCV"", []]]"
1K9F,,1K9F,0,,,"[[""GCV"", []], [""XYP"", []]]"
1K9S,,1K9S,0,,,"[[""FM2"", []], [""FM1"", []]]"
1KA1,,1KA1,0,,,"[[""A3P"", []]]"
1KAO,,1KAO,0,,,"[[""GDP"", []]]"
1KAR,,1KAR,0,,,"[[""HSM"", []]]"
1KAX,,1KAX,0,,,"[[""ATP"", []]]"
1KAY,,1KAY,0,,,"[[""ATP"", []]]"
1KAZ,,1KAZ,0,,,"[[""ATP"", []]]"
1KBC,,1KBC,0,,,"[[""HLE"", []], [""RIN"", []]]"
1KBI,,1KBI,0,,,"[[""FMN"", []], [""PYR"", []]]"
1KBJ,,1KBJ,0,,,"[[""FMN"", []]]"
1KBO,,1KBO,0,,,"[[""FAD"", []], [""340"", []]]"
1KBQ,,1KBQ,0,,,"[[""FAD"", []], [""936"", []]]"
1KC7,,1KC7,0,,,"[[""PPR"", []]]"
1KCC,,1KCC,0,,,"[[""GTR"", []]]"
1KCD,,1KCD,0,,,"[[""GTR"", []], [""GTK"", []]]"
1KCE,,1KCE,0,,,"[[""CB3"", []]]"
1KCK,,1KCK,0,,,"[[""G6D"", []], [""ADH"", []], [""BGC"", []], [""GLC"", []]]"
1KDG,,1KDG,0,,,"[[""6FA"", []]]"
1KDM,,1KDM,0,,,"[[""DHT"", []]]"
1KDN,,1KDN,0,,,"[[""ADP"", []]]"
1KDR,,1KDR,0,,,"[[""CAR"", []]]"
1KDT,,1KDT,0,,,"[[""DOC"", []]]"
1KE6,,1KE6,0,,,"[[""LS2"", []]]"
1KE7,,1KE7,0,,,"[[""LS3"", []]]"
1KE8,,1KE8,0,,,"[[""LS4"", []]]"
1KE9,,1KE9,0,,,"[[""LS5"", []]]"
1KEC,,1KEC,0,,,"[[""GRO"", []]]"
1KEL,,1KEL,0,,,"[[""AAH"", []]]"
1KEP,,1KEP,0,,,"[[""NAD"", []], [""TDX"", []]]"
1KER,,1KER,0,,,"[[""NAD"", []], [""DAU"", []]]"
1KET,,1KET,0,,,"[[""NAD"", []], [""TYD"", []]]"
1KEU,,1KEU,0,,,"[[""NAD"", []], [""DAU"", []]]"
1KEW,,1KEW,0,,,"[[""NAD"", []], [""TYD"", []]]"
1KF0,,1KF0,0,,,"[[""3PG"", []], [""ACP"", []]]"
1KFB,,1KFB,0,,,"[[""IGP"", []]]"
1KFC,,1KFC,0,,,"[[""IPL"", []]]"
1KFE,,1KFE,0,,,"[[""PLS"", []]]"
1KFG,,1KFG,0,,,"[[""GS1"", []], [""SGC"", []], [""BGC"", []]]"
1KGI,,1KGI,0,,,"[[""T4A"", []]]"
1KGJ,,1KGJ,0,,,"[[""FL8"", []]]"
1KGZ,,1KGZ,0,,,"[[""PRP"", []]]"
1KH2,,1KH2,0,,,"[[""ATP"", []]]"
1KH3,,1KH3,0,,,"[[""ANP"", []], [""ARG"", []], [""ASP"", []]]"
1KHH,,1KHH,0,,,"[[""SAH"", []]]"
1KHZ,,1KHZ,0,,,"[[""ADV"", []]]"
1KI3,,1KI3,0,,,"[[""PE2"", []]]"
1KI4,,1KI4,0,,,"[[""BTD"", []]]"
1KI6,,1KI6,0,,,"[[""AHU"", []]]"
1KI7,,1KI7,0,,,"[[""ID2"", []]]"
1KI8,,1KI8,0,,,"[[""BVD"", []]]"
1KIE,,1KIE,0,,,"[[""AD3"", []]]"
1KIJ,,1KIJ,0,,,"[[""NOV"", []]]"
1KIM,,1KIM,0,,,"[[""THM"", []]]"
1KJ8,,1KJ8,0,,,"[[""GAR"", []], [""ATP"", []]]"
1KJ9,,1KJ9,0,,,"[[""ATP"", []]]"
1KJI,,1KJI,0,,,"[[""ACP"", []]]"
1KJJ,,1KJJ,0,,,"[[""AGS"", []]]"
1KJQ,,1KJQ,0,,,"[[""ADP"", []]]"
1KLI,,1KLI,0,,,"[[""BEN"", []]]"
1KLK,,1KLK,0,,,"[[""PMD"", []], [""NDP"", []]]"
1KLY,,1KLY,0,,,"[[""UP6"", []]]"
1KM1,,1KM1,0,,,"[[""UP6"", []]]"
1KM2,,1KM2,0,,,"[[""UP6"", []]]"
1KM3,,1KM3,0,,,"[[""UP6"", []]]"
1KM4,,1KM4,0,,,"[[""U"", []]]"
1KM5,,1KM5,0,,,"[[""UP6"", []]]"
1KM6,,1KM6,0,,,"[[""OMP"", []]]"
1KMQ,,1KMQ,0,,,"[[""GNP"", []]]"
1KMS,,1KMS,0,,,"[[""LIH"", []], [""NDP"", []]]"
1KMY,,1KMY,0,,,"[[""TBU"", []], [""BPY"", []]]"
1KN2,,1KN2,0,,,"[[""PNE"", []]]"
1KN4,,1KN4,0,,,"[[""PDE"", []]]"
1KNR,,1KNR,0,,,"[[""FAD"", []]]"
1KNU,,1KNU,0,,,"[[""YPA"", []]]"
1KNY,,1KNY,0,,,"[[""APC"", []], [""KAN"", []]]"
1KO8,,1KO8,0,,,"[[""6PG"", []]]"
1KOJ,,1KOJ,0,,,"[[""PAN"", []]]"
1KOL,,1KOL,0,,,"[[""NAD"", []]]"
1KOR,,1KOR,0,,,"[[""ANP"", []], [""ARG"", []], [""SIN"", []]]"
1KP2,,1KP2,0,,,"[[""ATP"", []]]"
1KPF,,1KPF,0,,,"[[""AMP"", []]]"
1KPG,,1KPG,0,,,"[[""SAH"", []], [""16A"", []]]"
1KPH,,1KPH,0,,,"[[""10A"", []], [""SAH"", []]]"
1KPM,,1KPM,0,,,"[[""VIT"", []]]"
1KQ4,,1KQ4,0,,,"[[""FAD"", []]]"
1KQB,,1KQB,0,,,"[[""BEZ"", []], [""FMN"", []]]"
1KQC,,1KQC,0,,,"[[""FMN"", []]]"
1KQD,,1KQD,0,,,"[[""FMN"", []]]"
1KQF,,1KQF,0,,,"[[""MGD"", []]]"
1KQN,,1KQN,0,,,"[[""NAD"", []]]"
1KQO,,1KQO,0,,,"[[""DND"", []]]"
1KQP,,1KQP,0,,,"[[""ADJ"", []]]"
1KQW,,1KQW,0,,,"[[""RTL"", []]]"
1KR2,,1KR2,0,,,"[[""TAD"", []]]"
1KR3,,1KR3,0,,,"[[""113"", []]]"
1KR5,,1KR5,0,,,"[[""SAH"", []]]"
1KRE,,1KRE,0,,,"[[""DMJ"", []]]"
1KRF,,1KRF,0,,,"[[""KIF"", []]]"
1KRM,,1KRM,0,,,"[[""PRH"", []]]"
1KRR,,1KRR,0,,,"[[""ACO"", []]]"
1KS7,,1KS7,0,,,"[[""DAS"", []], [""PHQ"", []]]"
1KSG,,1KSG,0,,,"[[""GTP"", []]]"
1KSH,,1KSH,0,,,"[[""GDP"", []]]"
1KSK,,1KSK,0,,,"[[""URA"", []]]"
1KSL,,1KSL,0,,,"[[""URA"", []]]"
1KSN,,1KSN,0,,,"[[""FXV"", []]]"
1KSS,,1KSS,0,,,"[[""FAD"", []], [""FUM"", []]]"
1KSU,,1KSU,0,,,"[[""FAD"", []], [""FUM"", []]]"
1KT3,,1KT3,0,,,"[[""RTL"", []]]"
1KT4,,1KT4,0,,,"[[""RTL"", []]]"
1KT5,,1KT5,0,,,"[[""RTL"", []]]"
1KT6,,1KT6,0,,,"[[""RTL"", []]]"
1KT7,,1KT7,0,,,"[[""RTL"", []]]"
1KTA,,1KTA,0,,,"[[""PMP"", []], [""KIV"", []]]"
1KTG,,1KTG,0,,,"[[""AMP"", []]]"
1KTI,,1KTI,0,,,"[[""AZC"", []]]"
1KTS,,1KTS,0,,,"[[""C24"", []]]"
1KTT,,1KTT,0,,,"[[""C02"", []]]"
1KV1,,1KV1,0,,,"[[""BMU"", []]]"
1KV5,,1KV5,0,,,"[[""PGA"", []]]"
1KVK,,1KVK,0,,,"[[""ATP"", []]]"
1KVL,,1KVL,0,,,"[[""KCP"", []], [""CLS"", []], [""THN"", []]]"
1KVO,,1KVO,0,,,"[[""OAP"", []]]"
1KVQ,,1KVQ,0,,,"[[""NAD"", []], [""UPG"", []]]"
1KVR,,1KVR,0,,,"[[""NAD"", []], [""UDP"", []]]"
1KVS,,1KVS,0,,,"[[""NAD"", []], [""UPG"", []]]"
1KVT,,1KVT,0,,,"[[""NAD"", []], [""UPG"", []]]"
1KVU,,1KVU,0,,,"[[""NAD"", []], [""UPG"", []]]"
1KW0,,1KW0,0,,,"[[""TIH"", []], [""H4B"", []]]"
1KW1,,1KW1,0,,,"[[""LG6"", []]]"
1KW6,,1KW6,0,,,"[[""BPY"", []]]"
1KW8,,1KW8,0,,,"[[""BPY"", []]]"
1KW9,,1KW9,0,,,"[[""BPY"", []]]"
1KWC,,1KWC,0,,,"[[""BPY"", []]]"
1KWR,,1KWR,0,,,"[[""SG2"", []]]"
1KWS,,1KWS,0,,,"[[""UGA"", []]]"
1KXM,,1KXM,0,,,"[[""BZI"", []]]"
1KXP,,1KXP,0,,,"[[""ATP"", []]]"
1KY2,,1KY2,0,,,"[[""GNP"", []]]"
1KY3,,1KY3,0,,,"[[""GDP"", []]]"
1KY8,,1KY8,0,,,"[[""NAP"", []]]"
1KYA,,1KYA,0,,,"[[""XYD"", []]]"
1KYQ,,1KYQ,0,,,"[[""NAD"", []]]"
1KYV,,1KYV,0,,,"[[""RBF"", []]]"
1KYW,,1KYW,0,,,"[[""SAH"", []]]"
1KYY,,1KYY,0,,,"[[""INI"", []]]"
1KYZ,,1KYZ,0,,,"[[""FER"", []], [""SAH"", []]]"
1KZ8,,1KZ8,0,,,"[[""F6P"", []], [""AMP"", []], [""PFE"", []]]"
1KZL,,1KZL,0,,,"[[""CRM"", []]]"
1KZO,,1KZO,0,,,"[[""FPP"", []]]"
1L1E,,1L1E,0,,,"[[""SAH"", []]]"
1L1Q,,1L1Q,0,,,"[[""9DA"", []]]"
1L1R,,1L1R,0,,,"[[""9DA"", []], [""PRP"", []]]"
1L2E,,1L2E,0,,,"[[""BEN"", []]]"
1L2I,,1L2I,0,,,"[[""ETC"", []]]"
1L2T,,1L2T,0,,,"[[""ATP"", []]]"
1L3I,,1L3I,0,,,"[[""SAH"", []]]"
1L3R,,1L3R,0,,,"[[""ADP"", []], [""AF3"", []]]"
1L4E,,1L4E,0,,,"[[""RBZ"", []]]"
1L4F,,1L4F,0,,,"[[""NCN"", []], [""150"", []]]"
1L4G,,1L4G,0,,,"[[""NCN"", []], [""MCT"", []]]"
1L4H,,1L4H,0,,,"[[""NCN"", []], [""IND"", []]]"
1L4K,,1L4K,0,,,"[[""34A"", []], [""NCN"", []]]"
1L4L,,1L4L,0,,,"[[""XYD"", []], [""NCN"", []]]"
1L4M,,1L4M,0,,,"[[""2AC"", []], [""NCN"", []]]"
1L4N,,1L4N,0,,,"[[""NIO"", []], [""2AF"", []]]"
1L5F,,1L5F,0,,,"[[""BZI"", []]]"
1L5J,,1L5J,0,,,"[[""TRA"", []]]"
1L5K,,1L5K,0,,,"[[""1RB"", []], [""NIO"", []]]"
1L5L,,1L5L,0,,,"[[""7RP"", []], [""NIO"", []]]"
1L5M,,1L5M,0,,,"[[""NIO"", []], [""7RA"", []]]"
1L5O,,1L5O,0,,,"[[""2MP"", []], [""NCN"", []]]"
1L5Q,,1L5Q,0,,,"[[""CFF"", []], [""NBG"", []], [""700"", []]]"
1L5R,,1L5R,0,,,"[[""NBG"", []], [""700"", []], [""RBF"", []]]"
1L5S,,1L5S,0,,,"[[""NBG"", []], [""700"", []], [""URC"", []]]"
1L5V,,1L5V,0,,,"[[""G1P"", []]]"
1L5W,,1L5W,0,,,"[[""GLC"", []]]"
1L6G,,1L6G,0,,,"[[""PDD"", []]]"
1L6I,,1L6I,0,,,"[[""GLC"", []]]"
1L6M,,1L6M,0,,,"[[""DBS"", []], [""DBH"", []]]"
1L7E,,1L7E,0,,,"[[""NAI"", []]]"
1L7G,,1L7G,0,,,"[[""BCZ"", []]]"
1L7H,,1L7H,0,,,"[[""BCZ"", []]]"
1L7X,,1L7X,0,,,"[[""CFF"", []], [""NBG"", []], [""700"", []]]"
1L8A,,1L8A,0,,,"[[""TDP"", []]]"
1L8B,,1L8B,0,,,"[[""MGP"", []]]"
1L8N,,1L8N,0,,,"[[""GCW"", []], [""XYP"", []]]"
1L8P,,1L8P,0,,,"[[""PAH"", []]]"
1L8T,,1L8T,0,,,"[[""KAN"", []], [""ADP"", []]]"
1L9D,,1L9D,0,,,"[[""PYC"", []]]"
1L9K,,1L9K,0,,,"[[""SAH"", []]]"
1L9W,,1L9W,0,,,"[[""DHS"", []]]"
1LB8,,1LB8,0,,,"[[""AMQ"", []]]"
1LB9,,1LB9,0,,,"[[""DNQ"", []]]"
1LBB,,1LBB,0,,,"[[""KAI"", []]]"
1LBF,,1LBF,0,,,"[[""137"", []]]"
1LBK,,1LBK,0,,,"[[""GSH"", []]]"
1LBL,,1LBL,0,,,"[[""137"", []]]"
1LBY,,1LBY,0,,,"[[""F6P"", []]]"
1LBZ,,1LBZ,0,,,"[[""FBP"", []]]"
1LC8,,1LC8,0,,,"[[""33P"", []]]"
1LCA,,1LCA,0,,,"[[""CB3"", []], [""UMP"", []]]"
1LCB,,1LCB,0,,,"[[""DHF"", []], [""TMP"", []]]"
1LCE,,1LCE,0,,,"[[""UMP"", []], [""TMF"", []]]"
1LCV,,1LCV,0,,,"[[""SNR"", []]]"
1LCW,,1LCW,0,,,"[[""SHM"", []]]"
1LD7,,1LD7,0,,,"[[""SUC"", []], [""U66"", []], [""FPP"", []]]"
1LDE,,1LDE,0,,,"[[""NAD"", []], [""FPI"", []]]"
1LDG,,1LDG,0,,,"[[""NAD"", []], [""OXM"", []]]"
1LDO,,1LDO,0,,,"[[""SNR"", []]]"
1LDY,,1LDY,0,,,"[[""CXF"", []], [""NAD"", []]]"
1LEE,,1LEE,0,,,"[[""R36"", []]]"
1LEV,,1LEV,0,,,"[[""CLI"", []], [""F6P"", []]]"
1LF0,,1LF0,0,,,"[[""GNP"", []]]"
1LF2,,1LF2,0,,,"[[""R37"", []]]"
1LF5,,1LF5,0,,,"[[""GDP"", []]]"
1LF9,,1LF9,0,,,"[[""ACR"", []]]"
1LFD,,1LFD,0,,,"[[""GNP"", []]]"
1LFO,,1LFO,0,,,"[[""OLA"", []]]"
1LFW,,1LFW,0,,,"[[""AEP"", []]]"
1LGT,,1LGT,0,,,"[[""BP3"", []]]"
1LGW,,1LGW,0,,,"[[""1AN"", []]]"
1LGX,,1LGX,0,,,"[[""5AN"", []]]"
1LHN,,1LHN,0,,,"[[""AON"", []]]"
1LHO,,1LHO,0,,,"[[""AOM"", []]]"
1LHU,,1LHU,0,,,"[[""EST"", []]]"
1LHV,,1LHV,0,,,"[[""NOG"", []]]"
1LHW,,1LHW,0,,,"[[""ESM"", []]]"
1LI3,,1LI3,0,,,"[[""3CH"", []]]"
1LI4,,1LI4,0,,,"[[""NAD"", []], [""NOC"", []]]"
1LID,,1LID,0,,,"[[""OLA"", []]]"
1LIE,,1LIE,0,,,"[[""PLM"", []], [""PPI"", []]]"
1LIF,,1LIF,0,,,"[[""STE"", []]]"
1LIJ,,1LIJ,0,,,"[[""RPP"", []], [""ACP"", []]]"
1LIN,,1LIN,0,,,"[[""TFP"", []]]"
1LJ1,,1LJ1,0,,,"[[""FAD"", []], [""FUM"", []]]"
1LJ8,,1LJ8,0,,,"[[""NAD"", []]]"
1LJN,,1LJN,0,,,"[[""CBS"", []]]"
1LJT,,1LJT,0,,,"[[""HDI"", []]]"
1LK7,,1LK7,0,,,"[[""DER"", []]]"
1LKE,,1LKE,0,,,"[[""DOG"", []]]"
1LL9,,1LL9,0,,,"[[""AXL"", []]]"
1LLD,,1LLD,0,,,"[[""NAD"", []]]"
1LLO,,1LLO,0,,,"[[""AMI"", []], [""NAA"", []]]"
1LLQ,,1LLQ,0,,,"[[""NAD"", []]]"
1LLR,,1LLR,0,,,"[[""FNG"", []], [""LNQ"", []]]"
1LMC,,1LMC,0,,,"[[""BUL"", []]]"
1LN1,,1LN1,0,,,"[[""DLP"", []]]"
1LNM,,1LNM,0,,,"[[""DTX"", []]]"
1LNY,,1LNY,0,,,"[[""GDP"", []], [""IMO"", []]]"
1LO0,,1LO0,0,,,"[[""BC1"", []]]"
1LO2,,1LO2,0,,,"[[""OX1"", []]]"
1LO3,,1LO3,0,,,"[[""AN1"", []]]"
1LO6,,1LO6,0,,,"[[""BEN"", []]]"
1LOB,,1LOB,0,,,"[[""MMA"", []]]"
1LOD,,1LOD,0,,,"[[""MUR"", []]]"
1LOL,,1LOL,0,,,"[[""XMP"", []]]"
1LON,,1LON,0,,,"[[""GDP"", []], [""HDA"", []], [""IMO"", []]]"
1LOO,,1LOO,0,,,"[[""GTP"", []]]"
1LOQ,,1LOQ,0,,,"[[""U"", []]]"
1LOR,,1LOR,0,,,"[[""BMP"", []]]"
1LOS,,1LOS,0,,,"[[""UP6"", []]]"
1LOT,,1LOT,0,,,"[[""ATP"", []]]"
1LOV,,1LOV,0,,,"[[""3GP"", []]]"
1LOX,,1LOX,0,,,"[[""RS7"", []]]"
1LP4,,1LP4,0,,,"[[""ANP"", []]]"
1LPG,,1LPG,0,,,"[[""IMA"", []]]"
1LPK,,1LPK,0,,,"[[""CBB"", []]]"
1LPU,,1LPU,0,,,"[[""BEN"", []]]"
1LQA,,1LQA,0,,,"[[""NDP"", []]]"
1LQE,,1LQE,0,,,"[[""IMA"", []]]"
1LQT,,1LQT,0,,,"[[""FAD"", []]]"
1LQU,,1LQU,0,,,"[[""FAD"", []]]"
1LQY,,1LQY,0,,,"[[""BB2"", []]]"
1LR4,,1LR4,0,,,"[[""BEN"", []]]"
1LRJ,,1LRJ,0,,,"[[""NAD"", []], [""UD1"", []]]"
1LRK,,1LRK,0,,,"[[""NAD"", []], [""UD1"", []]]"
1LRL,,1LRL,0,,,"[[""NAD"", []], [""UPG"", []]]"
1LRQ,,1LRQ,0,,,"[[""PEP"", []], [""A5P"", []]]"
1LRU,,1LRU,0,,,"[[""BB2"", []]]"
1LRW,,1LRW,0,,,"[[""PQQ"", []]]"
1LS6,,1LS6,0,,,"[[""NPO"", []], [""A3P"", []]]"
1LSH,,1LSH,0,,,"[[""PLD"", []]]"
1LSP,,1LSP,0,,,"[[""BUL"", []]]"
1LSS,,1LSS,0,,,"[[""NAD"", []]]"
1LT5,,1LT5,0,,,"[[""TDG"", []]]"
1LT8,,1LT8,0,,,"[[""CBH"", []], [""CIT"", []]]"
1LTH,,1LTH,0,,,"[[""NAD"", []], [""FBP"", []], [""OXM"", []]]"
1LUA,,1LUA,0,,,"[[""NAP"", []]]"
1LUG,,1LUG,0,,,"[[""SUA"", []]]"
1LUQ,,1LUQ,0,,,"[[""BTN"", []]]"
1LV8,,1LV8,0,,,"[[""9PP"", []]]"
1LVG,,1LVG,0,,,"[[""ADP"", []], [""5GP"", []]]"
1LVK,,1LVK,0,,,"[[""MNT"", []], [""BEF"", []]]"
1LVL,,1LVL,0,,,"[[""NAD"", []], [""FAD"", []]]"
1LVU,,1LVU,0,,,"[[""9PP"", []]]"
1LVW,,1LVW,0,,,"[[""TYD"", []]]"
1LWD,,1LWD,0,,,"[[""ICT"", []]]"
1LWJ,,1LWJ,0,,,"[[""ACG"", []]]"
1LWL,,1LWL,0,,,"[[""DSO"", []]]"
1LWN,,1LWN,0,,,"[[""GLC"", []]]"
1LWO,,1LWO,0,,,"[[""CHI"", []], [""GLC"", []]]"
1LWX,,1LWX,0,,,"[[""AZD"", []]]"
1LX6,,1LX6,0,,,"[[""NAD"", []], [""ZAM"", []]]"
1LXC,,1LXC,0,,,"[[""NAD"", []], [""AYM"", []]]"
1LY3,,1LY3,0,,,"[[""COG"", []], [""NAP"", []]]"
1LY4,,1LY4,0,,,"[[""COQ"", []], [""NAP"", []]]"
1LYX,,1LYX,0,,,"[[""PGA"", []]]"
1LZJ,,1LZJ,0,,,"[[""BHG"", []], [""UDP"", []], [""FUC"", []]]"
1LZX,,1LZX,0,,,"[[""H4B"", []], [""HAR"", []]]"
1LZZ,,1LZZ,0,,,"[[""H4B"", []], [""IHG"", []]]"
1M00,,1M00,0,,,"[[""BHH"", []], [""H4B"", []]]"
1M0N,,1M0N,0,,,"[[""HCP"", []]]"
1M0O,,1M0O,0,,,"[[""MPM"", []]]"
1M0Q,,1M0Q,0,,,"[[""EPC"", []]]"
1M0U,,1M0U,0,,,"[[""GSH"", []]]"
1M13,,1M13,0,,,"[[""HYF"", []]]"
1M15,,1M15,0,,,"[[""ARG"", []], [""ADP"", []]]"
1M1B,,1M1B,0,,,"[[""SPV"", []]]"
1M1O,,1M1O,0,,,"[[""CAA"", []]]"
1M21,,1M21,0,,,"[[""CSI"", []], [""PHA"", []], [""PHE"", []], [""LEU"", []]]"
1M2G,,1M2G,0,,,"[[""APR"", []]]"
1M2H,,1M2H,0,,,"[[""APR"", []]]"
1M2J,,1M2J,0,,,"[[""APR"", []]]"
1M2K,,1M2K,0,,,"[[""APR"", []]]"
1M2O,,1M2O,0,,,"[[""GNP"", []]]"
1M2P,,1M2P,0,,,"[[""HNA"", []]]"
1M2Q,,1M2Q,0,,,"[[""MNX"", []]]"
1M2R,,1M2R,0,,,"[[""MNY"", []]]"
1M2T,,1M2T,0,,,"[[""ADE"", []]]"
1M2W,,1M2W,0,,,"[[""NAD"", []], [""MTL"", []]]"
1M2X,,1M2X,0,,,"[[""MCO"", []]]"
1M3Z,,1M3Z,0,,,"[[""ACO"", []]]"
1M43,,1M43,0,,,"[[""VAL"", []], [""STA"", []], [""IVA"", []], [""ALA"", []]]"
1M4D,,1M4D,0,,,"[[""COA"", []], [""PAP"", []], [""TOY"", []]]"
1M4I,,1M4I,0,,,"[[""COA"", []], [""KAN"", []], [""PAP"", []]]"
1M4N,,1M4N,0,,,"[[""AAD"", []], [""PLP"", []]]"
1M51,,1M51,0,,,"[[""TSX"", []]]"
1M5B,,1M5B,0,,,"[[""BN1"", []]]"
1M5C,,1M5C,0,,,"[[""BRH"", []]]"
1M5D,,1M5D,0,,,"[[""BRH"", []]]"
1M5E,,1M5E,0,,,"[[""AM1"", []]]"
1M5F,,1M5F,0,,,"[[""AM1"", []]]"
1M5W,,1M5W,0,,,"[[""DXP"", []]]"
1M64,,1M64,0,,,"[[""FAD"", []], [""FUM"", []]]"
1M66,,1M66,0,,,"[[""PLM"", []], [""BCP"", []]]"
1M67,,1M67,0,,,"[[""PLM"", []], [""BOA"", []]]"
1M6I,,1M6I,0,,,"[[""FAD"", []]]"
1M6W,,1M6W,0,,,"[[""12H"", []]]"
1M6Y,,1M6Y,0,,,"[[""SAH"", []]]"
1M78,,1M78,0,,,"[[""CLZ"", []], [""NDP"", []]]"
1M79,,1M79,0,,,"[[""NDP"", []], [""MQ1"", []]]"
1M7A,,1M7A,0,,,"[[""MQU"", []], [""NDP"", []]]"
1M7B,,1M7B,0,,,"[[""GTP"", []]]"
1M7D,,1M7D,0,,,"[[""MAG"", []], [""RAE"", []], [""RAM"", []]]"
1M7H,,1M7H,0,,,"[[""ADX"", []], [""ADP"", []]]"
1M7P,,1M7P,0,,,"[[""G3H"", []]]"
1M7Q,,1M7Q,0,,,"[[""DQO"", []]]"
1M7Y,,1M7Y,0,,,"[[""PPG"", []]]"
1M7Z,,1M7Z,0,,,"[[""THG"", []], [""HAR"", []]]"
1M83,,1M83,0,,,"[[""ATP"", []]]"
1M8D,,1M8D,0,,,"[[""H4B"", []], [""BOG"", []], [""CLW"", []]]"
1M8F,,1M8F,0,,,"[[""NAD"", []]]"
1M8G,,1M8G,0,,,"[[""NAD"", []]]"
1M8J,,1M8J,0,,,"[[""NAD"", []]]"
1M98,,1M98,0,,,"[[""SUC"", []], [""HEQ"", []]]"
1M9H,,1M9H,0,,,"[[""NAD"", []]]"
1M9J,,1M9J,0,,,"[[""CLW"", []]]"
1M9K,,1M9K,0,,,"[[""7NI"", []]]"
1M9N,,1M9N,0,,,"[[""XMP"", []], [""AMZ"", []]]"
1M9Q,,1M9Q,0,,,"[[""5NI"", []]]"
1M9T,,1M9T,0,,,"[[""INE"", []], [""H4B"", []], [""BOG"", []]]"
1MA0,,1MA0,0,,,"[[""NAD"", []], [""DAO"", []]]"
1MA9,,1MA9,0,,,"[[""ATP"", []]]"
1MAP,,1MAP,0,,,"[[""KET"", []]]"
1MAQ,,1MAQ,0,,,"[[""PGU"", []]]"
1MAU,,1MAU,0,,,"[[""LTN"", []], [""ATP"", []], [""CIT"", []]]"
1MB4,,1MB4,0,,,"[[""NDP"", []]]"
1MBB,,1MBB,0,,,"[[""EEB"", []], [""FAD"", []]]"
1MBQ,,1MBQ,0,,,"[[""BEN"", []]]"
1MBZ,,1MBZ,0,,,"[[""IOT"", []]]"
1MD3,,1MD3,0,,,"[[""GSH"", []]]"
1MD4,,1MD4,0,,,"[[""GSH"", []]]"
1MDC,,1MDC,0,,,"[[""PLM"", []]]"
1MDO,,1MDO,0,,,"[[""PMP"", []]]"
1MDP,,1MDP,0,,,"[[""MAL"", []]]"
1MDQ,,1MDQ,0,,,"[[""MAL"", []]]"
1MDR,,1MDR,0,,,"[[""APG"", []]]"
1MDT,,1MDT,0,,,"[[""APU"", []]]"
1MDU,,1MDU,0,,,"[[""ATP"", []]]"
1MDX,,1MDX,0,,,"[[""AKG"", []]]"
1ME8,,1ME8,0,,,"[[""RVP"", []]]"
1ME9,,1ME9,0,,,"[[""IMP"", []]]"
1MEI,,1MEI,0,,,"[[""XMP"", []], [""MOA"", []]]"
1MEN,,1MEN,0,,,"[[""GAR"", []]]"
1MEP,,1MEP,0,,,"[[""BTN"", []]]"
1MER,,1MER,0,,,"[[""DMQ"", []]]"
1MES,,1MES,0,,,"[[""DMP"", []]]"
1MET,,1MET,0,,,"[[""DMP"", []]]"
1MEU,,1MEU,0,,,"[[""DMP"", []]]"
1MEW,,1MEW,0,,,"[[""NAD"", []], [""XMP"", []]]"
1MEX,,1MEX,0,,,"[[""RAC"", []]]"
1MEZ,,1MEZ,0,,,"[[""2SA"", []], [""GDP"", []]]"
1MF0,,1MF0,0,,,"[[""GDP"", []], [""AMP"", []]]"
1MFA,,1MFA,0,,,"[[""MMA"", []], [""ABE"", []], [""GLA"", []]]"
1MFB,,1MFB,0,,,"[[""ABE"", []], [""MAN"", []], [""GLA"", []], [""RAM"", []]]"
1MFD,,1MFD,0,,,"[[""MMA"", []], [""ABE"", []], [""GLA"", []]]"
1MFE,,1MFE,0,,,"[[""ABE"", []], [""MAN"", []], [""GLA"", []]]"
1MFI,,1MFI,0,,,"[[""FHC"", []]]"
1MFP,,1MFP,0,,,"[[""NAD"", []], [""IDN"", []]]"
1MG0,,1MG0,0,,,"[[""NAD"", []], [""DFB"", []]]"
1MG1,,1MG1,0,,,"[[""MAL"", []]]"
1MGO,,1MGO,0,,,"[[""NAD"", []], [""PFB"", []]]"
1MGP,,1MGP,0,,,"[[""PLM"", []]]"
1MH1,,1MH1,0,,,"[[""GNP"", []]]"
1MH5,,1MH5,0,,,"[[""HAL"", []]]"
1MI3,,1MI3,0,,,"[[""NAD"", []]]"
1MI4,,1MI4,0,,,"[[""S3P"", []]]"
1MJ7,,1MJ7,0,,,"[[""HAL"", []]]"
1MJ9,,1MJ9,0,,,"[[""COA"", []]]"
1MJA,,1MJA,0,,,"[[""COA"", []]]"
1MJB,,1MJB,0,,,"[[""ACO"", []]]"
1MJH,,1MJH,0,,,"[[""ATP"", []]]"
1MJL,,1MJL,0,,,"[[""SAM"", []]]"
1MJT,,1MJT,0,,,"[[""NAD"", []], [""ITU"", []]]"
1MK5,,1MK5,0,,,"[[""BTN"", []]]"
1MKV,,1MKV,0,,,"[[""GEL"", []]]"
1MKY,,1MKY,0,,,"[[""GDP"", []]]"
1ML3,,1ML3,0,,,"[[""NAD"", []], [""CYX"", []]]"
1ML4,,1ML4,0,,,"[[""PAL"", []]]"
1ML6,,1ML6,0,,,"[[""GBX"", []]]"
1MLY,,1MLY,0,,,"[[""PLP"", []], [""ACZ"", []]]"
1MM6,,1MM6,0,,,"[[""QUS"", []]]"
1MM7,,1MM7,0,,,"[[""QUS"", []]]"
1MMA,,1MMA,0,,,"[[""ADP"", []]]"
1MMD,,1MMD,0,,,"[[""BEF"", []], [""ADP"", []]]"
1MMG,,1MMG,0,,,"[[""AGS"", []]]"
1MMK,,1MMK,0,,,"[[""TIH"", []], [""H4B"", []]]"
1MMN,,1MMN,0,,,"[[""ANP"", []]]"
1MMW,,1MMW,0,,,"[[""H4B"", []], [""VIO"", []]]"
1MN7,,1MN7,0,,,"[[""ABT"", []]]"
1MO9,,1MO9,0,,,"[[""FAD"", []], [""KPC"", []]]"
1MOR,,1MOR,0,,,"[[""G6P"", []]]"
1MOS,,1MOS,0,,,"[[""AGP"", []]]"
1MP0,,1MP0,0,,,"[[""NAD"", []]]"
1MP3,,1MP3,0,,,"[[""TTP"", []]]"
1MP4,,1MP4,0,,,"[[""UPG"", []]]"
1MP8,,1MP8,0,,,"[[""ADP"", []]]"
1MPD,,1MPD,0,,,"[[""MAL"", []]]"
1MPW,,1MPW,0,,,"[[""TMH"", []]]"
1MQ4,,1MQ4,0,,,"[[""ADP"", []]]"
1MQ5,,1MQ5,0,,,"[[""XLC"", []]]"
1MQ6,,1MQ6,0,,,"[[""XLD"", []]]"
1MQB,,1MQB,0,,,"[[""ANP"", []]]"
1MQD,,1MQD,0,,,"[[""SHI"", []]]"
1MQG,,1MQG,0,,,"[[""IWD"", []]]"
1MQH,,1MQH,0,,,"[[""BWD"", []]]"
1MQI,,1MQI,0,,,"[[""FWD"", []]]"
1MQJ,,1MQJ,0,,,"[[""HWD"", []]]"
1MQQ,,1MQQ,0,,,"[[""GCU"", []]]"
1MR3,,1MR3,0,,,"[[""G3D"", []]]"
1MRA,,1MRA,0,,,"[[""APG"", []]]"
1MRH,,1MRH,0,,,"[[""FMC"", []]]"
1MRJ,,1MRJ,0,,,"[[""ADN"", []]]"
1MRQ,,1MRQ,0,,,"[[""STR"", []], [""NAP"", []]]"
1MRS,,1MRS,0,,,"[[""5HU"", []]]"
1MS0,,1MS0,0,,,"[[""DAN"", []], [""LAT"", []]]"
1MS7,,1MS7,0,,,"[[""SHI"", []]]"
1MS8,,1MS8,0,,,"[[""DAN"", []]]"
1MSA,,1MSA,0,,,"[[""MMA"", []]]"
1MSK,,1MSK,0,,,"[[""SAM"", []]]"
1MT1,,1MT1,0,,,"[[""AG2"", []]]"
1MT6,,1MT6,0,,,"[[""SAH"", []]]"
1MTB,,1MTB,0,,,"[[""HPH"", []], [""QNC"", []], [""ASN"", []], [""DIQ"", []], [""NTB"", []]]"
1MTC,,1MTC,0,,,"[[""GPR"", []]]"
1MTU,,1MTU,0,,,"[[""BX3"", []]]"
1MUU,,1MUU,0,,,"[[""NAD"", []], [""SUC"", []], [""GDX"", []]]"
1MV9,,1MV9,0,,,"[[""HXA"", []]]"
1MVC,,1MVC,0,,,"[[""BM6"", []]]"
1MVN,,1MVN,0,,,"[[""FMN"", []], [""PCO"", []]]"
1MVS,,1MVS,0,,,"[[""DTM"", []]]"
1MVT,,1MVT,0,,,"[[""DTM"", []]]"
1MW0,,1MW0,0,,,"[[""BGC"", []], [""GLC"", []]]"
1MW1,,1MW1,0,,,"[[""SUC"", []]]"
1MW2,,1MW2,0,,,"[[""SUC"", []], [""GLC"", []]]"
1MW3,,1MW3,0,,,"[[""SUC"", []]]"
1MWE,,1MWE,0,,,"[[""SIA"", []]]"
1MWM,,1MWM,0,,,"[[""ADP"", []]]"
1MX3,,1MX3,0,,,"[[""NAD"", []]]"
1MXD,,1MXD,0,,,"[[""ACR"", []], [""GLC"", []]]"
1MXI,,1MXI,0,,,"[[""SAH"", []]]"
1MXT,,1MXT,0,,,"[[""FAE"", []]]"
1MXU,,1MXU,0,,,"[[""BWD"", []]]"
1MY2,,1MY2,0,,,"[[""AMQ"", []]]"
1MY3,,1MY3,0,,,"[[""BWD"", []]]"
1MY4,,1MY4,0,,,"[[""IWD"", []]]"
1MY8,,1MY8,0,,,"[[""SM3"", []]]"
1MZE,,1MZE,0,,,"[[""TAR"", []]]"
1MZF,,1MZF,0,,,"[[""AKG"", []]]"
1MZM,,1MZM,0,,,"[[""PLM"", []]]"
1MZN,,1MZN,0,,,"[[""BM6"", []]]"
1MZS,,1MZS,0,,,"[[""669"", []]]"
1N06,,1N06,0,,,"[[""ADP"", []]]"
1N07,,1N07,0,,,"[[""FMN"", []], [""ADP"", []]]"
1N08,,1N08,0,,,"[[""ADP"", []]]"
1N0S,,1N0S,0,,,"[[""FLU"", []]]"
1N0T,,1N0T,0,,,"[[""AT1"", []]]"
1N0U,,1N0U,0,,,"[[""SO1"", []]]"
1N13,,1N13,0,,,"[[""AG2"", []]]"
1N1E,,1N1E,0,,,"[[""NDE"", []]]"
1N1T,,1N1T,0,,,"[[""DAN"", []]]"
1N1V,,1N1V,0,,,"[[""DAN"", []]]"
1N20,,1N20,0,,,"[[""3AG"", []]]"
1N22,,1N22,0,,,"[[""7A8"", []]]"
1N23,,1N23,0,,,"[[""2BN"", []]]"
1N24,,1N24,0,,,"[[""BP2"", []]]"
1N2E,,1N2E,0,,,"[[""APC"", []], [""PAF"", []]]"
1N2G,,1N2G,0,,,"[[""APC"", []]]"
1N2H,,1N2H,0,,,"[[""PAJ"", []]]"
1N2I,,1N2I,0,,,"[[""PAJ"", []]]"
1N2S,,1N2S,0,,,"[[""NAD"", []]]"
1N2X,,1N2X,0,,,"[[""SAM"", []]]"
1N3I,,1N3I,0,,,"[[""DIH"", []]]"
1N3Z,,1N3Z,0,,,"[[""U3P"", []], [""ADN"", []]]"
1N43,,1N43,0,,,"[[""BTN"", []]]"
1N49,,1N49,0,,,"[[""RIT"", []]]"
1N4H,,1N4H,0,,,"[[""REA"", []]]"
1N4K,,1N4K,0,,,"[[""I3P"", []]]"
1N52,,1N52,0,,,"[[""GTG"", []]]"
1N55,,1N55,0,,,"[[""PGA"", []]]"
1N5D,,1N5D,0,,,"[[""NDP"", []]]"
1N5I,,1N5I,0,,,"[[""TMP"", []], [""ATP"", []]]"
1N5K,,1N5K,0,,,"[[""TMP"", []]]"
1N5L,,1N5L,0,,,"[[""TMP"", []], [""TYD"", []]]"
1N5M,,1N5M,0,,,"[[""GMN"", []]]"
1N5R,,1N5R,0,,,"[[""PRM"", []]]"
1N5S,,1N5S,0,,,"[[""ADL"", []]]"
1N5T,,1N5T,0,,,"[[""OAL"", []]]"
1N5V,,1N5V,0,,,"[[""NOM"", []]]"
1N6A,,1N6A,0,,,"[[""SAM"", []]]"
1N6B,,1N6B,0,,,"[[""DMZ"", []]]"
1N6C,,1N6C,0,,,"[[""SAM"", []]]"
1N6H,,1N6H,0,,,"[[""GNP"", []]]"
1N6I,,1N6I,0,,,"[[""GDP"", []]]"
1N6K,,1N6K,0,,,"[[""GDP"", []], [""AF3"", []]]"
1N6L,,1N6L,0,,,"[[""GTP"", []]]"
1N6N,,1N6N,0,,,"[[""GNP"", []]]"
1N6O,,1N6O,0,,,"[[""GNP"", []]]"
1N6P,,1N6P,0,,,"[[""GNP"", []]]"
1N6R,,1N6R,0,,,"[[""GNP"", []]]"
1N6X,,1N6X,0,,,"[[""ABN"", []]]"
1N6Y,,1N6Y,0,,,"[[""ABN"", []]]"
1N71,,1N71,0,,,"[[""COA"", []]]"
1N7G,,1N7G,0,,,"[[""GDR"", []], [""NDP"", []]]"
1N7H,,1N7H,0,,,"[[""GDP"", []], [""NDP"", []]]"
1N83,,1N83,0,,,"[[""CLR"", []]]"
1N8Q,,1N8Q,0,,,"[[""DHB"", []]]"
1N8V,,1N8V,0,,,"[[""BDD"", []]]"
1N92,,1N92,0,,,"[[""PYZ"", []], [""NAJ"", []]]"
1N95,,1N95,0,,,"[[""HFP"", []], [""FTH"", []]]"
1N9L,,1N9L,0,,,"[[""FMN"", []]]"
1N9M,,1N9M,0,,,"[[""BTN"", []]]"
1N9N,,1N9N,0,,,"[[""FMN"", []]]"
1NA3,,1NA3,0,,,"[[""IPT"", []]]"
1NAA,,1NAA,0,,,"[[""6FA"", []], [""ABL"", []]]"
1NAH,,1NAH,0,,,"[[""NAD"", []], [""UDP"", []]]"
1NAI,,1NAI,0,,,"[[""NAD"", []], [""UDP"", []]]"
1NAS,,1NAS,0,,,"[[""ASE"", []], [""NAP"", []], [""OAA"", []]]"
1NB0,,1NB0,0,,,"[[""ADP"", []]]"
1NC3,,1NC3,0,,,"[[""FMC"", []]]"
1NC9,,1NC9,0,,,"[[""IMI"", []]]"
1NCE,,1NCE,0,,,"[[""CB3"", []], [""UMP"", []]]"
1NCO,,1NCO,0,,,"[[""CHR"", []]]"
1ND0,,1ND0,0,,,"[[""DP4"", []]]"
1ND4,,1ND4,0,,,"[[""KAN"", []]]"
1NDC,,1NDC,0,,,"[[""TYD"", []]]"
1NDF,,1NDF,0,,,"[[""152"", []]]"
1NDH,,1NDH,0,,,"[[""FAD"", []]]"
1NDI,,1NDI,0,,,"[[""COA"", []]]"
1NDJ,,1NDJ,0,,,"[[""BTN"", []]]"
1NDP,,1NDP,0,,,"[[""ADP"", []]]"
1NEC,,1NEC,0,,,"[[""FMN"", []]]"
1NF0,,1NF0,0,,,"[[""13P"", []]]"
1NF3,,1NF3,0,,,"[[""GNP"", []]]"
1NF5,,1NF5,0,,,"[[""BGC"", []]]"
1NF8,,1NF8,0,,,"[[""ISC"", []], [""BOG"", []]]"
1NFF,,1NFF,0,,,"[[""NAD"", []]]"
1NFQ,,1NFQ,0,,,"[[""NAI"", []], [""AE2"", []]]"
1NFR,,1NFR,0,,,"[[""NAD"", []]]"
1NFU,,1NFU,0,,,"[[""RRP"", []]]"
1NFW,,1NFW,0,,,"[[""RRR"", []]]"
1NFX,,1NFX,0,,,"[[""RDR"", []]]"
1NFY,,1NFY,0,,,"[[""RTR"", []]]"
1NG1,,1NG1,0,,,"[[""GDP"", []]]"
1NG4,,1NG4,0,,,"[[""FAD"", []]]"
1NGA,,1NGA,0,,,"[[""ADP"", []]]"
1NGB,,1NGB,0,,,"[[""ADP"", []]]"
1NGC,,1NGC,0,,,"[[""ADP"", []]]"
1NGD,,1NGD,0,,,"[[""ADP"", []]]"
1NGE,,1NGE,0,,,"[[""ATP"", []]]"
1NGF,,1NGF,0,,,"[[""ATP"", []]]"
1NGG,,1NGG,0,,,"[[""ATP"", []]]"
1NGH,,1NGH,0,,,"[[""ATP"", []]]"
1NGI,,1NGI,0,,,"[[""ANP"", []]]"
1NGJ,,1NGJ,0,,,"[[""ANP"", []]]"
1NGP,,1NGP,0,,,"[[""NPA"", []]]"
1NGS,,1NGS,0,,,"[[""E4P"", []], [""TPP"", []]]"
1NHB,,1NHB,0,,,"[[""PYL"", []]]"
1NHE,,1NHE,0,,,"[[""UDP"", []]]"
1NHG,,1NHG,0,,,"[[""NAD"", []], [""TCL"", []]]"
1NHH,,1NHH,0,,,"[[""ANP"", []]]"
1NHI,,1NHI,0,,,"[[""ANP"", []]]"
1NHJ,,1NHJ,0,,,"[[""ANP"", []]]"
1NHK,,1NHK,0,,,"[[""CMP"", []]]"
1NHP,,1NHP,0,,,"[[""FAD"", []]]"
1NHQ,,1NHQ,0,,,"[[""FAD"", []]]"
1NHR,,1NHR,0,,,"[[""FAD"", []]]"
1NHS,,1NHS,0,,,"[[""FAD"", []]]"
1NHT,,1NHT,0,,,"[[""GDP"", []], [""HDA"", []], [""PGS"", []]]"
1NHW,,1NHW,0,,,"[[""NAD"", []], [""TCC"", []]]"
1NHX,,1NHX,0,,,"[[""FTB"", []], [""PEP"", []]]"
1NHZ,,1NHZ,0,,,"[[""486"", []]]"
1NI4,,1NI4,0,,,"[[""TPP"", []]]"
1NIS,,1NIS,0,,,"[[""NTC"", []]]"
1NJF,,1NJF,0,,,"[[""ADP"", []], [""AGS"", []]]"
1NJJ,,1NJJ,0,,,"[[""ORX"", []], [""GET"", []]]"
1NJS,,1NJS,0,,,"[[""KEU"", []]]"
1NKH,,1NKH,0,,,"[[""UDP"", []]]"
1NL5,,1NL5,0,,,"[[""MAL"", []]]"
1NL9,,1NL9,0,,,"[[""989"", []]]"
1NLI,,1NLI,0,,,"[[""ADE"", []]]"
1NLK,,1NLK,0,,,"[[""ADP"", []]]"
1NLV,,1NLV,0,,,"[[""ATP"", []]]"
1NM1,,1NM1,0,,,"[[""ATP"", []]]"
1NM6,,1NM6,0,,,"[[""L86"", []]]"
1NMD,,1NMD,0,,,"[[""ATP"", []]]"
1NME,,1NME,0,,,"[[""159"", []]]"
1NMK,,1NMK,0,,,"[[""SFM"", []]]"
1NMU,,1NMU,0,,,"[[""MTT"", []]]"
1NMX,,1NMX,0,,,"[[""ADP"", []], [""FDM"", []]]"
1NMZ,,1NMZ,0,,,"[[""ANP"", []], [""NYM"", []]]"
1NN0,,1NN0,0,,,"[[""2DT"", []], [""ADP"", []]]"
1NN1,,1NN1,0,,,"[[""2DT"", []], [""ANP"", []]]"
1NN3,,1NN3,0,,,"[[""2DT"", []], [""ADP"", []]]"
1NN5,,1NN5,0,,,"[[""2DT"", []], [""ANP"", []]]"
1NNC,,1NNC,0,,,"[[""ZMR"", []]]"
1NNK,,1NNK,0,,,"[[""CE2"", []]]"
1NNP,,1NNP,0,,,"[[""CE2"", []]]"
1NNU,,1NNU,0,,,"[[""NAD"", []], [""TCT"", []]]"
1NNY,,1NNY,0,,,"[[""515"", []]]"
1NO3,,1NO3,0,,,"[[""4NC"", []]]"
1NO6,,1NO6,0,,,"[[""794"", []]]"
1NOJ,,1NOJ,0,,,"[[""NTZ"", []]]"
1NOK,,1NOK,0,,,"[[""NTZ"", []]]"
1NOO,,1NOO,0,,,"[[""CAH"", []]]"
1NOW,,1NOW,0,,,"[[""IFG"", []]]"
1NP0,,1NP0,0,,,"[[""NGT"", []]]"
1NP7,,1NP7,0,,,"[[""FAD"", []]]"
1NPD,,1NPD,0,,,"[[""NAD"", []]]"
1NPT,,1NPT,0,,,"[[""NAD"", []]]"
1NPV,,1NPV,0,,,"[[""L27"", []]]"
1NPW,,1NPW,0,,,"[[""LGZ"", []]]"
1NPX,,1NPX,0,,,"[[""FAD"", []]]"
1NQ0,,1NQ0,0,,,"[[""4HY"", []]]"
1NQ2,,1NQ2,0,,,"[[""4HY"", []]]"
1NQ5,,1NQ5,0,,,"[[""NAD"", []]]"
1NQ7,,1NQ7,0,,,"[[""GLU"", []], [""HIS"", []], [""ILE"", []], [""ARG"", []], [""LYS"", []], [""GLN"", []], [""ARL"", []], [""LEU"", []]]"
1NQA,,1NQA,0,,,"[[""NAD"", []], [""G3H"", []]]"
1NQM,,1NQM,0,,,"[[""BTN"", []]]"
1NQO,,1NQO,0,,,"[[""NAD"", []], [""G3H"", []]]"
1NR5,,1NR5,0,,,"[[""NAD"", []], [""CRB"", []]]"
1NR6,,1NR6,0,,,"[[""DIF"", []]]"
1NRJ,,1NRJ,0,,,"[[""GTP"", []]]"
1NRL,,1NRL,0,,,"[[""SRL"", []]]"
1NSA,,1NSA,0,,,"[[""BEN"", []]]"
1NSD,,1NSD,0,,,"[[""DAN"", []]]"
1NSF,,1NSF,0,,,"[[""ATP"", []]]"
1NSG,,1NSG,0,,,"[[""RAD"", []]]"
1NST,,1NST,0,,,"[[""A3P"", []]]"
1NT1,,1NT1,0,,,"[[""T76"", []]]"
1NU3,,1NU3,0,,,"[[""VPR"", []]]"
1NUC,,1NUC,0,,,"[[""THP"", []]]"
1NUE,,1NUE,0,,,"[[""GDP"", []]]"
1NUP,,1NUP,0,,,"[[""NMN"", []]]"
1NUQ,,1NUQ,0,,,"[[""NXX"", []]]"
1NUS,,1NUS,0,,,"[[""APC"", []], [""NMN"", []]]"
1NUT,,1NUT,0,,,"[[""APC"", []]]"
1NUU,,1NUU,0,,,"[[""NAD"", []]]"
1NUW,,1NUW,0,,,"[[""F6P"", []]]"
1NUX,,1NUX,0,,,"[[""F6P"", []]]"
1NUY,,1NUY,0,,,"[[""F6P"", []]]"
1NUZ,,1NUZ,0,,,"[[""F6P"", []]]"
1NV0,,1NV0,0,,,"[[""F6P"", []]]"
1NV1,,1NV1,0,,,"[[""F6P"", []]]"
1NV2,,1NV2,0,,,"[[""F6P"", []]]"
1NV3,,1NV3,0,,,"[[""F6P"", []]]"
1NV4,,1NV4,0,,,"[[""F6P"", []]]"
1NV5,,1NV5,0,,,"[[""F6P"", []]]"
1NV6,,1NV6,0,,,"[[""F6P"", []]]"
1NV7,,1NV7,0,,,"[[""F6P"", []], [""AMP"", []]]"
1NV8,,1NV8,0,,,"[[""MEQ"", []], [""SAM"", []]]"
1NV9,,1NV9,0,,,"[[""SAH"", []]]"
1NVK,,1NVK,0,,,"[[""UDP"", []]]"
1NVR,,1NVR,0,,,"[[""VAL"", []], [""SER"", []], [""STU"", []], [""ALA"", []]]"
1NVS,,1NVS,0,,,"[[""VAL"", []], [""SER"", []], [""ALA"", []], [""UCM"", []]]"
1NVU,,1NVU,0,,,"[[""GTP"", []]]"
1NVV,,1NVV,0,,,"[[""GNP"", []]]"
1NW3,,1NW3,0,,,"[[""SAM"", []]]"
1NW5,,1NW5,0,,,"[[""SAM"", []]]"
1NW6,,1NW6,0,,,"[[""SFG"", []]]"
1NW7,,1NW7,0,,,"[[""SAH"", []]]"
1NWG,,1NWG,0,,,"[[""BGN"", []]]"
1NWW,,1NWW,0,,,"[[""HPN"", []]]"
1NX3,,1NX3,0,,,"[[""ISA"", []]]"
1NX8,,1NX8,0,,,"[[""N7P"", []], [""AKG"", []]]"
1NXG,,1NXG,0,,,"[[""NAD"", []]]"
1NXJ,,1NXJ,0,,,"[[""GLV"", []], [""TLA"", []]]"
1NXY,,1NXY,0,,,"[[""SM2"", []]]"
1NYT,,1NYT,0,,,"[[""NAP"", []]]"
1NZ7,,1NZ7,0,,,"[[""901"", []]]"
1NZC,,1NZC,0,,,"[[""TDX"", []]]"
1NZD,,1NZD,0,,,"[[""UPG"", []]]"
1NZF,,1NZF,0,,,"[[""UPG"", []]]"
1NZY,,1NZY,0,,,"[[""BCA"", []]]"
1O03,,1O03,0,,,"[[""G16"", []]]"
1O0R,,1O0R,0,,,"[[""GDU"", []]]"
1O0S,,1O0S,0,,,"[[""NAI"", []]]"
1O1R,,1O1R,0,,,"[[""GRG"", []]]"
1O1S,,1O1S,0,,,"[[""1NH"", []]]"
1O1T,,1O1T,0,,,"[[""2NH"", []]]"
1O23,,1O23,0,,,"[[""UDP"", []], [""GUD"", []]]"
1O25,,1O25,0,,,"[[""UMP"", []]]"
1O27,,1O27,0,,,"[[""BRU"", []], [""FAD"", []]]"
1O28,,1O28,0,,,"[[""UFP"", []]]"
1O29,,1O29,0,,,"[[""FAD"", []], [""UFP"", []]]"
1O2A,,1O2A,0,,,"[[""FAD"", []]]"
1O2B,,1O2B,0,,,"[[""FAD"", []]]"
1O2D,,1O2D,0,,,"[[""NAP"", []]]"
1O2G,,1O2G,0,,,"[[""696"", []]]"
1O2H,,1O2H,0,,,"[[""CR3"", []]]"
1O2I,,1O2I,0,,,"[[""655"", []]]"
1O2J,,1O2J,0,,,"[[""656"", []]]"
1O2K,,1O2K,0,,,"[[""656"", []]]"
1O2L,,1O2L,0,,,"[[""762"", []]]"
1O2N,,1O2N,0,,,"[[""762"", []]]"
1O2O,,1O2O,0,,,"[[""950"", []]]"
1O2P,,1O2P,0,,,"[[""972"", []]]"
1O2Q,,1O2Q,0,,,"[[""991"", []]]"
1O2R,,1O2R,0,,,"[[""CR9"", []]]"
1O2S,,1O2S,0,,,"[[""CR4"", []]]"
1O2V,,1O2V,0,,,"[[""847"", []]]"
1O2W,,1O2W,0,,,"[[""847"", []]]"
1O2X,,1O2X,0,,,"[[""847"", []]]"
1O2Y,,1O2Y,0,,,"[[""847"", []]]"
1O2Z,,1O2Z,0,,,"[[""312"", []]]"
1O30,,1O30,0,,,"[[""693"", []]]"
1O31,,1O31,0,,,"[[""801"", []]]"
1O32,,1O32,0,,,"[[""801"", []]]"
1O33,,1O33,0,,,"[[""801"", []]]"
1O34,,1O34,0,,,"[[""801"", []]]"
1O35,,1O35,0,,,"[[""802"", []]]"
1O36,,1O36,0,,,"[[""607"", []]]"
1O37,,1O37,0,,,"[[""653"", []]]"
1O38,,1O38,0,,,"[[""653"", []]]"
1O39,,1O39,0,,,"[[""780"", []]]"
1O3B,,1O3B,0,,,"[[""780"", []]]"
1O3D,,1O3D,0,,,"[[""780"", []]]"
1O3E,,1O3E,0,,,"[[""696"", []]]"
1O3F,,1O3F,0,,,"[[""696"", []]]"
1O3G,,1O3G,0,,,"[[""696"", []]]"
1O3H,,1O3H,0,,,"[[""907"", []]]"
1O3I,,1O3I,0,,,"[[""907"", []]]"
1O3J,,1O3J,0,,,"[[""334"", []]]"
1O3K,,1O3K,0,,,"[[""334"", []]]"
1O3L,,1O3L,0,,,"[[""678"", []]]"
1O3M,,1O3M,0,,,"[[""785"", []]]"
1O3N,,1O3N,0,,,"[[""785"", []]]"
1O3O,,1O3O,0,,,"[[""785"", []]]"
1O3Y,,1O3Y,0,,,"[[""GTP"", []]]"
1O5I,,1O5I,0,,,"[[""NAD"", []]]"
1O6K,,1O6K,0,,,"[[""SER"", []], [""GLU"", []], [""ANP"", []], [""GLY"", []], [""ARG"", []], [""ALA"", []], [""PRO"", []], [""PHE"", []], [""THR"", []]]"
1O6L,,1O6L,0,,,"[[""SER"", []], [""GLU"", []], [""ANP"", []], [""GLY"", []], [""ARG"", []], [""ALA"", []], [""PRO"", []], [""PHE"", []], [""THR"", []]]"
1O6Y,,1O6Y,0,,,"[[""ACP"", []]]"
1O6Z,,1O6Z,0,,,"[[""NAD"", []]]"
1O75,,1O75,0,,,"[[""PDX"", []]]"
1O76,,1O76,0,,,"[[""CAM"", []]]"
1O7G,,1O7G,0,,,"[[""NPY"", []]]"
1O7N,,1O7N,0,,,"[[""IND"", []]]"
1O7P,,1O7P,0,,,"[[""NDH"", []]]"
1O86,,1O86,0,,,"[[""GLY"", []], [""LPR"", []]]"
1O8A,,1O8A,0,,,"[[""NXA"", []]]"
1O8B,,1O8B,0,,,"[[""ABF"", []]]"
1O97,,1O97,0,,,"[[""AMP"", []], [""FAD"", []]]"
1O98,,1O98,0,,,"[[""2PG"", []]]"
1O9B,,1O9B,0,,,"[[""NAD"", []]]"
1O9J,,1O9J,0,,,"[[""NAD"", []]]"
1O9U,,1O9U,0,,,"[[""ADZ"", []]]"
1O9V,,1O9V,0,,,"[[""SNG"", []]]"
1OAA,,1OAA,0,,,"[[""OAA"", []]]"
1OBB,,1OBB,0,,,"[[""NAD"", []], [""MAL"", []]]"
1OBC,,1OBC,0,,,"[[""LMS"", []], [""2AD"", []], [""NVA"", []], [""LEU"", []]]"
1OBG,,1OBG,0,,,"[[""AMP"", []]]"
1OBH,,1OBH,0,,,"[[""LMS"", []], [""NVA"", []]]"
1OBO,,1OBO,0,,,"[[""FMN"", []]]"
1OBV,,1OBV,0,,,"[[""FMN"", []]]"
1OC4,,1OC4,0,,,"[[""NAD"", []], [""OXM"", []]]"
1OC7,,1OC7,0,,,"[[""SGC"", []], [""MA3"", []], [""BGC"", []]]"
1OCB,,1OCB,0,,,"[[""FLG"", []], [""GTM"", []], [""GDA"", []], [""BGC"", []]]"
1OCJ,,1OCJ,0,,,"[[""SSG"", []], [""SGC"", []], [""MA3"", []], [""BGC"", []]]"
1OCN,,1OCN,0,,,"[[""IFM"", []], [""BGC"", []]]"
1OCQ,,1OCQ,0,,,"[[""IFM"", []], [""BGC"", []]]"
1OD1,,1OD1,0,,,"[[""0QS"", []]]"
1ODI,,1ODI,0,,,"[[""ADN"", []]]"
1ODJ,,1ODJ,0,,,"[[""GMP"", []]]"
1ODM,,1ODM,0,,,"[[""ASV"", []]]"
1ODN,,1ODN,0,,,"[[""APV"", []]]"
1ODW,,1ODW,0,,,"[[""0E8"", []]]"
1ODX,,1ODX,0,,,"[[""0E8"", []]]"
1ODY,,1ODY,0,,,"[[""LP1"", []]]"
1OE7,,1OE7,0,,,"[[""GSH"", []]]"
1OE8,,1OE8,0,,,"[[""GSH"", []]]"
1OFH,,1OFH,0,,,"[[""ADP"", []]]"
1OFU,,1OFU,0,,,"[[""GDP"", []]]"
1OFV,,1OFV,0,,,"[[""FMN"", []]]"
1OGD,,1OGD,0,,,"[[""RIP"", []]]"
1OGE,,1OGE,0,,,"[[""RP5"", []]]"
1OGI,,1OGI,0,,,"[[""FAD"", []]]"
1OGJ,,1OGJ,0,,,"[[""FAD"", []]]"
1OGX,,1OGX,0,,,"[[""EQU"", []]]"
1OGZ,,1OGZ,0,,,"[[""EQU"", []]]"
1OH2,,1OH2,0,,,"[[""SUC"", []]]"
1OH9,,1OH9,0,,,"[[""NLG"", []], [""ALF"", []], [""ADP"", []]]"
1OHA,,1OHA,0,,,"[[""NLG"", []], [""ADP"", []]]"
1OHB,,1OHB,0,,,"[[""ADP"", []]]"
1OHJ,,1OHJ,0,,,"[[""COP"", []], [""NDP"", []]]"
1OHK,,1OHK,0,,,"[[""NDP"", []]]"
1OHR,,1OHR,0,,,"[[""1UN"", []]]"
1OIQ,,1OIQ,0,,,"[[""HDU"", []]]"
1OIR,,1OIR,0,,,"[[""HDY"", []]]"
1OIT,,1OIT,0,,,"[[""HDT"", []]]"
1OJ4,,1OJ4,0,,,"[[""ANP"", []], [""CDM"", []]]"
1OJ9,,1OJ9,0,,,"[[""1PB"", []]]"
1OJZ,,1OJZ,0,,,"[[""NAD"", []]]"
1OKE,,1OKE,0,,,"[[""BOG"", []]]"
1OKN,,1OKN,0,,,"[[""STB"", []]]"
1OM5,,1OM5,0,,,"[[""INE"", []], [""H4B"", []]]"
1OMZ,,1OMZ,0,,,"[[""UD2"", []]]"
1ON6,,1ON6,0,,,"[[""UD1"", []]]"
1ONP,,1ONP,0,,,"[[""FOM"", []]]"
1ONQ,,1ONQ,0,,,"[[""SLF"", []]]"
1ONZ,,1ONZ,0,,,"[[""968"", []]]"
1OO5,,1OO5,0,,,"[[""FMN"", []]]"
1OO6,,1OO6,0,,,"[[""FMN"", []], [""SN2"", []]]"
1OON,,1OON,0,,,"[[""FMN"", []], [""BEL"", []]]"
1OOQ,,1OOQ,0,,,"[[""DTC"", []], [""FMN"", []]]"
1OPJ,,1OPJ,0,,,"[[""MYR"", []], [""STI"", []]]"
1OPR,,1OPR,0,,,"[[""ORO"", []], [""PRP"", []]]"
1OQC,,1OQC,0,,,"[[""FAD"", []]]"
1OQM,,1OQM,0,,,"[[""UD2"", []]]"
1OQN,,1OQN,0,,,"[[""GLU"", []], [""GLY"", []], [""LYS"", []], [""I3P"", []], [""ASN"", []], [""TYR"", []], [""PRO"", []], [""THR"", []]]"
1ORR,,1ORR,0,,,"[[""NAD"", []], [""CDP"", []]]"
1OS0,,1OS0,0,,,"[[""0PQ"", []]]"
1OS1,,1OS1,0,,,"[[""PYR"", []], [""ATP"", []]]"
1OS7,,1OS7,0,,,"[[""TAU"", []], [""AKG"", []]]"
1OSF,,1OSF,0,,,"[[""KOS"", []]]"
1OSH,,1OSH,0,,,"[[""FEX"", []]]"
1OT3,,1OT3,0,,,"[[""THM"", []]]"
1OTH,,1OTH,0,,,"[[""PAO"", []]]"
1OTJ,,1OTJ,0,,,"[[""TAU"", []]]"
1OUK,,1OUK,0,,,"[[""084"", []]]"
1OUY,,1OUY,0,,,"[[""094"", []]]"
1OVD,,1OVD,0,,,"[[""FMN"", []], [""ORO"", []]]"
1OVE,,1OVE,0,,,"[[""358"", []]]"
1OW3,,1OW3,0,,,"[[""GDP"", []], [""MGF"", []]]"
1OWH,,1OWH,0,,,"[[""239"", []]]"
1OX5,,1OX5,0,,,"[[""1PR"", []]]"
1OXN,,1OXN,0,,,"[[""VAL"", []], [""GLU"", []], [""SER"", []], [""TRP"", []], [""ALA"", []], [""LYS"", []], [""PRO"", []]]"
1OXO,,1OXO,0,,,"[[""IK2"", []]]"
1OXP,,1OXP,0,,,"[[""IK2"", []]]"
1OXQ,,1OXQ,0,,,"[[""VAL"", []], [""SER"", []], [""GLU"", []], [""ILE"", []], [""ALA"", []], [""LYS"", []], [""GLN"", []], [""PRO"", []]]"
1OXU,,1OXU,0,,,"[[""ADP"", []]]"
1OXV,,1OXV,0,,,"[[""ANP"", []]]"
1OYA,,1OYA,0,,,"[[""FMN"", []]]"
1OYB,,1OYB,0,,,"[[""FMN"", []], [""HBA"", []]]"
1OYC,,1OYC,0,,,"[[""FMN"", []]]"
1OYF,,1OYF,0,,,"[[""MHN"", []]]"
1OYJ,,1OYJ,0,,,"[[""GSH"", []]]"
1OYN,,1OYN,0,,,"[[""ROL"", []]]"
1OYQ,,1OYQ,0,,,"[[""T87"", []]]"
1OZ0,,1OZ0,0,,,"[[""MS1"", []]]"
1OZ1,,1OZ1,0,,,"[[""FPH"", []]]"
1OZP,,1OZP,0,,,"[[""ACO"", []]]"
1OZQ,,1OZQ,0,,,"[[""PRF"", []]]"
1P0B,,1P0B,0,,,"[[""PQ0"", []]]"
1P0E,,1P0E,0,,,"[[""PRF"", []]]"
1P0F,,1P0F,0,,,"[[""NAP"", []]]"
1P0H,,1P0H,0,,,"[[""COA"", []], [""ACO"", []]]"
1P0P,,1P0P,0,,,"[[""BCH"", []]]"
1P1C,,1P1C,0,,,"[[""SAH"", []]]"
1P1I,,1P1I,0,,,"[[""NAD"", []]]"
1P1J,,1P1J,0,,,"[[""NAI"", []]]"
1P1K,,1P1K,0,,,"[[""NAI"", []]]"
1P1N,,1P1N,0,,,"[[""KAI"", []]]"
1P1O,,1P1O,0,,,"[[""QUS"", []]]"
1P1Q,,1P1Q,0,,,"[[""AMQ"", []]]"
1P1R,,1P1R,0,,,"[[""NAI"", []], [""NMH"", []]]"
1P1U,,1P1U,0,,,"[[""AMQ"", []]]"
1P1W,,1P1W,0,,,"[[""AMQ"", []]]"
1P29,,1P29,0,,,"[[""GLC"", []]]"
1P2A,,1P2A,0,,,"[[""5BN"", []]]"
1P2B,,1P2B,0,,,"[[""GLC"", []]]"
1P2D,,1P2D,0,,,"[[""GLC"", []]]"
1P2G,,1P2G,0,,,"[[""GLC"", []]]"
1P2S,,1P2S,0,,,"[[""ETF"", []], [""GNP"", []]]"
1P2T,,1P2T,0,,,"[[""GNP"", []]]"
1P2U,,1P2U,0,,,"[[""GNP"", []]]"
1P2V,,1P2V,0,,,"[[""GNP"", []]]"
1P31,,1P31,0,,,"[[""EPU"", []]]"
1P39,,1P39,0,,,"[[""MGT"", []], [""SAH"", []]]"
1P3D,,1P3D,0,,,"[[""ANP"", []], [""UMA"", []]]"
1P42,,1P42,0,,,"[[""MYR"", []]]"
1P4M,,1P4M,0,,,"[[""FMN"", []], [""ADP"", []]]"
1P52,,1P52,0,,,"[[""DAR"", []], [""ADP"", []]]"
1P5E,,1P5E,0,,,"[[""TBS"", []]]"
1P5R,,1P5R,0,,,"[[""COA"", []]]"
1P5Z,,1P5Z,0,,,"[[""AR3"", []], [""ADP"", []]]"
1P60,,1P60,0,,,"[[""DCZ"", []], [""ADP"", []]]"
1P61,,1P61,0,,,"[[""DCZ"", []], [""ADP"", []]]"
1P6C,,1P6C,0,,,"[[""EBP"", []], [""DII"", []]]"
1P6D,,1P6D,0,,,"[[""3PC"", []]]"
1P6E,,1P6E,0,,,"[[""PC5"", []]]"
1P6O,,1P6O,0,,,"[[""HPY"", []]]"
1P77,,1P77,0,,,"[[""ATR"", []]]"
1P8R,,1P8R,0,,,"[[""S2C"", []]]"
1P9L,,1P9L,0,,,"[[""NAD"", []], [""PDC"", []]]"
1PAX,,1PAX,0,,,"[[""DHQ"", []]]"
1PB8,,1PB8,0,,,"[[""DSN"", []]]"
1PB9,,1PB9,0,,,"[[""4AX"", []]]"
1PBB,,1PBB,0,,,"[[""DOB"", []], [""FAD"", []]]"
1PBE,,1PBE,0,,,"[[""FAD"", []], [""PHB"", []]]"
1PBQ,,1PBQ,0,,,"[[""DK1"", []]]"
1PD2,,1PD2,0,,,"[[""GSH"", []]]"
1PDH,,1PDH,0,,,"[[""FAS"", []], [""PHB"", []]]"
1PFK,,1PFK,0,,,"[[""FBP"", []], [""ADP"", []]]"
1PG3,,1PG3,0,,,"[[""COA"", []], [""PRX"", []]]"
1PG4,,1PG4,0,,,"[[""COA"", []], [""PRX"", []]]"
1PGN,,1PGN,0,,,"[[""NBP"", []]]"
1PGO,,1PGO,0,,,"[[""NDP"", []]]"
1PGT,,1PGT,0,,,"[[""GTX"", []]]"
1PH0,,1PH0,0,,,"[[""418"", []]]"
1PHE,,1PHE,0,,,"[[""PIY"", []]]"
1PHH,,1PHH,0,,,"[[""FAD"", []], [""DHB"", []]]"
1PHK,,1PHK,0,,,"[[""ATP"", []]]"
1PHP,,1PHP,0,,,"[[""ADP"", []]]"
1PIG,,1PIG,0,,,"[[""AGL"", []], [""GLC"", []], [""HMC"", []], [""BGC"", []]]"
1PIP,,1PIP,0,,,"[[""VAL"", []], [""ALA"", []], [""GLN"", []], [""NIT"", []], [""SIN"", []]]"
1PJK,,1PJK,0,,,"[[""ANP"", []]]"
1PKD,,1PKD,0,,,"[[""UCN"", []]]"
1PME,,1PME,0,,,"[[""SB2"", []]]"
1PMQ,,1PMQ,0,,,"[[""880"", []], [""ANP"", []]]"
1PMV,,1PMV,0,,,"[[""537"", []]]"
1PNL,,1PNL,0,,,"[[""PAC"", []]]"
1POB,,1POB,0,,,"[[""GEL"", []]]"
1POE,,1POE,0,,,"[[""GEL"", []]]"
1POT,,1POT,0,,,"[[""SPD"", []]]"
1POW,,1POW,0,,,"[[""TPP"", []], [""FAD"", []]]"
1POX,,1POX,0,,,"[[""TPP"", []], [""FAD"", []]]"
1POY,,1POY,0,,,"[[""SPD"", []]]"
1PPC,,1PPC,0,,,"[[""MID"", []]]"
1PPH,,1PPH,0,,,"[[""0ZG"", []]]"
1PPL,,1PPL,0,,,"[[""1Z7"", []]]"
1PPM,,1PPM,0,,,"[[""0P1"", []]]"
1PQ6,,1PQ6,0,,,"[[""965"", []]]"
1PQ9,,1PQ9,0,,,"[[""44B"", []], [""BNS"", []]]"
1PRO,,1PRO,0,,,"[[""A88"", []]]"
1PS9,,1PS9,0,,,"[[""FMN"", []], [""FAD"", []], [""NAP"", []], [""MDE"", []]]"
1PT5,,1PT5,0,,,"[[""ACO"", []]]"
1PT8,,1PT8,0,,,"[[""OXL"", []]]"
1PU9,,1PU9,0,,,"[[""COA"", []]]"
1PVC,,1PVC,0,,,"[[""VAL"", []], [""SER"", []], [""GLU"", []], [""ILE"", []]]"
1PVD,,1PVD,0,,,"[[""TPP"", []]]"
1PVN,,1PVN,0,,,"[[""MZP"", []]]"
1PX6,,1PX6,0,,,"[[""GSH"", []]]"
1PXA,,1PXA,0,,,"[[""FAD"", []], [""PHB"", []]]"
1PXB,,1PXB,0,,,"[[""FAD"", []], [""PHB"", []]]"
1PXC,,1PXC,0,,,"[[""FAD"", []], [""PHB"", []]]"
1PXG,,1PXG,0,,,"[[""PRF"", []]]"
1PYD,,1PYD,0,,,"[[""TDP"", []]]"
1PYN,,1PYN,0,,,"[[""941"", []]]"
1PZ4,,1PZ4,0,,,"[[""PLM"", []]]"
1PZY,,1PZY,0,,,"[[""UDP"", []], [""NAG"", []]]"
1Q0C,,1Q0C,0,,,"[[""DHY"", []]]"
1Q0N,,1Q0N,0,,,"[[""APC"", []], [""PH2"", []]]"
1Q0S,,1Q0S,0,,,"[[""SAH"", []]]"
1Q21,,1Q21,0,,,"[[""GDP"", []]]"
1Q3E,,1Q3E,0,,,"[[""PCG"", []]]"
1Q43,,1Q43,0,,,"[[""CMP"", []]]"
1Q4S,,1Q4S,0,,,"[[""COA"", []], [""PHB"", []]]"
1Q54,,1Q54,0,,,"[[""BHI"", []]]"
1Q5H,,1Q5H,0,,,"[[""DUD"", []]]"
1Q5O,,1Q5O,0,,,"[[""CMP"", []]]"
1Q6N,,1Q6N,0,,,"[[""P90"", []]]"
1Q6P,,1Q6P,0,,,"[[""213"", []]]"
1Q6S,,1Q6S,0,,,"[[""214"", []]]"
1Q6T,,1Q6T,0,,,"[[""600"", []]]"
1Q6Y,,1Q6Y,0,,,"[[""COA"", []]]"
1Q72,,1Q72,0,,,"[[""COC"", []]]"
1Q97,,1Q97,0,,,"[[""ADN"", []], [""ATP"", []]]"
1Q99,,1Q99,0,,,"[[""ANP"", []]]"
1Q9M,,1Q9M,0,,,"[[""ROL"", []]]"
1QA0,,1QA0,0,,,"[[""270"", []]]"
1QAN,,1QAN,0,,,"[[""SAH"", []]]"
1QB1,,1QB1,0,,,"[[""974"", []]]"
1QB8,,1QB8,0,,,"[[""AMP"", []]]"
1QBG,,1QBG,0,,,"[[""FAD"", []]]"
1QBQ,,1QBQ,0,,,"[[""VAL"", []], [""ACE"", []], [""ILE"", []], [""HFP"", []], [""CYS"", []], [""MSE"", []]]"
1QBS,,1QBS,0,,,"[[""DMP"", []]]"
1QBT,,1QBT,0,,,"[[""146"", []]]"
1QBU,,1QBU,0,,,"[[""846"", []]]"
1QBV,,1QBV,0,,,"[[""PPX"", []]]"
1QCJ,,1QCJ,0,,,"[[""APT"", []]]"
1QCO,,1QCO,0,,,"[[""AAE"", []], [""FUM"", []]]"
1QD1,,1QD1,0,,,"[[""FON"", []]]"
1QDS,,1QDS,0,,,"[[""PGA"", []]]"
1QF0,,1QF0,0,,,"[[""TI2"", []]]"
1QF1,,1QF1,0,,,"[[""TI1"", []]]"
1QF2,,1QF2,0,,,"[[""TI3"", []]]"
1QF4,,1QF4,0,,,"[[""GDP"", []], [""RPD"", []]]"
1QF5,,1QF5,0,,,"[[""GDP"", []], [""RPL"", []]]"
1QF9,,1QF9,0,,,"[[""ALF"", []], [""ADP"", []], [""C5P"", []]]"
1QFL,,1QFL,0,,,"[[""COA"", []]]"
1QFM,,1QFM,0,,,"[[""SGL"", []]]"
1QFT,,1QFT,0,,,"[[""HSM"", []]]"
1QFV,,1QFV,0,,,"[[""HSM"", []]]"
1QFY,,1QFY,0,,,"[[""FAD"", []], [""NAP"", []]]"
1QFZ,,1QFZ,0,,,"[[""FAD"", []], [""NDP"", []]]"
1QG0,,1QG0,0,,,"[[""FAD"", []]]"
1QG2,,1QG2,0,,,"[[""GDP"", []]]"
1QG4,,1QG4,0,,,"[[""GDP"", []]]"
1QG6,,1QG6,0,,,"[[""NAD"", []], [""TCL"", []]]"
1QGA,,1QGA,0,,,"[[""FAD"", []], [""NAP"", []]]"
1QGD,,1QGD,0,,,"[[""TPP"", []]]"
1QGQ,,1QGQ,0,,,"[[""UDP"", []]]"
1QGS,,1QGS,0,,,"[[""UDP"", []]]"
1QGU,,1QGU,0,,,"[[""HCA"", []]]"
1QGZ,,1QGZ,0,,,"[[""FAD"", []]]"
1QH0,,1QH0,0,,,"[[""FAD"", []]]"
1QH1,,1QH1,0,,,"[[""HCA"", []]]"
1QH5,,1QH5,0,,,"[[""GBP"", []], [""GSH"", []]]"
1QH8,,1QH8,0,,,"[[""HCA"", []]]"
1QHA,,1QHA,0,,,"[[""G6P"", []], [""ANP"", []], [""GLC"", []]]"
1QHF,,1QHF,0,,,"[[""3PG"", []]]"
1QHH,,1QHH,0,,,"[[""ATP"", []]]"
1QHI,,1QHI,0,,,"[[""BPG"", []]]"
1QHO,,1QHO,0,,,"[[""ABD"", []], [""MAL"", []]]"
1QHP,,1QHP,0,,,"[[""MAL"", []]]"
1QHR,,1QHR,0,,,"[[""GLU"", []], [""ILE"", []], [""PHE"", []], [""PRO"", []], [""LEU"", []], [""ASP"", []], [""TYS"", []]]"
1QI3,,1QI3,0,,,"[[""MTT"", []]]"
1QI4,,1QI4,0,,,"[[""MTT"", []]]"
1QI5,,1QI5,0,,,"[[""MTT"", []]]"
1QIN,,1QIN,0,,,"[[""GIP"", []]]"
1QIQ,,1QIQ,0,,,"[[""ACC"", []]]"
1QIR,,1QIR,0,,,"[[""MAE"", []]]"
1QIS,,1QIS,0,,,"[[""MAE"", []]]"
1QIT,,1QIT,0,,,"[[""MAE"", []]]"
1QIW,,1QIW,0,,,"[[""DPD"", []]]"
1QJ1,,1QJ1,0,,,"[[""GLU"", []], [""ILE"", []], [""PHE"", []], [""PRO"", []], [""LEU"", []], [""ASP"", []], [""TYS"", []]]"
1QJ6,,1QJ6,0,,,"[[""GLU"", []], [""ILE"", []], [""PHE"", []], [""PRO"", []], [""LEU"", []], [""ASP"", []], [""TYS"", []]]"
1QJ7,,1QJ7,0,,,"[[""GLU"", []], [""ILE"", []], [""PHE"", []], [""PRO"", []], [""LEU"", []], [""ASP"", []], [""TYS"", []]]"
1QJD,,1QJD,0,,,"[[""FAD"", []], [""TEO"", []]]"
1QJF,,1QJF,0,,,"[[""ACS"", []]]"
1QJG,,1QJG,0,,,"[[""EQU"", []]]"
1QJI,,1QJI,0,,,"[[""PKF"", []]]"
1QJW,,1QJW,0,,,"[[""MGL"", []], [""SGC"", []], [""GLC"", []]]"
1QK0,,1QK0,0,,,"[[""XYS"", []], [""IOB"", []], [""XYP"", []], [""BGC"", []], [""GLC"", []]]"
1QK2,,1QK2,0,,,"[[""MGL"", []], [""SGC"", []], [""GLC"", []]]"
1QK3,,1QK3,0,,,"[[""5GP"", []]]"
1QK4,,1QK4,0,,,"[[""IMP"", []]]"
1QK5,,1QK5,0,,,"[[""XMP"", []]]"
1QKJ,,1QKJ,0,,,"[[""UDP"", []]]"
1QKM,,1QKM,0,,,"[[""GEN"", []]]"
1QKN,,1QKN,0,,,"[[""RAL"", []]]"
1QKT,,1QKT,0,,,"[[""EST"", []]]"
1QL6,,1QL6,0,,,"[[""ATP"", []]]"
1QLH,,1QLH,0,,,"[[""NAD"", []]]"
1QLL,,1QLL,0,,,"[[""TDA"", []]]"
1QLT,,1QLT,0,,,"[[""FAD"", []]]"
1QLU,,1QLU,0,,,"[[""EUG"", []], [""FAD"", []]]"
1QM5,,1QM5,0,,,"[[""PO4"", []], [""PLP"", []], [""SGC"", []], [""GLC"", []]]"
1QMH,,1QMH,0,,,"[[""CIT"", []]]"
1QMZ,,1QMZ,0,,,"[[""SER"", []], [""HIS"", []], [""ALA"", []], [""ARG"", []], [""LYS"", []], [""PRO"", []], [""ATP"", []]]"
1QNF,,1QNF,0,,,"[[""FAD"", []], [""HDF"", []]]"
1QO8,,1QO8,0,,,"[[""FAD"", []]]"
1QOP,,1QOP,0,,,"[[""IPL"", []]]"
1QOQ,,1QOQ,0,,,"[[""IGP"", []]]"
1QOR,,1QOR,0,,,"[[""NAP"", []]]"
1QPB,,1QPB,0,,,"[[""PYM"", []], [""TPP"", []]]"
1QPD,,1QPD,0,,,"[[""STU"", []]]"
1QPG,,1QPG,0,,,"[[""3PG"", []], [""MAP"", []]]"
1QPJ,,1QPJ,0,,,"[[""STU"", []]]"
1QPK,,1QPK,0,,,"[[""MTT"", []]]"
1QPQ,,1QPQ,0,,,"[[""NTM"", []]]"
1QPR,,1QPR,0,,,"[[""PPC"", []], [""PHT"", []]]"
1QQM,,1QQM,0,,,"[[""ADP"", []]]"
1QQN,,1QQN,0,,,"[[""ADP"", []]]"
1QQO,,1QQO,0,,,"[[""ADP"", []]]"
1QQS,,1QQS,0,,,"[[""DKA"", []]]"
1QR2,,1QR2,0,,,"[[""FAD"", []]]"
1QR6,,1QR6,0,,,"[[""NAD"", []]]"
1QRA,,1QRA,0,,,"[[""GTP"", []]]"
1QRR,,1QRR,0,,,"[[""NAD"", []], [""UPG"", []]]"
1QSM,,1QSM,0,,,"[[""ACO"", []]]"
1QSN,,1QSN,0,,,"[[""COA"", []]]"
1QSR,,1QSR,0,,,"[[""ACO"", []]]"
1QTI,,1QTI,0,,,"[[""GNT"", []]]"
1QUE,,1QUE,0,,,"[[""FAD"", []]]"
1QUF,,1QUF,0,,,"[[""FAD"", []], [""NAP"", []]]"
1QVJ,,1QVJ,0,,,"[[""RP5"", []]]"
1QYG,,1QYG,0,,,"[[""BCG"", []]]"
1QZR,,1QZR,0,,,"[[""ANP"", []], [""CDX"", []]]"
1RA1,,1RA1,0,,,"[[""NAP"", []]]"
1RA2,,1RA2,0,,,"[[""FOL"", []], [""NAP"", []]]"
1RA3,,1RA3,0,,,"[[""MTX"", []], [""NAP"", []]]"
1RA8,,1RA8,0,,,"[[""FOL"", []], [""ATR"", []]]"
1RA9,,1RA9,0,,,"[[""NAP"", []]]"
1RAA,,1RAA,0,,,"[[""CTP"", []]]"
1RAB,,1RAB,0,,,"[[""CTP"", []]]"
1RAC,,1RAC,0,,,"[[""CTP"", []]]"
1RAD,,1RAD,0,,,"[[""CTP"", []]]"
1RAE,,1RAE,0,,,"[[""CTP"", []]]"
1RAF,,1RAF,0,,,"[[""CTP"", []]]"
1RAG,,1RAG,0,,,"[[""CTP"", []]]"
1RAH,,1RAH,0,,,"[[""CTP"", []]]"
1RAI,,1RAI,0,,,"[[""CTP"", []]]"
1RB2,,1RB2,0,,,"[[""FOL"", []], [""NAP"", []]]"
1RB3,,1RB3,0,,,"[[""MTX"", []], [""NAP"", []]]"
1RC4,,1RC4,0,,,"[[""DDF"", []], [""NAP"", []]]"
1RCA,,1RCA,0,,,"[[""CGP"", []]]"
1RCF,,1RCF,0,,,"[[""FMN"", []]]"
1RF7,,1RF7,0,,,"[[""DHF"", []]]"
1RG7,,1RG7,0,,,"[[""MTX"", []]]"
1RGC,,1RGC,0,,,"[[""3GP"", []]]"
1RH3,,1RH3,0,,,"[[""MTX"", []], [""NAP"", []]]"
1RHL,,1RHL,0,,,"[[""2GP"", []]]"
1RK2,,1RK2,0,,,"[[""RIB"", []], [""ALF"", []], [""ADP"", []]]"
1RKD,,1RKD,0,,,"[[""RIB"", []], [""ADP"", []]]"
1RKS,,1RKS,0,,,"[[""RIB"", []]]"
1RLS,,1RLS,0,,,"[[""3GP"", []]]"
1RMH,,1RMH,0,,,"[[""ALA"", []], [""NIT"", []], [""SIN"", []], [""PRO"", []], [""PHE"", []]]"
1RMS,,1RMS,0,,,"[[""3GP"", []]]"
1RNT,,1RNT,0,,,"[[""2GP"", []]]"
1RPF,,1RPF,0,,,"[[""C3P"", []]]"
1RPG,,1RPG,0,,,"[[""CPA"", []]]"
1RPJ,,1RPJ,0,,,"[[""ALL"", []]]"
1RRG,,1RRG,0,,,"[[""GDP"", []]]"
1RTF,,1RTF,0,,,"[[""BEN"", []]]"
1RTH,,1RTH,0,,,"[[""U05"", []]]"
1RUV,,1RUV,0,,,"[[""UVC"", []], [""TBU"", []]]"
1RVD,,1RVD,0,,,"[[""DBG"", []]]"
1RX1,,1RX1,0,,,"[[""NAP"", []]]"
1RX2,,1RX2,0,,,"[[""FOL"", []], [""NAP"", []]]"
1RX3,,1RX3,0,,,"[[""MTX"", []], [""NAP"", []]]"
1RX4,,1RX4,0,,,"[[""DDF"", []], [""NAP"", []]]"
1RX5,,1RX5,0,,,"[[""DDF"", []]]"
1RX6,,1RX6,0,,,"[[""DDF"", []], [""NAP"", []]]"
1RX7,,1RX7,0,,,"[[""FOL"", []]]"
1RX9,,1RX9,0,,,"[[""NAP"", []]]"
1RXG,,1RXG,0,,,"[[""AKG"", []]]"
1RYC,,1RYC,0,,,"[[""BZI"", []]]"
1SBG,,1SBG,0,,,"[[""IM1"", []]]"
1SCU,,1SCU,0,,,"[[""COA"", []]]"
1SIV,,1SIV,0,,,"[[""PSI"", []]]"
1SPA,,1SPA,0,,,"[[""NPL"", []]]"
1SRG,,1SRG,0,,,"[[""MHB"", []]]"
1SRI,,1SRI,0,,,"[[""DMB"", []]]"
1SRJ,,1SRJ,0,,,"[[""NAB"", []]]"
1STC,,1STC,0,,,"[[""STU"", []]]"
1SWD,,1SWD,0,,,"[[""BTN"", []]]"
1SWE,,1SWE,0,,,"[[""BTN"", []]]"
1SWG,,1SWG,0,,,"[[""BTN"", []]]"
1SWK,,1SWK,0,,,"[[""BTN"", []], [""BTQ"", []]]"
1SWN,,1SWN,0,,,"[[""BTN"", []]]"
1SWP,,1SWP,0,,,"[[""BTN"", []], [""BTQ"", []]]"
1SWR,,1SWR,0,,,"[[""BTN"", []]]"
1SWT,,1SWT,0,,,"[[""BTN"", []]]"
1SYN,,1SYN,0,,,"[[""F89"", []], [""UMP"", []]]"
1SZJ,,1SZJ,0,,,"[[""NAD"", []]]"
1T27,,1T27,0,,,"[[""PCW"", []]]"
1TAG,,1TAG,0,,,"[[""GDP"", []]]"
1TC1,,1TC1,0,,,"[[""FMB"", []]]"
1TC2,,1TC2,0,,,"[[""7HP"", []], [""PRP"", []]]"
1TCO,,1TCO,0,,,"[[""FK5"", []]]"
1TCW,,1TCW,0,,,"[[""IM1"", []]]"
1TCX,,1TCX,0,,,"[[""IM1"", []]]"
1TDE,,1TDE,0,,,"[[""FAD"", []]]"
1TDR,,1TDR,0,,,"[[""MTX"", []]]"
1TDU,,1TDU,0,,,"[[""DUR"", []], [""CB3"", []]]"
1TI7,,1TI7,0,,,"[[""NAP"", []]]"
1TIO,,1TIO,0,,,"[[""BAM"", []]]"
1TIP,,1TIP,0,,,"[[""F6P"", []]]"
1TKB,,1TKB,0,,,"[[""N1T"", []]]"
1TMK,,1TMK,0,,,"[[""TMP"", []]]"
1TMO,,1TMO,0,,,"[[""2MD"", []]]"
1TND,,1TND,0,,,"[[""GSP"", []]]"
1TNH,,1TNH,0,,,"[[""FBA"", []]]"
1TNI,,1TNI,0,,,"[[""PBN"", []]]"
1TNJ,,1TNJ,0,,,"[[""PEA"", []]]"
1TNK,,1TNK,0,,,"[[""PRA"", []]]"
1TNL,,1TNL,0,,,"[[""TPA"", []]]"
1TOM,,1TOM,0,,,"[[""MIN"", []]]"
1TOX,,1TOX,0,,,"[[""NAD"", []]]"
1TPB,,1TPB,0,,,"[[""PGH"", []]]"
1TPC,,1TPC,0,,,"[[""PGH"", []]]"
1TPS,,1TPS,0,,,"[[""VAL"", []], [""GLU"", []], [""ARG"", []], [""OSL"", []], [""YNM"", []], [""DLE"", []], [""LEU"", []], [""THR"", []]]"
1TPU,,1TPU,0,,,"[[""PGH"", []]]"
1TPV,,1TPV,0,,,"[[""PGH"", []]]"
1TPW,,1TPW,0,,,"[[""PGH"", []]]"
1TRB,,1TRB,0,,,"[[""FAD"", []]]"
1TRD,,1TRD,0,,,"[[""PGH"", []]]"
1TRG,,1TRG,0,,,"[[""CB3"", []]]"
1TRK,,1TRK,0,,,"[[""TPP"", []]]"
1TRM,,1TRM,0,,,"[[""BEN"", []]]"
1TRP,,1TRP,0,,,"[[""2GP"", []]]"
1TRQ,,1TRQ,0,,,"[[""2GP"", []]]"
1TSD,,1TSD,0,,,"[[""F89"", []], [""UMP"", []]]"
1TSL,,1TSL,0,,,"[[""A15"", []]]"
1TSX,,1TSX,0,,,"[[""UMP"", []]]"
1TSY,,1TSY,0,,,"[[""UMP"", []]]"
1TTI,,1TTI,0,,,"[[""PGA"", []]]"
1TTJ,,1TTJ,0,,,"[[""PGH"", []]]"
1TVU,,1TVU,0,,,"[[""CB3"", []], [""UMP"", []]]"
1TVV,,1TVV,0,,,"[[""CB3"", []], [""UMP"", []]]"
1TVW,,1TVW,0,,,"[[""CB3"", []], [""UMP"", []]]"
1TX4,,1TX4,0,,,"[[""GDP"", []], [""ALF"", []]]"
1TYS,,1TYS,0,,,"[[""DHF"", []], [""TMP"", []]]"
1TYU,,1TYU,0,,,"[[""TYV"", []], [""MAN"", []], [""GLA"", []], [""RAM"", []]]"
1TYW,,1TYW,0,,,"[[""TYV"", []], [""MAN"", []], [""GLA"", []], [""RAM"", []], [""GLC"", []]]"
1TYX,,1TYX,0,,,"[[""ABE"", []], [""MAN"", []], [""GLA"", []], [""RAM"", []]]"
1UAD,,1UAD,0,,,"[[""GNP"", []]]"
1UAG,,1UAG,0,,,"[[""UMA"", []]]"
1UAK,,1UAK,0,,,"[[""SAM"", []]]"
1UAL,,1UAL,0,,,"[[""SAH"", []]]"
1UAM,,1UAM,0,,,"[[""SAH"", []]]"
1UAQ,,1UAQ,0,,,"[[""DUC"", []]]"
1UAY,,1UAY,0,,,"[[""ADN"", []]]"
1UBS,,1UBS,0,,,"[[""SER"", []], [""PLP"", []]]"
1UBY,,1UBY,0,,,"[[""DMA"", []]]"
1UCC,,1UCC,0,,,"[[""U3P"", []]]"
1UCN,,1UCN,0,,,"[[""ADP"", []]]"
1UDA,,1UDA,0,,,"[[""NAD"", []], [""UFG"", []]]"
1UDB,,1UDB,0,,,"[[""NAD"", []], [""UFG"", []]]"
1UDC,,1UDC,0,,,"[[""NAD"", []], [""UFM"", []]]"
1UDH,,1UDH,0,,,"[[""URA"", []]]"
1UGX,,1UGX,0,,,"[[""GAL"", []], [""MGC"", []]]"
1UIO,,1UIO,0,,,"[[""HPR"", []]]"
1UIP,,1UIP,0,,,"[[""PUR"", []]]"
1UKE,,1UKE,0,,,"[[""UP5"", []]]"
1UKY,,1UKY,0,,,"[[""ADP"", []]]"
1UMA,,1UMA,0,,,"[[""GLU"", []], [""ILE"", []], [""PHE"", []], [""PRO"", []], [""IN2"", []], [""LEU"", []], [""ASP"", []], [""TYS"", []]]"
1UOM,,1UOM,0,,,"[[""PTI"", []]]"
1UPU,,1UPU,0,,,"[[""U5P"", []]]"
1UVT,,1UVT,0,,,"[[""I48"", []]]"
1V1K,,1V1K,0,,,"[[""3FP"", []]]"
1V39,,1V39,0,,,"[[""SAH"", []], [""M7G"", []]]"
1VBT,,1VBT,0,,,"[[""ALA"", []], [""NIT"", []], [""ALT"", []], [""PRO"", []], [""PHE"", []]]"
1VDC,,1VDC,0,,,"[[""FAD"", []]]"
1VFN,,1VFN,0,,,"[[""HPA"", []]]"
1VFR,,1VFR,0,,,"[[""FMN"", []]]"
1VID,,1VID,0,,,"[[""DNC"", []], [""SAM"", []]]"
1VIK,,1VIK,0,,,"[[""BAY"", []]]"
1VJ3,,1VJ3,0,,,"[[""TAB"", []], [""NDP"", []]]"
1VM1,,1VM1,0,,,"[[""TAZ"", []]]"
1VOM,,1VOM,0,,,"[[""ADP"", []]]"
1VOT,,1VOT,0,,,"[[""HUP"", []]]"
1VP3,,1VP3,0,,,"[[""SAH"", []]]"
1VP9,,1VP9,0,,,"[[""SAH"", []]]"
1VPE,,1VPE,0,,,"[[""ANP"", []], [""3PG"", []]]"
1VPO,,1VPO,0,,,"[[""TES"", []]]"
1VPT,,1VPT,0,,,"[[""SAM"", []]]"
1VRU,,1VRU,0,,,"[[""AAP"", []]]"
1VZA,,1VZA,0,,,"[[""UMP"", []]]"
1VZB,,1VZB,0,,,"[[""UMP"", []]]"
1VZC,,1VZC,0,,,"[[""UFP"", []]]"
1VZD,,1VZD,0,,,"[[""CB3"", []], [""UFP"", []]]"
1VZE,,1VZE,0,,,"[[""CB3"", []]]"
1WBL,,1WBL,0,,,"[[""AMG"", []]]"
1WHT,,1WHT,0,,,"[[""BZS"", []]]"
1WQ1,,1WQ1,0,,,"[[""GDP"", []], [""AF3"", []]]"
1XAN,,1XAN,0,,,"[[""HXP"", []], [""FAD"", []]]"
1XEL,,1XEL,0,,,"[[""NAD"", []], [""UPG"", []]]"
1XIE,,1XIE,0,,,"[[""ASO"", []]]"
1XIG,,1XIG,0,,,"[[""XYL"", []]]"
1XIH,,1XIH,0,,,"[[""SOR"", []]]"
1XII,,1XII,0,,,"[[""XUL"", []]]"
1XIJ,,1XIJ,0,,,"[[""THE"", []]]"
1XIM,,1XIM,0,,,"[[""XYL"", []]]"
1XKA,,1XKA,0,,,"[[""4PP"", []]]"
1XKB,,1XKB,0,,,"[[""4PP"", []]]"
1XLF,,1XLF,0,,,"[[""GCO"", []]]"
1XLI,,1XLI,0,,,"[[""GLT"", []]]"
1XLJ,,1XLJ,0,,,"[[""XYL"", []]]"
1XLM,,1XLM,0,,,"[[""XYL"", []]]"
1XUG,,1XUG,0,,,"[[""BAB"", []]]"
1XUI,,1XUI,0,,,"[[""BAO"", []]]"
1XVA,,1XVA,0,,,"[[""SAM"", []]]"
1XYB,,1XYB,0,,,"[[""GLO"", []]]"
1XYC,,1XYC,0,,,"[[""3MF"", []]]"
1XZC,,1XZC,0,,,"[[""PMB"", []]]"
1YAA,,1YAA,0,,,"[[""MAE"", []]]"
1YAG,,1YAG,0,,,"[[""ATP"", []]]"
1YDA,,1YDA,0,,,"[[""AZM"", []]]"
1YDB,,1YDB,0,,,"[[""AZM"", []]]"
1YDD,,1YDD,0,,,"[[""AZM"", []]]"
1YDS,,1YDS,0,,,"[[""IQS"", []]]"
1YEC,,1YEC,0,,,"[[""PNB"", []]]"
1YEE,,1YEE,0,,,"[[""PNB"", []]]"
1YEF,,1YEF,0,,,"[[""PNC"", []]]"
1YEG,,1YEG,0,,,"[[""BPN"", []]]"
1YEI,,1YEI,0,,,"[[""PGG"", []]]"
1YEJ,,1YEJ,0,,,"[[""PNF"", []]]"
1YEK,,1YEK,0,,,"[[""NPO"", []]]"
1YET,,1YET,0,,,"[[""GDM"", []]]"
1YKF,,1YKF,0,,,"[[""NAP"", []]]"
1YOO,,1YOO,0,,,"[[""IVA"", []]]"
1YVN,,1YVN,0,,,"[[""ATP"", []]]"
1Z1H,,1Z1H,0,,,"[[""HBB"", []]]"
1Z1R,,1Z1R,0,,,"[[""HBH"", []]]"
1ZAP,,1ZAP,0,,,"[[""A70"", []]]"
1ZEI,,1ZEI,0,,,"[[""CRS"", []]]"
1ZFJ,,1ZFJ,0,,,"[[""IMP"", []]]"
1ZIN,,1ZIN,0,,,"[[""AP5"", []]]"
1ZIO,,1ZIO,0,,,"[[""AP5"", []]]"
1ZIP,,1ZIP,0,,,"[[""AP5"", []]]"
1ZPR,,1ZPR,0,,,"[[""CB3"", []], [""UMP"", []]]"
1ZSB,,1ZSB,0,,,"[[""AZM"", []]]"
221P,,221P,0,,,"[[""GNP"", []]]"
225L,,225L,0,,,"[[""PXY"", []]]"
25C8,,25C8,0,,,"[[""GEP"", []]]"
2A3H,,2A3H,0,,,"[[""CBI"", []]]"
2ACQ,,2ACQ,0,,,"[[""G6P"", []], [""NAP"", []]]"
2ACR,,2ACR,0,,,"[[""NAP"", []]]"
2ACS,,2ACS,0,,,"[[""NAP"", []], [""CIT"", []]]"
2ACU,,2ACU,0,,,"[[""NAP"", []], [""CIT"", []]]"
2AE2,,2AE2,0,,,"[[""PTO"", []], [""NAP"", []]]"
2AID,,2AID,0,,,"[[""THK"", []]]"
2AKY,,2AKY,0,,,"[[""AP5"", []]]"
2AMV,,2AMV,0,,,"[[""BIN"", []]]"
2ANS,,2ANS,0,,,"[[""2AN"", []]]"
2ARC,,2ARC,0,,,"[[""ARA"", []]]"
2ATJ,,2ATJ,0,,,"[[""BHO"", []]]"
2AY1,,2AY1,0,,,"[[""AHC"", []]]"
2AY2,,2AY2,0,,,"[[""CXP"", []]]"
2AY3,,2AY3,0,,,"[[""MPP"", []]]"
2AY4,,2AY4,0,,,"[[""PPT"", []]]"
2AY5,,2AY5,0,,,"[[""IOP"", []]]"
2AY6,,2AY6,0,,,"[[""3IB"", []]]"
2AY7,,2AY7,0,,,"[[""CLT"", []]]"
2AY8,,2AY8,0,,,"[[""4TB"", []]]"
2AY9,,2AY9,0,,,"[[""5PV"", []]]"
2BAT,,2BAT,0,,,"[[""SIA"", []]]"
2BBQ,,2BBQ,0,,,"[[""PFG"", []]]"
2BEF,,2BEF,0,,,"[[""BEF"", []], [""ADP"", []]]"
2BFV,,2BFV,0,,,"[[""STG"", []]]"
2BGU,,2BGU,0,,,"[[""UDP"", []]]"
2BIR,,2BIR,0,,,"[[""2GP"", []]]"
2BKJ,,2BKJ,0,,,"[[""NAD"", []], [""FMN"", []]]"
2BPV,,2BPV,0,,,"[[""1IN"", []]]"
2BPY,,2BPY,0,,,"[[""3IN"", []]]"
2BPZ,,2BPZ,0,,,"[[""3IN"", []]]"
2BTM,,2BTM,0,,,"[[""PGA"", []]]"
2BU4,,2BU4,0,,,"[[""2GP"", []]]"
2BUP,,2BUP,0,,,"[[""ADP"", []], [""ATP"", []]]"
2BVW,,2BVW,0,,,"[[""CTR"", []], [""CTT"", []], [""BGC"", []]]"
2BZA,,2BZA,0,,,"[[""ABN"", []]]"
2CAN,,2CAN,0,,,"[[""CAN"", []], [""PLP"", []]]"
2CBS,,2CBS,0,,,"[[""R13"", []]]"
2CD2,,2CD2,0,,,"[[""FOL"", []], [""NAP"", []]]"
2CGR,,2CGR,0,,,"[[""GAS"", []]]"
2CMK,,2CMK,0,,,"[[""CDP"", []]]"
2CP4,,2CP4,0,,,"[[""CAM"", []]]"
2CSN,,2CSN,0,,,"[[""CKI"", []]]"
2CST,,2CST,0,,,"[[""MAE"", []]]"
2CXG,,2CXG,0,,,"[[""G6D"", []], [""ACI"", []], [""GLC"", []]]"
2DAP,,2DAP,0,,,"[[""API"", []]]"
2DBV,,2DBV,0,,,"[[""NDP"", []]]"
2DHF,,2DHF,0,,,"[[""DZF"", []]]"
2DLN,,2DLN,0,,,"[[""PHY"", []], [""ADP"", []]]"
2DOR,,2DOR,0,,,"[[""FMN"", []], [""ORO"", []]]"
2DPG,,2DPG,0,,,"[[""NAP"", []]]"
2DPM,,2DPM,0,,,"[[""SAM"", []]]"
2DRC,,2DRC,0,,,"[[""MTX"", []]]"
2DRI,,2DRI,0,,,"[[""RIP"", []]]"
2EUG,,2EUG,0,,,"[[""URA"", []]]"
2FAP,,2FAP,0,,,"[[""RAD"", []]]"
2FAX,,2FAX,0,,,"[[""FMN"", []]]"
2FCR,,2FCR,0,,,"[[""FMN"", []]]"
2FDX,,2FDX,0,,,"[[""FMN"", []]]"
2FGI,,2FGI,0,,,"[[""PD1"", []]]"
2FLV,,2FLV,0,,,"[[""FMN"", []]]"
2FVX,,2FVX,0,,,"[[""FMN"", []]]"
2FX2,,2FX2,0,,,"[[""FMN"", []]]"
2GLR,,2GLR,0,,,"[[""GTX"", []]]"
2GPA,,2GPA,0,,,"[[""GLC"", []]]"
2GSA,,2GSA,0,,,"[[""PMP"", []]]"
2GSP,,2GSP,0,,,"[[""3GP"", []], [""SGP"", []]]"
2GSQ,,2GSQ,0,,,"[[""GBI"", []]]"
2GSS,,2GSS,0,,,"[[""EAA"", []]]"
2GST,,2GST,0,,,"[[""GPS"", []]]"
2GYI,,2GYI,0,,,"[[""HYA"", []]]"
2HDH,,2HDH,0,,,"[[""NAD"", []]]"
2HMB,,2HMB,0,,,"[[""PLM"", []]]"
2HOH,,2HOH,0,,,"[[""2GP"", []]]"
2IZF,,2IZF,0,,,"[[""BTN"", []]]"
2IZG,,2IZG,0,,,"[[""BTN"", []]]"
2IZH,,2IZH,0,,,"[[""BTN"", []]]"
2IZI,,2IZI,0,,,"[[""BTN"", []]]"
2IZJ,,2IZJ,0,,,"[[""BTN"", []]]"
2IZK,,2IZK,0,,,"[[""GLL"", []]]"
2IZL,,2IZL,0,,,"[[""IMI"", []]]"
2KCE,,2KCE,0,,,"[[""D16"", []]]"
2KI5,,2KI5,0,,,"[[""AC2"", []]]"
2LBD,,2LBD,0,,,"[[""REA"", []]]"
2LIG,,2LIG,0,,,"[[""ASP"", []]]"
2MAS,,2MAS,0,,,"[[""PIR"", []]]"
2MBR,,2MBR,0,,,"[[""FAD"", []], [""EPU"", []]]"
2NAD,,2NAD,0,,,"[[""NAD"", []]]"
2NAP,,2NAP,0,,,"[[""MGD"", []]]"
2NCD,,2NCD,0,,,"[[""ADP"", []]]"
2NLR,,2NLR,0,,,"[[""SHG"", []], [""G2F"", []], [""BGC"", []]]"
2NPX,,2NPX,0,,,"[[""NAD"", []], [""FAD"", []]]"
2OAT,,2OAT,0,,,"[[""PFM"", []]]"
2OHX,,2OHX,0,,,"[[""NAD"", []]]"
2OXI,,2OXI,0,,,"[[""NAD"", []]]"
2PAX,,2PAX,0,,,"[[""4AN"", []]]"
2PCP,,2PCP,0,,,"[[""1PC"", []]]"
2PGT,,2PGT,0,,,"[[""GPR"", []]]"
2PIA,,2PIA,0,,,"[[""FMN"", []]]"
2PKA,,2PKA,0,,,"[[""BEN"", []]]"
2PRG,,2PRG,0,,,"[[""BRL"", []]]"
2PRI,,2PRI,0,,,"[[""D6G"", []]]"
2Q21,,2Q21,0,,,"[[""GDP"", []]]"
2QWC,,2QWC,0,,,"[[""DAN"", []]]"
2QWD,,2QWD,0,,,"[[""4AM"", []]]"
2QWE,,2QWE,0,,,"[[""GNA"", []]]"
2QWF,,2QWF,0,,,"[[""G20"", []]]"
2QWG,,2QWG,0,,,"[[""G28"", []]]"
2QWH,,2QWH,0,,,"[[""G39"", []]]"
2QWI,,2QWI,0,,,"[[""G20"", []]]"
2QWJ,,2QWJ,0,,,"[[""G28"", []]]"
2QWK,,2QWK,0,,,"[[""G39"", []]]"
2RTD,,2RTD,0,,,"[[""BTN"", []]]"
2RTE,,2RTE,0,,,"[[""BTN"", []]]"
2RTF,,2RTF,0,,,"[[""BTN"", []]]"
2RTG,,2RTG,0,,,"[[""BTN"", []]]"
2RTH,,2RTH,0,,,"[[""GLL"", []]]"
2RTI,,2RTI,0,,,"[[""GLL"", []]]"
2RTJ,,2RTJ,0,,,"[[""GLL"", []]]"
2RTK,,2RTK,0,,,"[[""GLL"", []]]"
2RTL,,2RTL,0,,,"[[""IMI"", []]]"
2RTM,,2RTM,0,,,"[[""IMI"", []]]"
2RTN,,2RTN,0,,,"[[""IMI"", []]]"
2RTO,,2RTO,0,,,"[[""IMI"", []]]"
2RTP,,2RTP,0,,,"[[""IMI"", []]]"
2RTQ,,2RTQ,0,,,"[[""IMI"", []]]"
2RTR,,2RTR,0,,,"[[""IMI"", []]]"
2SCU,,2SCU,0,,,"[[""COA"", []]]"
2SFP,,2SFP,0,,,"[[""PPI"", []]]"
2SIM,,2SIM,0,,,"[[""DAN"", []]]"
2SLI,,2SLI,0,,,"[[""SKD"", []]]"
2SRC,,2SRC,0,,,"[[""ANP"", []]]"
2STD,,2STD,0,,,"[[""CRP"", []]]"
2TBS,,2TBS,0,,,"[[""BEN"", []]]"
2TCL,,2TCL,0,,,"[[""RO4"", []]]"
2TIO,,2TIO,0,,,"[[""BEN"", []]]"
2TMD,,2TMD,0,,,"[[""ADP"", []]]"
2TMK,,2TMK,0,,,"[[""ATM"", []]]"
2TPL,,2TPL,0,,,"[[""HPP"", []]]"
2TPR,,2TPR,0,,,"[[""FAD"", []]]"
2TPS,,2TPS,0,,,"[[""TPS"", []]]"
2TRS,,2TRS,0,,,"[[""IPL"", []], [""PLS"", []]]"
2TRT,,2TRT,0,,,"[[""TAC"", []]]"
2TSY,,2TSY,0,,,"[[""G3P"", []], [""PLS"", []]]"
2TYS,,2TYS,0,,,"[[""PLT"", []]]"
2UAG,,2UAG,0,,,"[[""UMA"", []], [""ADP"", []]]"
2UDP,,2UDP,0,,,"[[""NAD"", []], [""UPP"", []]]"
2UKD,,2UKD,0,,,"[[""ADP"", []], [""C5P"", []]]"
2USN,,2USN,0,,,"[[""IN8"", []]]"
2VP3,,2VP3,0,,,"[[""SAH"", []], [""M7G"", []]]"
2WEB,,2WEB,0,,,"[[""PP4"", []]]"
2WEC,,2WEC,0,,,"[[""PP5"", []]]"
2XIN,,2XIN,0,,,"[[""SOR"", []]]"
35C8,,35C8,0,,,"[[""NOX"", []]]"
3A3H,,3A3H,0,,,"[[""CTR"", []]]"
3AID,,3AID,0,,,"[[""ARQ"", []]]"
3AKY,,3AKY,0,,,"[[""AP5"", []]]"
3AMV,,3AMV,0,,,"[[""BIN"", []], [""GLC"", []]]"
3BIF,,3BIF,0,,,"[[""SIN"", []], [""BOG"", []]]"
3BIR,,3BIR,0,,,"[[""2GP"", []]]"
3BTO,,3BTO,0,,,"[[""NAD"", []], [""SSB"", []]]"
3BU4,,3BU4,0,,,"[[""2GP"", []]]"
3CA2,,3CA2,0,,,"[[""AMS"", []]]"
3CBS,,3CBS,0,,,"[[""R12"", []]]"
3CD2,,3CD2,0,,,"[[""MTX"", []], [""NAP"", []]]"
3CGT,,3CGT,0,,,"[[""BCD"", []]]"
3COX,,3COX,0,,,"[[""FAD"", []]]"
3CP4,,3CP4,0,,,"[[""ADM"", []]]"
3CPP,,3CPP,0,,,"[[""CAM"", []]]"
3CSC,,3CSC,0,,,"[[""LMR"", []], [""ACO"", []]]"
3CSJ,,3CSJ,0,,,"[[""CBL"", []]]"
3DAP,,3DAP,0,,,"[[""DA3"", []], [""NDP"", []]]"
3DBV,,3DBV,0,,,"[[""NAD"", []]]"
3DMR,,3DMR,0,,,"[[""PGD"", []]]"
3DRC,,3DRC,0,,,"[[""MTX"", []]]"
3ERK,,3ERK,0,,,"[[""SB4"", []]]"
3FAP,,3FAP,0,,,"[[""ARD"", []]]"
3FYG,,3FYG,0,,,"[[""GPR"", []]]"
3GAL,,3GAL,0,,,"[[""1GN"", []]]"
3GRS,,3GRS,0,,,"[[""FAD"", []]]"
3GRT,,3GRT,0,,,"[[""TS2"", []], [""FAD"", []]]"
3GSP,,3GSP,0,,,"[[""3GP"", []], [""SGP"", []]]"
3GSS,,3GSS,0,,,"[[""EAA"", []], [""GSH"", []]]"
3GST,,3GST,0,,,"[[""GPR"", []]]"
3HAD,,3HAD,0,,,"[[""NAD"", []]]"
3HOH,,3HOH,0,,,"[[""2GP"", []]]"
3HSC,,3HSC,0,,,"[[""ADP"", []]]"
3KAR,,3KAR,0,,,"[[""ADP"", []]]"
3KIV,,3KIV,0,,,"[[""ACA"", []]]"
3LAD,,3LAD,0,,,"[[""FAD"", []]]"
3LBD,,3LBD,0,,,"[[""REA"", []]]"
3MAG,,3MAG,0,,,"[[""3MA"", []], [""SAH"", []]]"
3MCT,,3MCT,0,,,"[[""3MC"", []], [""SAH"", []]]"
3MDD,,3MDD,0,,,"[[""FAD"", []]]"
3MDE,,3MDE,0,,,"[[""FAD"", []], [""CO8"", []]]"
3MIN,,3MIN,0,,,"[[""HCA"", []]]"
3NLL,,3NLL,0,,,"[[""FMN"", []]]"
3PAX,,3PAX,0,,,"[[""3MB"", []]]"
3PGT,,3PGT,0,,,"[[""GBX"", []]]"
3RAB,,3RAB,0,,,"[[""GNP"", []]]"
3RAP,,3RAP,0,,,"[[""GTP"", []]]"
3RHN,,3RHN,0,,,"[[""5GP"", []]]"
3SLI,,3SLI,0,,,"[[""SKD"", []]]"
3STD,,3STD,0,,,"[[""MQ0"", []]]"
3TMK,,3TMK,0,,,"[[""T5A"", []]]"
3UKD,,3UKD,0,,,"[[""ADP"", []], [""AF3"", []], [""C5P"", []]]"
3UPJ,,3UPJ,0,,,"[[""U03"", []]]"
3XIM,,3XIM,0,,,"[[""SOR"", []]]"
421P,,421P,0,,,"[[""GNP"", []]]"
43CA,,43CA,0,,,"[[""NPO"", []]]"
456C,,456C,0,,,"[[""CBP"", []]]"
4A3H,,4A3H,0,,,"[[""DCB"", []]]"
4AAH,,4AAH,0,,,"[[""PQQ"", []]]"
4AIG,,4AIG,0,,,"[[""FLX"", []]]"
4ATJ,,4ATJ,0,,,"[[""BHO"", []]]"
4BLC,,4BLC,0,,,"[[""NDP"", []]]"
4BU4,,4BU4,0,,,"[[""2GP"", []]]"
4CD2,,4CD2,0,,,"[[""FOL"", []]]"
4CP4,,4CP4,0,,,"[[""CAM"", []]]"
4CPP,,4CPP,0,,,"[[""ADM"", []]]"
4CSC,,4CSC,0,,,"[[""MLT"", []], [""ACO"", []]]"
4DBV,,4DBV,0,,,"[[""NDP"", []]]"
4DCG,,4DCG,0,,,"[[""SAH"", []], [""MG7"", []]]"
4DMR,,4DMR,0,,,"[[""PGD"", []]]"
4ER1,,4ER1,0,,,"[[""0ZP"", []]]"
4ERK,,4ERK,0,,,"[[""OLO"", []]]"
4FBP,,4FBP,0,,,"[[""AMP"", []]]"
4FUA,,4FUA,0,,,"[[""PGH"", []]]"
4FX2,,4FX2,0,,,"[[""FMN"", []]]"
4GPB,,4GPB,0,,,"[[""GFP"", []]]"
4GSP,,4GSP,0,,,"[[""3GP"", []], [""SGP"", []]]"
4GSS,,4GSS,0,,,"[[""GTX"", []]]"
4GST,,4GST,0,,,"[[""GTD"", []]]"
4HOH,,4HOH,0,,,"[[""2GP"", []]]"
4MDH,,4MDH,0,,,"[[""NAD"", []]]"
4NLL,,4NLL,0,,,"[[""FMN"", []]]"
4PBG,,4PBG,0,,,"[[""BGP"", []]]"
4PFK,,4PFK,0,,,"[[""F6P"", []], [""ADP"", []]]"
4PGT,,4PGT,0,,,"[[""GBX"", []]]"
4Q21,,4Q21,0,,,"[[""GDP"", []]]"
4RHN,,4RHN,0,,,"[[""RIB"", []]]"
4RSK,,4RSK,0,,,"[[""U3P"", []]]"
4SLI,,4SLI,0,,,"[[""CNP"", []]]"
4STD,,4STD,0,,,"[[""BFS"", []]]"
4TIM,,4TIM,0,,,"[[""2PG"", []]]"
4TMK,,4TMK,0,,,"[[""T5A"", []]]"
4UAG,,4UAG,0,,,"[[""UAG"", []]]"
4UKD,,4UKD,0,,,"[[""UDP"", []], [""ADP"", []], [""BF2"", []]]"
4UPJ,,4UPJ,0,,,"[[""U04"", []]]"
5ACN,,5ACN,0,,,"[[""TRC"", []]]"
5BIR,,5BIR,0,,,"[[""2GP"", []]]"
5BU4,,5BU4,0,,,"[[""2GP"", []]]"
5CP4,,5CP4,0,,,"[[""CAM"", []]]"
5CTS,,5CTS,0,,,"[[""CMC"", []], [""OAA"", []]]"
5ENL,,5ENL,0,,,"[[""2PG"", []]]"
5EUG,,5EUG,0,,,"[[""URA"", []]]"
5FBP,,5FBP,0,,,"[[""F6P"", []]]"
5FIT,,5FIT,0,,,"[[""AP2"", []]]"
5FWG,,5FWG,0,,,"[[""GPR"", []]]"
5FX2,,5FX2,0,,,"[[""FMN"", []]]"
5GPB,,5GPB,0,,,"[[""GPM"", []], [""GLC"", []]]"
5GRT,,5GRT,0,,,"[[""TS4"", []], [""FAD"", []]]"
5GSP,,5GSP,0,,,"[[""3GP"", []]]"
5GSS,,5GSS,0,,,"[[""GSH"", []]]"
5HOH,,5HOH,0,,,"[[""2GP"", []]]"
5MDH,,5MDH,0,,,"[[""NAD"", []], [""MAK"", []]]"
5NLL,,5NLL,0,,,"[[""FMN"", []]]"
5NSE,,5NSE,0,,,"[[""HAR"", []]]"
5NUC,,5NUC,0,,,"[[""THP"", []]]"
5NUL,,5NUL,0,,,"[[""FMN"", []]]"
5PAH,,5PAH,0,,,"[[""LDP"", []]]"
5RHN,,5RHN,0,,,"[[""8BR"", []]]"
5STD,,5STD,0,,,"[[""UNN"", []]]"
5TMP,,5TMP,0,,,"[[""Z5A"", []]]"
5UKD,,5UKD,0,,,"[[""ADP"", []], [""AF3"", []], [""C5P"", []]]"
5ULL,,5ULL,0,,,"[[""FMN"", []]]"
5UPJ,,5UPJ,0,,,"[[""UIN"", []]]"
5XIA,,5XIA,0,,,"[[""XYL"", []]]"
621P,,621P,0,,,"[[""GNP"", []]]"
6ABP,,6ABP,0,,,"[[""ARA"", []], [""ARB"", []]]"
6ALD,,6ALD,0,,,"[[""2FP"", []]]"
6CHA,,6CHA,0,,,"[[""PBA"", []]]"
6CP4,,6CP4,0,,,"[[""CAM"", []]]"
6CSC,,6CSC,0,,,"[[""COF"", []], [""CIT"", []]]"
6DFR,,6DFR,0,,,"[[""NAP"", []]]"
6ENL,,6ENL,0,,,"[[""PGA"", []]]"
6GSP,,6GSP,0,,,"[[""3GP"", []]]"
6GSS,,6GSS,0,,,"[[""GSH"", []]]"
6GST,,6GST,0,,,"[[""GSH"", []]]"
6GSU,,6GSU,0,,,"[[""GPS"", []]]"
6GSV,,6GSV,0,,,"[[""GPS"", []]]"
6GSW,,6GSW,0,,,"[[""GPS"", []]]"
6GSX,,6GSX,0,,,"[[""GPS"", []]]"
6GSY,,6GSY,0,,,"[[""GSH"", []]]"
6JDW,,6JDW,0,,,"[[""ABU"", []]]"
6NSE,,6NSE,0,,,"[[""GGB"", []]]"
6NUL,,6NUL,0,,,"[[""FMN"", []]]"
6Q21,,6Q21,0,,,"[[""GCP"", []]]"
6STD,,6STD,0,,,"[[""MS2"", []]]"
6TIM,,6TIM,0,,,"[[""G3P"", []]]"
6UPJ,,6UPJ,0,,,"[[""NIU"", []]]"
721P,,721P,0,,,"[[""GNP"", []]]"
7ABP,,7ABP,0,,,"[[""FCB"", []], [""FCA"", []]]"
7CPP,,7CPP,0,,,"[[""NCM"", []]]"
7DFR,,7DFR,0,,,"[[""FOL"", []], [""NAP"", []]]"
7ENL,,7ENL,0,,,"[[""2PG"", []]]"
7GSP,,7GSP,0,,,"[[""SGP"", []]]"
7GSS,,7GSS,0,,,"[[""GSH"", []]]"
7JDW,,7JDW,0,,,"[[""DAV"", []]]"
7NSE,,7NSE,0,,,"[[""DA2"", []]]"
7UPJ,,7UPJ,0,,,"[[""INU"", []]]"
821P,,821P,0,,,"[[""GNP"", []]]"
830C,,830C,0,,,"[[""RS1"", []]]"
8A3H,,8A3H,0,,,"[[""IDC"", []]]"
8ABP,,8ABP,0,,,"[[""GAL"", []], [""GLA"", []]]"
8ATC,,8ATC,0,,,"[[""PAL"", []]]"
8CGT,,8CGT,0,,,"[[""TM6"", []]]"
8CPA,,8CPA,0,,,"[[""AGF"", []]]"
8CPP,,8CPP,0,,,"[[""TCM"", []]]"
8DFR,,8DFR,0,,,"[[""NDP"", []]]"
8GPB,,8GPB,0,,,"[[""AMP"", []]]"
8GSS,,8GSS,0,,,"[[""GSH"", []]]"
8NSE,,8NSE,0,,,"[[""NRG"", []], [""H4B"", []]]"
966C,,966C,0,,,"[[""RS2"", []]]"
9ABP,,9ABP,0,,,"[[""GAL"", []], [""GLA"", []]]"
9CGT,,9CGT,0,,,"[[""TM5"", []]]"
9GSS,,9GSS,0,,,"[[""GTX"", []]]"
9LDB,,9LDB,0,,,"[[""NAD"", []], [""OXM"", []]]"
9LDT,,9LDT,0,,,"[[""NAD"", []], [""OXM"", []]]"
