pdb,resolution,cluster30,fold,uniprot,chains,ligands
1A52,,1A52,0,,A,"[[""ANY"", [""A""]]]"
1A5H,,1A5H,0,,B,"[[""ANY"", [""B""]]]"
1A9W,,1A9W,0,,E,"[[""ANY"", [""E""]]]"
1AGS,,1AGS,0,,B,"[[""ANY"", [""B""]]]"
1AII,,1AII,0,,A,"[[""ANY"", [""A""]]]"
1AU1,,1AU1,0,,A,"[[""ANY"", [""A""]]]"
1AUE,,1AUE,0,,B,"[[""ANY"", [""B""]]]"
1AYE,,1AYE,0,,A,"[[""ANY"", [""A""]]]"
1B1C,,1B1C,0,,A,"[[""ANY"", [""A""]]]"
1B50,,1B50,0,,B,"[[""ANY"", [""B""]]]"
1B55,,1B55,0,,B,"[[""ANY"", [""B""]]]"
1B6C,,1B6C,0,,F,"[[""ANY"", [""F""]]]"
1B9O,,1B9O,0,,A,"[[""ANY"", [""A""]]]"
1BBO,,1BBO,0,,A,"[[""ANY"", [""A""]]]"
1BCI,,1BCI,0,,A,"[[""ANY"", [""A""]]]"
1BF9,,1BF9,0,,A,"[[""ANY"", [""A""]]]"
1BHI,,1BHI,0,,A,"[[""ANY"", [""A""]]]"
1BHX,,1BHX,0,,F,"[[""ANY"", [""F""]]]"
1BLD,,1BLD,0,,A,"[[""ANY"", [""A""]]]"
1BLX,,1BLX,0,,A,"[[""ANY"", [""A""]]]"
1BMO,,1BMO,0,,A,"[[""ANY"", [""A""]]]"
1BNL,,1BNL,0,,A,"[[""ANY"", [""A""]]]"
1BOY,,1BOY,0,,A,"[[""ANY"", [""A""]]]"
1BP5,,1BP5,0,,A,"[[""ANY"", [""A""]]]"
1BUV,,1BUV,0,,M,"[[""ANY"", [""M""]]]"
1BYG,,1BYG,0,,A,"[[""ANY"", [""A""]]]"
1BZS,,1BZS,0,,A,"[[""ANY"", [""A""]]]"
1C07,,1C07,0,,A,"[[""ANY"", [""A""]]]"
1C4Z,,1C4Z,0,,A,"[[""ANY"", [""A""]]]"
1C5N,,1C5N,0,,L,"[[""ANY"", [""L""]]]"
1C9Y,,1C9Y,0,,A,"[[""ANY"", [""A""]]]"
1CB6,,1CB6,0,,A,"[[""ANY"", [""A""]]]"
1CJY,,1CJY,0,,B,"[[""ANY"", [""B""]]]"
1CM8,,1CM8,0,,A,"[[""ANY"", [""A""]]]"
1CR8,,1CR8,0,,A,"[[""ANY"", [""A""]]]"
1CWS,,1CWS,0,,A,"[[""ANY"", [""A""]]]"
1CX8,,1CX8,0,,C,"[[""ANY"", [""C""]]]"
1CZA,,1CZA,0,,N,"[[""ANY"", [""N""]]]"
1CZV,,1CZV,0,,A,"[[""ANY"", [""A""]]]"
1D1S,,1D1S,0,,A,"[[""ANY"", [""A""]]]"
1D2L,,1D2L,0,,A,"[[""ANY"", [""A""]]]"
1D4U,,1D4U,0,,A,"[[""ANY"", [""A""]]]"
1D5G,,1D5G,0,,A,"[[""ANY"", [""A""]]]"
1DRF,,1DRF,0,,A,"[[""ANY"", [""A""]]]"
1DS6,,1DS6,0,,A,"[[""ANY"", [""A""]]]"
1DSZ,,1DSZ,0,,A,"[[""ANY"", [""A""]]]"
1DTW,,1DTW,0,,B,"[[""ANY"", [""B""]]]"
1DXT,,1DXT,0,,D,"[[""ANY"", [""D""]]]"
1E0O,,1E0O,0,,D,"[[""ANY"", [""D""]]]"
1E17,,1E17,0,,A,"[[""ANY"", [""A""]]]"
1E9T,,1E9T,0,,A,"[[""ANY"", [""A""]]]"
1EH2,,1EH2,0,,A,"[[""ANY"", [""A""]]]"
1EK3,,1EK3,0,,A,"[[""ANY"", [""A""]]]"
1EK6,,1EK6,0,,A,"[[""ANY"", [""A""]]]"
1EMN,,1EMN,0,,A,"[[""ANY"", [""A""]]]"
1EQU,,1EQU,0,,A,"[[""ANY"", [""A""]]]"
1EUB,,1EUB,0,,A,"[[""ANY"", [""A""]]]"
1EVT,,1EVT,0,,C,"[[""ANY"", [""C""]]]"
1EYB,,1EYB,0,,A,"[[""ANY"", [""A""]]]"
1F13,,1F13,0,,B,"[[""ANY"", [""B""]]]"
1F5Y,,1F5Y,0,,A,"[[""ANY"", [""A""]]]"
1F62,,1F62,0,,A,"[[""ANY"", [""A""]]]"
1F6W,,1F6W,0,,A,"[[""ANY"", [""A""]]]"
1F8Z,,1F8Z,0,,A,"[[""ANY"", [""A""]]]"
1FA9,,1FA9,0,,A,"[[""ANY"", [""A""]]]"
1FAO,,1FAO,0,,A,"[[""ANY"", [""A""]]]"
1FAQ,,1FAQ,0,,A,"[[""ANY"", [""A""]]]"
1FCG,,1FCG,0,,A,"[[""ANY"", [""A""]]]"
1FD3,,1FD3,0,,C,"[[""ANY"", [""C""]]]"
1FDH,,1FDH,0,,H,"[[""ANY"", [""H""]]]"
1FE8,,1FE8,0,,C,"[[""ANY"", [""C""]]]"
1FHT,,1FHT,0,,A,"[[""ANY"", [""A""]]]"
1FKT,,1FKT,0,,A,"[[""ANY"", [""A""]]]"
1FLH,,1FLH,0,,A,"[[""ANY"", [""A""]]]"
1FP0,,1FP0,0,,A,"[[""ANY"", [""A""]]]"
1FQ3,,1FQ3,0,,A,"[[""ANY"", [""A""]]]"
1FSU,,1FSU,0,,A,"[[""ANY"", [""A""]]]"
1FUJ,,1FUJ,0,,C,"[[""ANY"", [""C""]]]"
1FVR,,1FVR,0,,B,"[[""ANY"", [""B""]]]"
1FW1,,1FW1,0,,A,"[[""ANY"", [""A""]]]"
1FY1,,1FY1,0,,A,"[[""ANY"", [""A""]]]"
1FZD,,1FZD,0,,G,"[[""ANY"", [""G""]]]"
1G1Q,,1G1Q,0,,C,"[[""ANY"", [""C""]]]"
1G25,,1G25,0,,A,"[[""ANY"", [""A""]]]"
1G3F,,1G3F,0,,A,"[[""ANY"", [""A""]]]"
1G47,,1G47,0,,A,"[[""ANY"", [""A""]]]"
1G55,,1G55,0,,A,"[[""ANY"", [""A""]]]"
1G5V,,1G5V,0,,A,"[[""ANY"", [""A""]]]"
1G5W,,1G5W,0,,A,"[[""ANY"", [""A""]]]"
1GA5,,1GA5,0,,E,"[[""ANY"", [""E""]]]"
1GGL,,1GGL,0,,A,"[[""ANY"", [""A""]]]"
1GGZ,,1GGZ,0,,A,"[[""ANY"", [""A""]]]"
1GH7,,1GH7,0,,A,"[[""ANY"", [""A""]]]"
1GNH,,1GNH,0,,D,"[[""ANY"", [""D""]]]"
1GPZ,,1GPZ,0,,B,"[[""ANY"", [""B""]]]"
1GQF,,1GQF,0,,B,"[[""ANY"", [""B""]]]"
1GR3,,1GR3,0,,A,"[[""ANY"", [""A""]]]"
1GVL,,1GVL,0,,A,"[[""ANY"", [""A""]]]"
1GWB,,1GWB,0,,B,"[[""ANY"", [""B""]]]"
1GXD,,1GXD,0,,A,"[[""ANY"", [""A""]]]"
1GXR,,1GXR,0,,A,"[[""ANY"", [""A""]]]"
1GZQ,,1GZQ,0,,A,"[[""ANY"", [""A""]]]"
1H30,,1H30,0,,A,"[[""ANY"", [""A""]]]"
1H6H,,1H6H,0,,A,"[[""ANY"", [""A""]]]"
1H6P,,1H6P,0,,B,"[[""ANY"", [""B""]]]"
1HCP,,1HCP,0,,A,"[[""ANY"", [""A""]]]"
1HDO,,1HDO,0,,A,"[[""ANY"", [""A""]]]"
1HDR,,1HDR,0,,A,"[[""ANY"", [""A""]]]"
1HGU,,1HGU,0,,A,"[[""ANY"", [""A""]]]"
1HH4,,1HH4,0,,D,"[[""ANY"", [""D""]]]"
1HNC,,1HNC,0,,A,"[[""ANY"", [""A""]]]"
1HNF,,1HNF,0,,A,"[[""ANY"", [""A""]]]"
1HP7,,1HP7,0,,A,"[[""ANY"", [""A""]]]"
1HRA,,1HRA,0,,A,"[[""ANY"", [""A""]]]"
1HT0,,1HT0,0,,A,"[[""ANY"", [""A""]]]"
1HTN,,1HTN,0,,A,"[[""ANY"", [""A""]]]"
1HUP,,1HUP,0,,A,"[[""ANY"", [""A""]]]"
1I1N,,1I1N,0,,A,"[[""ANY"", [""A""]]]"
1I3E,,1I3E,0,,A,"[[""ANY"", [""A""]]]"
1I3O,,1I3O,0,,F,"[[""ANY"", [""F""]]]"
1I71,,1I71,0,,A,"[[""ANY"", [""A""]]]"
1IHK,,1IHK,0,,A,"[[""ANY"", [""A""]]]"
1IJT,,1IJT,0,,A,"[[""ANY"", [""A""]]]"
1ILG,,1ILG,0,,A,"[[""ANY"", [""A""]]]"
1IQ3,,1IQ3,0,,A,"[[""ANY"", [""A""]]]"
1ISI,,1ISI,0,,A,"[[""ANY"", [""A""]]]"
1ITU,,1ITU,0,,A,"[[""ANY"", [""A""]]]"
1IVH,,1IVH,0,,D,"[[""ANY"", [""D""]]]"
1IVY,,1IVY,0,,A,"[[""ANY"", [""A""]]]"
1J2X,,1J2X,0,,A,"[[""ANY"", [""A""]]]"
1J78,,1J78,0,,B,"[[""ANY"", [""B""]]]"
1J8E,,1J8E,0,,A,"[[""ANY"", [""A""]]]"
1J8F,,1J8F,0,,A,"[[""ANY"", [""A""]]]"
1J8H,,1J8H,0,,D,"[[""ANY"", [""D""]]]"
1JDN,,1JDN,0,,A,"[[""ANY"", [""A""]]]"
1JIZ,,1JIZ,0,,B,"[[""ANY"", [""B""]]]"
1JM7,,1JM7,0,,B,"[[""ANY"", [""B""]]]"
1JOC,,1JOC,0,,B,"[[""ANY"", [""B""]]]"
1JXS,,1JXS,0,,A,"[[""ANY"", [""A""]]]"
1K3B,,1K3B,0,,A,"[[""ANY"", [""A""]]]"
1K6M,,1K6M,0,,B,"[[""ANY"", [""B""]]]"
1K94,,1K94,0,,B,"[[""ANY"", [""B""]]]"
1K9I,,1K9I,0,,H,"[[""ANY"", [""H""]]]"
1KB2,,1KB2,0,,B,"[[""ANY"", [""B""]]]"
1KCG,,1KCG,0,,C,"[[""ANY"", [""C""]]]"
1KCW,,1KCW,0,,A,"[[""ANY"", [""A""]]]"
1KFU,,1KFU,0,,S,"[[""ANY"", [""S""]]]"
1KKQ,,1KKQ,0,,D,"[[""ANY"", [""D""]]]"
1KLV,,1KLV,0,,A,"[[""ANY"", [""A""]]]"
1KQ6,,1KQ6,0,,A,"[[""ANY"", [""A""]]]"
1KQN,,1KQN,0,,D,"[[""ANY"", [""D""]]]"
1KRN,,1KRN,0,,A,"[[""ANY"", [""A""]]]"
1KVI,,1KVI,0,,A,"[[""ANY"", [""A""]]]"
1KWM,,1KWM,0,,A,"[[""ANY"", [""A""]]]"
1KYN,,1KYN,0,,B,"[[""ANY"", [""B""]]]"
1L1O,,1L1O,0,,F,"[[""ANY"", [""F""]]]"
1L6J,,1L6J,0,,A,"[[""ANY"", [""A""]]]"
1L9L,,1L9L,0,,A,"[[""ANY"", [""A""]]]"
1LDR,,1LDR,0,,A,"[[""ANY"", [""A""]]]"
1LGP,,1LGP,0,,A,"[[""ANY"", [""A""]]]"
1LHU,,1LHU,0,,A,"[[""ANY"", [""A""]]]"
1LJ5,,1LJ5,0,,A,"[[""ANY"", [""A""]]]"
1LJR,,1LJR,0,,B,"[[""ANY"", [""B""]]]"
1LMJ,,1LMJ,0,,A,"[[""ANY"", [""A""]]]"
1LO1,,1LO1,0,,A,"[[""ANY"", [""A""]]]"
1LPB,,1LPB,0,,B,"[[""ANY"", [""B""]]]"
1LPJ,,1LPJ,0,,A,"[[""ANY"", [""A""]]]"
1LPQ,,1LPQ,0,,A,"[[""ANY"", [""A""]]]"
1LS6,,1LS6,0,,A,"[[""ANY"", [""A""]]]"
1LT8,,1LT8,0,,B,"[[""ANY"", [""B""]]]"
1LV2,,1LV2,0,,A,"[[""ANY"", [""A""]]]"
1LW3,,1LW3,0,,A,"[[""ANY"", [""A""]]]"
1LYW,,1LYW,0,,A,"[[""ANY"", [""A""]]]"
1LYW,,1LYW,0,,F,"[[""ANY"", [""F""]]]"
1LYY,,1LYY,0,,A,"[[""ANY"", [""A""]]]"
1M36,,1M36,0,,A,"[[""ANY"", [""A""]]]"
1M4R,,1M4R,0,,B,"[[""ANY"", [""B""]]]"
1M6D,,1M6D,0,,B,"[[""ANY"", [""B""]]]"
1M76,,1M76,0,,A,"[[""ANY"", [""A""]]]"
1M9I,,1M9I,0,,A,"[[""ANY"", [""A""]]]"
1MF8,,1MF8,0,,A,"[[""ANY"", [""A""]]]"
1MJ4,,1MJ4,0,,A,"[[""ANY"", [""A""]]]"
1MKK,,1MKK,0,,B,"[[""ANY"", [""B""]]]"
1MM2,,1MM2,0,,A,"[[""ANY"", [""A""]]]"
1MQ0,,1MQ0,0,,B,"[[""ANY"", [""B""]]]"
1MR1,,1MR1,0,,D,"[[""ANY"", [""D""]]]"
1MSZ,,1MSZ,0,,A,"[[""ANY"", [""A""]]]"
1N0Z,,1N0Z,0,,A,"[[""ANY"", [""A""]]]"
1N7D,,1N7D,0,,A,"[[""ANY"", [""A""]]]"
1NAV,,1NAV,0,,A,"[[""ANY"", [""A""]]]"
1ND6,,1ND6,0,,C,"[[""ANY"", [""C""]]]"
1NE7,,1NE7,0,,A,"[[""ANY"", [""A""]]]"
1NKO,,1NKO,0,,A,"[[""ANY"", [""A""]]]"
1NN8,,1NN8,0,,T,"[[""ANY"", [""T""]]]"
1NNL,,1NNL,0,,B,"[[""ANY"", [""B""]]]"
1NOW,,1NOW,0,,B,"[[""ANY"", [""B""]]]"
1NQ1,,1NQ1,0,,A,"[[""ANY"", [""A""]]]"
1NSI,,1NSI,0,,C,"[[""ANY"", [""C""]]]"
1NST,,1NST,0,,A,"[[""ANY"", [""A""]]]"
1NUH,,1NUH,0,,A,"[[""ANY"", [""A""]]]"
1NUU,,1NUU,0,,B,"[[""ANY"", [""B""]]]"
1NYP,,1NYP,0,,A,"[[""ANY"", [""A""]]]"
1O6U,,1O6U,0,,C,"[[""ANY"", [""C""]]]"
1OHC,,1OHC,0,,A,"[[""ANY"", [""A""]]]"
1OJ6,,1OJ6,0,,D,"[[""ANY"", [""D""]]]"
1OP8,,1OP8,0,,D,"[[""ANY"", [""D""]]]"
1OPL,,1OPL,0,,A,"[[""ANY"", [""A""]]]"
1OQJ,,1OQJ,0,,B,"[[""ANY"", [""B""]]]"
1OZO,,1OZO,0,,A,"[[""ANY"", [""A""]]]"
1OZS,,1OZS,0,,A,"[[""ANY"", [""A""]]]"
1P32,,1P32,0,,A,"[[""ANY"", [""A""]]]"
1P4O,,1P4O,0,,A,"[[""ANY"", [""A""]]]"
1P4Q,,1P4Q,0,,B,"[[""ANY"", [""B""]]]"
1P97,,1P97,0,,A,"[[""ANY"", [""A""]]]"
1PB5,,1PB5,0,,A,"[[""ANY"", [""A""]]]"
1PFL,,1PFL,0,,A,"[[""ANY"", [""A""]]]"
1PKX,,1PKX,0,,B,"[[""ANY"", [""B""]]]"
1PL8,,1PL8,0,,C,"[[""ANY"", [""C""]]]"
1PLO,,1PLO,0,,A,"[[""ANY"", [""A""]]]"
1PSR,,1PSR,0,,B,"[[""ANY"", [""B""]]]"
1PT6,,1PT6,0,,B,"[[""ANY"", [""B""]]]"
1Q0P,,1Q0P,0,,A,"[[""ANY"", [""A""]]]"
1Q1U,,1Q1U,0,,A,"[[""ANY"", [""A""]]]"
1Q22,,1Q22,0,,A,"[[""ANY"", [""A""]]]"
1Q33,,1Q33,0,,A,"[[""ANY"", [""A""]]]"
1Q3A,,1Q3A,0,,A,"[[""ANY"", [""A""]]]"
1Q7L,,1Q7L,0,,C,"[[""ANY"", [""C""]]]"
1Q7L,,1Q7L,0,,D,"[[""ANY"", [""D""]]]"
1Q8L,,1Q8L,0,,A,"[[""ANY"", [""A""]]]"
1Q8X,,1Q8X,0,,A,"[[""ANY"", [""A""]]]"
1Q9S,,1Q9S,0,,A,"[[""ANY"", [""A""]]]"
1QH5,,1QH5,0,,B,"[[""ANY"", [""B""]]]"
1QIB,,1QIB,0,,A,"[[""ANY"", [""A""]]]"
1QNM,,1QNM,0,,A,"[[""ANY"", [""A""]]]"
1QZQ,,1QZQ,0,,A,"[[""ANY"", [""A""]]]"
1QZU,,1QZU,0,,B,"[[""ANY"", [""B""]]]"
1R3Y,,1R3Y,0,,A,"[[""ANY"", [""A""]]]"
1R54,,1R54,0,,A,"[[""ANY"", [""A""]]]"
1R79,,1R79,0,,A,"[[""ANY"", [""A""]]]"
1R8Q,,1R8Q,0,,E,"[[""ANY"", [""E""]]]"
1RGO,,1RGO,0,,A,"[[""ANY"", [""A""]]]"
1RIW,,1RIW,0,,B,"[[""ANY"", [""B""]]]"
1RJV,,1RJV,0,,A,"[[""ANY"", [""A""]]]"
1RKB,,1RKB,0,,A,"[[""ANY"", [""A""]]]"
1RM8,,1RM8,0,,A,"[[""ANY"", [""A""]]]"
1RNF,,1RNF,0,,B,"[[""ANY"", [""B""]]]"
1RO4,,1RO4,0,,A,"[[""ANY"", [""A""]]]"
1RTG,,1RTG,0,,A,"[[""ANY"", [""A""]]]"
1RX0,,1RX0,0,,D,"[[""ANY"", [""D""]]]"
1RXR,,1RXR,0,,A,"[[""ANY"", [""A""]]]"
1S18,,1S18,0,,A,"[[""ANY"", [""A""]]]"
1S1E,,1S1E,0,,A,"[[""ANY"", [""A""]]]"
1S4B,,1S4B,0,,P,"[[""ANY"", [""P""]]]"
1S4Y,,1S4Y,0,,B,"[[""ANY"", [""B""]]]"
1S5O,,1S5O,0,,A,"[[""ANY"", [""A""]]]"
1S9I,,1S9I,0,,A,"[[""ANY"", [""A""]]]"
1SG4,,1SG4,0,,B,"[[""ANY"", [""B""]]]"
1SHR,,1SHR,0,,D,"[[""ANY"", [""D""]]]"
1SIQ,,1SIQ,0,,A,"[[""ANY"", [""A""]]]"
1SL6,,1SL6,0,,E,"[[""ANY"", [""E""]]]"
1SMO,,1SMO,0,,B,"[[""ANY"", [""B""]]]"
1SO0,,1SO0,0,,B,"[[""ANY"", [""B""]]]"
1SOJ,,1SOJ,0,,I,"[[""ANY"", [""I""]]]"
1SP2,,1SP2,0,,A,"[[""ANY"", [""A""]]]"
1SPJ,,1SPJ,0,,A,"[[""ANY"", [""A""]]]"
1ST0,,1ST0,0,,A,"[[""ANY"", [""A""]]]"
1SU3,,1SU3,0,,A,"[[""ANY"", [""A""]]]"
1SZB,,1SZB,0,,B,"[[""ANY"", [""B""]]]"
1T3N,,1T3N,0,,B,"[[""ANY"", [""B""]]]"
1T6B,,1T6B,0,,Y,"[[""ANY"", [""Y""]]]"
1T8C,,1T8C,0,,A,"[[""ANY"", [""A""]]]"
1T8T,,1T8T,0,,B,"[[""ANY"", [""B""]]]"
1TFF,,1TFF,0,,A,"[[""ANY"", [""A""]]]"
1TFI,,1TFI,0,,A,"[[""ANY"", [""A""]]]"
1TG6,,1TG6,0,,C,"[[""ANY"", [""C""]]]"
1TJJ,,1TJJ,0,,A,"[[""ANY"", [""A""]]]"
1TOZ,,1TOZ,0,,A,"[[""ANY"", [""A""]]]"
1TPK,,1TPK,0,,C,"[[""ANY"", [""C""]]]"
1TTX,,1TTX,0,,A,"[[""ANY"", [""A""]]]"
1TU4,,1TU4,0,,C,"[[""ANY"", [""C""]]]"
1TVX,,1TVX,0,,D,"[[""ANY"", [""D""]]]"
1U31,,1U31,0,,A,"[[""ANY"", [""A""]]]"
1U3T,,1U3T,0,,A,"[[""ANY"", [""A""]]]"
1U59,,1U59,0,,A,"[[""ANY"", [""A""]]]"
1U7F,,1U7F,0,,B,"[[""ANY"", [""B""]]]"
1U7T,,1U7T,0,,D,"[[""ANY"", [""D""]]]"
1UBD,,1UBD,0,,C,"[[""ANY"", [""C""]]]"
1UL1,,1UL1,0,,Z,"[[""ANY"", [""Z""]]]"
1UMK,,1UMK,0,,A,"[[""ANY"", [""A""]]]"
1UNQ,,1UNQ,0,,A,"[[""ANY"", [""A""]]]"
1UPR,,1UPR,0,,A,"[[""ANY"", [""A""]]]"
1UR6,,1UR6,0,,B,"[[""ANY"", [""B""]]]"
1UV0,,1UV0,0,,A,"[[""ANY"", [""A""]]]"
1UVQ,,1UVQ,0,,B,"[[""ANY"", [""B""]]]"
1UW5,,1UW5,0,,A,"[[""ANY"", [""A""]]]"
1UWY,,1UWY,0,,A,"[[""ANY"", [""A""]]]"
1UX6,,1UX6,0,,A,"[[""ANY"", [""A""]]]"
1UZJ,,1UZJ,0,,B,"[[""ANY"", [""B""]]]"
1V5H,,1V5H,0,,A,"[[""ANY"", [""A""]]]"
1V6G,,1V6G,0,,A,"[[""ANY"", [""A""]]]"
1V84,,1V84,0,,A,"[[""ANY"", [""A""]]]"
1V88,,1V88,0,,A,"[[""ANY"", [""A""]]]"
1VA1,,1VA1,0,,A,"[[""ANY"", [""A""]]]"
1VD4,,1VD4,0,,A,"[[""ANY"", [""A""]]]"
1VHR,,1VHR,0,,A,"[[""ANY"", [""A""]]]"
1VTN,,1VTN,0,,C,"[[""ANY"", [""C""]]]"
1W0S,,1W0S,0,,C,"[[""ANY"", [""C""]]]"
1W1H,,1W1H,0,,C,"[[""ANY"", [""C""]]]"
1W45,,1W45,0,,B,"[[""ANY"", [""B""]]]"
1W4R,,1W4R,0,,A,"[[""ANY"", [""A""]]]"
1W4U,,1W4U,0,,A,"[[""ANY"", [""A""]]]"
1W6J,,1W6J,0,,A,"[[""ANY"", [""A""]]]"
1WAR,,1WAR,0,,A,"[[""ANY"", [""A""]]]"
1WCH,,1WCH,0,,A,"[[""ANY"", [""A""]]]"
1WD2,,1WD2,0,,A,"[[""ANY"", [""A""]]]"
1WIG,,1WIG,0,,A,"[[""ANY"", [""A""]]]"
1WJP,,1WJP,0,,A,"[[""ANY"", [""A""]]]"
1WL4,,1WL4,0,,A,"[[""ANY"", [""A""]]]"
1WLJ,,1WLJ,0,,A,"[[""ANY"", [""A""]]]"
1WOJ,,1WOJ,0,,A,"[[""ANY"", [""A""]]]"
1WQ1,,1WQ1,0,,G,"[[""ANY"", [""G""]]]"
1WSR,,1WSR,0,,A,"[[""ANY"", [""A""]]]"
1WYH,,1WYH,0,,A,"[[""ANY"", [""A""]]]"
1X03,,1X03,0,,A,"[[""ANY"", [""A""]]]"
1X05,,1X05,0,,A,"[[""ANY"", [""A""]]]"
1X3C,,1X3C,0,,A,"[[""ANY"", [""A""]]]"
1X3H,,1X3H,0,,A,"[[""ANY"", [""A""]]]"
1X3S,,1X3S,0,,A,"[[""ANY"", [""A""]]]"
1X4K,,1X4K,0,,A,"[[""ANY"", [""A""]]]"
1X4L,,1X4L,0,,A,"[[""ANY"", [""A""]]]"
1X4S,,1X4S,0,,A,"[[""ANY"", [""A""]]]"
1X4U,,1X4U,0,,A,"[[""ANY"", [""A""]]]"
1X4V,,1X4V,0,,A,"[[""ANY"", [""A""]]]"
1X4W,,1X4W,0,,A,"[[""ANY"", [""A""]]]"
1X5W,,1X5W,0,,A,"[[""ANY"", [""A""]]]"
1X61,,1X61,0,,A,"[[""ANY"", [""A""]]]"
1X62,,1X62,0,,A,"[[""ANY"", [""A""]]]"
1X63,,1X63,0,,A,"[[""ANY"", [""A""]]]"
1X68,,1X68,0,,A,"[[""ANY"", [""A""]]]"
1X6A,,1X6A,0,,A,"[[""ANY"", [""A""]]]"
1X6E,,1X6E,0,,A,"[[""ANY"", [""A""]]]"
1X6F,,1X6F,0,,A,"[[""ANY"", [""A""]]]"
1X9D,,1X9D,0,,A,"[[""ANY"", [""A""]]]"
1XA6,,1XA6,0,,A,"[[""ANY"", [""A""]]]"
1XC5,,1XC5,0,,A,"[[""ANY"", [""A""]]]"
1XCR,,1XCR,0,,A,"[[""ANY"", [""A""]]]"
1XD3,,1XD3,0,,A,"[[""ANY"", [""A""]]]"
1XD4,,1XD4,0,,A,"[[""ANY"", [""A""]]]"
1XGD,,1XGD,0,,A,"[[""ANY"", [""A""]]]"
1XPW,,1XPW,0,,A,"[[""ANY"", [""A""]]]"
1XRJ,,1XRJ,0,,A,"[[""ANY"", [""A""]]]"
1XSB,,1XSB,0,,A,"[[""ANY"", [""A""]]]"
1XVP,,1XVP,0,,B,"[[""ANY"", [""B""]]]"
1XW6,,1XW6,0,,D,"[[""ANY"", [""D""]]]"
1XWI,,1XWI,0,,A,"[[""ANY"", [""A""]]]"
1Y02,,1Y02,0,,A,"[[""ANY"", [""A""]]]"
1Y3J,,1Y3J,0,,A,"[[""ANY"", [""A""]]]"
1Y4J,,1Y4J,0,,B,"[[""ANY"", [""B""]]]"
1YB1,,1YB1,0,,B,"[[""ANY"", [""B""]]]"
1YB5,,1YB5,0,,A,"[[""ANY"", [""A""]]]"
1YFH,,1YFH,0,,C,"[[""ANY"", [""C""]]]"
1YJT,,1YJT,0,,A,"[[""ANY"", [""A""]]]"
1YJX,,1YJX,0,,H,"[[""ANY"", [""H""]]]"
1YUO,,1YUO,0,,A,"[[""ANY"", [""A""]]]"
1YVJ,,1YVJ,0,,A,"[[""ANY"", [""A""]]]"
1YW7,,1YW7,0,,A,"[[""ANY"", [""A""]]]"
1YXM,,1YXM,0,,A,"[[""ANY"", [""A""]]]"
1YZG,,1YZG,0,,A,"[[""ANY"", [""A""]]]"
1YZX,,1YZX,0,,A,"[[""ANY"", [""A""]]]"
1Z0A,,1Z0A,0,,C,"[[""ANY"", [""C""]]]"
1Z29,,1Z29,0,,A,"[[""ANY"", [""A""]]]"
1Z60,,1Z60,0,,A,"[[""ANY"", [""A""]]]"
1Z6C,,1Z6C,0,,A,"[[""ANY"", [""A""]]]"
1Z6T,,1Z6T,0,,D,"[[""ANY"", [""D""]]]"
1Z6U,,1Z6U,0,,A,"[[""ANY"", [""A""]]]"
1Z6X,,1Z6X,0,,B,"[[""ANY"", [""B""]]]"
1Z7X,,1Z7X,0,,W,"[[""ANY"", [""W""]]]"
1Z8D,,1Z8D,0,,A,"[[""ANY"", [""A""]]]"
1Z8L,,1Z8L,0,,A,"[[""ANY"", [""A""]]]"
1Z9Q,,1Z9Q,0,,A,"[[""ANY"", [""A""]]]"
1ZBJ,,1ZBJ,0,,A,"[[""ANY"", [""A""]]]"
1ZBQ,,1ZBQ,0,,B,"[[""ANY"", [""B""]]]"
1ZBU,,1ZBU,0,,B,"[[""ANY"", [""B""]]]"
1ZD9,,1ZD9,0,,A,"[[""ANY"", [""A""]]]"
1ZKL,,1ZKL,0,,A,"[[""ANY"", [""A""]]]"
1ZR9,,1ZR9,0,,A,"[[""ANY"", [""A""]]]"
1ZRH,,1ZRH,0,,A,"[[""ANY"", [""A""]]]"
1ZS6,,1ZS6,0,,A,"[[""ANY"", [""A""]]]"
1ZS9,,1ZS9,0,,A,"[[""ANY"", [""A""]]]"
1ZT4,,1ZT4,0,,C,"[[""ANY"", [""C""]]]"
1ZV4,,1ZV4,0,,X,"[[""ANY"", [""X""]]]"
2A07,,2A07,0,,K,"[[""ANY"", [""K""]]]"
2A0Z,,2A0Z,0,,A,"[[""ANY"", [""A""]]]"
2A14,,2A14,0,,A,"[[""ANY"", [""A""]]]"
2A1U,,2A1U,0,,A,"[[""ANY"", [""A""]]]"
2A1U,,2A1U,0,,B,"[[""ANY"", [""B""]]]"
2A1X,,2A1X,0,,A,"[[""ANY"", [""A""]]]"
2A2A,,2A2A,0,,A,"[[""ANY"", [""A""]]]"
2A2C,,2A2C,0,,A,"[[""ANY"", [""A""]]]"
2A3R,,2A3R,0,,A,"[[""ANY"", [""A""]]]"
2A5J,,2A5J,0,,A,"[[""ANY"", [""A""]]]"
2A66,,2A66,0,,A,"[[""ANY"", [""A""]]]"
2A8L,,2A8L,0,,B,"[[""ANY"", [""B""]]]"
2A98,,2A98,0,,A,"[[""ANY"", [""A""]]]"
2AC3,,2AC3,0,,A,"[[""ANY"", [""A""]]]"
2AG5,,2AG5,0,,B,"[[""ANY"", [""B""]]]"
2AL7,,2AL7,0,,A,"[[""ANY"", [""A""]]]"
2AOU,,2AOU,0,,B,"[[""ANY"", [""B""]]]"
2ATV,,2ATV,0,,A,"[[""ANY"", [""A""]]]"
2ATX,,2ATX,0,,B,"[[""ANY"", [""B""]]]"
2AVD,,2AVD,0,,A,"[[""ANY"", [""A""]]]"
2B0O,,2B0O,0,,F,"[[""ANY"", [""F""]]]"
2B25,,2B25,0,,A,"[[""ANY"", [""A""]]]"
2B3Y,,2B3Y,0,,A,"[[""ANY"", [""A""]]]"
2B48,,2B48,0,,A,"[[""ANY"", [""A""]]]"
2B6H,,2B6H,0,,A,"[[""ANY"", [""A""]]]"
2B9E,,2B9E,0,,A,"[[""ANY"", [""A""]]]"
2BBW,,2BBW,0,,A,"[[""ANY"", [""A""]]]"
2BEI,,2BEI,0,,A,"[[""ANY"", [""A""]]]"
2BEX,,2BEX,0,,C,"[[""ANY"", [""C""]]]"
2BIV,,2BIV,0,,A,"[[""ANY"", [""A""]]]"
2BKA,,2BKA,0,,A,"[[""ANY"", [""A""]]]"
2BLE,,2BLE,0,,A,"[[""ANY"", [""A""]]]"
2BME,,2BME,0,,B,"[[""ANY"", [""B""]]]"
2BO2,,2BO2,0,,B,"[[""ANY"", [""B""]]]"
2BOV,,2BOV,0,,A,"[[""ANY"", [""A""]]]"
2BP1,,2BP1,0,,D,"[[""ANY"", [""D""]]]"
2BW0,,2BW0,0,,A,"[[""ANY"", [""A""]]]"
2BWJ,,2BWJ,0,,E,"[[""ANY"", [""E""]]]"
2BZG,,2BZG,0,,A,"[[""ANY"", [""A""]]]"
2BZM,,2BZM,0,,A,"[[""ANY"", [""A""]]]"
2C30,,2C30,0,,A,"[[""ANY"", [""A""]]]"
2C3Q,,2C3Q,0,,C,"[[""ANY"", [""C""]]]"
2C43,,2C43,0,,A,"[[""ANY"", [""A""]]]"
2C47,,2C47,0,,C,"[[""ANY"", [""C""]]]"
2C6A,,2C6A,0,,A,"[[""ANY"", [""A""]]]"
2C7N,,2C7N,0,,K,"[[""ANY"", [""K""]]]"
2C9Y,,2C9Y,0,,A,"[[""ANY"", [""A""]]]"
2CG5,,2CG5,0,,B,"[[""ANY"", [""B""]]]"
2CH5,,2CH5,0,,B,"[[""ANY"", [""B""]]]"
2CH9,,2CH9,0,,A,"[[""ANY"", [""A""]]]"
2CJW,,2CJW,0,,A,"[[""ANY"", [""A""]]]"
2CLP,,2CLP,0,,K,"[[""ANY"", [""K""]]]"
2CMW,,2CMW,0,,A,"[[""ANY"", [""A""]]]"
2CN5,,2CN5,0,,A,"[[""ANY"", [""A""]]]"
2CO8,,2CO8,0,,A,"[[""ANY"", [""A""]]]"
2COR,,2COR,0,,A,"[[""ANY"", [""A""]]]"
2COT,,2COT,0,,A,"[[""ANY"", [""A""]]]"
2CQ9,,2CQ9,0,,A,"[[""ANY"", [""A""]]]"
2CQE,,2CQE,0,,A,"[[""ANY"", [""A""]]]"
2CR8,,2CR8,0,,A,"[[""ANY"", [""A""]]]"
2CRC,,2CRC,0,,A,"[[""ANY"", [""A""]]]"
2CRR,,2CRR,0,,A,"[[""ANY"", [""A""]]]"
2CRW,,2CRW,0,,A,"[[""ANY"", [""A""]]]"
2CS3,,2CS3,0,,A,"[[""ANY"", [""A""]]]"
2CS8,,2CS8,0,,A,"[[""ANY"", [""A""]]]"
2CSH,,2CSH,0,,A,"[[""ANY"", [""A""]]]"
2CSV,,2CSV,0,,A,"[[""ANY"", [""A""]]]"
2CSY,,2CSY,0,,A,"[[""ANY"", [""A""]]]"
2CT0,,2CT0,0,,A,"[[""ANY"", [""A""]]]"
2CT5,,2CT5,0,,A,"[[""ANY"", [""A""]]]"
2CT7,,2CT7,0,,A,"[[""ANY"", [""A""]]]"
2CTD,,2CTD,0,,A,"[[""ANY"", [""A""]]]"
2CTT,,2CTT,0,,A,"[[""ANY"", [""A""]]]"
2CTU,,2CTU,0,,A,"[[""ANY"", [""A""]]]"
2CU8,,2CU8,0,,A,"[[""ANY"", [""A""]]]"
2CUQ,,2CUQ,0,,A,"[[""ANY"", [""A""]]]"
2CUR,,2CUR,0,,A,"[[""ANY"", [""A""]]]"
2CW9,,2CW9,0,,A,"[[""ANY"", [""A""]]]"
2CXY,,2CXY,0,,A,"[[""ANY"", [""A""]]]"
2CZH,,2CZH,0,,B,"[[""ANY"", [""B""]]]"
2D07,,2D07,0,,A,"[[""ANY"", [""A""]]]"
2D7I,,2D7I,0,,A,"[[""ANY"", [""A""]]]"
2D8R,,2D8R,0,,A,"[[""ANY"", [""A""]]]"
2D8S,,2D8S,0,,A,"[[""ANY"", [""A""]]]"
2D8T,,2D8T,0,,A,"[[""ANY"", [""A""]]]"
2D8U,,2D8U,0,,A,"[[""ANY"", [""A""]]]"
2D8X,,2D8X,0,,A,"[[""ANY"", [""A""]]]"
2D8Y,,2D8Y,0,,A,"[[""ANY"", [""A""]]]"
2D8Z,,2D8Z,0,,A,"[[""ANY"", [""A""]]]"
2D9G,,2D9G,0,,A,"[[""ANY"", [""A""]]]"
2D9K,,2D9K,0,,A,"[[""ANY"", [""A""]]]"
2D9L,,2D9L,0,,A,"[[""ANY"", [""A""]]]"
2D9M,,2D9M,0,,A,"[[""ANY"", [""A""]]]"
2DAN,,2DAN,0,,A,"[[""ANY"", [""A""]]]"
2DAR,,2DAR,0,,A,"[[""ANY"", [""A""]]]"
2DAS,,2DAS,0,,A,"[[""ANY"", [""A""]]]"
2DB6,,2DB6,0,,A,"[[""ANY"", [""A""]]]"
2DHO,,2DHO,0,,A,"[[""ANY"", [""A""]]]"
2DIF,,2DIF,0,,A,"[[""ANY"", [""A""]]]"
2DIP,,2DIP,0,,A,"[[""ANY"", [""A""]]]"
2DJ7,,2DJ7,0,,A,"[[""ANY"", [""A""]]]"
2DJA,,2DJA,0,,A,"[[""ANY"", [""A""]]]"
2DJB,,2DJB,0,,A,"[[""ANY"", [""A""]]]"
2DJR,,2DJR,0,,A,"[[""ANY"", [""A""]]]"
2DKO,,2DKO,0,,B,"[[""ANY"", [""B""]]]"
2DLK,,2DLK,0,,A,"[[""ANY"", [""A""]]]"
2DLO,,2DLO,0,,A,"[[""ANY"", [""A""]]]"
2DMD,,2DMD,0,,A,"[[""ANY"", [""A""]]]"
2DMI,,2DMI,0,,A,"[[""ANY"", [""A""]]]"
2DMJ,,2DMJ,0,,A,"[[""ANY"", [""A""]]]"
2DQ7,,2DQ7,0,,X,"[[""ANY"", [""X""]]]"
2DUD,,2DUD,0,,B,"[[""ANY"", [""B""]]]"
2E2X,,2E2X,0,,B,"[[""ANY"", [""B""]]]"
2E59,,2E59,0,,A,"[[""ANY"", [""A""]]]"
2E5R,,2E5R,0,,A,"[[""ANY"", [""A""]]]"
2E5S,,2E5S,0,,A,"[[""ANY"", [""A""]]]"
2E61,,2E61,0,,A,"[[""ANY"", [""A""]]]"
2E6I,,2E6I,0,,A,"[[""ANY"", [""A""]]]"
2E6R,,2E6R,0,,A,"[[""ANY"", [""A""]]]"
2E6S,,2E6S,0,,A,"[[""ANY"", [""A""]]]"
2E6W,,2E6W,0,,A,"[[""ANY"", [""A""]]]"
2E72,,2E72,0,,A,"[[""ANY"", [""A""]]]"
2E73,,2E73,0,,A,"[[""ANY"", [""A""]]]"
2E9S,,2E9S,0,,A,"[[""ANY"", [""A""]]]"
2EA5,,2EA5,0,,A,"[[""ANY"", [""A""]]]"
2EAV,,2EAV,0,,A,"[[""ANY"", [""A""]]]"
2EB1,,2EB1,0,,B,"[[""ANY"", [""B""]]]"
2EBL,,2EBL,0,,A,"[[""ANY"", [""A""]]]"
2EBQ,,2EBQ,0,,A,"[[""ANY"", [""A""]]]"
2EBR,,2EBR,0,,A,"[[""ANY"", [""A""]]]"
2EBT,,2EBT,0,,A,"[[""ANY"", [""A""]]]"
2EBV,,2EBV,0,,A,"[[""ANY"", [""A""]]]"
2ECJ,,2ECJ,0,,A,"[[""ANY"", [""A""]]]"
2ECN,,2ECN,0,,A,"[[""ANY"", [""A""]]]"
2ECV,,2ECV,0,,A,"[[""ANY"", [""A""]]]"
2ECY,,2ECY,0,,A,"[[""ANY"", [""A""]]]"
2EGM,,2EGM,0,,A,"[[""ANY"", [""A""]]]"
2EGP,,2EGP,0,,A,"[[""ANY"", [""A""]]]"
2EHE,,2EHE,0,,A,"[[""ANY"", [""A""]]]"
2EL4,,2EL4,0,,A,"[[""ANY"", [""A""]]]"
2EL5,,2EL5,0,,A,"[[""ANY"", [""A""]]]"
2EL6,,2EL6,0,,A,"[[""ANY"", [""A""]]]"
2ELI,,2ELI,0,,A,"[[""ANY"", [""A""]]]"
2ELN,,2ELN,0,,A,"[[""ANY"", [""A""]]]"
2ELR,,2ELR,0,,A,"[[""ANY"", [""A""]]]"
2ELY,,2ELY,0,,A,"[[""ANY"", [""A""]]]"
2EM1,,2EM1,0,,A,"[[""ANY"", [""A""]]]"
2EM2,,2EM2,0,,A,"[[""ANY"", [""A""]]]"
2EM3,,2EM3,0,,A,"[[""ANY"", [""A""]]]"
2EM4,,2EM4,0,,A,"[[""ANY"", [""A""]]]"
2EM6,,2EM6,0,,A,"[[""ANY"", [""A""]]]"
2EM7,,2EM7,0,,A,"[[""ANY"", [""A""]]]"
2EM9,,2EM9,0,,A,"[[""ANY"", [""A""]]]"
2EMA,,2EMA,0,,A,"[[""ANY"", [""A""]]]"
2EMB,,2EMB,0,,A,"[[""ANY"", [""A""]]]"
2EMC,,2EMC,0,,A,"[[""ANY"", [""A""]]]"
2EMF,,2EMF,0,,A,"[[""ANY"", [""A""]]]"
2EMG,,2EMG,0,,A,"[[""ANY"", [""A""]]]"
2EMH,,2EMH,0,,A,"[[""ANY"", [""A""]]]"
2EMI,,2EMI,0,,A,"[[""ANY"", [""A""]]]"
2EMJ,,2EMJ,0,,A,"[[""ANY"", [""A""]]]"
2EMK,,2EMK,0,,A,"[[""ANY"", [""A""]]]"
2EML,,2EML,0,,A,"[[""ANY"", [""A""]]]"
2EMP,,2EMP,0,,A,"[[""ANY"", [""A""]]]"
2EMV,,2EMV,0,,A,"[[""ANY"", [""A""]]]"
2EMW,,2EMW,0,,A,"[[""ANY"", [""A""]]]"
2EMX,,2EMX,0,,A,"[[""ANY"", [""A""]]]"
2EMY,,2EMY,0,,A,"[[""ANY"", [""A""]]]"
2EN0,,2EN0,0,,A,"[[""ANY"", [""A""]]]"
2EN2,,2EN2,0,,A,"[[""ANY"", [""A""]]]"
2EN4,,2EN4,0,,A,"[[""ANY"", [""A""]]]"
2EN6,,2EN6,0,,A,"[[""ANY"", [""A""]]]"
2EN7,,2EN7,0,,A,"[[""ANY"", [""A""]]]"
2EN8,,2EN8,0,,A,"[[""ANY"", [""A""]]]"
2EN9,,2EN9,0,,A,"[[""ANY"", [""A""]]]"
2ENA,,2ENA,0,,A,"[[""ANY"", [""A""]]]"
2ENC,,2ENC,0,,A,"[[""ANY"", [""A""]]]"
2ENF,,2ENF,0,,A,"[[""ANY"", [""A""]]]"
2ENH,,2ENH,0,,A,"[[""ANY"", [""A""]]]"
2ENN,,2ENN,0,,A,"[[""ANY"", [""A""]]]"
2ENT,,2ENT,0,,A,"[[""ANY"", [""A""]]]"
2ENV,,2ENV,0,,A,"[[""ANY"", [""A""]]]"
2ENZ,,2ENZ,0,,A,"[[""ANY"", [""A""]]]"
2EOD,,2EOD,0,,A,"[[""ANY"", [""A""]]]"
2EOE,,2EOE,0,,A,"[[""ANY"", [""A""]]]"
2EOF,,2EOF,0,,A,"[[""ANY"", [""A""]]]"
2EOG,,2EOG,0,,A,"[[""ANY"", [""A""]]]"
2EOH,,2EOH,0,,A,"[[""ANY"", [""A""]]]"
2EOI,,2EOI,0,,A,"[[""ANY"", [""A""]]]"
2EOJ,,2EOJ,0,,A,"[[""ANY"", [""A""]]]"
2EOK,,2EOK,0,,A,"[[""ANY"", [""A""]]]"
2EOL,,2EOL,0,,A,"[[""ANY"", [""A""]]]"
2EOP,,2EOP,0,,A,"[[""ANY"", [""A""]]]"
2EOQ,,2EOQ,0,,A,"[[""ANY"", [""A""]]]"
2EOR,,2EOR,0,,A,"[[""ANY"", [""A""]]]"
2EOS,,2EOS,0,,A,"[[""ANY"", [""A""]]]"
2EOU,,2EOU,0,,A,"[[""ANY"", [""A""]]]"
2EOV,,2EOV,0,,A,"[[""ANY"", [""A""]]]"
2EOW,,2EOW,0,,A,"[[""ANY"", [""A""]]]"
2EOX,,2EOX,0,,A,"[[""ANY"", [""A""]]]"
2EOY,,2EOY,0,,A,"[[""ANY"", [""A""]]]"
2EP0,,2EP0,0,,A,"[[""ANY"", [""A""]]]"
2EP1,,2EP1,0,,A,"[[""ANY"", [""A""]]]"
2EP2,,2EP2,0,,A,"[[""ANY"", [""A""]]]"
2EP3,,2EP3,0,,A,"[[""ANY"", [""A""]]]"
2EP4,,2EP4,0,,A,"[[""ANY"", [""A""]]]"
2EPA,,2EPA,0,,A,"[[""ANY"", [""A""]]]"
2EPC,,2EPC,0,,A,"[[""ANY"", [""A""]]]"
2EPP,,2EPP,0,,A,"[[""ANY"", [""A""]]]"
2EPR,,2EPR,0,,A,"[[""ANY"", [""A""]]]"
2EPS,,2EPS,0,,A,"[[""ANY"", [""A""]]]"
2EPT,,2EPT,0,,A,"[[""ANY"", [""A""]]]"
2EPU,,2EPU,0,,A,"[[""ANY"", [""A""]]]"
2EPV,,2EPV,0,,A,"[[""ANY"", [""A""]]]"
2EPW,,2EPW,0,,A,"[[""ANY"", [""A""]]]"
2EPX,,2EPX,0,,A,"[[""ANY"", [""A""]]]"
2EPY,,2EPY,0,,A,"[[""ANY"", [""A""]]]"
2EPZ,,2EPZ,0,,A,"[[""ANY"", [""A""]]]"
2EQ0,,2EQ0,0,,A,"[[""ANY"", [""A""]]]"
2EQ1,,2EQ1,0,,A,"[[""ANY"", [""A""]]]"
2EQG,,2EQG,0,,A,"[[""ANY"", [""A""]]]"
2EQW,,2EQW,0,,A,"[[""ANY"", [""A""]]]"
2ERF,,2ERF,0,,A,"[[""ANY"", [""A""]]]"
2ERX,,2ERX,0,,A,"[[""ANY"", [""A""]]]"
2ERY,,2ERY,0,,B,"[[""ANY"", [""B""]]]"
2ESL,,2ESL,0,,F,"[[""ANY"", [""F""]]]"
2EVA,,2EVA,0,,A,"[[""ANY"", [""A""]]]"
2EW1,,2EW1,0,,A,"[[""ANY"", [""A""]]]"
2F0Y,,2F0Y,0,,B,"[[""ANY"", [""B""]]]"
2F27,,2F27,0,,A,"[[""ANY"", [""A""]]]"
2F57,,2F57,0,,B,"[[""ANY"", [""B""]]]"
2F7K,,2F7K,0,,B,"[[""ANY"", [""B""]]]"
2F7S,,2F7S,0,,A,"[[""ANY"", [""A""]]]"
2F9N,,2F9N,0,,A,"[[""ANY"", [""A""]]]"
2FBY,,2FBY,0,,A,"[[""ANY"", [""A""]]]"
2FC6,,2FC6,0,,A,"[[""ANY"", [""A""]]]"
2FCW,,2FCW,0,,B,"[[""ANY"", [""B""]]]"
2FDV,,2FDV,0,,D,"[[""ANY"", [""D""]]]"
2FFU,,2FFU,0,,A,"[[""ANY"", [""A""]]]"
2FFW,,2FFW,0,,A,"[[""ANY"", [""A""]]]"
2FG5,,2FG5,0,,A,"[[""ANY"", [""A""]]]"
2FH1,,2FH1,0,,B,"[[""ANY"", [""B""]]]"
2FIM,,2FIM,0,,B,"[[""ANY"", [""B""]]]"
2FJ9,,2FJ9,0,,A,"[[""ANY"", [""A""]]]"
2FJU,,2FJU,0,,B,"[[""ANY"", [""B""]]]"
2FQQ,,2FQQ,0,,B,"[[""ANY"", [""B""]]]"
2FRW,,2FRW,0,,A,"[[""ANY"", [""A""]]]"
2FSZ,,2FSZ,0,,A,"[[""ANY"", [""A""]]]"
2FU5,,2FU5,0,,B,"[[""ANY"", [""B""]]]"
2FUU,,2FUU,0,,A,"[[""ANY"", [""A""]]]"
2FVL,,2FVL,0,,A,"[[""ANY"", [""A""]]]"
2FYL,,2FYL,0,,B,"[[""ANY"", [""B""]]]"
2G2K,,2G2K,0,,A,"[[""ANY"", [""A""]]]"
2G43,,2G43,0,,A,"[[""ANY"", [""A""]]]"
2G4A,,2G4A,0,,A,"[[""ANY"", [""A""]]]"
2G6B,,2G6B,0,,A,"[[""ANY"", [""A""]]]"
2G9O,,2G9O,0,,A,"[[""ANY"", [""A""]]]"
2GAO,,2GAO,0,,B,"[[""ANY"", [""B""]]]"
2GCO,,2GCO,0,,A,"[[""ANY"", [""A""]]]"
2GER,,2GER,0,,B,"[[""ANY"", [""B""]]]"
2GF0,,2GF0,0,,B,"[[""ANY"", [""B""]]]"
2GF2,,2GF2,0,,A,"[[""ANY"", [""A""]]]"
2GF9,,2GF9,0,,A,"[[""ANY"", [""A""]]]"
2GGM,,2GGM,0,,A,"[[""ANY"", [""A""]]]"
2GGZ,,2GGZ,0,,B,"[[""ANY"", [""B""]]]"
2GHF,,2GHF,0,,A,"[[""ANY"", [""A""]]]"
2GJX,,2GJX,0,,H,"[[""ANY"", [""H""]]]"
2GK1,,2GK1,0,,Q,"[[""ANY"", [""Q""]]]"
2GLI,,2GLI,0,,A,"[[""ANY"", [""A""]]]"
2GMV,,2GMV,0,,A,"[[""ANY"", [""A""]]]"
2GP5,,2GP5,0,,A,"[[""ANY"", [""A""]]]"
2GPQ,,2GPQ,0,,A,"[[""ANY"", [""A""]]]"
2GQJ,,2GQJ,0,,A,"[[""ANY"", [""A""]]]"
2GQL,,2GQL,0,,A,"[[""ANY"", [""A""]]]"
2GWH,,2GWH,0,,A,"[[""ANY"", [""A""]]]"
2GZ5,,2GZ5,0,,A,"[[""ANY"", [""A""]]]"
2GZV,,2GZV,0,,A,"[[""ANY"", [""A""]]]"
2H16,,2H16,0,,D,"[[""ANY"", [""D""]]]"
2H57,,2H57,0,,B,"[[""ANY"", [""B""]]]"
2H63,,2H63,0,,D,"[[""ANY"", [""D""]]]"
2H6H,,2H6H,0,,A,"[[""ANY"", [""A""]]]"
2H8H,,2H8H,0,,A,"[[""ANY"", [""A""]]]"
2H8K,,2H8K,0,,B,"[[""ANY"", [""B""]]]"
2H9E,,2H9E,0,,L,"[[""ANY"", [""L""]]]"
2HA8,,2HA8,0,,A,"[[""ANY"", [""A""]]]"
2HD5,,2HD5,0,,A,"[[""ANY"", [""A""]]]"
2HEI,,2HEI,0,,B,"[[""ANY"", [""B""]]]"
2HGS,,2HGS,0,,A,"[[""ANY"", [""A""]]]"
2HHL,,2HHL,0,,A,"[[""ANY"", [""A""]]]"
2HHN,,2HHN,0,,A,"[[""ANY"", [""A""]]]"
2HI4,,2HI4,0,,A,"[[""ANY"", [""A""]]]"
2HRB,,2HRB,0,,A,"[[""ANY"", [""A""]]]"
2HUP,,2HUP,0,,A,"[[""ANY"", [""A""]]]"
2HW5,,2HW5,0,,A,"[[""ANY"", [""A""]]]"
2HW6,,2HW6,0,,A,"[[""ANY"", [""A""]]]"
2HZQ,,2HZQ,0,,A,"[[""ANY"", [""A""]]]"
2I0E,,2I0E,0,,A,"[[""ANY"", [""A""]]]"
2I0Y,,2I0Y,0,,A,"[[""ANY"", [""A""]]]"
2I3C,,2I3C,0,,B,"[[""ANY"", [""B""]]]"
2I50,,2I50,0,,A,"[[""ANY"", [""A""]]]"
2I5D,,2I5D,0,,A,"[[""ANY"", [""A""]]]"
2I6A,,2I6A,0,,A,"[[""ANY"", [""A""]]]"
2I6S,,2I6S,0,,A,"[[""ANY"", [""A""]]]"
2I7A,,2I7A,0,,A,"[[""ANY"", [""A""]]]"
2I7N,,2I7N,0,,B,"[[""ANY"", [""B""]]]"
2I8N,,2I8N,0,,A,"[[""ANY"", [""A""]]]"
2I96,,2I96,0,,A,"[[""ANY"", [""A""]]]"
2I99,,2I99,0,,B,"[[""ANY"", [""B""]]]"
2I9A,,2I9A,0,,D,"[[""ANY"", [""D""]]]"
2IBN,,2IBN,0,,A,"[[""ANY"", [""A""]]]"
2IBY,,2IBY,0,,A,"[[""ANY"", [""A""]]]"
2IC4,,2IC4,0,,A,"[[""ANY"", [""A""]]]"
2IIM,,2IIM,0,,A,"[[""ANY"", [""A""]]]"
2IL1,,2IL1,0,,A,"[[""ANY"", [""A""]]]"
2IPP,,2IPP,0,,A,"[[""ANY"", [""A""]]]"
2IQJ,,2IQJ,0,,B,"[[""ANY"", [""B""]]]"
2IT4,,2IT4,0,,B,"[[""ANY"", [""B""]]]"
2IUW,,2IUW,0,,A,"[[""ANY"", [""A""]]]"
2IWY,,2IWY,0,,A,"[[""ANY"", [""A""]]]"
2IYK,,2IYK,0,,B,"[[""ANY"", [""B""]]]"
2J2P,,2J2P,0,,C,"[[""ANY"", [""C""]]]"
2J2S,,2J2S,0,,A,"[[""ANY"", [""A""]]]"
2J3S,,2J3S,0,,A,"[[""ANY"", [""A""]]]"
2J4O,,2J4O,0,,A,"[[""ANY"", [""A""]]]"
2J5Z,,2J5Z,0,,B,"[[""ANY"", [""B""]]]"
2J8Z,,2J8Z,0,,A,"[[""ANY"", [""A""]]]"
2J9L,,2J9L,0,,F,"[[""ANY"", [""F""]]]"
2JAI,,2JAI,0,,A,"[[""ANY"", [""A""]]]"
2JAM,,2JAM,0,,B,"[[""ANY"", [""B""]]]"
2JBH,,2JBH,0,,B,"[[""ANY"", [""B""]]]"
2JDW,,2JDW,0,,A,"[[""ANY"", [""A""]]]"
2JED,,2JED,0,,A,"[[""ANY"", [""A""]]]"
2JEO,,2JEO,0,,A,"[[""ANY"", [""A""]]]"
2JG9,,2JG9,0,,F,"[[""ANY"", [""F""]]]"
2JIF,,2JIF,0,,D,"[[""ANY"", [""D""]]]"
2JIS,,2JIS,0,,B,"[[""ANY"", [""B""]]]"
2JLD,,2JLD,0,,B,"[[""ANY"", [""B""]]]"
2JLP,,2JLP,0,,C,"[[""ANY"", [""C""]]]"
2JM1,,2JM1,0,,A,"[[""ANY"", [""A""]]]"
2JM4,,2JM4,0,,A,"[[""ANY"", [""A""]]]"
2JMO,,2JMO,0,,A,"[[""ANY"", [""A""]]]"
2JOX,,2JOX,0,,A,"[[""ANY"", [""A""]]]"
2JR7,,2JR7,0,,A,"[[""ANY"", [""A""]]]"
2JRJ,,2JRJ,0,,A,"[[""ANY"", [""A""]]]"
2JRS,,2JRS,0,,A,"[[""ANY"", [""A""]]]"
2JSD,,2JSD,0,,A,"[[""ANY"", [""A""]]]"
2JTF,,2JTF,0,,A,"[[""ANY"", [""A""]]]"
2JTG,,2JTG,0,,A,"[[""ANY"", [""A""]]]"
2JYO,,2JYO,0,,A,"[[""ANY"", [""A""]]]"
2K01,,2K01,0,,C,"[[""ANY"", [""C""]]]"
2K1B,,2K1B,0,,A,"[[""ANY"", [""A""]]]"
2K1J,,2K1J,0,,A,"[[""ANY"", [""A""]]]"
2K2C,,2K2C,0,,A,"[[""ANY"", [""A""]]]"
2K2D,,2K2D,0,,A,"[[""ANY"", [""A""]]]"
2K42,,2K42,0,,A,"[[""ANY"", [""A""]]]"
2K60,,2K60,0,,A,"[[""ANY"", [""A""]]]"
2K7D,,2K7D,0,,A,"[[""ANY"", [""A""]]]"
2KC3,,2KC3,0,,A,"[[""ANY"", [""A""]]]"
2KDP,,2KDP,0,,A,"[[""ANY"", [""A""]]]"
2KE1,,2KE1,0,,A,"[[""ANY"", [""A""]]]"
2KFH,,2KFH,0,,A,"[[""ANY"", [""A""]]]"
2KHN,,2KHN,0,,A,"[[""ANY"", [""A""]]]"
2KHT,,2KHT,0,,A,"[[""ANY"", [""A""]]]"
2KI6,,2KI6,0,,F,"[[""ANY"", [""F""]]]"
2KJE,,2KJE,0,,A,"[[""ANY"", [""A""]]]"
2KKR,,2KKR,0,,A,"[[""ANY"", [""A""]]]"
2KKT,,2KKT,0,,A,"[[""ANY"", [""A""]]]"
2KLD,,2KLD,0,,A,"[[""ANY"", [""A""]]]"
2KMX,,2KMX,0,,A,"[[""ANY"", [""A""]]]"
2KNT,,2KNT,0,,A,"[[""ANY"", [""A""]]]"
2KNX,,2KNX,0,,A,"[[""ANY"", [""A""]]]"
2KSG,,2KSG,0,,A,"[[""ANY"", [""A""]]]"
2KU3,,2KU3,0,,A,"[[""ANY"", [""A""]]]"
2KUL,,2KUL,0,,A,"[[""ANY"", [""A""]]]"
2KUO,,2KUO,0,,A,"[[""ANY"", [""A""]]]"
2KWI,,2KWI,0,,A,"[[""ANY"", [""A""]]]"
2KWN,,2KWN,0,,A,"[[""ANY"", [""A""]]]"
2L0B,,2L0B,0,,A,"[[""ANY"", [""A""]]]"
2L4S,,2L4S,0,,A,"[[""ANY"", [""A""]]]"
2L51,,2L51,0,,B,"[[""ANY"", [""B""]]]"
2L5U,,2L5U,0,,A,"[[""ANY"", [""A""]]]"
2L5Y,,2L5Y,0,,A,"[[""ANY"", [""A""]]]"
2L60,,2L60,0,,A,"[[""ANY"", [""A""]]]"
2L6L,,2L6L,0,,A,"[[""ANY"", [""A""]]]"
2L70,,2L70,0,,A,"[[""ANY"", [""A""]]]"
2L7W,,2L7W,0,,A,"[[""ANY"", [""A""]]]"
2L80,,2L80,0,,A,"[[""ANY"", [""A""]]]"
2L8E,,2L8E,0,,A,"[[""ANY"", [""A""]]]"
2L9Z,,2L9Z,0,,A,"[[""ANY"", [""A""]]]"
2LAU,,2LAU,0,,A,"[[""ANY"", [""A""]]]"
2LCE,,2LCE,0,,A,"[[""ANY"", [""A""]]]"
2LCP,,2LCP,0,,A,"[[""ANY"", [""A""]]]"
2LDR,,2LDR,0,,A,"[[""ANY"", [""A""]]]"
2LGK,,2LGK,0,,A,"[[""ANY"", [""A""]]]"
2LGP,,2LGP,0,,A,"[[""ANY"", [""A""]]]"
2LGQ,,2LGQ,0,,A,"[[""ANY"", [""A""]]]"
2LGR,,2LGR,0,,A,"[[""ANY"", [""A""]]]"
2LKO,,2LKO,0,,A,"[[""ANY"", [""A""]]]"
2LN0,,2LN0,0,,A,"[[""ANY"", [""A""]]]"
2LNK,,2LNK,0,,A,"[[""ANY"", [""A""]]]"
2LOB,,2LOB,0,,A,"[[""ANY"", [""A""]]]"
2LQ6,,2LQ6,0,,A,"[[""ANY"", [""A""]]]"
2LRI,,2LRI,0,,C,"[[""ANY"", [""C""]]]"
2LTO,,2LTO,0,,A,"[[""ANY"", [""A""]]]"
2LUL,,2LUL,0,,A,"[[""ANY"", [""A""]]]"
2LV2,,2LV2,0,,A,"[[""ANY"", [""A""]]]"
2LV7,,2LV7,0,,A,"[[""ANY"", [""A""]]]"
2LVZ,,2LVZ,0,,A,"[[""ANY"", [""A""]]]"
2LXP,,2LXP,0,,C,"[[""ANY"", [""C""]]]"
2LXW,,2LXW,0,,A,"[[""ANY"", [""A""]]]"
2LZU,,2LZU,0,,A,"[[""ANY"", [""A""]]]"
2M0P,,2M0P,0,,A,"[[""ANY"", [""A""]]]"
2M13,,2M13,0,,A,"[[""ANY"", [""A""]]]"
2M2D,,2M2D,0,,A,"[[""ANY"", [""A""]]]"
2M3H,,2M3H,0,,A,"[[""ANY"", [""A""]]]"
2M5H,,2M5H,0,,A,"[[""ANY"", [""A""]]]"
2M68,,2M68,0,,A,"[[""ANY"", [""A""]]]"
2M6N,,2M6N,0,,A,"[[""ANY"", [""A""]]]"
2M8J,,2M8J,0,,A,"[[""ANY"", [""A""]]]"
2M96,,2M96,0,,A,"[[""ANY"", [""A""]]]"
2M9A,,2M9A,0,,A,"[[""ANY"", [""A""]]]"
2M9W,,2M9W,0,,A,"[[""ANY"", [""A""]]]"
2MA5,,2MA5,0,,A,"[[""ANY"", [""A""]]]"
2MA6,,2MA6,0,,A,"[[""ANY"", [""A""]]]"
2MA7,,2MA7,0,,A,"[[""ANY"", [""A""]]]"
2MD8,,2MD8,0,,C,"[[""ANY"", [""C""]]]"
2MDG,,2MDG,0,,A,"[[""ANY"", [""A""]]]"
2MHS,,2MHS,0,,A,"[[""ANY"", [""A""]]]"
2MIU,,2MIU,0,,A,"[[""ANY"", [""A""]]]"
2MJI,,2MJI,0,,A,"[[""ANY"", [""A""]]]"
2MKD,,2MKD,0,,A,"[[""ANY"", [""A""]]]"
2MKV,,2MKV,0,,A,"[[""ANY"", [""A""]]]"
2MM3,,2MM3,0,,A,"[[""ANY"", [""A""]]]"
2MMZ,,2MMZ,0,,A,"[[""ANY"", [""A""]]]"
2MNZ,,2MNZ,0,,A,"[[""ANY"", [""A""]]]"
2MPF,,2MPF,0,,A,"[[""ANY"", [""A""]]]"
2MPH,,2MPH,0,,A,"[[""ANY"", [""A""]]]"
2MSE,,2MSE,0,,D,"[[""ANY"", [""D""]]]"
2MSV,,2MSV,0,,A,"[[""ANY"", [""A""]]]"
2MUQ,,2MUQ,0,,A,"[[""ANY"", [""A""]]]"
2MWX,,2MWX,0,,A,"[[""ANY"", [""A""]]]"
2MXC,,2MXC,0,,A,"[[""ANY"", [""A""]]]"
2MXV,,2MXV,0,,A,"[[""ANY"", [""A""]]]"
2MZI,,2MZI,0,,A,"[[""ANY"", [""A""]]]"
2N14,,2N14,0,,A,"[[""ANY"", [""A""]]]"
2N1A,,2N1A,0,,A,"[[""ANY"", [""A""]]]"
2N1A,,2N1A,0,,B,"[[""ANY"", [""B""]]]"
2N1U,,2N1U,0,,A,"[[""ANY"", [""A""]]]"
2N26,,2N26,0,,A,"[[""ANY"", [""A""]]]"
2N42,,2N42,0,,A,"[[""ANY"", [""A""]]]"
2N64,,2N64,0,,A,"[[""ANY"", [""A""]]]"
2N8A,,2N8A,0,,A,"[[""ANY"", [""A""]]]"
2N8Z,,2N8Z,0,,A,"[[""ANY"", [""A""]]]"
2N9P,,2N9P,0,,A,"[[""ANY"", [""A""]]]"
2NBQ,,2NBQ,0,,A,"[[""ANY"", [""A""]]]"
2NLL,,2NLL,0,,B,"[[""ANY"", [""B""]]]"
2NNA,,2NNA,0,,A,"[[""ANY"", [""A""]]]"
2NVU,,2NVU,0,,B,"[[""ANY"", [""B""]]]"
2NXP,,2NXP,0,,F,"[[""ANY"", [""F""]]]"
2NYT,,2NYT,0,,C,"[[""ANY"", [""C""]]]"
2NZ0,,2NZ0,0,,B,"[[""ANY"", [""B""]]]"
2NZ2,,2NZ2,0,,A,"[[""ANY"", [""A""]]]"
2NZJ,,2NZJ,0,,C,"[[""ANY"", [""C""]]]"
2NZT,,2NZT,0,,B,"[[""ANY"", [""B""]]]"
2O06,,2O06,0,,A,"[[""ANY"", [""A""]]]"
2O10,,2O10,0,,A,"[[""ANY"", [""A""]]]"
2O13,,2O13,0,,A,"[[""ANY"", [""A""]]]"
2O2F,,2O2F,0,,A,"[[""ANY"", [""A""]]]"
2O52,,2O52,0,,B,"[[""ANY"", [""B""]]]"
2O6G,,2O6G,0,,E,"[[""ANY"", [""E""]]]"
2O8F,,2O8F,0,,B,"[[""ANY"", [""B""]]]"
2OBD,,2OBD,0,,A,"[[""ANY"", [""A""]]]"
2OBV,,2OBV,0,,A,"[[""ANY"", [""A""]]]"
2OCB,,2OCB,0,,A,"[[""ANY"", [""A""]]]"
2OCG,,2OCG,0,,A,"[[""ANY"", [""A""]]]"
2OCP,,2OCP,0,,C,"[[""ANY"", [""C""]]]"
2OD1,,2OD1,0,,A,"[[""ANY"", [""A""]]]"
2OHF,,2OHF,0,,A,"[[""ANY"", [""A""]]]"
2OIL,,2OIL,0,,A,"[[""ANY"", [""A""]]]"
2OKV,,2OKV,0,,C,"[[""ANY"", [""C""]]]"
2OO4,,2OO4,0,,B,"[[""ANY"", [""B""]]]"
2OPW,,2OPW,0,,A,"[[""ANY"", [""A""]]]"
2OQ5,,2OQ5,0,,A,"[[""ANY"", [""A""]]]"
2OX8,,2OX8,0,,D,"[[""ANY"", [""D""]]]"
2OXC,,2OXC,0,,A,"[[""ANY"", [""A""]]]"
2P0A,,2P0A,0,,A,"[[""ANY"", [""A""]]]"
2P0D,,2P0D,0,,A,"[[""ANY"", [""A""]]]"
2P0R,,2P0R,0,,B,"[[""ANY"", [""B""]]]"
2P0W,,2P0W,0,,A,"[[""ANY"", [""A""]]]"
2P1F,,2P1F,0,,A,"[[""ANY"", [""A""]]]"
2P57,,2P57,0,,A,"[[""ANY"", [""A""]]]"
2P5S,,2P5S,0,,B,"[[""ANY"", [""B""]]]"
2P8E,,2P8E,0,,B,"[[""ANY"", [""B""]]]"
2P8U,,2P8U,0,,A,"[[""ANY"", [""A""]]]"
2PFR,,2PFR,0,,A,"[[""ANY"", [""A""]]]"
2PG5,,2PG5,0,,D,"[[""ANY"", [""D""]]]"
2PID,,2PID,0,,A,"[[""ANY"", [""A""]]]"
2PL0,,2PL0,0,,A,"[[""ANY"", [""A""]]]"
2PL3,,2PL3,0,,A,"[[""ANY"", [""A""]]]"
2PLA,,2PLA,0,,A,"[[""ANY"", [""A""]]]"
2PMY,,2PMY,0,,A,"[[""ANY"", [""A""]]]"
2PNY,,2PNY,0,,A,"[[""ANY"", [""A""]]]"
2PPL,,2PPL,0,,A,"[[""ANY"", [""A""]]]"
2PQF,,2PQF,0,,D,"[[""ANY"", [""D""]]]"
2PRU,,2PRU,0,,B,"[[""ANY"", [""B""]]]"
2PSN,,2PSN,0,,D,"[[""ANY"", [""D""]]]"
2PUY,,2PUY,0,,A,"[[""ANY"", [""A""]]]"
2PVS,,2PVS,0,,A,"[[""ANY"", [""A""]]]"
2PXX,,2PXX,0,,A,"[[""ANY"", [""A""]]]"
2Q3F,,2Q3F,0,,B,"[[""ANY"", [""B""]]]"
2Q3H,,2Q3H,0,,A,"[[""ANY"", [""A""]]]"
2Q3Z,,2Q3Z,0,,A,"[[""ANY"", [""A""]]]"
2Q5E,,2Q5E,0,,D,"[[""ANY"", [""D""]]]"
2Q7R,,2Q7R,0,,F,"[[""ANY"", [""F""]]]"
2Q8F,,2Q8F,0,,A,"[[""ANY"", [""A""]]]"
2Q98,,2Q98,0,,A,"[[""ANY"", [""A""]]]"
2QIC,,2QIC,0,,A,"[[""ANY"", [""A""]]]"
2QK4,,2QK4,0,,B,"[[""ANY"", [""B""]]]"
2QKK,,2QKK,0,,W,"[[""ANY"", [""W""]]]"
2QLU,,2QLU,0,,A,"[[""ANY"", [""A""]]]"
2QNK,,2QNK,0,,A,"[[""ANY"", [""A""]]]"
2QPP,,2QPP,0,,B,"[[""ANY"", [""B""]]]"
2QRA,,2QRA,0,,C,"[[""ANY"", [""C""]]]"
2QST,,2QST,0,,B,"[[""ANY"", [""B""]]]"
2QT0,,2QT0,0,,A,"[[""ANY"", [""A""]]]"
2QT7,,2QT7,0,,B,"[[""ANY"", [""B""]]]"
2QTZ,,2QTZ,0,,A,"[[""ANY"", [""A""]]]"
2QYK,,2QYK,0,,B,"[[""ANY"", [""B""]]]"
2QYM,,2QYM,0,,A,"[[""ANY"", [""A""]]]"
2QZ4,,2QZ4,0,,A,"[[""ANY"", [""A""]]]"
2R3A,,2R3A,0,,A,"[[""ANY"", [""A""]]]"
2R5G,,2R5G,0,,A,"[[""ANY"", [""A""]]]"
2R83,,2R83,0,,A,"[[""ANY"", [""A""]]]"
2R8U,,2R8U,0,,A,"[[""ANY"", [""A""]]]"
2RA4,,2RA4,0,,B,"[[""ANY"", [""B""]]]"
2RAJ,,2RAJ,0,,A,"[[""ANY"", [""A""]]]"
2RB3,,2RB3,0,,C,"[[""ANY"", [""C""]]]"
2RB4,,2RB4,0,,B,"[[""ANY"", [""B""]]]"
2RC4,,2RC4,0,,A,"[[""ANY"", [""A""]]]"
2RHP,,2RHP,0,,A,"[[""ANY"", [""A""]]]"
2RJE,,2RJE,0,,B,"[[""ANY"", [""B""]]]"
2RJP,,2RJP,0,,B,"[[""ANY"", [""B""]]]"
2RJQ,,2RJQ,0,,A,"[[""ANY"", [""A""]]]"
2RKB,,2RKB,0,,C,"[[""ANY"", [""C""]]]"
2RLI,,2RLI,0,,A,"[[""ANY"", [""A""]]]"
2RMK,,2RMK,0,,A,"[[""ANY"", [""A""]]]"
2RPC,,2RPC,0,,A,"[[""ANY"", [""A""]]]"
2RPP,,2RPP,0,,A,"[[""ANY"", [""A""]]]"
2RPR,,2RPR,0,,A,"[[""ANY"", [""A""]]]"
2RQB,,2RQB,0,,A,"[[""ANY"", [""A""]]]"
2RSG,,2RSG,0,,A,"[[""ANY"", [""A""]]]"
2RSQ,,2RSQ,0,,A,"[[""ANY"", [""A""]]]"
2RUU,,2RUU,0,,A,"[[""ANY"", [""A""]]]"
2RUW,,2RUW,0,,A,"[[""ANY"", [""A""]]]"
2RUX,,2RUX,0,,A,"[[""ANY"", [""A""]]]"
2RUY,,2RUY,0,,A,"[[""ANY"", [""A""]]]"
2RV0,,2RV0,0,,A,"[[""ANY"", [""A""]]]"
2RV1,,2RV1,0,,A,"[[""ANY"", [""A""]]]"
2RV2,,2RV2,0,,A,"[[""ANY"", [""A""]]]"
2UUH,,2UUH,0,,A,"[[""ANY"", [""A""]]]"
2UUR,,2UUR,0,,A,"[[""ANY"", [""A""]]]"
2UVL,,2UVL,0,,A,"[[""ANY"", [""A""]]]"
2UYY,,2UYY,0,,D,"[[""ANY"", [""D""]]]"
2UZG,,2UZG,0,,A,"[[""ANY"", [""A""]]]"
2UZP,,2UZP,0,,B,"[[""ANY"", [""B""]]]"
2V0R,,2V0R,0,,B,"[[""ANY"", [""B""]]]"
2V40,,2V40,0,,A,"[[""ANY"", [""A""]]]"
2V55,,2V55,0,,B,"[[""ANY"", [""B""]]]"
2V7O,,2V7O,0,,A,"[[""ANY"", [""A""]]]"
2V9K,,2V9K,0,,A,"[[""ANY"", [""A""]]]"
2VAC,,2VAC,0,,A,"[[""ANY"", [""A""]]]"
2VCV,,2VCV,0,,J,"[[""ANY"", [""J""]]]"
2VD5,,2VD5,0,,B,"[[""ANY"", [""B""]]]"
2VDY,,2VDY,0,,A,"[[""ANY"", [""A""]]]"
2VHF,,2VHF,0,,A,"[[""ANY"", [""A""]]]"
2VKQ,,2VKQ,0,,A,"[[""ANY"", [""A""]]]"
2VM5,,2VM5,0,,A,"[[""ANY"", [""A""]]]"
2VN0,,2VN0,0,,A,"[[""ANY"", [""A""]]]"
2VN8,,2VN8,0,,A,"[[""ANY"", [""A""]]]"
2VN9,,2VN9,0,,A,"[[""ANY"", [""A""]]]"
2VPD,,2VPD,0,,C,"[[""ANY"", [""C""]]]"
2VQ3,,2VQ3,0,,A,"[[""ANY"", [""A""]]]"
2VR2,,2VR2,0,,A,"[[""ANY"", [""A""]]]"
2VRD,,2VRD,0,,A,"[[""ANY"", [""A""]]]"
2VRG,,2VRG,0,,A,"[[""ANY"", [""A""]]]"
2VSC,,2VSC,0,,C,"[[""ANY"", [""C""]]]"
2VWI,,2VWI,0,,D,"[[""ANY"", [""D""]]]"
2VXO,,2VXO,0,,A,"[[""ANY"", [""A""]]]"
2VY5,,2VY5,0,,A,"[[""ANY"", [""A""]]]"
2W0T,,2W0T,0,,A,"[[""ANY"", [""A""]]]"
2W2I,,2W2I,0,,A,"[[""ANY"", [""A""]]]"
2W3O,,2W3O,0,,B,"[[""ANY"", [""B""]]]"
2W4L,,2W4L,0,,E,"[[""ANY"", [""E""]]]"
2W4M,,2W4M,0,,A,"[[""ANY"", [""A""]]]"
2W4O,,2W4O,0,,A,"[[""ANY"", [""A""]]]"
2W4R,,2W4R,0,,D,"[[""ANY"", [""D""]]]"
2W5A,,2W5A,0,,A,"[[""ANY"", [""A""]]]"
2W86,,2W86,0,,A,"[[""ANY"", [""A""]]]"
2W8P,,2W8P,0,,A,"[[""ANY"", [""A""]]]"
2WBI,,2WBI,0,,B,"[[""ANY"", [""B""]]]"
2WCE,,2WCE,0,,A,"[[""ANY"", [""A""]]]"
2WEF,,2WEF,0,,A,"[[""ANY"", [""A""]]]"
2WH5,,2WH5,0,,E,"[[""ANY"", [""E""]]]"
2WJY,,2WJY,0,,A,"[[""ANY"", [""A""]]]"
2WK6,,2WK6,0,,B,"[[""ANY"", [""B""]]]"
2WNO,,2WNO,0,,A,"[[""ANY"", [""A""]]]"
2WNS,,2WNS,0,,B,"[[""ANY"", [""B""]]]"
2WTK,,2WTK,0,,E,"[[""ANY"", [""E""]]]"
2WTK,,2WTK,0,,F,"[[""ANY"", [""F""]]]"
2WWY,,2WWY,0,,B,"[[""ANY"", [""B""]]]"
2WWZ,,2WWZ,0,,C,"[[""ANY"", [""C""]]]"
2WYA,,2WYA,0,,C,"[[""ANY"", [""C""]]]"
2WZB,,2WZB,0,,A,"[[""ANY"", [""A""]]]"
2X10,,2X10,0,,A,"[[""ANY"", [""A""]]]"
2X11,,2X11,0,,B,"[[""ANY"", [""B""]]]"
2X4D,,2X4D,0,,A,"[[""ANY"", [""A""]]]"
2X4F,,2X4F,0,,B,"[[""ANY"", [""B""]]]"
2X4W,,2X4W,0,,A,"[[""ANY"", [""A""]]]"
2X7G,,2X7G,0,,A,"[[""ANY"", [""A""]]]"
2X7H,,2X7H,0,,B,"[[""ANY"", [""B""]]]"
2XIK,,2XIK,0,,A,"[[""ANY"", [""A""]]]"
2XMR,,2XMR,0,,C,"[[""ANY"", [""C""]]]"
2XN3,,2XN3,0,,B,"[[""ANY"", [""B""]]]"
2XPH,,2XPH,0,,A,"[[""ANY"", [""A""]]]"
2XRC,,2XRC,0,,D,"[[""ANY"", [""D""]]]"
2XSX,,2XSX,0,,A,"[[""ANY"", [""A""]]]"
2XTP,,2XTP,0,,A,"[[""ANY"", [""A""]]]"
2XZG,,2XZG,0,,A,"[[""ANY"", [""A""]]]"
2Y05,,2Y05,0,,B,"[[""ANY"", [""B""]]]"
2Y1H,,2Y1H,0,,A,"[[""ANY"", [""A""]]]"
2Y1L,,2Y1L,0,,D,"[[""ANY"", [""D""]]]"
2Y23,,2Y23,0,,A,"[[""ANY"", [""A""]]]"
2Y43,,2Y43,0,,B,"[[""ANY"", [""B""]]]"
2Y7J,,2Y7J,0,,D,"[[""ANY"", [""D""]]]"
2YAN,,2YAN,0,,A,"[[""ANY"", [""A""]]]"
2YD8,,2YD8,0,,A,"[[""ANY"", [""A""]]]"
2YDX,,2YDX,0,,D,"[[""ANY"", [""D""]]]"
2YGQ,,2YGQ,0,,A,"[[""ANY"", [""A""]]]"
2YH0,,2YH0,0,,A,"[[""ANY"", [""A""]]]"
2YHO,,2YHO,0,,C,"[[""ANY"", [""C""]]]"
2YQM,,2YQM,0,,A,"[[""ANY"", [""A""]]]"
2YQP,,2YQP,0,,A,"[[""ANY"", [""A""]]]"
2YQQ,,2YQQ,0,,A,"[[""ANY"", [""A""]]]"
2YRC,,2YRC,0,,A,"[[""ANY"", [""A""]]]"
2YRE,,2YRE,0,,A,"[[""ANY"", [""A""]]]"
2YRG,,2YRG,0,,A,"[[""ANY"", [""A""]]]"
2YRM,,2YRM,0,,A,"[[""ANY"", [""A""]]]"
2YRT,,2YRT,0,,A,"[[""ANY"", [""A""]]]"
2YS2,,2YS2,0,,A,"[[""ANY"", [""A""]]]"
2YSA,,2YSA,0,,A,"[[""ANY"", [""A""]]]"
2YSL,,2YSL,0,,A,"[[""ANY"", [""A""]]]"
2YSM,,2YSM,0,,A,"[[""ANY"", [""A""]]]"
2YT9,,2YT9,0,,A,"[[""ANY"", [""A""]]]"
2YTA,,2YTA,0,,A,"[[""ANY"", [""A""]]]"
2YTB,,2YTB,0,,A,"[[""ANY"", [""A""]]]"
2YTD,,2YTD,0,,A,"[[""ANY"", [""A""]]]"
2YTE,,2YTE,0,,A,"[[""ANY"", [""A""]]]"
2YTF,,2YTF,0,,A,"[[""ANY"", [""A""]]]"
2YTI,,2YTI,0,,A,"[[""ANY"", [""A""]]]"
2YTJ,,2YTJ,0,,A,"[[""ANY"", [""A""]]]"
2YTK,,2YTK,0,,A,"[[""ANY"", [""A""]]]"
2YTM,,2YTM,0,,A,"[[""ANY"", [""A""]]]"
2YTO,,2YTO,0,,A,"[[""ANY"", [""A""]]]"
2YTP,,2YTP,0,,A,"[[""ANY"", [""A""]]]"
2YTQ,,2YTQ,0,,A,"[[""ANY"", [""A""]]]"
2YTS,,2YTS,0,,A,"[[""ANY"", [""A""]]]"
2YTT,,2YTT,0,,A,"[[""ANY"", [""A""]]]"
2YU2,,2YU2,0,,A,"[[""ANY"", [""A""]]]"
2YU4,,2YU4,0,,A,"[[""ANY"", [""A""]]]"
2YU5,,2YU5,0,,A,"[[""ANY"", [""A""]]]"
2YUC,,2YUC,0,,A,"[[""ANY"", [""A""]]]"
2YUL,,2YUL,0,,A,"[[""ANY"", [""A""]]]"
2YUR,,2YUR,0,,A,"[[""ANY"", [""A""]]]"
2YUU,,2YUU,0,,A,"[[""ANY"", [""A""]]]"
2YVR,,2YVR,0,,A,"[[""ANY"", [""A""]]]"
2Z0U,,2Z0U,0,,B,"[[""ANY"", [""B""]]]"
2Z15,,2Z15,0,,C,"[[""ANY"", [""C""]]]"
2Z4E,,2Z4E,0,,E,"[[""ANY"", [""E""]]]"
2Z5F,,2Z5F,0,,B,"[[""ANY"", [""B""]]]"
2Z7X,,2Z7X,0,,B,"[[""ANY"", [""B""]]]"
2ZCH,,2ZCH,0,,P,"[[""ANY"", [""P""]]]"
2ZFU,,2ZFU,0,,B,"[[""ANY"", [""B""]]]"
2ZG1,,2ZG1,0,,A,"[[""ANY"", [""A""]]]"
2ZNV,,2ZNV,0,,D,"[[""ANY"", [""D""]]]"
2ZOC,,2ZOC,0,,A,"[[""ANY"", [""A""]]]"
2ZOQ,,2ZOQ,0,,A,"[[""ANY"", [""A""]]]"
2ZOX,,2ZOX,0,,A,"[[""ANY"", [""A""]]]"
2ZRT,,2ZRT,0,,G,"[[""ANY"", [""G""]]]"
2ZV6,,2ZV6,0,,B,"[[""ANY"", [""B""]]]"
3A2A,,3A2A,0,,B,"[[""ANY"", [""B""]]]"
3A4S,,3A4S,0,,A,"[[""ANY"", [""A""]]]"
3A4U,,3A4U,0,,A,"[[""ANY"", [""A""]]]"
3AAD,,3AAD,0,,A,"[[""ANY"", [""A""]]]"
3ACO,,3ACO,0,,A,"[[""ANY"", [""A""]]]"
3AHQ,,3AHQ,0,,A,"[[""ANY"", [""A""]]]"
3AIH,,3AIH,0,,A,"[[""ANY"", [""A""]]]"
3AJ4,,3AJ4,0,,A,"[[""ANY"", [""A""]]]"
3ALQ,,3ALQ,0,,R,"[[""ANY"", [""R""]]]"
3AP3,,3AP3,0,,A,"[[""ANY"", [""A""]]]"
3B2D,,3B2D,0,,A,"[[""ANY"", [""A""]]]"
3B2D,,3B2D,0,,D,"[[""ANY"", [""D""]]]"
3B3L,,3B3L,0,,A,"[[""ANY"", [""A""]]]"
3B6H,,3B6H,0,,B,"[[""ANY"", [""B""]]]"
3B6R,,3B6R,0,,B,"[[""ANY"", [""B""]]]"
3B6U,,3B6U,0,,A,"[[""ANY"", [""A""]]]"
3B6V,,3B6V,0,,A,"[[""ANY"", [""A""]]]"
3B7Y,,3B7Y,0,,A,"[[""ANY"", [""A""]]]"
3BCE,,3BCE,0,,A,"[[""ANY"", [""A""]]]"
3BD9,,3BD9,0,,A,"[[""ANY"", [""A""]]]"
3BER,,3BER,0,,A,"[[""ANY"", [""A""]]]"
3BFX,,3BFX,0,,A,"[[""ANY"", [""A""]]]"
3BH7,,3BH7,0,,B,"[[""ANY"", [""B""]]]"
3BHH,,3BHH,0,,A,"[[""ANY"", [""A""]]]"
3BHM,,3BHM,0,,A,"[[""ANY"", [""A""]]]"
3BHY,,3BHY,0,,A,"[[""ANY"", [""A""]]]"
3BI6,,3BI6,0,,A,"[[""ANY"", [""A""]]]"
3BJC,,3BJC,0,,A,"[[""ANY"", [""A""]]]"
3BM4,,3BM4,0,,B,"[[""ANY"", [""B""]]]"
3BO5,,3BO5,0,,A,"[[""ANY"", [""A""]]]"
3BPT,,3BPT,0,,A,"[[""ANY"", [""A""]]]"
3BPU,,3BPU,0,,A,"[[""ANY"", [""A""]]]"
3BRH,,3BRH,0,,A,"[[""ANY"", [""A""]]]"
3BSU,,3BSU,0,,H,"[[""ANY"", [""H""]]]"
3BVO,,3BVO,0,,B,"[[""ANY"", [""B""]]]"
3C5C,,3C5C,0,,D,"[[""ANY"", [""D""]]]"
3C5E,,3C5E,0,,A,"[[""ANY"", [""A""]]]"
3C5H,,3C5H,0,,A,"[[""ANY"", [""A""]]]"
3C6K,,3C6K,0,,A,"[[""ANY"", [""A""]]]"
3C6W,,3C6W,0,,C,"[[""ANY"", [""C""]]]"
3CBB,,3CBB,0,,B,"[[""ANY"", [""B""]]]"
3CBK,,3CBK,0,,A,"[[""ANY"", [""A""]]]"
3CBQ,,3CBQ,0,,A,"[[""ANY"", [""A""]]]"
3CFW,,3CFW,0,,A,"[[""ANY"", [""A""]]]"
3COS,,3COS,0,,C,"[[""ANY"", [""C""]]]"
3CTR,,3CTR,0,,A,"[[""ANY"", [""A""]]]"
3CTZ,,3CTZ,0,,A,"[[""ANY"", [""A""]]]"
3CXP,,3CXP,0,,A,"[[""ANY"", [""A""]]]"
3CZH,,3CZH,0,,A,"[[""ANY"", [""A""]]]"
3D0E,,3D0E,0,,B,"[[""ANY"", [""B""]]]"
3D24,,3D24,0,,C,"[[""ANY"", [""C""]]]"
3D2F,,3D2F,0,,D,"[[""ANY"", [""D""]]]"
3D34,,3D34,0,,B,"[[""ANY"", [""B""]]]"
3D3L,,3D3L,0,,B,"[[""ANY"", [""B""]]]"
3D3W,,3D3W,0,,B,"[[""ANY"", [""B""]]]"
3D5O,,3D5O,0,,B,"[[""ANY"", [""B""]]]"
3D87,,3D87,0,,B,"[[""ANY"", [""B""]]]"
3D8B,,3D8B,0,,A,"[[""ANY"", [""A""]]]"
3D8E,,3D8E,0,,C,"[[""ANY"", [""C""]]]"
3D9S,,3D9S,0,,D,"[[""ANY"", [""D""]]]"
3DDU,,3DDU,0,,A,"[[""ANY"", [""A""]]]"
3DEM,,3DEM,0,,B,"[[""ANY"", [""B""]]]"
3DH1,,3DH1,0,,D,"[[""ANY"", [""D""]]]"
3DK9,,3DK9,0,,A,"[[""ANY"", [""A""]]]"
3DKO,,3DKO,0,,A,"[[""ANY"", [""A""]]]"
3DKP,,3DKP,0,,A,"[[""ANY"", [""A""]]]"
3DLJ,,3DLJ,0,,B,"[[""ANY"", [""B""]]]"
3DLS,,3DLS,0,,C,"[[""ANY"", [""C""]]]"
3DOE,,3DOE,0,,A,"[[""ANY"", [""A""]]]"
3DWB,,3DWB,0,,A,"[[""ANY"", [""A""]]]"
3DYD,,3DYD,0,,B,"[[""ANY"", [""B""]]]"
3DZ4,,3DZ4,0,,B,"[[""ANY"", [""B""]]]"
3E04,,3E04,0,,D,"[[""ANY"", [""D""]]]"
3E1Y,,3E1Y,0,,B,"[[""ANY"", [""B""]]]"
3E3R,,3E3R,0,,B,"[[""ANY"", [""B""]]]"
3E4C,,3E4C,0,,B,"[[""ANY"", [""B""]]]"
3E5H,,3E5H,0,,A,"[[""ANY"", [""A""]]]"
3E6I,,3E6I,0,,B,"[[""ANY"", [""B""]]]"
3EB5,,3EB5,0,,A,"[[""ANY"", [""A""]]]"
3ECS,,3ECS,0,,A,"[[""ANY"", [""A""]]]"
3EDI,,3EDI,0,,A,"[[""ANY"", [""A""]]]"
3EDY,,3EDY,0,,A,"[[""ANY"", [""A""]]]"
3EH1,,3EH1,0,,A,"[[""ANY"", [""A""]]]"
3EH2,,3EH2,0,,B,"[[""ANY"", [""B""]]]"
3ELB,,3ELB,0,,A,"[[""ANY"", [""A""]]]"
3EPY,,3EPY,0,,B,"[[""ANY"", [""B""]]]"
3EPZ,,3EPZ,0,,A,"[[""ANY"", [""A""]]]"
3ETA,,3ETA,0,,A,"[[""ANY"", [""A""]]]"
3EUE,,3EUE,0,,A,"[[""ANY"", [""A""]]]"
3EXI,,3EXI,0,,B,"[[""ANY"", [""B""]]]"
3EYH,,3EYH,0,,A,"[[""ANY"", [""A""]]]"
3F1R,,3F1R,0,,B,"[[""ANY"", [""B""]]]"
3F3S,,3F3S,0,,A,"[[""ANY"", [""A""]]]"
3F3Y,,3F3Y,0,,A,"[[""ANY"", [""A""]]]"
3F5O,,3F5O,0,,E,"[[""ANY"", [""E""]]]"
3F6U,,3F6U,0,,H,"[[""ANY"", [""H""]]]"
3F70,,3F70,0,,B,"[[""ANY"", [""B""]]]"
3F7U,,3F7U,0,,C,"[[""ANY"", [""C""]]]"
3F9P,,3F9P,0,,A,"[[""ANY"", [""A""]]]"
3FBY,,3FBY,0,,B,"[[""ANY"", [""B""]]]"
3FCX,,3FCX,0,,B,"[[""ANY"", [""B""]]]"
3FD6,,3FD6,0,,B,"[[""ANY"", [""B""]]]"
3FE1,,3FE1,0,,B,"[[""ANY"", [""B""]]]"
3FE2,,3FE2,0,,B,"[[""ANY"", [""B""]]]"
3FE3,,3FE3,0,,A,"[[""ANY"", [""A""]]]"
3FE4,,3FE4,0,,A,"[[""ANY"", [""A""]]]"
3FEC,,3FEC,0,,A,"[[""ANY"", [""A""]]]"
3FF6,,3FF6,0,,D,"[[""ANY"", [""D""]]]"
3FFK,,3FFK,0,,A,"[[""ANY"", [""A""]]]"
3FG6,,3FG6,0,,F,"[[""ANY"", [""F""]]]"
3FL2,,3FL2,0,,A,"[[""ANY"", [""A""]]]"
3FLV,,3FLV,0,,B,"[[""ANY"", [""B""]]]"
3FVF,,3FVF,0,,B,"[[""ANY"", [""B""]]]"
3FVY,,3FVY,0,,A,"[[""ANY"", [""A""]]]"
3FY1,,3FY1,0,,A,"[[""ANY"", [""A""]]]"
3G4H,,3G4H,0,,A,"[[""ANY"", [""A""]]]"
3G5K,,3G5K,0,,D,"[[""ANY"", [""D""]]]"
3G73,,3G73,0,,A,"[[""ANY"", [""A""]]]"
3G9Y,,3G9Y,0,,A,"[[""ANY"", [""A""]]]"
3GBJ,,3GBJ,0,,A,"[[""ANY"", [""A""]]]"
3GC9,,3GC9,0,,B,"[[""ANY"", [""B""]]]"
3GDH,,3GDH,0,,B,"[[""ANY"", [""B""]]]"
3GDQ,,3GDQ,0,,A,"[[""ANY"", [""A""]]]"
3GEP,,3GEP,0,,B,"[[""ANY"", [""B""]]]"
3GGF,,3GGF,0,,B,"[[""ANY"", [""B""]]]"
3GHG,,3GHG,0,,C,"[[""ANY"", [""C""]]]"
3GIS,,3GIS,0,,Z,"[[""ANY"", [""Z""]]]"
3GJX,,3GJX,0,,E,"[[""ANY"", [""E""]]]"
3GKH,,3GKH,0,,A,"[[""ANY"", [""A""]]]"
3GPD,,3GPD,0,,G,"[[""ANY"", [""G""]]]"
3GQC,,3GQC,0,,D,"[[""ANY"", [""D""]]]"
3GTA,,3GTA,0,,A,"[[""ANY"", [""A""]]]"
3GVP,,3GVP,0,,B,"[[""ANY"", [""B""]]]"
3GXB,,3GXB,0,,A,"[[""ANY"", [""A""]]]"
3GZD,,3GZD,0,,A,"[[""ANY"", [""A""]]]"
3H1D,,3H1D,0,,A,"[[""ANY"", [""A""]]]"
3H2U,,3H2U,0,,B,"[[""ANY"", [""B""]]]"
3H53,,3H53,0,,B,"[[""ANY"", [""B""]]]"
3H9E,,3H9E,0,,P,"[[""ANY"", [""P""]]]"
3HCO,,3HCO,0,,B,"[[""ANY"", [""B""]]]"
3HF1,,3HF1,0,,A,"[[""ANY"", [""A""]]]"
3HHD,,3HHD,0,,B,"[[""ANY"", [""B""]]]"
3HM8,,3HM8,0,,A,"[[""ANY"", [""A""]]]"
3HMH,,3HMH,0,,A,"[[""ANY"", [""A""]]]"
3HN3,,3HN3,0,,B,"[[""ANY"", [""B""]]]"
3HO4,,3HO4,0,,A,"[[""ANY"", [""A""]]]"
3HR4,,3HR4,0,,G,"[[""ANY"", [""G""]]]"
3HUD,,3HUD,0,,B,"[[""ANY"", [""B""]]]"
3HXT,,3HXT,0,,A,"[[""ANY"", [""A""]]]"
3HY8,,3HY8,0,,A,"[[""ANY"", [""A""]]]"
3IA8,,3IA8,0,,A,"[[""ANY"", [""A""]]]"
3IAR,,3IAR,0,,A,"[[""ANY"", [""A""]]]"
3ICI,,3ICI,0,,B,"[[""ANY"", [""B""]]]"
3IDV,,3IDV,0,,A,"[[""ANY"", [""A""]]]"
3IEI,,3IEI,0,,H,"[[""ANY"", [""H""]]]"
3IHJ,,3IHJ,0,,A,"[[""ANY"", [""A""]]]"
3IHP,,3IHP,0,,B,"[[""ANY"", [""B""]]]"
3IK7,,3IK7,0,,B,"[[""ANY"", [""B""]]]"
3IKM,,3IKM,0,,A,"[[""ANY"", [""A""]]]"
3IO2,,3IO2,0,,A,"[[""ANY"", [""A""]]]"
3ISQ,,3ISQ,0,,A,"[[""ANY"", [""A""]]]"
3IU6,,3IU6,0,,A,"[[""ANY"", [""A""]]]"
3IUF,,3IUF,0,,A,"[[""ANY"", [""A""]]]"
3IUY,,3IUY,0,,A,"[[""ANY"", [""A""]]]"
3IWL,,3IWL,0,,A,"[[""ANY"", [""A""]]]"
3IXE,,3IXE,0,,B,"[[""ANY"", [""B""]]]"
3IXS,,3IXS,0,,K,"[[""ANY"", [""K""]]]"
3J0A,,3J0A,0,,A,"[[""ANY"", [""A""]]]"
3J2S,,3J2S,0,,B,"[[""ANY"", [""B""]]]"
3JRX,,3JRX,0,,A,"[[""ANY"", [""A""]]]"
3JUB,,3JUB,0,,A,"[[""ANY"", [""A""]]]"
3JUE,,3JUE,0,,A,"[[""ANY"", [""A""]]]"
3JYH,,3JYH,0,,A,"[[""ANY"", [""A""]]]"
3K2O,,3K2O,0,,B,"[[""ANY"", [""B""]]]"
3K2S,,3K2S,0,,B,"[[""ANY"", [""B""]]]"
3K51,,3K51,0,,B,"[[""ANY"", [""B""]]]"
3K5T,,3K5T,0,,A,"[[""ANY"", [""A""]]]"
3K7V,,3K7V,0,,A,"[[""ANY"", [""A""]]]"
3K9J,,3K9J,0,,A,"[[""ANY"", [""A""]]]"
3K9O,,3K9O,0,,A,"[[""ANY"", [""A""]]]"
3KCG,,3KCG,0,,I,"[[""ANY"", [""I""]]]"
3KHU,,3KHU,0,,C,"[[""ANY"", [""C""]]]"
3KN1,,3KN1,0,,A,"[[""ANY"", [""A""]]]"
3KNV,,3KNV,0,,A,"[[""ANY"", [""A""]]]"
3KQ0,,3KQ0,0,,A,"[[""ANY"", [""A""]]]"
3KQ4,,3KQ4,0,,B,"[[""ANY"", [""B""]]]"
3KQG,,3KQG,0,,A,"[[""ANY"", [""A""]]]"
3KUC,,3KUC,0,,A,"[[""ANY"", [""A""]]]"
3KV5,,3KV5,0,,A,"[[""ANY"", [""A""]]]"
3KVO,,3KVO,0,,A,"[[""ANY"", [""A""]]]"
3KYD,,3KYD,0,,A,"[[""ANY"", [""A""]]]"
3KZE,,3KZE,0,,A,"[[""ANY"", [""A""]]]"
3L43,,3L43,0,,B,"[[""ANY"", [""B""]]]"
3L4V,,3L4V,0,,A,"[[""ANY"", [""A""]]]"
3L95,,3L95,0,,X,"[[""ANY"", [""X""]]]"
3LEA,,3LEA,0,,B,"[[""ANY"", [""B""]]]"
3LF5,,3LF5,0,,B,"[[""ANY"", [""B""]]]"
3LGD,,3LGD,0,,B,"[[""ANY"", [""B""]]]"
3LJW,,3LJW,0,,A,"[[""ANY"", [""A""]]]"
3LKJ,,3LKJ,0,,C,"[[""ANY"", [""C""]]]"
3LLK,,3LLK,0,,A,"[[""ANY"", [""A""]]]"
3LQC,,3LQC,0,,A,"[[""ANY"", [""A""]]]"
3LQH,,3LQH,0,,A,"[[""ANY"", [""A""]]]"
3LRQ,,3LRQ,0,,C,"[[""ANY"", [""C""]]]"
3LRU,,3LRU,0,,B,"[[""ANY"", [""B""]]]"
3LTL,,3LTL,0,,B,"[[""ANY"", [""B""]]]"
3LUC,,3LUC,0,,A,"[[""ANY"", [""A""]]]"
3LXJ,,3LXJ,0,,A,"[[""ANY"", [""A""]]]"
3LXX,,3LXX,0,,A,"[[""ANY"", [""A""]]]"
3LY5,,3LY5,0,,A,"[[""ANY"", [""A""]]]"
3LYR,,3LYR,0,,A,"[[""ANY"", [""A""]]]"
3M1D,,3M1D,0,,B,"[[""ANY"", [""B""]]]"
3M52,,3M52,0,,A,"[[""ANY"", [""A""]]]"
3MAO,,3MAO,0,,A,"[[""ANY"", [""A""]]]"
3MB3,,3MB3,0,,A,"[[""ANY"", [""A""]]]"
3MB4,,3MB4,0,,B,"[[""ANY"", [""B""]]]"
3MBG,,3MBG,0,,C,"[[""ANY"", [""C""]]]"
3MDI,,3MDI,0,,A,"[[""ANY"", [""A""]]]"
3MDY,,3MDY,0,,C,"[[""ANY"", [""C""]]]"
3MDZ,,3MDZ,0,,A,"[[""ANY"", [""A""]]]"
3MGM,,3MGM,0,,A,"[[""ANY"", [""A""]]]"
3MJH,,3MJH,0,,B,"[[""ANY"", [""B""]]]"
3MP5,,3MP5,0,,B,"[[""ANY"", [""B""]]]"
3MQ7,,3MQ7,0,,L,"[[""ANY"", [""L""]]]"
3MQI,,3MQI,0,,C,"[[""ANY"", [""C""]]]"
3MTG,,3MTG,0,,B,"[[""ANY"", [""B""]]]"
3MTL,,3MTL,0,,A,"[[""ANY"", [""A""]]]"
3MTN,,3MTN,0,,A,"[[""ANY"", [""A""]]]"
3MY0,,3MY0,0,,J,"[[""ANY"", [""J""]]]"
3MZG,,3MZG,0,,B,"[[""ANY"", [""B""]]]"
3N1G,,3N1G,0,,A,"[[""ANY"", [""A""]]]"
3N1M,,3N1M,0,,B,"[[""ANY"", [""B""]]]"
3N2N,,3N2N,0,,E,"[[""ANY"", [""E""]]]"
3N5N,,3N5N,0,,Y,"[[""ANY"", [""Y""]]]"
3N7O,,3N7O,0,,A,"[[""ANY"", [""A""]]]"
3NA1,,3NA1,0,,A,"[[""ANY"", [""A""]]]"
3NCU,,3NCU,0,,A,"[[""ANY"", [""A""]]]"
3NER,,3NER,0,,B,"[[""ANY"", [""B""]]]"
3NKS,,3NKS,0,,A,"[[""ANY"", [""A""]]]"
3NMQ,,3NMQ,0,,A,"[[""ANY"", [""A""]]]"
3NMZ,,3NMZ,0,,B,"[[""ANY"", [""B""]]]"
3NOI,,3NOI,0,,A,"[[""ANY"", [""A""]]]"
3NV1,,3NV1,0,,A,"[[""ANY"", [""A""]]]"
3NVQ,,3NVQ,0,,B,"[[""ANY"", [""B""]]]"
3NWN,,3NWN,0,,A,"[[""ANY"", [""A""]]]"
3NXB,,3NXB,0,,A,"[[""ANY"", [""A""]]]"
3NYN,,3NYN,0,,B,"[[""ANY"", [""B""]]]"
3O0G,,3O0G,0,,A,"[[""ANY"", [""A""]]]"
3O2G,,3O2G,0,,A,"[[""ANY"", [""A""]]]"
3O4R,,3O4R,0,,B,"[[""ANY"", [""B""]]]"
3O4S,,3O4S,0,,A,"[[""ANY"", [""A""]]]"
3O7A,,3O7A,0,,A,"[[""ANY"", [""A""]]]"
3OAG,,3OAG,0,,A,"[[""ANY"", [""A""]]]"
3OES,,3OES,0,,A,"[[""ANY"", [""A""]]]"
3OJ3,,3OJ3,0,,J,"[[""ANY"", [""J""]]]"
3OJY,,3OJY,0,,B,"[[""ANY"", [""B""]]]"
3OLH,,3OLH,0,,A,"[[""ANY"", [""A""]]]"
3ORH,,3ORH,0,,B,"[[""ANY"", [""B""]]]"
3OTC,,3OTC,0,,B,"[[""ANY"", [""B""]]]"
3OVP,,3OVP,0,,B,"[[""ANY"", [""B""]]]"
3OX6,,3OX6,0,,A,"[[""ANY"", [""A""]]]"
3P0F,,3P0F,0,,A,"[[""ANY"", [""A""]]]"
3P1M,,3P1M,0,,B,"[[""ANY"", [""B""]]]"
3P57,,3P57,0,,A,"[[""ANY"", [""A""]]]"
3PB4,,3PB4,0,,X,"[[""ANY"", [""X""]]]"
3PE0,,3PE0,0,,A,"[[""ANY"", [""A""]]]"
3PJA,,3PJA,0,,K,"[[""ANY"", [""K""]]]"
3PLS,,3PLS,0,,A,"[[""ANY"", [""A""]]]"
3PM0,,3PM0,0,,A,"[[""ANY"", [""A""]]]"
3POO,,3POO,0,,A,"[[""ANY"", [""A""]]]"
3PSE,,3PSE,0,,B,"[[""ANY"", [""B""]]]"
3Q13,,3Q13,0,,A,"[[""ANY"", [""A""]]]"
3Q19,,3Q19,0,,A,"[[""ANY"", [""A""]]]"
3Q1D,,3Q1D,0,,A,"[[""ANY"", [""A""]]]"
3Q2G,,3Q2G,0,,B,"[[""ANY"", [""B""]]]"
3Q2U,,3Q2U,0,,A,"[[""ANY"", [""A""]]]"
3Q3J,,3Q3J,0,,B,"[[""ANY"", [""B""]]]"
3Q4T,,3Q4T,0,,B,"[[""ANY"", [""B""]]]"
3Q6Z,,3Q6Z,0,,A,"[[""ANY"", [""A""]]]"
3QCJ,,3QCJ,0,,A,"[[""ANY"", [""A""]]]"
3QFB,,3QFB,0,,B,"[[""ANY"", [""B""]]]"
3QJ4,,3QJ4,0,,A,"[[""ANY"", [""A""]]]"
3QJ5,,3QJ5,0,,B,"[[""ANY"", [""B""]]]"
3QMH,,3QMH,0,,A,"[[""ANY"", [""A""]]]"
3QNI,,3QNI,0,,A,"[[""ANY"", [""A""]]]"
3QPU,,3QPU,0,,A,"[[""ANY"", [""A""]]]"
3QRF,,3QRF,0,,F,"[[""ANY"", [""F""]]]"
3QXM,,3QXM,0,,B,"[[""ANY"", [""B""]]]"
3QXY,,3QXY,0,,B,"[[""ANY"", [""B""]]]"
3R6B,,3R6B,0,,A,"[[""ANY"", [""A""]]]"
3RAP,,3RAP,0,,S,"[[""ANY"", [""S""]]]"
3RAY,,3RAY,0,,A,"[[""ANY"", [""A""]]]"
3RBL,,3RBL,0,,B,"[[""ANY"", [""B""]]]"
3RC3,,3RC3,0,,A,"[[""ANY"", [""A""]]]"
3RFE,,3RFE,0,,A,"[[""ANY"", [""A""]]]"
3RGK,,3RGK,0,,A,"[[""ANY"", [""A""]]]"
3RK2,,3RK2,0,,G,"[[""ANY"", [""G""]]]"
3RMU,,3RMU,0,,A,"[[""ANY"", [""A""]]]"
3RNJ,,3RNJ,0,,A,"[[""ANY"", [""A""]]]"
3RQ4,,3RQ4,0,,A,"[[""ANY"", [""A""]]]"
3RZ3,,3RZ3,0,,C,"[[""ANY"", [""C""]]]"
3RZV,,3RZV,0,,A,"[[""ANY"", [""A""]]]"
3S4Y,,3S4Y,0,,A,"[[""ANY"", [""A""]]]"
3SAG,,3SAG,0,,B,"[[""ANY"", [""B""]]]"
3SBZ,,3SBZ,0,,A,"[[""ANY"", [""A""]]]"
3SH5,,3SH5,0,,A,"[[""ANY"", [""A""]]]"
3SJV,,3SJV,0,,F,"[[""ANY"", [""F""]]]"
3SN5,,3SN5,0,,B,"[[""ANY"", [""B""]]]"
3SZB,,3SZB,0,,B,"[[""ANY"", [""B""]]]"
3T6A,,3T6A,0,,A,"[[""ANY"", [""A""]]]"
3T6P,,3T6P,0,,A,"[[""ANY"", [""A""]]]"
3T7L,,3T7L,0,,A,"[[""ANY"", [""A""]]]"
3T9I,,3T9I,0,,A,"[[""ANY"", [""A""]]]"
3TAC,,3TAC,0,,A,"[[""ANY"", [""A""]]]"
3THD,,3THD,0,,D,"[[""ANY"", [""D""]]]"
3THT,,3THT,0,,D,"[[""ANY"", [""D""]]]"
3TKL,,3TKL,0,,A,"[[""ANY"", [""A""]]]"
3TOP,,3TOP,0,,A,"[[""ANY"", [""A""]]]"
3TVL,,3TVL,0,,A,"[[""ANY"", [""A""]]]"
3TWJ,,3TWJ,0,,B,"[[""ANY"", [""B""]]]"
3U5N,,3U5N,0,,A,"[[""ANY"", [""A""]]]"
3U8U,,3U8U,0,,A,"[[""ANY"", [""A""]]]"
3UA8,,3UA8,0,,A,"[[""ANY"", [""A""]]]"
3UCW,,3UCW,0,,A,"[[""ANY"", [""A""]]]"
3UH4,,3UH4,0,,B,"[[""ANY"", [""B""]]]"
3UK3,,3UK3,0,,C,"[[""ANY"", [""C""]]]"
3UKM,,3UKM,0,,C,"[[""ANY"", [""C""]]]"
3UYQ,,3UYQ,0,,A,"[[""ANY"", [""A""]]]"
3UZX,,3UZX,0,,B,"[[""ANY"", [""B""]]]"
3V2B,,3V2B,0,,A,"[[""ANY"", [""A""]]]"
3V3L,,3V3L,0,,A,"[[""ANY"", [""A""]]]"
3V4V,,3V4V,0,,B,"[[""ANY"", [""B""]]]"
3V4V,,3V4V,0,,C,"[[""ANY"", [""C""]]]"
3V70,,3V70,0,,A,"[[""ANY"", [""A""]]]"
3V7T,,3V7T,0,,A,"[[""ANY"", [""A""]]]"
3V8X,,3V8X,0,,B,"[[""ANY"", [""B""]]]"
3VCM,,3VCM,0,,B,"[[""ANY"", [""B""]]]"
3VD2,,3VD2,0,,I,"[[""ANY"", [""I""]]]"
3VF0,,3VF0,0,,A,"[[""ANY"", [""A""]]]"
3VFQ,,3VFQ,0,,A,"[[""ANY"", [""A""]]]"
3VI3,,3VI3,0,,A,"[[""ANY"", [""A""]]]"
3VJC,,3VJC,0,,A,"[[""ANY"", [""A""]]]"
3VJM,,3VJM,0,,A,"[[""ANY"", [""A""]]]"
3VM8,,3VM8,0,,A,"[[""ANY"", [""A""]]]"
3VP6,,3VP6,0,,B,"[[""ANY"", [""B""]]]"
3VPP,,3VPP,0,,B,"[[""ANY"", [""B""]]]"
3VRN,,3VRN,0,,A,"[[""ANY"", [""A""]]]"
3VUY,,3VUY,0,,D,"[[""ANY"", [""D""]]]"
3VW9,,3VW9,0,,B,"[[""ANY"", [""B""]]]"
3VWD,,3VWD,0,,A,"[[""ANY"", [""A""]]]"
3VZB,,3VZB,0,,A,"[[""ANY"", [""A""]]]"
3W4U,,3W4U,0,,E,"[[""ANY"", [""E""]]]"
3W58,,3W58,0,,D,"[[""ANY"", [""D""]]]"
3W5K,,3W5K,0,,B,"[[""ANY"", [""B""]]]"
3W8I,,3W8I,0,,A,"[[""ANY"", [""A""]]]"
3WE2,,3WE2,0,,B,"[[""ANY"", [""B""]]]"
3WH2,,3WH2,0,,A,"[[""ANY"", [""A""]]]"
3WHD,,3WHD,0,,A,"[[""ANY"", [""A""]]]"
3WSR,,3WSR,0,,B,"[[""ANY"", [""B""]]]"
3WUP,,3WUP,0,,A,"[[""ANY"", [""A""]]]"
3WV6,,3WV6,0,,A,"[[""ANY"", [""A""]]]"
3WZF,,3WZF,0,,A,"[[""ANY"", [""A""]]]"
3X1U,,3X1U,0,,H,"[[""ANY"", [""H""]]]"
3ZDU,,3ZDU,0,,A,"[[""ANY"", [""A""]]]"
3ZJC,,3ZJC,0,,F,"[[""ANY"", [""F""]]]"
3ZLI,,3ZLI,0,,A,"[[""ANY"", [""A""]]]"
3ZMZ,,3ZMZ,0,,A,"[[""ANY"", [""A""]]]"
3ZNR,,3ZNR,0,,B,"[[""ANY"", [""B""]]]"
3ZWF,,3ZWF,0,,A,"[[""ANY"", [""A""]]]"
3ZYG,,3ZYG,0,,A,"[[""ANY"", [""A""]]]"
3ZYJ,,3ZYJ,0,,D,"[[""ANY"", [""D""]]]"
3ZYQ,,3ZYQ,0,,A,"[[""ANY"", [""A""]]]"
4A24,,4A24,0,,A,"[[""ANY"", [""A""]]]"
4A35,,4A35,0,,A,"[[""ANY"", [""A""]]]"
4A49,,4A49,0,,A,"[[""ANY"", [""A""]]]"
4A4F,,4A4F,0,,A,"[[""ANY"", [""A""]]]"
4A69,,4A69,0,,A,"[[""ANY"", [""A""]]]"
4A6D,,4A6D,0,,A,"[[""ANY"", [""A""]]]"
4A94,,4A94,0,,B,"[[""ANY"", [""B""]]]"
4A9O,,4A9O,0,,A,"[[""ANY"", [""A""]]]"
4AD9,,4AD9,0,,A,"[[""ANY"", [""A""]]]"
4AF3,,4AF3,0,,A,"[[""ANY"", [""A""]]]"
4AFX,,4AFX,0,,A,"[[""ANY"", [""A""]]]"
4AG4,,4AG4,0,,A,"[[""ANY"", [""A""]]]"
4AGC,,4AGC,0,,A,"[[""ANY"", [""A""]]]"
4AGU,,4AGU,0,,C,"[[""ANY"", [""C""]]]"
4AOH,,4AOH,0,,A,"[[""ANY"", [""A""]]]"
4AP6,,4AP6,0,,C,"[[""ANY"", [""C""]]]"
4APC,,4APC,0,,B,"[[""ANY"", [""B""]]]"
4AQI,,4AQI,0,,A,"[[""ANY"", [""A""]]]"
4AT3,,4AT3,0,,A,"[[""ANY"", [""A""]]]"
4AUQ,,4AUQ,0,,E,"[[""ANY"", [""E""]]]"
4AWL,,4AWL,0,,C,"[[""ANY"", [""C""]]]"
4AWN,,4AWN,0,,A,"[[""ANY"", [""A""]]]"
4AZ3,,4AZ3,0,,B,"[[""ANY"", [""B""]]]"
4AZM,,4AZM,0,,A,"[[""ANY"", [""A""]]]"
4B4O,,4B4O,0,,G,"[[""ANY"", [""G""]]]"
4B6D,,4B6D,0,,C,"[[""ANY"", [""C""]]]"
4B6L,,4B6L,0,,A,"[[""ANY"", [""A""]]]"
4B91,,4B91,0,,B,"[[""ANY"", [""B""]]]"
4BB2,,4BB2,0,,B,"[[""ANY"", [""B""]]]"
4BBQ,,4BBQ,0,,B,"[[""ANY"", [""B""]]]"
4BC3,,4BC3,0,,C,"[[""ANY"", [""C""]]]"
4BCX,,4BCX,0,,A,"[[""ANY"", [""A""]]]"
4BGQ,,4BGQ,0,,A,"[[""ANY"", [""A""]]]"
4BJ3,,4BJ3,0,,B,"[[""ANY"", [""B""]]]"
4BK4,,4BK4,0,,B,"[[""ANY"", [""B""]]]"
4BMJ,,4BMJ,0,,D,"[[""ANY"", [""D""]]]"
4BSM,,4BSM,0,,A,"[[""ANY"", [""A""]]]"
4BUR,,4BUR,0,,B,"[[""ANY"", [""B""]]]"
4BV3,,4BV3,0,,A,"[[""ANY"", [""A""]]]"
4BVD,,4BVD,0,,A,"[[""ANY"", [""A""]]]"
4BVV,,4BVV,0,,A,"[[""ANY"", [""A""]]]"
4BW5,,4BW5,0,,C,"[[""ANY"", [""C""]]]"
4BXF,,4BXF,0,,B,"[[""ANY"", [""B""]]]"
4BXO,,4BXO,0,,A,"[[""ANY"", [""A""]]]"
4BXO,,4BXO,0,,B,"[[""ANY"", [""B""]]]"
4BYF,,4BYF,0,,C,"[[""ANY"", [""C""]]]"
4BZY,,4BZY,0,,B,"[[""ANY"", [""B""]]]"
4C02,,4C02,0,,B,"[[""ANY"", [""B""]]]"
4C0O,,4C0O,0,,B,"[[""ANY"", [""B""]]]"
4C2J,,4C2J,0,,B,"[[""ANY"", [""B""]]]"
4C2X,,4C2X,0,,A,"[[""ANY"", [""A""]]]"
4C3Z,,4C3Z,0,,A,"[[""ANY"", [""A""]]]"
4C6M,,4C6M,0,,A,"[[""ANY"", [""A""]]]"
4C9Z,,4C9Z,0,,B,"[[""ANY"", [""B""]]]"
4CBO,,4CBO,0,,A,"[[""ANY"", [""A""]]]"
4CC0,,4CC0,0,,A,"[[""ANY"", [""A""]]]"
4CCG,,4CCG,0,,X,"[[""ANY"", [""X""]]]"
4CCZ,,4CCZ,0,,A,"[[""ANY"", [""A""]]]"
4CFR,,4CFR,0,,Q,"[[""ANY"", [""Q""]]]"
4CG4,,4CG4,0,,D,"[[""ANY"", [""D""]]]"
4CHL,,4CHL,0,,B,"[[""ANY"", [""B""]]]"
4CJ6,,4CJ6,0,,A,"[[""ANY"", [""A""]]]"
4CMN,,4CMN,0,,A,"[[""ANY"", [""A""]]]"
4CNS,,4CNS,0,,B,"[[""ANY"", [""B""]]]"
4CQL,,4CQL,0,,G,"[[""ANY"", [""G""]]]"
4CQL,,4CQL,0,,P,"[[""ANY"", [""P""]]]"
4CRS,,4CRS,0,,A,"[[""ANY"", [""A""]]]"
4CT4,,4CT4,0,,D,"[[""ANY"", [""D""]]]"
4CVH,,4CVH,0,,A,"[[""ANY"", [""A""]]]"
4CVO,,4CVO,0,,A,"[[""ANY"", [""A""]]]"
4CYY,,4CYY,0,,A,"[[""ANY"", [""A""]]]"
4CZ2,,4CZ2,0,,B,"[[""ANY"", [""B""]]]"
4D08,,4D08,0,,D,"[[""ANY"", [""D""]]]"
4D0G,,4D0G,0,,A,"[[""ANY"", [""A""]]]"
4D1P,,4D1P,0,,B,"[[""ANY"", [""B""]]]"
4D2N,,4D2N,0,,D,"[[""ANY"", [""D""]]]"
4D50,,4D50,0,,A,"[[""ANY"", [""A""]]]"
4D8K,,4D8K,0,,A,"[[""ANY"", [""A""]]]"
4D90,,4D90,0,,B,"[[""ANY"", [""B""]]]"
4DA1,,4DA1,0,,A,"[[""ANY"", [""A""]]]"
4DD8,,4DD8,0,,D,"[[""ANY"", [""D""]]]"
4DG4,,4DG4,0,,B,"[[""ANY"", [""B""]]]"
4DG6,,4DG6,0,,A,"[[""ANY"", [""A""]]]"
4DGL,,4DGL,0,,A,"[[""ANY"", [""A""]]]"
4DGL,,4DGL,0,,C,"[[""ANY"", [""C""]]]"
4DIN,,4DIN,0,,B,"[[""ANY"", [""B""]]]"
4DIQ,,4DIQ,0,,A,"[[""ANY"", [""A""]]]"
4DIR,,4DIR,0,,A,"[[""ANY"", [""A""]]]"
4DRB,,4DRB,0,,F,"[[""ANY"", [""F""]]]"
4DUQ,,4DUQ,0,,B,"[[""ANY"", [""B""]]]"
4DUR,,4DUR,0,,A,"[[""ANY"", [""A""]]]"
4DXA,,4DXA,0,,B,"[[""ANY"", [""B""]]]"
4DY7,,4DY7,0,,C,"[[""ANY"", [""C""]]]"
4DYO,,4DYO,0,,A,"[[""ANY"", [""A""]]]"
4E3C,,4E3C,0,,D,"[[""ANY"", [""D""]]]"
4E4M,,4E4M,0,,B,"[[""ANY"", [""B""]]]"
4E93,,4E93,0,,A,"[[""ANY"", [""A""]]]"
4E9E,,4E9E,0,,A,"[[""ANY"", [""A""]]]"
4EGC,,4EGC,0,,B,"[[""ANY"", [""B""]]]"
4EPU,,4EPU,0,,A,"[[""ANY"", [""A""]]]"
4ERC,,4ERC,0,,A,"[[""ANY"", [""A""]]]"
4EZF,,4EZF,0,,A,"[[""ANY"", [""A""]]]"
4F0E,,4F0E,0,,A,"[[""ANY"", [""A""]]]"
4F14,,4F14,0,,A,"[[""ANY"", [""A""]]]"
4F5B,,4F5B,0,,A,"[[""ANY"", [""A""]]]"
4F7N,,4F7N,0,,B,"[[""ANY"", [""B""]]]"
4F80,,4F80,0,,A,"[[""ANY"", [""A""]]]"
4F9C,,4F9C,0,,B,"[[""ANY"", [""B""]]]"
4FAO,,4FAO,0,,B,"[[""ANY"", [""B""]]]"
4FC7,,4FC7,0,,C,"[[""ANY"", [""C""]]]"
4FDI,,4FDI,0,,A,"[[""ANY"", [""A""]]]"
4FGB,,4FGB,0,,A,"[[""ANY"", [""A""]]]"
4FGU,,4FGU,0,,B,"[[""ANY"", [""B""]]]"
4FL6,,4FL6,0,,B,"[[""ANY"", [""B""]]]"
4FMW,,4FMW,0,,B,"[[""ANY"", [""B""]]]"
4FO0,,4FO0,0,,A,"[[""ANY"", [""A""]]]"
4FO9,,4FO9,0,,A,"[[""ANY"", [""A""]]]"
4FOM,,4FOM,0,,A,"[[""ANY"", [""A""]]]"
4FQF,,4FQF,0,,A,"[[""ANY"", [""A""]]]"
4FR4,,4FR4,0,,F,"[[""ANY"", [""F""]]]"
4FU4,,4FU4,0,,C,"[[""ANY"", [""C""]]]"
4FVL,,4FVL,0,,A,"[[""ANY"", [""A""]]]"
4FWJ,,4FWJ,0,,A,"[[""ANY"", [""A""]]]"
4G8A,,4G8A,0,,B,"[[""ANY"", [""B""]]]"
4GEI,,4GEI,0,,A,"[[""ANY"", [""A""]]]"
4GK0,,4GK0,0,,F,"[[""ANY"", [""F""]]]"
4GL2,,4GL2,0,,A,"[[""ANY"", [""A""]]]"
4GMJ,,4GMJ,0,,B,"[[""ANY"", [""B""]]]"
4GNF,,4GNF,0,,A,"[[""ANY"", [""A""]]]"
4GNK,,4GNK,0,,D,"[[""ANY"", [""D""]]]"
4GOS,,4GOS,0,,A,"[[""ANY"", [""A""]]]"
4GQQ,,4GQQ,0,,A,"[[""ANY"", [""A""]]]"
4GQS,,4GQS,0,,D,"[[""ANY"", [""D""]]]"
4GUP,,4GUP,0,,C,"[[""ANY"", [""C""]]]"
4H2D,,4H2D,0,,B,"[[""ANY"", [""B""]]]"
4H5R,,4H5R,0,,B,"[[""ANY"", [""B""]]]"
4H7W,,4H7W,0,,A,"[[""ANY"", [""A""]]]"
4HAI,,4HAI,0,,A,"[[""ANY"", [""A""]]]"
4HAZ,,4HAZ,0,,A,"[[""ANY"", [""A""]]]"
4HC7,,4HC7,0,,A,"[[""ANY"", [""A""]]]"
4HLQ,,4HLQ,0,,A,"[[""ANY"", [""A""]]]"
4HND,,4HND,0,,A,"[[""ANY"", [""A""]]]"
4HNI,,4HNI,0,,B,"[[""ANY"", [""B""]]]"
4HON,,4HON,0,,A,"[[""ANY"", [""A""]]]"
4HVY,,4HVY,0,,A,"[[""ANY"", [""A""]]]"
4I5J,,4I5J,0,,A,"[[""ANY"", [""A""]]]"
4I6B,,4I6B,0,,A,"[[""ANY"", [""A""]]]"
4I91,,4I91,0,,A,"[[""ANY"", [""A""]]]"
4IC2,,4IC2,0,,A,"[[""ANY"", [""A""]]]"
4IC7,,4IC7,0,,D,"[[""ANY"", [""D""]]]"
4IEJ,,4IEJ,0,,A,"[[""ANY"", [""A""]]]"
4IG8,,4IG8,0,,A,"[[""ANY"", [""A""]]]"
4II1,,4II1,0,,B,"[[""ANY"", [""B""]]]"
4IQM,,4IQM,0,,A,"[[""ANY"", [""A""]]]"
4IQY,,4IQY,0,,B,"[[""ANY"", [""B""]]]"
4IY0,,4IY0,0,,A,"[[""ANY"", [""A""]]]"
4J14,,4J14,0,,A,"[[""ANY"", [""A""]]]"
4J1Y,,4J1Y,0,,B,"[[""ANY"", [""B""]]]"
4J4P,,4J4P,0,,B,"[[""ANY"", [""B""]]]"
4JFP,,4JFP,0,,D,"[[""ANY"", [""D""]]]"
4JVN,,4JVN,0,,A,"[[""ANY"", [""A""]]]"
4JXF,,4JXF,0,,A,"[[""ANY"", [""A""]]]"
4JZE,,4JZE,0,,H,"[[""ANY"", [""H""]]]"
4JZJ,,4JZJ,0,,C,"[[""ANY"", [""C""]]]"
4K30,,4K30,0,,B,"[[""ANY"", [""B""]]]"
4K7I,,4K7I,0,,C,"[[""ANY"", [""C""]]]"
4K85,,4K85,0,,C,"[[""ANY"", [""C""]]]"
4KFZ,,4KFZ,0,,B,"[[""ANY"", [""B""]]]"
4KI5,,4KI5,0,,M,"[[""ANY"", [""M""]]]"
4KKI,,4KKI,0,,A,"[[""ANY"", [""A""]]]"
4KLZ,,4KLZ,0,,A,"[[""ANY"", [""A""]]]"
4KMY,,4KMY,0,,A,"[[""ANY"", [""A""]]]"
4KQ8,,4KQ8,0,,A,"[[""ANY"", [""A""]]]"
4KXC,,4KXC,0,,A,"[[""ANY"", [""A""]]]"
4KYI,,4KYI,0,,H,"[[""ANY"", [""H""]]]"
4L1J,,4L1J,0,,B,"[[""ANY"", [""B""]]]"
4L58,,4L58,0,,A,"[[""ANY"", [""A""]]]"
4L7N,,4L7N,0,,A,"[[""ANY"", [""A""]]]"
4L9M,,4L9M,0,,A,"[[""ANY"", [""A""]]]"
4LAY,,4LAY,0,,A,"[[""ANY"", [""A""]]]"
4LEC,,4LEC,0,,B,"[[""ANY"", [""B""]]]"
4LHX,,4LHX,0,,B,"[[""ANY"", [""B""]]]"
4LIQ,,4LIQ,0,,E,"[[""ANY"", [""E""]]]"
4LOT,,4LOT,0,,A,"[[""ANY"", [""A""]]]"
4LQY,,4LQY,0,,A,"[[""ANY"", [""A""]]]"
4LT6,,4LT6,0,,A,"[[""ANY"", [""A""]]]"
4M62,,4M62,0,,L,"[[""ANY"", [""L""]]]"
4M6R,,4M6R,0,,D,"[[""ANY"", [""D""]]]"
4MEW,,4MEW,0,,A,"[[""ANY"", [""A""]]]"
4MF3,,4MF3,0,,A,"[[""ANY"", [""A""]]]"
4MG2,,4MG2,0,,A,"[[""ANY"", [""A""]]]"
4MHV,,4MHV,0,,B,"[[""ANY"", [""B""]]]"
4MIV,,4MIV,0,,C,"[[""ANY"", [""C""]]]"
4MQW,,4MQW,0,,X,"[[""ANY"", [""X""]]]"
4MSP,,4MSP,0,,A,"[[""ANY"", [""A""]]]"
4MUM,,4MUM,0,,A,"[[""ANY"", [""A""]]]"
4MVT,,4MVT,0,,C,"[[""ANY"", [""C""]]]"
4MWI,,4MWI,0,,A,"[[""ANY"", [""A""]]]"
4MYG,,4MYG,0,,A,"[[""ANY"", [""A""]]]"
4MZV,,4MZV,0,,A,"[[""ANY"", [""A""]]]"
4N2C,,4N2C,0,,A,"[[""ANY"", [""A""]]]"
4N4A,,4N4A,0,,A,"[[""ANY"", [""A""]]]"
4NEH,,4NEH,0,,A,"[[""ANY"", [""A""]]]"
4NFC,,4NFC,0,,A,"[[""ANY"", [""A""]]]"
4NFF,,4NFF,0,,A,"[[""ANY"", [""A""]]]"
4NGG,,4NGG,0,,A,"[[""ANY"", [""A""]]]"
4NHY,,4NHY,0,,D,"[[""ANY"", [""D""]]]"
4NJ4,,4NJ4,0,,A,"[[""ANY"", [""A""]]]"
4NN2,,4NN2,0,,B,"[[""ANY"", [""B""]]]"
4NNR,,4NNR,0,,B,"[[""ANY"", [""B""]]]"
4NPV,,4NPV,0,,A,"[[""ANY"", [""A""]]]"
4NQA,,4NQA,0,,I,"[[""ANY"", [""I""]]]"
4NS5,,4NS5,0,,A,"[[""ANY"", [""A""]]]"
4NSQ,,4NSQ,0,,C,"[[""ANY"", [""C""]]]"
4NT5,,4NT5,0,,A,"[[""ANY"", [""A""]]]"
4NXS,,4NXS,0,,B,"[[""ANY"", [""B""]]]"
4NZD,,4NZD,0,,C,"[[""ANY"", [""C""]]]"
4O0C,,4O0C,0,,B,"[[""ANY"", [""B""]]]"
4O2W,,4O2W,0,,B,"[[""ANY"", [""B""]]]"
4O64,,4O64,0,,C,"[[""ANY"", [""C""]]]"
4O68,,4O68,0,,A,"[[""ANY"", [""A""]]]"
4OAV,,4OAV,0,,B,"[[""ANY"", [""B""]]]"
4OEM,,4OEM,0,,B,"[[""ANY"", [""B""]]]"
4OJ2,,4OJ2,0,,X,"[[""ANY"", [""X""]]]"
4OJK,,4OJK,0,,A,"[[""ANY"", [""A""]]]"
4OMC,,4OMC,0,,E,"[[""ANY"", [""E""]]]"
4ONI,,4ONI,0,,A,"[[""ANY"", [""A""]]]"
4ONN,,4ONN,0,,B,"[[""ANY"", [""B""]]]"
4OR9,,4OR9,0,,A,"[[""ANY"", [""A""]]]"
4ORW,,4ORW,0,,A,"[[""ANY"", [""A""]]]"
4OTG,,4OTG,0,,A,"[[""ANY"", [""A""]]]"
4P0P,,4P0P,0,,A,"[[""ANY"", [""A""]]]"
4P13,,4P13,0,,C,"[[""ANY"", [""C""]]]"
4P4R,,4P4R,0,,B,"[[""ANY"", [""B""]]]"
4P5W,,4P5W,0,,A,"[[""ANY"", [""A""]]]"
4P60,,4P60,0,,A,"[[""ANY"", [""A""]]]"
4PCU,,4PCU,0,,A,"[[""ANY"", [""A""]]]"
4PCW,,4PCW,0,,B,"[[""ANY"", [""B""]]]"
4POM,,4POM,0,,D,"[[""ANY"", [""D""]]]"
4PWY,,4PWY,0,,A,"[[""ANY"", [""A""]]]"
4PX2,,4PX2,0,,A,"[[""ANY"", [""A""]]]"
4PZI,,4PZI,0,,A,"[[""ANY"", [""A""]]]"
4Q4B,,4Q4B,0,,A,"[[""ANY"", [""A""]]]"
4Q4D,,4Q4D,0,,A,"[[""ANY"", [""A""]]]"
4Q6F,,4Q6F,0,,A,"[[""ANY"", [""A""]]]"
4Q7Y,,4Q7Y,0,,A,"[[""ANY"", [""A""]]]"
4Q93,,4Q93,0,,A,"[[""ANY"", [""A""]]]"
4Q9U,,4Q9U,0,,E,"[[""ANY"", [""E""]]]"
4QBM,,4QBM,0,,A,"[[""ANY"", [""A""]]]"
4QBS,,4QBS,0,,A,"[[""ANY"", [""A""]]]"
4QC3,,4QC3,0,,A,"[[""ANY"", [""A""]]]"
4QDS,,4QDS,0,,A,"[[""ANY"", [""A""]]]"
4QIL,,4QIL,0,,A,"[[""ANY"", [""A""]]]"
4QMX,,4QMX,0,,A,"[[""ANY"", [""A""]]]"
4QN9,,4QN9,0,,A,"[[""ANY"", [""A""]]]"
4QPN,,4QPN,0,,A,"[[""ANY"", [""A""]]]"
4QT6,,4QT6,0,,A,"[[""ANY"", [""A""]]]"
4QU6,,4QU6,0,,A,"[[""ANY"", [""A""]]]"
4R1F,,4R1F,0,,A,"[[""ANY"", [""A""]]]"
4R2D,,4R2D,0,,A,"[[""ANY"", [""A""]]]"
4R6U,,4R6U,0,,A,"[[""ANY"", [""A""]]]"
4R7A,,4R7A,0,,B,"[[""ANY"", [""B""]]]"
4R7P,,4R7P,0,,B,"[[""ANY"", [""B""]]]"
4R7V,,4R7V,0,,A,"[[""ANY"", [""A""]]]"
4R8P,,4R8P,0,,K,"[[""ANY"", [""K""]]]"
4RAU,,4RAU,0,,L,"[[""ANY"", [""L""]]]"
4RDA,,4RDA,0,,A,"[[""ANY"", [""A""]]]"
4RE1,,4RE1,0,,A,"[[""ANY"", [""A""]]]"
4RE8,,4RE8,0,,B,"[[""ANY"", [""B""]]]"
4REC,,4REC,0,,A,"[[""ANY"", [""A""]]]"
4RER,,4RER,0,,A,"[[""ANY"", [""A""]]]"
4RFQ,,4RFQ,0,,A,"[[""ANY"", [""A""]]]"
4RG1,,4RG1,0,,A,"[[""ANY"", [""A""]]]"
4RH7,,4RH7,0,,A,"[[""ANY"", [""A""]]]"
4RKK,,4RKK,0,,A,"[[""ANY"", [""A""]]]"
4RN0,,4RN0,0,,A,"[[""ANY"", [""A""]]]"
4RQR,,4RQR,0,,A,"[[""ANY"", [""A""]]]"
4RR2,,4RR2,0,,A,"[[""ANY"", [""A""]]]"
4RSU,,4RSU,0,,F,"[[""ANY"", [""F""]]]"
4RUH,,4RUH,0,,B,"[[""ANY"", [""B""]]]"
4S15,,4S15,0,,A,"[[""ANY"", [""A""]]]"
4S3O,,4S3O,0,,B,"[[""ANY"", [""B""]]]"
4S3O,,4S3O,0,,C,"[[""ANY"", [""C""]]]"
4TLG,,4TLG,0,,A,"[[""ANY"", [""A""]]]"
4TNT,,4TNT,0,,A,"[[""ANY"", [""A""]]]"
4TTV,,4TTV,0,,A,"[[""ANY"", [""A""]]]"
4TWE,,4TWE,0,,B,"[[""ANY"", [""B""]]]"
4TWK,,4TWK,0,,A,"[[""ANY"", [""A""]]]"
4TWN,,4TWN,0,,A,"[[""ANY"", [""A""]]]"
4U5T,,4U5T,0,,A,"[[""ANY"", [""A""]]]"
4U8D,,4U8D,0,,A,"[[""ANY"", [""A""]]]"
4UEG,,4UEG,0,,A,"[[""ANY"", [""A""]]]"
4UEM,,4UEM,0,,A,"[[""ANY"", [""A""]]]"
4UG2,,4UG2,0,,A,"[[""ANY"", [""A""]]]"
4UHZ,,4UHZ,0,,A,"[[""ANY"", [""A""]]]"
4UI9,,4UI9,0,,S,"[[""ANY"", [""S""]]]"
4UM8,,4UM8,0,,D,"[[""ANY"", [""D""]]]"
4UNT,,4UNT,0,,H,"[[""ANY"", [""H""]]]"
4USF,,4USF,0,,B,"[[""ANY"", [""B""]]]"
4UST,,4UST,0,,A,"[[""ANY"", [""A""]]]"
4UU6,,4UU6,0,,A,"[[""ANY"", [""A""]]]"
4UUU,,4UUU,0,,A,"[[""ANY"", [""A""]]]"
4UXP,,4UXP,0,,C,"[[""ANY"", [""C""]]]"
4UXT,,4UXT,0,,C,"[[""ANY"", [""C""]]]"
4UY2,,4UY2,0,,B,"[[""ANY"", [""B""]]]"
4UY9,,4UY9,0,,A,"[[""ANY"", [""A""]]]"
4UYA,,4UYA,0,,A,"[[""ANY"", [""A""]]]"
4UYE,,4UYE,0,,B,"[[""ANY"", [""B""]]]"
4V06,,4V06,0,,A,"[[""ANY"", [""A""]]]"
4V0H,,4V0H,0,,D,"[[""ANY"", [""D""]]]"
4V2O,,4V2O,0,,C,"[[""ANY"", [""C""]]]"
4V3K,,4V3K,0,,F,"[[""ANY"", [""F""]]]"
4V6X,,4V6X,0,,AA,"[[""ANY"", [""A"", ""A""]]]"
4V6X,,4V6X,0,,AF,"[[""ANY"", [""A"", ""F""]]]"
4WGK,,4WGK,0,,A,"[[""ANY"", [""A""]]]"
4WHV,,4WHV,0,,I,"[[""ANY"", [""I""]]]"
4WLE,,4WLE,0,,D,"[[""ANY"", [""D""]]]"
4WMQ,,4WMQ,0,,A,"[[""ANY"", [""A""]]]"
4WQN,,4WQN,0,,B,"[[""ANY"", [""B""]]]"
4WWY,,4WWY,0,,B,"[[""ANY"", [""B""]]]"
4WZX,,4WZX,0,,A,"[[""ANY"", [""A""]]]"
4X0Q,,4X0Q,0,,B,"[[""ANY"", [""B""]]]"
4X30,,4X30,0,,A,"[[""ANY"", [""A""]]]"
4X7Q,,4X7Q,0,,B,"[[""ANY"", [""B""]]]"
4X8Y,,4X8Y,0,,A,"[[""ANY"", [""A""]]]"
4X93,,4X93,0,,B,"[[""ANY"", [""B""]]]"
4XCX,,4XCX,0,,A,"[[""ANY"", [""A""]]]"
4XDE,,4XDE,0,,A,"[[""ANY"", [""A""]]]"
4XDP,,4XDP,0,,A,"[[""ANY"", [""A""]]]"
4XFT,,4XFT,0,,A,"[[""ANY"", [""A""]]]"
4XHZ,,4XHZ,0,,A,"[[""ANY"", [""A""]]]"
4XI7,,4XI7,0,,A,"[[""ANY"", [""A""]]]"
4XO6,,4XO6,0,,A,"[[""ANY"", [""A""]]]"
4XP7,,4XP7,0,,A,"[[""ANY"", [""A""]]]"
4XWH,,4XWH,0,,A,"[[""ANY"", [""A""]]]"
4XYJ,,4XYJ,0,,H,"[[""ANY"", [""H""]]]"
4XZ0,,4XZ0,0,,A,"[[""ANY"", [""A""]]]"
4XZP,,4XZP,0,,A,"[[""ANY"", [""A""]]]"
4Y05,,4Y05,0,,A,"[[""ANY"", [""A""]]]"
4Y5O,,4Y5O,0,,B,"[[""ANY"", [""B""]]]"
4Y72,,4Y72,0,,A,"[[""ANY"", [""A""]]]"
4Y7B,,4Y7B,0,,A,"[[""ANY"", [""A""]]]"
4Y86,,4Y86,0,,A,"[[""ANY"", [""A""]]]"
4Y88,,4Y88,0,,A,"[[""ANY"", [""A""]]]"
4Y8W,,4Y8W,0,,A,"[[""ANY"", [""A""]]]"
4Y97,,4Y97,0,,H,"[[""ANY"", [""H""]]]"
4YBH,,4YBH,0,,A,"[[""ANY"", [""A""]]]"
4YHJ,,4YHJ,0,,B,"[[""ANY"", [""B""]]]"
4YIQ,,4YIQ,0,,D,"[[""ANY"", [""D""]]]"
4YJ0,,4YJ0,0,,A,"[[""ANY"", [""A""]]]"
4YLS,,4YLS,0,,A,"[[""ANY"", [""A""]]]"
4YLZ,,4YLZ,0,,B,"[[""ANY"", [""B""]]]"
4YMD,,4YMD,0,,B,"[[""ANY"", [""B""]]]"
4YMJ,,4YMJ,0,,A,"[[""ANY"", [""A""]]]"
4YND,,4YND,0,,A,"[[""ANY"", [""A""]]]"
4YOC,,4YOC,0,,C,"[[""ANY"", [""C""]]]"
4YP3,,4YP3,0,,A,"[[""ANY"", [""A""]]]"
4YVP,,4YVP,0,,A,"[[""ANY"", [""A""]]]"
4YWT,,4YWT,0,,D,"[[""ANY"", [""D""]]]"
4Z02,,4Z02,0,,A,"[[""ANY"", [""A""]]]"
4Z0K,,4Z0K,0,,A,"[[""ANY"", [""A""]]]"
4Z0O,,4Z0O,0,,A,"[[""ANY"", [""A""]]]"
4Z2B,,4Z2B,0,,A,"[[""ANY"", [""A""]]]"
4Z3C,,4Z3C,0,,C,"[[""ANY"", [""C""]]]"
4Z4P,,4Z4P,0,,A,"[[""ANY"", [""A""]]]"
4Z9M,,4Z9M,0,,D,"[[""ANY"", [""D""]]]"
4ZAJ,,4ZAJ,0,,A,"[[""ANY"", [""A""]]]"
4ZC4,,4ZC4,0,,B,"[[""ANY"", [""B""]]]"
4ZCV,,4ZCV,0,,A,"[[""ANY"", [""A""]]]"
4ZDP,,4ZDP,0,,A,"[[""ANY"", [""A""]]]"
4ZEL,,4ZEL,0,,A,"[[""ANY"", [""A""]]]"
4ZES,,4ZES,0,,B,"[[""ANY"", [""B""]]]"
4ZFG,,4ZFG,0,,A,"[[""ANY"", [""A""]]]"
4ZG4,,4ZG4,0,,B,"[[""ANY"", [""B""]]]"
4ZG9,,4ZG9,0,,B,"[[""ANY"", [""B""]]]"
4ZGG,,4ZGG,0,,A,"[[""ANY"", [""A""]]]"
4ZHT,,4ZHT,0,,B,"[[""ANY"", [""B""]]]"
4ZJI,,4ZJI,0,,C,"[[""ANY"", [""C""]]]"
4ZLP,,4ZLP,0,,A,"[[""ANY"", [""A""]]]"
4ZMA,,4ZMA,0,,L,"[[""ANY"", [""L""]]]"
4ZRP,,4ZRP,0,,B,"[[""ANY"", [""B""]]]"
4ZSO,,4ZSO,0,,F,"[[""ANY"", [""F""]]]"
4ZVJ,,4ZVJ,0,,A,"[[""ANY"", [""A""]]]"
4ZVW,,4ZVW,0,,D,"[[""ANY"", [""D""]]]"
4ZYA,,4ZYA,0,,A,"[[""ANY"", [""A""]]]"
4ZYO,,4ZYO,0,,A,"[[""ANY"", [""A""]]]"
4ZZI,,4ZZI,0,,A,"[[""ANY"", [""A""]]]"
5A0E,,5A0E,0,,A,"[[""ANY"", [""A""]]]"
5A15,,5A15,0,,I,"[[""ANY"", [""I""]]]"
5A46,,5A46,0,,A,"[[""ANY"", [""A""]]]"
5A4K,,5A4K,0,,B,"[[""ANY"", [""B""]]]"
5A9J,,5A9J,0,,D,"[[""ANY"", [""D""]]]"
5AAQ,,5AAQ,0,,A,"[[""ANY"", [""A""]]]"
5AAZ,,5AAZ,0,,A,"[[""ANY"", [""A""]]]"
5AQR,,5AQR,0,,D,"[[""ANY"", [""D""]]]"
5AY8,,5AY8,0,,E,"[[""ANY"", [""E""]]]"
5B0H,,5B0H,0,,B,"[[""ANY"", [""B""]]]"
5B1X,,5B1X,0,,B,"[[""ANY"", [""B""]]]"
5B4X,,5B4X,0,,D,"[[""ANY"", [""D""]]]"
5B4Y,,5B4Y,0,,B,"[[""ANY"", [""B""]]]"
5BQ8,,5BQ8,0,,B,"[[""ANY"", [""B""]]]"
5BQD,,5BQD,0,,B,"[[""ANY"", [""B""]]]"
5BQE,,5BQE,0,,C,"[[""ANY"", [""C""]]]"
5BRK,,5BRK,0,,A,"[[""ANY"", [""A""]]]"
5BWL,,5BWL,0,,A,"[[""ANY"", [""A""]]]"
5BX1,,5BX1,0,,A,"[[""ANY"", [""A""]]]"
5C11,,5C11,0,,A,"[[""ANY"", [""A""]]]"
5C16,,5C16,0,,D,"[[""ANY"", [""D""]]]"
5C41,,5C41,0,,B,"[[""ANY"", [""B""]]]"
5C4V,,5C4V,0,,F,"[[""ANY"", [""F""]]]"
5C50,,5C50,0,,B,"[[""ANY"", [""B""]]]"
5C5C,,5C5C,0,,A,"[[""ANY"", [""A""]]]"
5C7J,,5C7J,0,,B,"[[""ANY"", [""B""]]]"
5C8W,,5C8W,0,,C,"[[""ANY"", [""C""]]]"
5CC0,,5CC0,0,,B,"[[""ANY"", [""B""]]]"
5CCB,,5CCB,0,,A,"[[""ANY"", [""A""]]]"
5CEQ,,5CEQ,0,,A,"[[""ANY"", [""A""]]]"
5CJF,,5CJF,0,,A,"[[""ANY"", [""A""]]]"
5CJP,,5CJP,0,,E,"[[""ANY"", [""E""]]]"
5CR5,,5CR5,0,,B,"[[""ANY"", [""B""]]]"
5CUF,,5CUF,0,,A,"[[""ANY"", [""A""]]]"
5CUM,,5CUM,0,,A,"[[""ANY"", [""A""]]]"
5CVN,,5CVN,0,,B,"[[""ANY"", [""B""]]]"
5CXY,,5CXY,0,,A,"[[""ANY"", [""A""]]]"
5D0I,,5D0I,0,,A,"[[""ANY"", [""A""]]]"
5D1L,,5D1L,0,,B,"[[""ANY"", [""B""]]]"
5D6Y,,5D6Y,0,,C,"[[""ANY"", [""C""]]]"
5D7V,,5D7V,0,,B,"[[""ANY"", [""B""]]]"
5D9L,,5D9L,0,,A,"[[""ANY"", [""A""]]]"
5DAH,,5DAH,0,,B,"[[""ANY"", [""B""]]]"
5DG1,,5DG1,0,,B,"[[""ANY"", [""B""]]]"
5DIN,,5DIN,0,,A,"[[""ANY"", [""A""]]]"
5DKA,,5DKA,0,,B,"[[""ANY"", [""B""]]]"
5DO7,,5DO7,0,,B,"[[""ANY"", [""B""]]]"
5DOU,,5DOU,0,,C,"[[""ANY"", [""C""]]]"
5DV2,,5DV2,0,,A,"[[""ANY"", [""A""]]]"
5DVX,,5DVX,0,,A,"[[""ANY"", [""A""]]]"
5DZN,,5DZN,0,,A,"[[""ANY"", [""A""]]]"
5E26,,5E26,0,,B,"[[""ANY"", [""B""]]]"
5E4L,,5E4L,0,,B,"[[""ANY"", [""B""]]]"
5E8I,,5E8I,0,,G,"[[""ANY"", [""G""]]]"
5E8J,,5E8J,0,,A,"[[""ANY"", [""A""]]]"
5EA1,,5EA1,0,,A,"[[""ANY"", [""A""]]]"
5EBE,,5EBE,0,,A,"[[""ANY"", [""A""]]]"
5EBZ,,5EBZ,0,,C,"[[""ANY"", [""C""]]]"
5EDV,,5EDV,0,,A,"[[""ANY"", [""A""]]]"
5EFQ,,5EFQ,0,,C,"[[""ANY"", [""C""]]]"
5EGG,,5EGG,0,,A,"[[""ANY"", [""A""]]]"
5EH1,,5EH1,0,,A,"[[""ANY"", [""A""]]]"
5EH2,,5EH2,0,,E,"[[""ANY"", [""E""]]]"
5EKD,,5EKD,0,,A,"[[""ANY"", [""A""]]]"
5EMC,,5EMC,0,,B,"[[""ANY"", [""B""]]]"
5EMN,,5EMN,0,,B,"[[""ANY"", [""B""]]]"
5EQX,,5EQX,0,,A,"[[""ANY"", [""A""]]]"
5ERC,,5ERC,0,,A,"[[""ANY"", [""A""]]]"
5ES1,,5ES1,0,,A,"[[""ANY"", [""A""]]]"
5EXR,,5EXR,0,,C,"[[""ANY"", [""C""]]]"
5EYA,,5EYA,0,,F,"[[""ANY"", [""F""]]]"
5EZV,,5EZV,0,,E,"[[""ANY"", [""E""]]]"
5F0J,,5F0J,0,,B,"[[""ANY"", [""B""]]]"
5F0Q,,5F0Q,0,,A,"[[""ANY"", [""A""]]]"
5F1A,,5F1A,0,,A,"[[""ANY"", [""A""]]]"
5F6K,,5F6K,0,,C,"[[""ANY"", [""C""]]]"
5FB1,,5FB1,0,,A,"[[""ANY"", [""A""]]]"
5FD3,,5FD3,0,,A,"[[""ANY"", [""A""]]]"
5FE4,,5FE4,0,,B,"[[""ANY"", [""B""]]]"
5FEY,,5FEY,0,,A,"[[""ANY"", [""A""]]]"
5FHH,,5FHH,0,,B,"[[""ANY"", [""B""]]]"
5FJV,,5FJV,0,,C,"[[""ANY"", [""C""]]]"
5FMA,,5FMA,0,,A,"[[""ANY"", [""A""]]]"
5FN5,,5FN5,0,,C,"[[""ANY"", [""C""]]]"
5FOR,,5FOR,0,,A,"[[""ANY"", [""A""]]]"
5FQD,,5FQD,0,,C,"[[""ANY"", [""C""]]]"
5FQL,,5FQL,0,,A,"[[""ANY"", [""A""]]]"
5FWJ,,5FWJ,0,,B,"[[""ANY"", [""B""]]]"
5FWS,,5FWS,0,,A,"[[""ANY"", [""A""]]]"
5G1P,,5G1P,0,,A,"[[""ANY"", [""A""]]]"
5G3M,,5G3M,0,,B,"[[""ANY"", [""B""]]]"
5G55,,5G55,0,,A,"[[""ANY"", [""A""]]]"
5GL7,,5GL7,0,,A,"[[""ANY"", [""A""]]]"
5GMV,,5GMV,0,,A,"[[""ANY"", [""A""]]]"
5GOX,,5GOX,0,,A,"[[""ANY"", [""A""]]]"
5GRH,,5GRH,0,,B,"[[""ANY"", [""B""]]]"
5GRQ,,5GRQ,0,,D,"[[""ANY"", [""D""]]]"
5GT0,,5GT0,0,,G,"[[""ANY"", [""G""]]]"
5GT3,,5GT3,0,,G,"[[""ANY"", [""G""]]]"
5GT8,,5GT8,0,,D,"[[""ANY"", [""D""]]]"
5GTJ,,5GTJ,0,,D,"[[""ANY"", [""D""]]]"
5GVE,,5GVE,0,,A,"[[""ANY"", [""A""]]]"
5GVS,,5GVS,0,,B,"[[""ANY"", [""B""]]]"
5GYN,,5GYN,0,,A,"[[""ANY"", [""A""]]]"
5H08,,5H08,0,,A,"[[""ANY"", [""A""]]]"
5H3N,,5H3N,0,,A,"[[""ANY"", [""A""]]]"
5H4Y,,5H4Y,0,,A,"[[""ANY"", [""A""]]]"
5H7R,,5H7R,0,,D,"[[""ANY"", [""D""]]]"
5H8T,,5H8T,0,,A,"[[""ANY"", [""A""]]]"
5H9M,,5H9M,0,,A,"[[""ANY"", [""A""]]]"
5HBT,,5HBT,0,,B,"[[""ANY"", [""B""]]]"
5HDA,,5HDA,0,,A,"[[""ANY"", [""A""]]]"
5HDN,,5HDN,0,,C,"[[""ANY"", [""C""]]]"
5HDT,,5HDT,0,,B,"[[""ANY"", [""B""]]]"
5HH0,,5HH0,0,,A,"[[""ANY"", [""A""]]]"
5HK1,,5HK1,0,,A,"[[""ANY"", [""A""]]]"
5HLO,,5HLO,0,,C,"[[""ANY"", [""C""]]]"
5HM7,,5HM7,0,,B,"[[""ANY"", [""B""]]]"
5HMS,,5HMS,0,,A,"[[""ANY"", [""A""]]]"
5HP5,,5HP5,0,,B,"[[""ANY"", [""B""]]]"
5HPY,,5HPY,0,,D,"[[""ANY"", [""D""]]]"
5HQ3,,5HQ3,0,,B,"[[""ANY"", [""B""]]]"
5HTK,,5HTK,0,,A,"[[""ANY"", [""A""]]]"
5HVH,,5HVH,0,,A,"[[""ANY"", [""A""]]]"
5I0I,,5I0I,0,,B,"[[""ANY"", [""B""]]]"
5I2L,,5I2L,0,,A,"[[""ANY"", [""A""]]]"
5I3R,,5I3R,0,,B,"[[""ANY"", [""B""]]]"
5I73,,5I73,0,,A,"[[""ANY"", [""A""]]]"
5I81,,5I81,0,,A,"[[""ANY"", [""A""]]]"
5I8N,,5I8N,0,,B,"[[""ANY"", [""B""]]]"
5I95,,5I95,0,,A,"[[""ANY"", [""A""]]]"
5IKO,,5IKO,0,,A,"[[""ANY"", [""A""]]]"
5INO,,5INO,0,,B,"[[""ANY"", [""B""]]]"
5IRY,,5IRY,0,,A,"[[""ANY"", [""A""]]]"
5IYD,,5IYD,0,,A,"[[""ANY"", [""A""]]]"
5IYD,,5IYD,0,,I,"[[""ANY"", [""I""]]]"
5IZQ,,5IZQ,0,,H,"[[""ANY"", [""H""]]]"
5J18,,5J18,0,,A,"[[""ANY"", [""A""]]]"
5J1S,,5J1S,0,,A,"[[""ANY"", [""A""]]]"
5J1S,,5J1S,0,,B,"[[""ANY"", [""B""]]]"
5J5T,,5J5T,0,,A,"[[""ANY"", [""A""]]]"
5J67,,5J67,0,,B,"[[""ANY"", [""B""]]]"
5J6S,,5J6S,0,,A,"[[""ANY"", [""A""]]]"
5J9S,,5J9S,0,,A,"[[""ANY"", [""A""]]]"
5JIX,,5JIX,0,,A,"[[""ANY"", [""A""]]]"
5JJ2,,5JJ2,0,,A,"[[""ANY"", [""A""]]]"
5JJD,,5JJD,0,,B,"[[""ANY"", [""B""]]]"
5JNT,,5JNT,0,,A,"[[""ANY"", [""A""]]]"
5JNX,,5JNX,0,,A,"[[""ANY"", [""A""]]]"
5JOJ,,5JOJ,0,,A,"[[""ANY"", [""A""]]]"
5JPX,,5JPX,0,,A,"[[""ANY"", [""A""]]]"
5JQS,,5JQS,0,,A,"[[""ANY"", [""A""]]]"
5JUW,,5JUW,0,,A,"[[""ANY"", [""A""]]]"
5JW7,,5JW7,0,,B,"[[""ANY"", [""B""]]]"
5K31,,5K31,0,,A,"[[""ANY"", [""A""]]]"
5K89,,5K89,0,,C,"[[""ANY"", [""C""]]]"
5KC8,,5KC8,0,,A,"[[""ANY"", [""A""]]]"
5KDI,,5KDI,0,,A,"[[""ANY"", [""A""]]]"
5KHR,,5KHR,0,,R,"[[""ANY"", [""R""]]]"
5KI9,,5KI9,0,,A,"[[""ANY"", [""A""]]]"
5KJZ,,5KJZ,0,,A,"[[""ANY"", [""A""]]]"
5KRE,,5KRE,0,,A,"[[""ANY"", [""A""]]]"
5KUJ,,5KUJ,0,,A,"[[""ANY"", [""A""]]]"
5KUT,,5KUT,0,,B,"[[""ANY"", [""B""]]]"
5KWY,,5KWY,0,,D,"[[""ANY"", [""D""]]]"
5KXI,,5KXI,0,,C,"[[""ANY"", [""C""]]]"
5KXI,,5KXI,0,,D,"[[""ANY"", [""D""]]]"
5KYA,,5KYA,0,,B,"[[""ANY"", [""B""]]]"
5KYN,,5KYN,0,,B,"[[""ANY"", [""B""]]]"
5KYU,,5KYU,0,,B,"[[""ANY"", [""B""]]]"
5KZ5,,5KZ5,0,,A,"[[""ANY"", [""A""]]]"
5KZW,,5KZW,0,,A,"[[""ANY"", [""A""]]]"
5L0V,,5L0V,0,,A,"[[""ANY"", [""A""]]]"
5L46,,5L46,0,,B,"[[""ANY"", [""B""]]]"
5L4Q,,5L4Q,0,,A,"[[""ANY"", [""A""]]]"
5L6P,,5L6P,0,,A,"[[""ANY"", [""A""]]]"
5L73,,5L73,0,,B,"[[""ANY"", [""B""]]]"
5L78,,5L78,0,,B,"[[""ANY"", [""B""]]]"
5L8W,,5L8W,0,,A,"[[""ANY"", [""A""]]]"
5LA7,,5LA7,0,,A,"[[""ANY"", [""A""]]]"
5LBZ,,5LBZ,0,,B,"[[""ANY"", [""B""]]]"
5LG0,,5LG0,0,,A,"[[""ANY"", [""A""]]]"
5LOH,,5LOH,0,,A,"[[""ANY"", [""A""]]]"
5LPF,,5LPF,0,,A,"[[""ANY"", [""A""]]]"
5LPI,,5LPI,0,,C,"[[""ANY"", [""C""]]]"
5LPX,,5LPX,0,,A,"[[""ANY"", [""A""]]]"
5LUC,,5LUC,0,,A,"[[""ANY"", [""A""]]]"
5LUG,,5LUG,0,,A,"[[""ANY"", [""A""]]]"
5LV0,,5LV0,0,,A,"[[""ANY"", [""A""]]]"
5LWE,,5LWE,0,,A,"[[""ANY"", [""A""]]]"
5LX6,,5LX6,0,,A,"[[""ANY"", [""A""]]]"
5LX9,,5LX9,0,,A,"[[""ANY"", [""A""]]]"
5LYO,,5LYO,0,,A,"[[""ANY"", [""A""]]]"
5LZK,,5LZK,0,,A,"[[""ANY"", [""A""]]]"
5LZT,,5LZT,0,,JJ,"[[""ANY"", [""J"", ""J""]]]"
5M5A,,5M5A,0,,A,"[[""ANY"", [""A""]]]"
5M6C,,5M6C,0,,E,"[[""ANY"", [""E""]]]"
5M8S,,5M8S,0,,A,"[[""ANY"", [""A""]]]"
5M9N,,5M9N,0,,B,"[[""ANY"", [""B""]]]"
5MC2,,5MC2,0,,B,"[[""ANY"", [""B""]]]"
5MEY,,5MEY,0,,A,"[[""ANY"", [""A""]]]"
5MGS,,5MGS,0,,C,"[[""ANY"", [""C""]]]"
5MJ6,,5MJ6,0,,B,"[[""ANY"", [""B""]]]"
5MKF,,5MKF,0,,D,"[[""ANY"", [""D""]]]"
5MKW,,5MKW,0,,B,"[[""ANY"", [""B""]]]"
5MLO,,5MLO,0,,A,"[[""ANY"", [""A""]]]"
5MNJ,,5MNJ,0,,D,"[[""ANY"", [""D""]]]"
5MNW,,5MNW,0,,A,"[[""ANY"", [""A""]]]"
5MP0,,5MP0,0,,D,"[[""ANY"", [""D""]]]"
5MQ4,,5MQ4,0,,D,"[[""ANY"", [""D""]]]"
5MRI,,5MRI,0,,A,"[[""ANY"", [""A""]]]"
5MRV,,5MRV,0,,A,"[[""ANY"", [""A""]]]"
5MS3,,5MS3,0,,A,"[[""ANY"", [""A""]]]"
5MS9,,5MS9,0,,A,"[[""ANY"", [""A""]]]"
5MVX,,5MVX,0,,A,"[[""ANY"", [""A""]]]"
5MW7,,5MW7,0,,A,"[[""ANY"", [""A""]]]"
5MWA,,5MWA,0,,A,"[[""ANY"", [""A""]]]"
5MWB,,5MWB,0,,A,"[[""ANY"", [""A""]]]"
5N2W,,5N2W,0,,A,"[[""ANY"", [""A""]]]"
5NAL,,5NAL,0,,B,"[[""ANY"", [""B""]]]"
5NCG,,5NCG,0,,B,"[[""ANY"", [""B""]]]"
5NFO,,5NFO,0,,B,"[[""ANY"", [""B""]]]"
5NGZ,,5NGZ,0,,A,"[[""ANY"", [""A""]]]"
5NHG,,5NHG,0,,A,"[[""ANY"", [""A""]]]"
5NID,,5NID,0,,A,"[[""ANY"", [""A""]]]"
5NLV,,5NLV,0,,A,"[[""ANY"", [""A""]]]"
5NUV,,5NUV,0,,A,"[[""ANY"", [""A""]]]"
5O0Y,,5O0Y,0,,A,"[[""ANY"", [""A""]]]"
5O2C,,5O2C,0,,A,"[[""ANY"", [""A""]]]"
5O4E,,5O4E,0,,B,"[[""ANY"", [""B""]]]"
5O76,,5O76,0,,A,"[[""ANY"", [""A""]]]"
5O9B,,5O9B,0,,A,"[[""ANY"", [""A""]]]"
5O9H,,5O9H,0,,A,"[[""ANY"", [""A""]]]"
5O9Z,,5O9Z,0,,C,"[[""ANY"", [""C""]]]"
5OC7,,5OC7,0,,D,"[[""ANY"", [""D""]]]"
5OCU,,5OCU,0,,K,"[[""ANY"", [""K""]]]"
5OF9,,5OF9,0,,B,"[[""ANY"", [""B""]]]"
5OGJ,,5OGJ,0,,A,"[[""ANY"", [""A""]]]"
5OHN,,5OHN,0,,C,"[[""ANY"", [""C""]]]"
5OKL,,5OKL,0,,B,"[[""ANY"", [""B""]]]"
5OKM,,5OKM,0,,A,"[[""ANY"", [""A""]]]"
5OLM,,5OLM,0,,A,"[[""ANY"", [""A""]]]"
5OM2,,5OM2,0,,B,"[[""ANY"", [""B""]]]"
5ONA,,5ONA,0,,B,"[[""ANY"", [""B""]]]"
5OO6,,5OO6,0,,M,"[[""ANY"", [""M""]]]"
5OP8,,5OP8,0,,A,"[[""ANY"", [""A""]]]"
5OXS,,5OXS,0,,C,"[[""ANY"", [""C""]]]"
5OY9,,5OY9,0,,D,"[[""ANY"", [""D""]]]"
5Q1O,,5Q1O,0,,A,"[[""ANY"", [""A""]]]"
5QIN,,5QIN,0,,A,"[[""ANY"", [""A""]]]"
5QQR,,5QQR,0,,A,"[[""ANY"", [""A""]]]"
5RZ8,,5RZ8,0,,A,"[[""ANY"", [""A""]]]"
5SSY,,5SSY,0,,A,"[[""ANY"", [""A""]]]"
5SVE,,5SVE,0,,B,"[[""ANY"", [""B""]]]"
5SVK,,5SVK,0,,A,"[[""ANY"", [""A""]]]"
5SYM,,5SYM,0,,B,"[[""ANY"", [""B""]]]"
5SYN,,5SYN,0,,D,"[[""ANY"", [""D""]]]"
5SZJ,,5SZJ,0,,A,"[[""ANY"", [""A""]]]"
5T01,,5T01,0,,A,"[[""ANY"", [""A""]]]"
5T1I,,5T1I,0,,A,"[[""ANY"", [""A""]]]"
5T3P,,5T3P,0,,C,"[[""ANY"", [""C""]]]"
5T53,,5T53,0,,A,"[[""ANY"", [""A""]]]"
5T9J,,5T9J,0,,A,"[[""ANY"", [""A""]]]"
5TBN,,5TBN,0,,A,"[[""ANY"", [""A""]]]"
5TBY,,5TBY,0,,A,"[[""ANY"", [""A""]]]"
5TCD,,5TCD,0,,A,"[[""ANY"", [""A""]]]"
5TD9,,5TD9,0,,B,"[[""ANY"", [""B""]]]"
5TDB,,5TDB,0,,A,"[[""ANY"", [""A""]]]"
5TDC,,5TDC,0,,A,"[[""ANY"", [""A""]]]"
5TE8,,5TE8,0,,C,"[[""ANY"", [""C""]]]"
5TEE,,5TEE,0,,A,"[[""ANY"", [""A""]]]"
5TFM,,5TFM,0,,A,"[[""ANY"", [""A""]]]"
5TKM,,5TKM,0,,A,"[[""ANY"", [""A""]]]"
5TL9,,5TL9,0,,A,"[[""ANY"", [""A""]]]"
5TQH,,5TQH,0,,C,"[[""ANY"", [""C""]]]"
5TWX,,5TWX,0,,B,"[[""ANY"", [""B""]]]"
5TXF,,5TXF,0,,B,"[[""ANY"", [""B""]]]"
5TXK,,5TXK,0,,A,"[[""ANY"", [""A""]]]"
5TZV,,5TZV,0,,A,"[[""ANY"", [""A""]]]"
5U03,,5U03,0,,C,"[[""ANY"", [""C""]]]"
5U1D,,5U1D,0,,A,"[[""ANY"", [""A""]]]"
5U6B,,5U6B,0,,C,"[[""ANY"", [""C""]]]"
5U6H,,5U6H,0,,A,"[[""ANY"", [""A""]]]"
5U6L,,5U6L,0,,A,"[[""ANY"", [""A""]]]"
5U7Z,,5U7Z,0,,D,"[[""ANY"", [""D""]]]"
5U9A,,5U9A,0,,A,"[[""ANY"", [""A""]]]"
5UBA,,5UBA,0,,A,"[[""ANY"", [""A""]]]"
5UC6,,5UC6,0,,A,"[[""ANY"", [""A""]]]"
5UD7,,5UD7,0,,E,"[[""ANY"", [""E""]]]"
5UDZ,,5UDZ,0,,B,"[[""ANY"", [""B""]]]"
5UGW,,5UGW,0,,A,"[[""ANY"", [""A""]]]"
5ULO,,5ULO,0,,B,"[[""ANY"", [""B""]]]"
5UX6,,5UX6,0,,A,"[[""ANY"", [""A""]]]"
5UZR,,5UZR,0,,D,"[[""ANY"", [""D""]]]"
5V1B,,5V1B,0,,A,"[[""ANY"", [""A""]]]"
5V54,,5V54,0,,A,"[[""ANY"", [""A""]]]"
5V9P,,5V9P,0,,A,"[[""ANY"", [""A""]]]"
5VAN,,5VAN,0,,A,"[[""ANY"", [""A""]]]"
5VBN,,5VBN,0,,B,"[[""ANY"", [""B""]]]"
5VC8,,5VC8,0,,B,"[[""ANY"", [""B""]]]"
5VC9,,5VC9,0,,C,"[[""ANY"", [""C""]]]"
5VCM,,5VCM,0,,A,"[[""ANY"", [""A""]]]"
5VDI,,5VDI,0,,D,"[[""ANY"", [""D""]]]"
5VDK,,5VDK,0,,A,"[[""ANY"", [""A""]]]"
5VE9,,5VE9,0,,B,"[[""ANY"", [""B""]]]"
5VEM,,5VEM,0,,A,"[[""ANY"", [""A""]]]"
5VF0,,5VF0,0,,B,"[[""ANY"", [""B""]]]"
5VGR,,5VGR,0,,A,"[[""ANY"", [""A""]]]"
5VIL,,5VIL,0,,D,"[[""ANY"", [""D""]]]"
5VKJ,,5VKJ,0,,A,"[[""ANY"", [""A""]]]"
5VMD,,5VMD,0,,C,"[[""ANY"", [""C""]]]"
5VMY,,5VMY,0,,A,"[[""ANY"", [""A""]]]"
5VNJ,,5VNJ,0,,B,"[[""ANY"", [""B""]]]"
5VQP,,5VQP,0,,A,"[[""ANY"", [""A""]]]"
5VVM,,5VVM,0,,A,"[[""ANY"", [""A""]]]"
5VXA,,5VXA,0,,A,"[[""ANY"", [""A""]]]"
5VYB,,5VYB,0,,A,"[[""ANY"", [""A""]]]"
5VZT,,5VZT,0,,D,"[[""ANY"", [""D""]]]"
5VZV,,5VZV,0,,A,"[[""ANY"", [""A""]]]"
5W0C,,5W0C,0,,A,"[[""ANY"", [""A""]]]"
5W1W,,5W1W,0,,P,"[[""ANY"", [""P""]]]"
5W21,,5W21,0,,A,"[[""ANY"", [""A""]]]"
5W21,,5W21,0,,B,"[[""ANY"", [""B""]]]"
5W45,,5W45,0,,B,"[[""ANY"", [""B""]]]"
5W49,,5W49,0,,B,"[[""ANY"", [""B""]]]"
5W8H,,5W8H,0,,B,"[[""ANY"", [""B""]]]"
5W9Q,,5W9Q,0,,A,"[[""ANY"", [""A""]]]"
5W9S,,5W9S,0,,C,"[[""ANY"", [""C""]]]"
5WCH,,5WCH,0,,B,"[[""ANY"", [""B""]]]"
5WCJ,,5WCJ,0,,A,"[[""ANY"", [""A""]]]"
5WDE,,5WDE,0,,A,"[[""ANY"", [""A""]]]"
5WDH,,5WDH,0,,A,"[[""ANY"", [""A""]]]"
5WDI,,5WDI,0,,B,"[[""ANY"", [""B""]]]"
5WE8,,5WE8,0,,A,"[[""ANY"", [""A""]]]"
5WJ6,,5WJ6,0,,D,"[[""ANY"", [""D""]]]"
5WJ8,,5WJ8,0,,A,"[[""ANY"", [""A""]]]"
5WMU,,5WMU,0,,A,"[[""ANY"", [""A""]]]"
5WP9,,5WP9,0,,I,"[[""ANY"", [""I""]]]"
5WRI,,5WRI,0,,A,"[[""ANY"", [""A""]]]"
5WU5,,5WU5,0,,D,"[[""ANY"", [""D""]]]"
5WVE,,5WVE,0,,O,"[[""ANY"", [""O""]]]"
5WWT,,5WWT,0,,B,"[[""ANY"", [""B""]]]"
5WY8,,5WY8,0,,B,"[[""ANY"", [""B""]]]"
5WYX,,5WYX,0,,A,"[[""ANY"", [""A""]]]"
5WZU,,5WZU,0,,A,"[[""ANY"", [""A""]]]"
5X02,,5X02,0,,A,"[[""ANY"", [""A""]]]"
5X49,,5X49,0,,A,"[[""ANY"", [""A""]]]"
5X57,,5X57,0,,A,"[[""ANY"", [""A""]]]"
5X68,,5X68,0,,B,"[[""ANY"", [""B""]]]"
5X6T,,5X6T,0,,A,"[[""ANY"", [""A""]]]"
5X9B,,5X9B,0,,A,"[[""ANY"", [""A""]]]"
5XAU,,5XAU,0,,D,"[[""ANY"", [""D""]]]"
5XFP,,5XFP,0,,A,"[[""ANY"", [""A""]]]"
5XFR,,5XFR,0,,A,"[[""ANY"", [""A""]]]"
5XG7,,5XG7,0,,A,"[[""ANY"", [""A""]]]"
5XGC,,5XGC,0,,A,"[[""ANY"", [""A""]]]"
5XHT,,5XHT,0,,A,"[[""ANY"", [""A""]]]"
5XIR,,5XIR,0,,A,"[[""ANY"", [""A""]]]"
5XMY,,5XMY,0,,C,"[[""ANY"", [""C""]]]"
5XOF,,5XOF,0,,B,"[[""ANY"", [""B""]]]"
5XTB,,5XTB,0,,A,"[[""ANY"", [""A""]]]"
5XTB,,5XTB,0,,B,"[[""ANY"", [""B""]]]"
5XTB,,5XTB,0,,C,"[[""ANY"", [""C""]]]"
5XTB,,5XTB,0,,E,"[[""ANY"", [""E""]]]"
5XTB,,5XTB,0,,J,"[[""ANY"", [""J""]]]"
5XTB,,5XTB,0,,M,"[[""ANY"", [""M""]]]"
5XTB,,5XTB,0,,O,"[[""ANY"", [""O""]]]"
5XTD,,5XTD,0,,Q,"[[""ANY"", [""Q""]]]"
5XTE,,5XTE,0,,J,"[[""ANY"", [""J""]]]"
5XTE,,5XTE,0,,P,"[[""ANY"", [""P""]]]"
5XTE,,5XTE,0,,Q,"[[""ANY"", [""Q""]]]"
5XTE,,5XTE,0,,T,"[[""ANY"", [""T""]]]"
5XTE,,5XTE,0,,U,"[[""ANY"", [""U""]]]"
5XTE,,5XTE,0,,Y,"[[""ANY"", [""Y""]]]"
5XTS,,5XTS,0,,A,"[[""ANY"", [""A""]]]"
5XV1,,5XV1,0,,B,"[[""ANY"", [""B""]]]"
5XWM,,5XWM,0,,A,"[[""ANY"", [""A""]]]"
5XY1,,5XY1,0,,A,"[[""ANY"", [""A""]]]"
5Y0U,,5Y0U,0,,A,"[[""ANY"", [""A""]]]"
5Y1Z,,5Y1Z,0,,C,"[[""ANY"", [""C""]]]"
5Y2Z,,5Y2Z,0,,G,"[[""ANY"", [""G""]]]"
5Y6L,,5Y6L,0,,A,"[[""ANY"", [""A""]]]"
5Y7N,,5Y7N,0,,A,"[[""ANY"", [""A""]]]"
5Y86,,5Y86,0,,A,"[[""ANY"", [""A""]]]"
5Y9J,,5Y9J,0,,A,"[[""ANY"", [""A""]]]"
5YAK,,5YAK,0,,E,"[[""ANY"", [""E""]]]"
5YDK,,5YDK,0,,F,"[[""ANY"", [""F""]]]"
5YF2,,5YF2,0,,B,"[[""ANY"", [""B""]]]"
5YF4,,5YF4,0,,A,"[[""ANY"", [""A""]]]"
5YH3,,5YH3,0,,A,"[[""ANY"", [""A""]]]"
5YJ3,,5YJ3,0,,C,"[[""ANY"", [""C""]]]"
5YOY,,5YOY,0,,J,"[[""ANY"", [""J""]]]"
5YP7,,5YP7,0,,A,"[[""ANY"", [""A""]]]"
5YT3,,5YT3,0,,B,"[[""ANY"", [""B""]]]"
5YV8,,5YV8,0,,A,"[[""ANY"", [""A""]]]"
5YWR,,5YWR,0,,B,"[[""ANY"", [""B""]]]"
5YWY,,5YWY,0,,A,"[[""ANY"", [""A""]]]"
5YX9,,5YX9,0,,B,"[[""ANY"", [""B""]]]"
5YZ9,,5YZ9,0,,A,"[[""ANY"", [""A""]]]"
5Z62,,5Z62,0,,A,"[[""ANY"", [""A""]]]"
5Z62,,5Z62,0,,B,"[[""ANY"", [""B""]]]"
5Z8X,,5Z8X,0,,C,"[[""ANY"", [""C""]]]"
5Z8Y,,5Z8Y,0,,B,"[[""ANY"", [""B""]]]"
5ZC4,,5ZC4,0,,D,"[[""ANY"", [""D""]]]"
5ZCJ,,5ZCJ,0,,C,"[[""ANY"", [""C""]]]"
5ZE3,,5ZE3,0,,A,"[[""ANY"", [""A""]]]"
5ZGG,,5ZGG,0,,B,"[[""ANY"", [""B""]]]"
5ZI6,,5ZI6,0,,G,"[[""ANY"", [""G""]]]"
5ZKI,,5ZKI,0,,A,"[[""ANY"", [""A""]]]"
5ZLE,,5ZLE,0,,A,"[[""ANY"", [""A""]]]"
5ZM6,,5ZM6,0,,A,"[[""ANY"", [""A""]]]"
5ZM8,,5ZM8,0,,B,"[[""ANY"", [""B""]]]"
5ZMD,,5ZMD,0,,A,"[[""ANY"", [""A""]]]"
5ZOO,,5ZOO,0,,G,"[[""ANY"", [""G""]]]"
5ZQM,,5ZQM,0,,A,"[[""ANY"", [""A""]]]"
5ZRT,,5ZRT,0,,A,"[[""ANY"", [""A""]]]"
5ZXD,,5ZXD,0,,A,"[[""ANY"", [""A""]]]"
5ZYW,,5ZYW,0,,A,"[[""ANY"", [""A""]]]"
6A3Z,,6A3Z,0,,A,"[[""ANY"", [""A""]]]"
6A5S,,6A5S,0,,D,"[[""ANY"", [""D""]]]"
6A72,,6A72,0,,A,"[[""ANY"", [""A""]]]"
6AGJ,,6AGJ,0,,B,"[[""ANY"", [""B""]]]"
6AHD,,6AHD,0,,Y,"[[""ANY"", [""Y""]]]"
6AJK,,6AJK,0,,A,"[[""ANY"", [""A""]]]"
6AKP,,6AKP,0,,C,"[[""ANY"", [""C""]]]"
6APL,,6APL,0,,F,"[[""ANY"", [""F""]]]"
6ASB,,6ASB,0,,I,"[[""ANY"", [""I""]]]"
6ASD,,6ASD,0,,C,"[[""ANY"", [""C""]]]"
6AVJ,,6AVJ,0,,C,"[[""ANY"", [""C""]]]"
6AWL,,6AWL,0,,B,"[[""ANY"", [""B""]]]"
6AXF,,6AXF,0,,D,"[[""ANY"", [""D""]]]"
6B1U,,6B1U,0,,A,"[[""ANY"", [""A""]]]"
6B42,,6B42,0,,A,"[[""ANY"", [""A""]]]"
6B67,,6B67,0,,B,"[[""ANY"", [""B""]]]"
6B7H,,6B7H,0,,A,"[[""ANY"", [""A""]]]"
6BBN,,6BBN,0,,E,"[[""ANY"", [""E""]]]"
6BCU,,6BCU,0,,A,"[[""ANY"", [""A""]]]"
6BCU,,6BCU,0,,R,"[[""ANY"", [""R""]]]"
6BD2,,6BD2,0,,B,"[[""ANY"", [""B""]]]"
6BDN,,6BDN,0,,A,"[[""ANY"", [""A""]]]"
6BFN,,6BFN,0,,A,"[[""ANY"", [""A""]]]"
6BHD,,6BHD,0,,A,"[[""ANY"", [""A""]]]"
6BJD,,6BJD,0,,C,"[[""ANY"", [""C""]]]"
6BQ1,,6BQ1,0,,A,"[[""ANY"", [""A""]]]"
6BT1,,6BT1,0,,A,"[[""ANY"", [""A""]]]"
6BTH,,6BTH,0,,B,"[[""ANY"", [""B""]]]"
6BTY,,6BTY,0,,B,"[[""ANY"", [""B""]]]"
6BW6,,6BW6,0,,B,"[[""ANY"", [""B""]]]"
6BX7,,6BX7,0,,A,"[[""ANY"", [""A""]]]"
6BXI,,6BXI,0,,A,"[[""ANY"", [""A""]]]"
6BYV,,6BYV,0,,A,"[[""ANY"", [""A""]]]"
6C02,,6C02,0,,B,"[[""ANY"", [""B""]]]"
6C15,,6C15,0,,A,"[[""ANY"", [""A""]]]"
6C1T,,6C1T,0,,D,"[[""ANY"", [""D""]]]"
6C2W,,6C2W,0,,B,"[[""ANY"", [""B""]]]"
6C3O,,6C3O,0,,B,"[[""ANY"", [""B""]]]"
6C3O,,6C3O,0,,G,"[[""ANY"", [""G""]]]"
6C56,,6C56,0,,A,"[[""ANY"", [""A""]]]"
6C6P,,6C6P,0,,A,"[[""ANY"", [""A""]]]"
6C9M,,6C9M,0,,C,"[[""ANY"", [""C""]]]"
6CBD,,6CBD,0,,A,"[[""ANY"", [""A""]]]"
6CCF,,6CCF,0,,B,"[[""ANY"", [""B""]]]"
6CES,,6CES,0,,C,"[[""ANY"", [""C""]]]"
6CFV,,6CFV,0,,A,"[[""ANY"", [""A""]]]"
6CHD,,6CHD,0,,A,"[[""ANY"", [""A""]]]"
6CKO,,6CKO,0,,B,"[[""ANY"", [""B""]]]"
6CPH,,6CPH,0,,D,"[[""ANY"", [""D""]]]"
6CRF,,6CRF,0,,A,"[[""ANY"", [""A""]]]"
6CT2,,6CT2,0,,A,"[[""ANY"", [""A""]]]"
6CVO,,6CVO,0,,A,"[[""ANY"", [""A""]]]"
6CZS,,6CZS,0,,A,"[[""ANY"", [""A""]]]"
6D3K,,6D3K,0,,B,"[[""ANY"", [""B""]]]"
6D58,,6D58,0,,B,"[[""ANY"", [""B""]]]"
6D6Q,,6D6Q,0,,K,"[[""ANY"", [""K""]]]"
6D6U,,6D6U,0,,E,"[[""ANY"", [""E""]]]"
6D71,,6D71,0,,B,"[[""ANY"", [""B""]]]"
6DC6,,6DC6,0,,A,"[[""ANY"", [""A""]]]"
6DRC,,6DRC,0,,A,"[[""ANY"", [""A""]]]"
6DS6,,6DS6,0,,A,"[[""ANY"", [""A""]]]"
6DU3,,6DU3,0,,B,"[[""ANY"", [""B""]]]"
6DXW,,6DXW,0,,C,"[[""ANY"", [""C""]]]"
6DXX,,6DXX,0,,A,"[[""ANY"", [""A""]]]"
6DZ0,,6DZ0,0,,A,"[[""ANY"", [""A""]]]"
6E08,,6E08,0,,L,"[[""ANY"", [""L""]]]"
6E2G,,6E2G,0,,E,"[[""ANY"", [""E""]]]"
6E2J,,6E2J,0,,B,"[[""ANY"", [""B""]]]"
6E5V,,6E5V,0,,B,"[[""ANY"", [""B""]]]"
6E7Z,,6E7Z,0,,B,"[[""ANY"", [""B""]]]"
6E83,,6E83,0,,B,"[[""ANY"", [""B""]]]"
6E94,,6E94,0,,A,"[[""ANY"", [""A""]]]"
6ECP,,6ECP,0,,B,"[[""ANY"", [""B""]]]"
6EI1,,6EI1,0,,A,"[[""ANY"", [""A""]]]"
6EJA,,6EJA,0,,A,"[[""ANY"", [""A""]]]"
6EN6,,6EN6,0,,D,"[[""ANY"", [""D""]]]"
6ENP,,6ENP,0,,A,"[[""ANY"", [""A""]]]"
6F0X,,6F0X,0,,F,"[[""ANY"", [""F""]]]"
6F1C,,6F1C,0,,C,"[[""ANY"", [""C""]]]"
6F1C,,6F1C,0,,D,"[[""ANY"", [""D""]]]"
6F4N,,6F4N,0,,B,"[[""ANY"", [""B""]]]"
6F4U,,6F4U,0,,A,"[[""ANY"", [""A""]]]"
6F7B,,6F7B,0,,A,"[[""ANY"", [""A""]]]"
6F7H,,6F7H,0,,B,"[[""ANY"", [""B""]]]"
6F8G,,6F8G,0,,D,"[[""ANY"", [""D""]]]"
6FAD,,6FAD,0,,A,"[[""ANY"", [""A""]]]"
6FD3,,6FD3,0,,A,"[[""ANY"", [""A""]]]"
6FDZ,,6FDZ,0,,U,"[[""ANY"", [""U""]]]"
6FER,,6FER,0,,J,"[[""ANY"", [""J""]]]"
6FGP,,6FGP,0,,B,"[[""ANY"", [""B""]]]"
6FI1,,6FI1,0,,B,"[[""ANY"", [""B""]]]"
6FIE,,6FIE,0,,B,"[[""ANY"", [""B""]]]"
6FP6,,6FP6,0,,T,"[[""ANY"", [""T""]]]"
6FPZ,,6FPZ,0,,A,"[[""ANY"", [""A""]]]"
6FUL,,6FUL,0,,A,"[[""ANY"", [""A""]]]"
6FW0,,6FW0,0,,B,"[[""ANY"", [""B""]]]"
6FX0,,6FX0,0,,A,"[[""ANY"", [""A""]]]"
6FXH,,6FXH,0,,A,"[[""ANY"", [""A""]]]"
6FYV,,6FYV,0,,A,"[[""ANY"", [""A""]]]"
6FZT,,6FZT,0,,A,"[[""ANY"", [""A""]]]"
6FZV,,6FZV,0,,A,"[[""ANY"", [""A""]]]"
6FZV,,6FZV,0,,D,"[[""ANY"", [""D""]]]"
6G28,,6G28,0,,A,"[[""ANY"", [""A""]]]"
6G2N,,6G2N,0,,B,"[[""ANY"", [""B""]]]"
6G2T,,6G2T,0,,E,"[[""ANY"", [""E""]]]"
6G3T,,6G3T,0,,A,"[[""ANY"", [""A""]]]"
6G6W,,6G6W,0,,A,"[[""ANY"", [""A""]]]"
6G77,,6G77,0,,B,"[[""ANY"", [""B""]]]"
6G99,,6G99,0,,B,"[[""ANY"", [""B""]]]"
6GFA,,6GFA,0,,A,"[[""ANY"", [""A""]]]"
6GFB,,6GFB,0,,B,"[[""ANY"", [""B""]]]"
6GH8,,6GH8,0,,A,"[[""ANY"", [""A""]]]"
6GL3,,6GL3,0,,A,"[[""ANY"", [""A""]]]"
6GMA,,6GMA,0,,D,"[[""ANY"", [""D""]]]"
6GQ3,,6GQ3,0,,B,"[[""ANY"", [""B""]]]"
6GR8,,6GR8,0,,A,"[[""ANY"", [""A""]]]"
6GUU,,6GUU,0,,A,"[[""ANY"", [""A""]]]"
6GWJ,,6GWJ,0,,K,"[[""ANY"", [""K""]]]"
6H1H,,6H1H,0,,A,"[[""ANY"", [""A""]]]"
6H2V,,6H2V,0,,A,"[[""ANY"", [""A""]]]"
6H41,,6H41,0,,A,"[[""ANY"", [""A""]]]"
6H64,,6H64,0,,A,"[[""ANY"", [""A""]]]"
6H78,,6H78,0,,M,"[[""ANY"", [""M""]]]"
6H7E,,6H7E,0,,A,"[[""ANY"", [""A""]]]"
6HA3,,6HA3,0,,A,"[[""ANY"", [""A""]]]"
6HCY,,6HCY,0,,A,"[[""ANY"", [""A""]]]"
6HCZ,,6HCZ,0,,A,"[[""ANY"", [""A""]]]"
6HDP,,6HDP,0,,A,"[[""ANY"", [""A""]]]"
6HDU,,6HDU,0,,D,"[[""ANY"", [""D""]]]"
6HGO,,6HGO,0,,C,"[[""ANY"", [""C""]]]"
6HGQ,,6HGQ,0,,C,"[[""ANY"", [""C""]]]"
6HH2,,6HH2,0,,A,"[[""ANY"", [""A""]]]"
6HPR,,6HPR,0,,A,"[[""ANY"", [""A""]]]"
6HTS,,6HTS,0,,R,"[[""ANY"", [""R""]]]"
6HUF,,6HUF,0,,L,"[[""ANY"", [""L""]]]"
6HX7,,6HX7,0,,B,"[[""ANY"", [""B""]]]"
6HXL,,6HXL,0,,D,"[[""ANY"", [""D""]]]"
6HZM,,6HZM,0,,B,"[[""ANY"", [""B""]]]"
6HZN,,6HZN,0,,A,"[[""ANY"", [""A""]]]"
6I01,,6I01,0,,A,"[[""ANY"", [""A""]]]"
6I0Z,,6I0Z,0,,A,"[[""ANY"", [""A""]]]"
6I35,,6I35,0,,A,"[[""ANY"", [""A""]]]"
6I3V,,6I3V,0,,F,"[[""ANY"", [""F""]]]"
6I58,,6I58,0,,A,"[[""ANY"", [""A""]]]"
6I5I,,6I5I,0,,A,"[[""ANY"", [""A""]]]"
6I79,,6I79,0,,B,"[[""ANY"", [""B""]]]"
6I99,,6I99,0,,A,"[[""ANY"", [""A""]]]"
6IAA,,6IAA,0,,C,"[[""ANY"", [""C""]]]"
6ID0,,6ID0,0,,A,"[[""ANY"", [""A""]]]"
6IE2,,6IE2,0,,D,"[[""ANY"", [""D""]]]"
6IEU,,6IEU,0,,A,"[[""ANY"", [""A""]]]"
6IIE,,6IIE,0,,A,"[[""ANY"", [""A""]]]"
6IJY,,6IJY,0,,B,"[[""ANY"", [""B""]]]"
6ILZ,,6ILZ,0,,G,"[[""ANY"", [""G""]]]"
6IMQ,,6IMQ,0,,C,"[[""ANY"", [""C""]]]"
6IP5,,6IP5,0,,2Z,"[[""ANY"", [""2"", ""Z""]]]"
6IRS,,6IRS,0,,B,"[[""ANY"", [""B""]]]"
6IRV,,6IRV,0,,A,"[[""ANY"", [""A""]]]"
6IW6,,6IW6,0,,B,"[[""ANY"", [""B""]]]"
6IWR,,6IWR,0,,D,"[[""ANY"", [""D""]]]"
6J07,,6J07,0,,B,"[[""ANY"", [""B""]]]"
6J0L,,6J0L,0,,B,"[[""ANY"", [""B""]]]"
6J3P,,6J3P,0,,A,"[[""ANY"", [""A""]]]"
6J4U,,6J4U,0,,B,"[[""ANY"", [""B""]]]"
6J4V,,6J4V,0,,A,"[[""ANY"", [""A""]]]"
6J6X,,6J6X,0,,A,"[[""ANY"", [""A""]]]"
6JBJ,,6JBJ,0,,A,"[[""ANY"", [""A""]]]"
6JFM,,6JFM,0,,A,"[[""ANY"", [""A""]]]"
6JK6,,6JK6,0,,A,"[[""ANY"", [""A""]]]"
6JK8,,6JK8,0,,B,"[[""ANY"", [""B""]]]"
6JKG,,6JKG,0,,B,"[[""ANY"", [""B""]]]"
6JOU,,6JOU,0,,G,"[[""ANY"", [""G""]]]"
6JT0,,6JT0,0,,A,"[[""ANY"", [""A""]]]"
6JUU,,6JUU,0,,A,"[[""ANY"", [""A""]]]"
6JXR,,6JXR,0,,G,"[[""ANY"", [""G""]]]"
6K19,,6K19,0,,B,"[[""ANY"", [""B""]]]"
6K2K,,6K2K,0,,A,"[[""ANY"", [""A""]]]"
6K2Z,,6K2Z,0,,A,"[[""ANY"", [""A""]]]"
6K71,,6K71,0,,D,"[[""ANY"", [""D""]]]"
6K71,,6K71,0,,G,"[[""ANY"", [""G""]]]"
6K72,,6K72,0,,L,"[[""ANY"", [""L""]]]"
6K7K,,6K7K,0,,A,"[[""ANY"", [""A""]]]"
6KCZ,,6KCZ,0,,A,"[[""ANY"", [""A""]]]"
6KD5,,6KD5,0,,A,"[[""ANY"", [""A""]]]"
6KDQ,,6KDQ,0,,A,"[[""ANY"", [""A""]]]"
6KDS,,6KDS,0,,A,"[[""ANY"", [""A""]]]"
6KDY,,6KDY,0,,E,"[[""ANY"", [""E""]]]"
6KGJ,,6KGJ,0,,A,"[[""ANY"", [""A""]]]"
6KHE,,6KHE,0,,A,"[[""ANY"", [""A""]]]"
6KHF,,6KHF,0,,A,"[[""ANY"", [""A""]]]"
6KMR,,6KMR,0,,B,"[[""ANY"", [""B""]]]"
6KQY,,6KQY,0,,A,"[[""ANY"", [""A""]]]"
6KS0,,6KS0,0,,A,"[[""ANY"", [""A""]]]"
6KUX,,6KUX,0,,A,"[[""ANY"", [""A""]]]"
6KZP,,6KZP,0,,A,"[[""ANY"", [""A""]]]"
6KZQ,,6KZQ,0,,A,"[[""ANY"", [""A""]]]"
6L3T,,6L3T,0,,A,"[[""ANY"", [""A""]]]"
6L5M,,6L5M,0,,C,"[[""ANY"", [""C""]]]"
6L6I,,6L6I,0,,A,"[[""ANY"", [""A""]]]"
6L6L,,6L6L,0,,A,"[[""ANY"", [""A""]]]"
6L8U,,6L8U,0,,B,"[[""ANY"", [""B""]]]"
6L99,,6L99,0,,A,"[[""ANY"", [""A""]]]"
6LBI,,6LBI,0,,G,"[[""ANY"", [""G""]]]"
6LC1,,6LC1,0,,J,"[[""ANY"", [""J""]]]"
6LCA,,6LCA,0,,F,"[[""ANY"", [""F""]]]"
6LFO,,6LFO,0,,R,"[[""ANY"", [""R""]]]"
6LH4,,6LH4,0,,C,"[[""ANY"", [""C""]]]"
6LIT,,6LIT,0,,A,"[[""ANY"", [""A""]]]"
6LJE,,6LJE,0,,B,"[[""ANY"", [""B""]]]"
6LJP,,6LJP,0,,A,"[[""ANY"", [""A""]]]"
6LKN,,6LKN,0,,N,"[[""ANY"", [""N""]]]"
6LMR,,6LMR,0,,A,"[[""ANY"", [""A""]]]"
6LN5,,6LN5,0,,A,"[[""ANY"", [""A""]]]"
6LPG,,6LPG,0,,A,"[[""ANY"", [""A""]]]"
6LPN,,6LPN,0,,B,"[[""ANY"", [""B""]]]"
6LQA,,6LQA,0,,B,"[[""ANY"", [""B""]]]"
6LTJ,,6LTJ,0,,L,"[[""ANY"", [""L""]]]"
6M02,,6M02,0,,B,"[[""ANY"", [""B""]]]"
6M06,,6M06,0,,A,"[[""ANY"", [""A""]]]"
6M1D,,6M1D,0,,B,"[[""ANY"", [""B""]]]"
6M23,,6M23,0,,B,"[[""ANY"", [""B""]]]"
6M49,,6M49,0,,B,"[[""ANY"", [""B""]]]"
6M4I,,6M4I,0,,A,"[[""ANY"", [""A""]]]"
6M7X,,6M7X,0,,A,"[[""ANY"", [""A""]]]"
6M8C,,6M8C,0,,A,"[[""ANY"", [""A""]]]"
6MAJ,,6MAJ,0,,A,"[[""ANY"", [""A""]]]"
6MDX,,6MDX,0,,A,"[[""ANY"", [""A""]]]"
6MER,,6MER,0,,A,"[[""ANY"", [""A""]]]"
6MET,,6MET,0,,A,"[[""ANY"", [""A""]]]"
6MF2,,6MF2,0,,A,"[[""ANY"", [""A""]]]"
6MHC,,6MHC,0,,A,"[[""ANY"", [""A""]]]"
6MHM,,6MHM,0,,C,"[[""ANY"", [""C""]]]"
6MIB,,6MIB,0,,A,"[[""ANY"", [""A""]]]"
6MIM,,6MIM,0,,A,"[[""ANY"", [""A""]]]"
6MIZ,,6MIZ,0,,B,"[[""ANY"", [""B""]]]"
6MLC,,6MLC,0,,B,"[[""ANY"", [""B""]]]"
6MM1,,6MM1,0,,D,"[[""ANY"", [""D""]]]"
6MQ9,,6MQ9,0,,D,"[[""ANY"", [""D""]]]"
6MS4,,6MS4,0,,B,"[[""ANY"", [""B""]]]"
6MUD,,6MUD,0,,A,"[[""ANY"", [""A""]]]"
6MV2,,6MV2,0,,A,"[[""ANY"", [""A""]]]"
6MW7,,6MW7,0,,A,"[[""ANY"", [""A""]]]"
6MZD,,6MZD,0,,P,"[[""ANY"", [""P""]]]"
6N1G,,6N1G,0,,A,"[[""ANY"", [""A""]]]"
6N35,,6N35,0,,M,"[[""ANY"", [""M""]]]"
6N6J,,6N6J,0,,B,"[[""ANY"", [""B""]]]"
6N7E,,6N7E,0,,D,"[[""ANY"", [""D""]]]"
6N7H,,6N7H,0,,B,"[[""ANY"", [""B""]]]"
6NAS,,6NAS,0,,N,"[[""ANY"", [""N""]]]"
6NBF,,6NBF,0,,R,"[[""ANY"", [""R""]]]"
6NCE,,6NCE,0,,A,"[[""ANY"", [""A""]]]"
6NEW,,6NEW,0,,A,"[[""ANY"", [""A""]]]"
6NHK,,6NHK,0,,B,"[[""ANY"", [""B""]]]"
6NIY,,6NIY,0,,R,"[[""ANY"", [""R""]]]"
6NMI,,6NMI,0,,H,"[[""ANY"", [""H""]]]"
6NN5,,6NN5,0,,B,"[[""ANY"", [""B""]]]"
6NQ0,,6NQ0,0,,B,"[[""ANY"", [""B""]]]"
6NR8,,6NR8,0,,L,"[[""ANY"", [""L""]]]"
6NT2,,6NT2,0,,C,"[[""ANY"", [""C""]]]"
6NT9,,6NT9,0,,B,"[[""ANY"", [""B""]]]"
6NTS,,6NTS,0,,B,"[[""ANY"", [""B""]]]"
6NVB,,6NVB,0,,B,"[[""ANY"", [""B""]]]"
6NYO,,6NYO,0,,A,"[[""ANY"", [""A""]]]"
6NYY,,6NYY,0,,E,"[[""ANY"", [""E""]]]"
6O0V,,6O0V,0,,C,"[[""ANY"", [""C""]]]"
6O1E,,6O1E,0,,A,"[[""ANY"", [""A""]]]"
6O1G,,6O1G,0,,A,"[[""ANY"", [""A""]]]"
6O1S,,6O1S,0,,E,"[[""ANY"", [""E""]]]"
6O39,,6O39,0,,C,"[[""ANY"", [""C""]]]"
6O5B,,6O5B,0,,G,"[[""ANY"", [""G""]]]"
6O5W,,6O5W,0,,A,"[[""ANY"", [""A""]]]"
6O60,,6O60,0,,B,"[[""ANY"", [""B""]]]"
6O7G,,6O7G,0,,B,"[[""ANY"", [""B""]]]"
6O9L,,6O9L,0,,4,"[[""ANY"", [""4""]]]"
6O9L,,6O9L,0,,6,"[[""ANY"", [""6""]]]"
6O9L,,6O9L,0,,Q,"[[""ANY"", [""Q""]]]"
6OAE,,6OAE,0,,A,"[[""ANY"", [""A""]]]"
6OAU,,6OAU,0,,B,"[[""ANY"", [""B""]]]"
6OB7,,6OB7,0,,A,"[[""ANY"", [""A""]]]"
6OFB,,6OFB,0,,A,"[[""ANY"", [""A""]]]"
6OHQ,,6OHQ,0,,B,"[[""ANY"", [""B""]]]"
6OIE,,6OIE,0,,A,"[[""ANY"", [""A""]]]"
6OIJ,,6OIJ,0,,R,"[[""ANY"", [""R""]]]"
6OJF,,6OJF,0,,A,"[[""ANY"", [""A""]]]"
6OM0,,6OM0,0,,SF,"[[""ANY"", [""S"", ""F""]]]"
6OM0,,6OM0,0,,SL,"[[""ANY"", [""S"", ""L""]]]"
6OP9,,6OP9,0,,A,"[[""ANY"", [""A""]]]"
6OQA,,6OQA,0,,H,"[[""ANY"", [""H""]]]"
6OQK,,6OQK,0,,A,"[[""ANY"", [""A""]]]"
6ORR,,6ORR,0,,C,"[[""ANY"", [""C""]]]"
6OSA,,6OSA,0,,R,"[[""ANY"", [""R""]]]"
6OT0,,6OT0,0,,A,"[[""ANY"", [""A""]]]"
6OVF,,6OVF,0,,A,"[[""ANY"", [""A""]]]"
6P3W,,6P3W,0,,A,"[[""ANY"", [""A""]]]"
6P5M,,6P5M,0,,B,"[[""ANY"", [""B""]]]"
6P6G,,6P6G,0,,A,"[[""ANY"", [""A""]]]"
6P7F,,6P7F,0,,A,"[[""ANY"", [""A""]]]"
6P7I,,6P7I,0,,B,"[[""ANY"", [""B""]]]"
6P9E,,6P9E,0,,A,"[[""ANY"", [""A""]]]"
6PAG,,6PAG,0,,A,"[[""ANY"", [""A""]]]"
6PB0,,6PB0,0,,R,"[[""ANY"", [""R""]]]"
6PEN,,6PEN,0,,F,"[[""ANY"", [""F""]]]"
6PFL,,6PFL,0,,A,"[[""ANY"", [""A""]]]"
6PGV,,6PGV,0,,A,"[[""ANY"", [""A""]]]"
6PJX,,6PJX,0,,A,"[[""ANY"", [""A""]]]"
6PNX,,6PNX,0,,A,"[[""ANY"", [""A""]]]"
6POG,,6POG,0,,B,"[[""ANY"", [""B""]]]"
6POL,,6POL,0,,D,"[[""ANY"", [""D""]]]"
6PPA,,6PPA,0,,A,"[[""ANY"", [""A""]]]"
6PPL,,6PPL,0,,C,"[[""ANY"", [""C""]]]"
6PSD,,6PSD,0,,G,"[[""ANY"", [""G""]]]"
6PT0,,6PT0,0,,R,"[[""ANY"", [""R""]]]"
6PV7,,6PV7,0,,D,"[[""ANY"", [""D""]]]"
6PV8,,6PV8,0,,B,"[[""ANY"", [""B""]]]"
6PX5,,6PX5,0,,X,"[[""ANY"", [""X""]]]"
6PXU,,6PXU,0,,A,"[[""ANY"", [""A""]]]"
6PY1,,6PY1,0,,A,"[[""ANY"", [""A""]]]"
6PYO,,6PYO,0,,A,"[[""ANY"", [""A""]]]"
6Q0V,,6Q0V,0,,C,"[[""ANY"", [""C""]]]"
6Q2O,,6Q2O,0,,F,"[[""ANY"", [""F""]]]"
6Q3M,,6Q3M,0,,B,"[[""ANY"", [""B""]]]"
6Q3W,,6Q3W,0,,C,"[[""ANY"", [""C""]]]"
6Q92,,6Q92,0,,A,"[[""ANY"", [""A""]]]"
6Q94,,6Q94,0,,F,"[[""ANY"", [""F""]]]"
6Q9V,,6Q9V,0,,A,"[[""ANY"", [""A""]]]"
6QAV,,6QAV,0,,C,"[[""ANY"", [""C""]]]"
6QBA,,6QBA,0,,A,"[[""ANY"", [""A""]]]"
6QE3,,6QE3,0,,A,"[[""ANY"", [""A""]]]"
6QEB,,6QEB,0,,A,"[[""ANY"", [""A""]]]"
6QFE,,6QFE,0,,B,"[[""ANY"", [""B""]]]"
6QHJ,,6QHJ,0,,A,"[[""ANY"", [""A""]]]"
6QHK,,6QHK,0,,A,"[[""ANY"", [""A""]]]"
6QIG,,6QIG,0,,A,"[[""ANY"", [""A""]]]"
6QJA,,6QJA,0,,C,"[[""ANY"", [""C""]]]"
6QMP,,6QMP,0,,B,"[[""ANY"", [""B""]]]"
6QRN,,6QRN,0,,A,"[[""ANY"", [""A""]]]"
6QUS,,6QUS,0,,S,"[[""ANY"", [""S""]]]"
6R0X,,6R0X,0,,E,"[[""ANY"", [""E""]]]"
6R2U,,6R2U,0,,D,"[[""ANY"", [""D""]]]"
6R3E,,6R3E,0,,A,"[[""ANY"", [""A""]]]"
6R3P,,6R3P,0,,C,"[[""ANY"", [""C""]]]"
6R3V,,6R3V,0,,A,"[[""ANY"", [""A""]]]"
6R6U,,6R6U,0,,A,"[[""ANY"", [""A""]]]"
6R7H,,6R7H,0,,E,"[[""ANY"", [""E""]]]"
6R7N,,6R7N,0,,R,"[[""ANY"", [""R""]]]"
6R7X,,6R7X,0,,A,"[[""ANY"", [""A""]]]"
6R8F,,6R8F,0,,A,"[[""ANY"", [""A""]]]"
6RBF,,6RBF,0,,C,"[[""ANY"", [""C""]]]"
6RHW,,6RHW,0,,C,"[[""ANY"", [""C""]]]"
6RJ5,,6RJ5,0,,A,"[[""ANY"", [""A""]]]"
6RKF,,6RKF,0,,D,"[[""ANY"", [""D""]]]"
6RRC,,6RRC,0,,C,"[[""ANY"", [""C""]]]"
6RTW,,6RTW,0,,A,"[[""ANY"", [""A""]]]"
6RUS,,6RUS,0,,A,"[[""ANY"", [""A""]]]"
6RV3,,6RV3,0,,D,"[[""ANY"", [""D""]]]"
6RVX,,6RVX,0,,A,"[[""ANY"", [""A""]]]"
6S1O,,6S1O,0,,A,"[[""ANY"", [""A""]]]"
6S5F,,6S5F,0,,A,"[[""ANY"", [""A""]]]"
6S73,,6S73,0,,C,"[[""ANY"", [""C""]]]"
6S7O,,6S7O,0,,D,"[[""ANY"", [""D""]]]"
6S7O,,6S7O,0,,H,"[[""ANY"", [""H""]]]"
6S7T,,6S7T,0,,A,"[[""ANY"", [""A""]]]"
6S7T,,6S7T,0,,B,"[[""ANY"", [""B""]]]"
6S7T,,6S7T,0,,F,"[[""ANY"", [""F""]]]"
6S7T,,6S7T,0,,H,"[[""ANY"", [""H""]]]"
6S8L,,6S8L,0,,A,"[[""ANY"", [""A""]]]"
6S8V,,6S8V,0,,A,"[[""ANY"", [""A""]]]"
6SA4,,6SA4,0,,A,"[[""ANY"", [""A""]]]"
6SA5,,6SA5,0,,A,"[[""ANY"", [""A""]]]"
6SGE,,6SGE,0,,A,"[[""ANY"", [""A""]]]"
6SM1,,6SM1,0,,A,"[[""ANY"", [""A""]]]"
6SMA,,6SMA,0,,B,"[[""ANY"", [""B""]]]"
6SPZ,,6SPZ,0,,A,"[[""ANY"", [""A""]]]"
6SS6,,6SS6,0,,BBB,"[[""ANY"", [""B"", ""B"", ""B""]]]"
6SSS,,6SSS,0,,D,"[[""ANY"", [""D""]]]"
6SVY,,6SVY,0,,A,"[[""ANY"", [""A""]]]"
6SY1,,6SY1,0,,B,"[[""ANY"", [""B""]]]"
6T13,,6T13,0,,D,"[[""ANY"", [""D""]]]"
6T3J,,6T3J,0,,E,"[[""ANY"", [""E""]]]"
6T5Q,,6T5Q,0,,C,"[[""ANY"", [""C""]]]"
6T79,,6T79,0,,H,"[[""ANY"", [""H""]]]"
6TCE,,6TCE,0,,A,"[[""ANY"", [""A""]]]"
6TEW,,6TEW,0,,A,"[[""ANY"", [""A""]]]"
6THA,,6THA,0,,A,"[[""ANY"", [""A""]]]"
6TL0,,6TL0,0,,B,"[[""ANY"", [""B""]]]"
6TLC,,6TLC,0,,A,"[[""ANY"", [""A""]]]"
6TM1,,6TM1,0,,A,"[[""ANY"", [""A""]]]"
6TM2,,6TM2,0,,E,"[[""ANY"", [""E""]]]"
6TOD,,6TOD,0,,B,"[[""ANY"", [""B""]]]"
6TOR,,6TOR,0,,A,"[[""ANY"", [""A""]]]"
6TP5,,6TP5,0,,B,"[[""ANY"", [""B""]]]"
6TQS,,6TQS,0,,D,"[[""ANY"", [""D""]]]"
6TTU,,6TTU,0,,T,"[[""ANY"", [""T""]]]"
6TU9,,6TU9,0,,A,"[[""ANY"", [""A""]]]"
6TVE,,6TVE,0,,P,"[[""ANY"", [""P""]]]"
6U3B,,6U3B,0,,B,"[[""ANY"", [""B""]]]"
6U3G,,6U3G,0,,B,"[[""ANY"", [""B""]]]"
6U4M,,6U4M,0,,A,"[[""ANY"", [""A""]]]"
6U5L,,6U5L,0,,A,"[[""ANY"", [""A""]]]"
6U6N,,6U6N,0,,C,"[[""ANY"", [""C""]]]"
6U8Z,,6U8Z,0,,A,"[[""ANY"", [""A""]]]"
6UCA,,6UCA,0,,A,"[[""ANY"", [""A""]]]"
6UD7,,6UD7,0,,A,"[[""ANY"", [""A""]]]"
6UDM,,6UDM,0,,B,"[[""ANY"", [""B""]]]"
6UEI,,6UEI,0,,A,"[[""ANY"", [""A""]]]"
6UHB,,6UHB,0,,A,"[[""ANY"", [""A""]]]"
6UIV,,6UIV,0,,D,"[[""ANY"", [""D""]]]"
6UJB,,6UJB,0,,B,"[[""ANY"", [""B""]]]"
6UK1,,6UK1,0,,A,"[[""ANY"", [""A""]]]"
6UMQ,,6UMQ,0,,A,"[[""ANY"", [""A""]]]"
6UNP,,6UNP,0,,A,"[[""ANY"", [""A""]]]"
6UO8,,6UO8,0,,A,"[[""ANY"", [""A""]]]"
6UPK,,6UPK,0,,D,"[[""ANY"", [""D""]]]"
6UPQ,,6UPQ,0,,B,"[[""ANY"", [""B""]]]"
6UPR,,6UPR,0,,B,"[[""ANY"", [""B""]]]"
6UQF,,6UQF,0,,D,"[[""ANY"", [""D""]]]"
6UQQ,,6UQQ,0,,C,"[[""ANY"", [""C""]]]"
6UV3,,6UV3,0,,A,"[[""ANY"", [""A""]]]"
6V22,,6V22,0,,H,"[[""ANY"", [""H""]]]"
6V35,,6V35,0,,C,"[[""ANY"", [""C""]]]"
6V4X,,6V4X,0,,H,"[[""ANY"", [""H""]]]"
6V5C,,6V5C,0,,A,"[[""ANY"", [""A""]]]"
6V6F,,6V6F,0,,A,"[[""ANY"", [""A""]]]"
6VFR,,6VFR,0,,B,"[[""ANY"", [""B""]]]"
6VFT,,6VFT,0,,D,"[[""ANY"", [""D""]]]"
6VFU,,6VFU,0,,B,"[[""ANY"", [""B""]]]"
6VFV,,6VFV,0,,A,"[[""ANY"", [""A""]]]"
6VGD,,6VGD,0,,D,"[[""ANY"", [""D""]]]"
6VHH,,6VHH,0,,A,"[[""ANY"", [""A""]]]"
6VI4,,6VI4,0,,A,"[[""ANY"", [""A""]]]"
6VTX,,6VTX,0,,A,"[[""ANY"", [""A""]]]"
6VUM,,6VUM,0,,D,"[[""ANY"", [""D""]]]"
6VYI,,6VYI,0,,A,"[[""ANY"", [""A""]]]"
6W2L,,6W2L,0,,B,"[[""ANY"", [""B""]]]"
6W65,,6W65,0,,A,"[[""ANY"", [""A""]]]"
6W66,,6W66,0,,C,"[[""ANY"", [""C""]]]"
6W7Z,,6W7Z,0,,B,"[[""ANY"", [""B""]]]"
6W9N,,6W9N,0,,A,"[[""ANY"", [""A""]]]"
6WCV,,6WCV,0,,A,"[[""ANY"", [""A""]]]"
6WCW,,6WCW,0,,A,"[[""ANY"", [""A""]]]"
6WFJ,,6WFJ,0,,BCB,"[[""ANY"", [""B"", ""C"", ""B""]]]"
6WFK,,6WFK,0,,B,"[[""ANY"", [""B""]]]"
6WG3,,6WG3,0,,B,"[[""ANY"", [""B""]]]"
6WHC,,6WHC,0,,R,"[[""ANY"", [""R""]]]"
6WIH,,6WIH,0,,D,"[[""ANY"", [""D""]]]"
6WJ2,,6WJ2,0,,H,"[[""ANY"", [""H""]]]"
6WKW,,6WKW,0,,A,"[[""ANY"", [""A""]]]"
6WLW,,6WLW,0,,4,"[[""ANY"", [""4""]]]"
6WLW,,6WLW,0,,S,"[[""ANY"", [""S""]]]"
6WLW,,6WLW,0,,V,"[[""ANY"", [""V""]]]"
6WM4,,6WM4,0,,0,"[[""ANY"", [""0""]]]"
6WM4,,6WM4,0,,T,"[[""ANY"", [""T""]]]"
6WM4,,6WM4,0,,U,"[[""ANY"", [""U""]]]"
6WMF,,6WMF,0,,A,"[[""ANY"", [""A""]]]"
6WMI,,6WMI,0,,A,"[[""ANY"", [""A""]]]"
6WMM,,6WMM,0,,A,"[[""ANY"", [""A""]]]"
6WMZ,,6WMZ,0,,C,"[[""ANY"", [""C""]]]"
6WP4,,6WP4,0,,A,"[[""ANY"", [""A""]]]"
6WQ1,,6WQ1,0,,B,"[[""ANY"", [""B""]]]"
6WQX,,6WQX,0,,D,"[[""ANY"", [""D""]]]"
6WQZ,,6WQZ,0,,C,"[[""ANY"", [""C""]]]"
6WS1,,6WS1,0,,B,"[[""ANY"", [""B""]]]"
6WU5,,6WU5,0,,A,"[[""ANY"", [""A""]]]"
6WUR,,6WUR,0,,B,"[[""ANY"", [""B""]]]"
6WW0,,6WW0,0,,C,"[[""ANY"", [""C""]]]"
6X0L,,6X0L,0,,P,"[[""ANY"", [""P""]]]"
6X19,,6X19,0,,R,"[[""ANY"", [""R""]]]"
6X4G,,6X4G,0,,C,"[[""ANY"", [""C""]]]"
6X5H,,6X5H,0,,B,"[[""ANY"", [""B""]]]"
6X8Z,,6X8Z,0,,B,"[[""ANY"", [""B""]]]"
6XBM,,6XBM,0,,R,"[[""ANY"", [""R""]]]"
6XFI,,6XFI,0,,A,"[[""ANY"", [""A""]]]"
6XGV,,6XGV,0,,B,"[[""ANY"", [""B""]]]"
6XJX,,6XJX,0,,Q,"[[""ANY"", [""Q""]]]"
6XMX,,6XMX,0,,H,"[[""ANY"", [""H""]]]"
6XNK,,6XNK,0,,G,"[[""ANY"", [""G""]]]"
6XOT,,6XOT,0,,A,"[[""ANY"", [""A""]]]"
6XPD,,6XPD,0,,A,"[[""ANY"", [""A""]]]"
6XQN,,6XQN,0,,J,"[[""ANY"", [""J""]]]"
6XR0,,6XR0,0,,M,"[[""ANY"", [""M""]]]"
6XRE,,6XRE,0,,B,"[[""ANY"", [""B""]]]"
6XRE,,6XRE,0,,C,"[[""ANY"", [""C""]]]"
6XRE,,6XRE,0,,J,"[[""ANY"", [""J""]]]"
6XRE,,6XRE,0,,L,"[[""ANY"", [""L""]]]"
6XY7,,6XY7,0,,AAA,"[[""ANY"", [""A"", ""A"", ""A""]]]"
6Y0F,,6Y0F,0,,A,"[[""ANY"", [""A""]]]"
6Y1E,,6Y1E,0,,A,"[[""ANY"", [""A""]]]"
6Y23,,6Y23,0,,A,"[[""ANY"", [""A""]]]"
6Y2C,,6Y2C,0,,B,"[[""ANY"", [""B""]]]"
6Y2X,,6Y2X,0,,A,"[[""ANY"", [""A""]]]"
6Y32,,6Y32,0,,H,"[[""ANY"", [""H""]]]"
6Y41,,6Y41,0,,L,"[[""ANY"", [""L""]]]"
6Y43,,6Y43,0,,A,"[[""ANY"", [""A""]]]"
6Y50,,6Y50,0,,Y,"[[""ANY"", [""Y""]]]"
6Y5N,,6Y5N,0,,B,"[[""ANY"", [""B""]]]"
6Y7F,,6Y7F,0,,B,"[[""ANY"", [""B""]]]"
6Y7G,,6Y7G,0,,A,"[[""ANY"", [""A""]]]"
6Y92,,6Y92,0,,B,"[[""ANY"", [""B""]]]"
6YA7,,6YA7,0,,A,"[[""ANY"", [""A""]]]"
6YAU,,6YAU,0,,A,"[[""ANY"", [""A""]]]"
6YB8,,6YB8,0,,B,"[[""ANY"", [""B""]]]"
6YBD,,6YBD,0,,P,"[[""ANY"", [""P""]]]"
6YHR,,6YHR,0,,A,"[[""ANY"", [""A""]]]"
6YI1,,6YI1,0,,B,"[[""ANY"", [""B""]]]"
6YIH,,6YIH,0,,A,"[[""ANY"", [""A""]]]"
6YLC,,6YLC,0,,A,"[[""ANY"", [""A""]]]"
6YPE,,6YPE,0,,B,"[[""ANY"", [""B""]]]"
6YPX,,6YPX,0,,DDD,"[[""ANY"", [""D"", ""D"", ""D""]]]"
6YUZ,,6YUZ,0,,A,"[[""ANY"", [""A""]]]"
6YX0,,6YX0,0,,B,"[[""ANY"", [""B""]]]"
6YXE,,6YXE,0,,A,"[[""ANY"", [""A""]]]"
6YXH,,6YXH,0,,A,"[[""ANY"", [""A""]]]"
6Z2J,,6Z2J,0,,D,"[[""ANY"", [""D""]]]"
6Z2J,,6Z2J,0,,E,"[[""ANY"", [""E""]]]"
6Z30,,6Z30,0,,A,"[[""ANY"", [""A""]]]"
6Z3E,,6Z3E,0,,A,"[[""ANY"", [""A""]]]"
6Z6V,,6Z6V,0,,E,"[[""ANY"", [""E""]]]"
6Z86,,6Z86,0,,R,"[[""ANY"", [""R""]]]"
6ZAY,,6ZAY,0,,A,"[[""ANY"", [""A""]]]"
6ZBV,,6ZBV,0,,A,"[[""ANY"", [""A""]]]"
6ZBZ,,6ZBZ,0,,D,"[[""ANY"", [""D""]]]"
6ZD9,,6ZD9,0,,B,"[[""ANY"", [""B""]]]"
6ZE9,,6ZE9,0,,B,"[[""ANY"", [""B""]]]"
6ZFV,,6ZFV,0,,A,"[[""ANY"", [""A""]]]"
6ZIO,,6ZIO,0,,A,"[[""ANY"", [""A""]]]"
6ZJB,,6ZJB,0,,D,"[[""ANY"", [""D""]]]"
6ZK7,,6ZK7,0,,AAAA,"[[""ANY"", [""A"", ""A"", ""A"", ""A""]]]"
6ZMD,,6ZMD,0,,B,"[[""ANY"", [""B""]]]"
6ZMN,,6ZMN,0,,B,"[[""ANY"", [""B""]]]"
6ZOV,,6ZOV,0,,A,"[[""ANY"", [""A""]]]"
6ZPH,,6ZPH,0,,B,"[[""ANY"", [""B""]]]"
6ZPU,,6ZPU,0,,A,"[[""ANY"", [""A""]]]"
6ZQX,,6ZQX,0,,B,"[[""ANY"", [""B""]]]"
6ZR7,,6ZR7,0,,AAA,"[[""ANY"", [""A"", ""A"", ""A""]]]"
6ZTR,,6ZTR,0,,J,"[[""ANY"", [""J""]]]"
6ZWM,,6ZWM,0,,F,"[[""ANY"", [""F""]]]"
7A69,,7A69,0,,A,"[[""ANY"", [""A""]]]"
7A79,,7A79,0,,B,"[[""ANY"", [""B""]]]"
7A7D,,7A7D,0,,A,"[[""ANY"", [""A""]]]"
7A9Z,,7A9Z,0,,BBB,"[[""ANY"", [""B"", ""B"", ""B""]]]"
7AAV,,7AAV,0,,R,"[[""ANY"", [""R""]]]"
7AAZ,,7AAZ,0,,A,"[[""ANY"", [""A""]]]"
7AI1,,7AI1,0,,DDD,"[[""ANY"", [""D"", ""D"", ""D""]]]"
7AIN,,7AIN,0,,A,"[[""ANY"", [""A""]]]"
7AKG,,7AKG,0,,A,"[[""ANY"", [""A""]]]"
7AKS,,7AKS,0,,EEE,"[[""ANY"", [""E"", ""E"", ""E""]]]"
7ALC,,7ALC,0,,J,"[[""ANY"", [""J""]]]"
7ANQ,,7ANQ,0,,A,"[[""ANY"", [""A""]]]"
7AO9,,7AO9,0,,A,"[[""ANY"", [""A""]]]"
7AST,,7AST,0,,M,"[[""ANY"", [""M""]]]"
7AU2,,7AU2,0,,B,"[[""ANY"", [""B""]]]"
7AUD,,7AUD,0,,D,"[[""ANY"", [""D""]]]"
7AX3,,7AX3,0,,G2,"[[""ANY"", [""G"", ""2""]]]"
7B7U,,7B7U,0,,M,"[[""ANY"", [""M""]]]"
7B8W,,7B8W,0,,A,"[[""ANY"", [""A""]]]"
7BAN,,7BAN,0,,A,"[[""ANY"", [""A""]]]"
7BED,,7BED,0,,A,"[[""ANY"", [""A""]]]"
7BK2,,7BK2,0,,A,"[[""ANY"", [""A""]]]"
7BMK,,7BMK,0,,A,"[[""ANY"", [""A""]]]"
7BQZ,,7BQZ,0,,A,"[[""ANY"", [""A""]]]"
7BRE,,7BRE,0,,E,"[[""ANY"", [""E""]]]"
7BTN,,7BTN,0,,A,"[[""ANY"", [""A""]]]"
7BW1,,7BW1,0,,A,"[[""ANY"", [""A""]]]"
7BXU,,7BXU,0,,B,"[[""ANY"", [""B""]]]"
7BYI,,7BYI,0,,A,"[[""ANY"", [""A""]]]"
7C00,,7C00,0,,A,"[[""ANY"", [""A""]]]"
7C4S,,7C4S,0,,B,"[[""ANY"", [""B""]]]"
7C7S,,7C7S,0,,B,"[[""ANY"", [""B""]]]"
7C9A,,7C9A,0,,B,"[[""ANY"", [""B""]]]"
7CC7,,7CC7,0,,A,"[[""ANY"", [""A""]]]"
7CCS,,7CCS,0,,A,"[[""ANY"", [""A""]]]"
7CE3,,7CE3,0,,D,"[[""ANY"", [""D""]]]"
7CEB,,7CEB,0,,A,"[[""ANY"", [""A""]]]"
7CH1,,7CH1,0,,B,"[[""ANY"", [""B""]]]"
7CKO,,7CKO,0,,A,"[[""ANY"", [""A""]]]"
7COC,,7COC,0,,A,"[[""ANY"", [""A""]]]"
7CQI,,7CQI,0,,A,"[[""ANY"", [""A""]]]"
7CR0,,7CR0,0,,C,"[[""ANY"", [""C""]]]"
7CRO,,7CRO,0,,I,"[[""ANY"", [""I""]]]"
7CRP,,7CRP,0,,I,"[[""ANY"", [""I""]]]"
7CRZ,,7CRZ,0,,A,"[[""ANY"", [""A""]]]"
7CTE,,7CTE,0,,E,"[[""ANY"", [""E""]]]"
7CUN,,7CUN,0,,K,"[[""ANY"", [""K""]]]"
7CWH,,7CWH,0,,B,"[[""ANY"", [""B""]]]"
7CX4,,7CX4,0,,R,"[[""ANY"", [""R""]]]"
7CYM,,7CYM,0,,A,"[[""ANY"", [""A""]]]"
7D1Z,,7D1Z,0,,K,"[[""ANY"", [""K""]]]"
7D2C,,7D2C,0,,A,"[[""ANY"", [""A""]]]"
7D2T,,7D2T,0,,B,"[[""ANY"", [""B""]]]"
7D3F,,7D3F,0,,B,"[[""ANY"", [""B""]]]"
7D3W,,7D3W,0,,A,"[[""ANY"", [""A""]]]"
7D58,,7D58,0,,P,"[[""ANY"", [""P""]]]"
7D73,,7D73,0,,D,"[[""ANY"", [""D""]]]"
7D73,,7D73,0,,K,"[[""ANY"", [""K""]]]"
7D77,,7D77,0,,R,"[[""ANY"", [""R""]]]"
7D99,,7D99,0,,B,"[[""ANY"", [""B""]]]"
7DB6,,7DB6,0,,D,"[[""ANY"", [""D""]]]"
7DBK,,7DBK,0,,G,"[[""ANY"", [""G""]]]"
7DCE,,7DCE,0,,X,"[[""ANY"", [""X""]]]"
7DEI,,7DEI,0,,A,"[[""ANY"", [""A""]]]"
7DFL,,7DFL,0,,R,"[[""ANY"", [""R""]]]"
7DFW,,7DFW,0,,A,"[[""ANY"", [""A""]]]"
7DGE,,7DGE,0,,B,"[[""ANY"", [""B""]]]"
7DO4,,7DO4,0,,A,"[[""ANY"", [""A""]]]"
7DPX,,7DPX,0,,A,"[[""ANY"", [""A""]]]"
7DSW,,7DSW,0,,A,"[[""ANY"", [""A""]]]"
7DTA,,7DTA,0,,A,"[[""ANY"", [""A""]]]"
7DTD,,7DTD,0,,A,"[[""ANY"", [""A""]]]"
7DTV,,7DTV,0,,B,"[[""ANY"", [""B""]]]"
7DTY,,7DTY,0,,R,"[[""ANY"", [""R""]]]"
7DVQ,,7DVQ,0,,5,"[[""ANY"", [""5""]]]"
7E21,,7E21,0,,A,"[[""ANY"", [""A""]]]"
7E25,,7E25,0,,A,"[[""ANY"", [""A""]]]"
7E34,,7E34,0,,B,"[[""ANY"", [""B""]]]"
7E5A,,7E5A,0,,B,"[[""ANY"", [""B""]]]"
7E7O,,7E7O,0,,A,"[[""ANY"", [""A""]]]"
7E9H,,7E9H,0,,R,"[[""ANY"", [""R""]]]"
7EA8,,7EA8,0,,L,"[[""ANY"", [""L""]]]"
7EHL,,7EHL,0,,B,"[[""ANY"", [""B""]]]"
7EJ1,,7EJ1,0,,A,"[[""ANY"", [""A""]]]"
7EJX,,7EJX,0,,R,"[[""ANY"", [""R""]]]"
7EKT,,7EKT,0,,B,"[[""ANY"", [""B""]]]"
7ELX,,7ELX,0,,C,"[[""ANY"", [""C""]]]"
7EOQ,,7EOQ,0,,C,"[[""ANY"", [""C""]]]"
7EPB,,7EPB,0,,A,"[[""ANY"", [""A""]]]"
7EPM,,7EPM,0,,A,"[[""ANY"", [""A""]]]"
7EPZ,,7EPZ,0,,B,"[[""ANY"", [""B""]]]"
7EUO,,7EUO,0,,R,"[[""ANY"", [""R""]]]"
7EW1,,7EW1,0,,A,"[[""ANY"", [""A""]]]"
7EZG,,7EZG,0,,A,"[[""ANY"", [""A""]]]"
7F09,,7F09,0,,D,"[[""ANY"", [""D""]]]"
7F16,,7F16,0,,R,"[[""ANY"", [""R""]]]"
7F3U,,7F3U,0,,B,"[[""ANY"", [""B""]]]"
7F50,,7F50,0,,A,"[[""ANY"", [""A""]]]"
7F6I,,7F6I,0,,A,"[[""ANY"", [""A""]]]"
7F6J,,7F6J,0,,B,"[[""ANY"", [""B""]]]"
7FFN,,7FFN,0,,M,"[[""ANY"", [""M""]]]"
7FHA,,7FHA,0,,A,"[[""ANY"", [""A""]]]"
7FJJ,,7FJJ,0,,A,"[[""ANY"", [""A""]]]"
7FT0,,7FT0,0,,A,"[[""ANY"", [""A""]]]"
7FYA,,7FYA,0,,B,"[[""ANY"", [""B""]]]"
7G20,,7G20,0,,A,"[[""ANY"", [""A""]]]"
7JL5,,7JL5,0,,A,"[[""ANY"", [""A""]]]"
7JL8,,7JL8,0,,A,"[[""ANY"", [""A""]]]"
7JPO,,7JPO,0,,D,"[[""ANY"", [""D""]]]"
7JR8,,7JR8,0,,A,"[[""ANY"", [""A""]]]"
7JSJ,,7JSJ,0,,B,"[[""ANY"", [""B""]]]"
7JUU,,7JUU,0,,B,"[[""ANY"", [""B""]]]"
7JUY,,7JUY,0,,B,"[[""ANY"", [""B""]]]"
7JXG,,7JXG,0,,A,"[[""ANY"", [""A""]]]"
7K0M,,7K0M,0,,F,"[[""ANY"", [""F""]]]"
7K36,,7K36,0,,I,"[[""ANY"", [""I""]]]"
7K7T,,7K7T,0,,A,"[[""ANY"", [""A""]]]"
7KBU,,7KBU,0,,A,"[[""ANY"", [""A""]]]"
7KC4,,7KC4,0,,D,"[[""ANY"", [""D""]]]"
7KG8,,7KG8,0,,A,"[[""ANY"", [""A""]]]"
7KHM,,7KHM,0,,B,"[[""ANY"", [""B""]]]"
7KIU,,7KIU,0,,C,"[[""ANY"", [""C""]]]"
7KJO,,7KJO,0,,B,"[[""ANY"", [""B""]]]"
7KLO,,7KLO,0,,A,"[[""ANY"", [""A""]]]"
7KNU,,7KNU,0,,R,"[[""ANY"", [""R""]]]"
7KNV,,7KNV,0,,A,"[[""ANY"", [""A""]]]"
7KNX,,7KNX,0,,C,"[[""ANY"", [""C""]]]"
7KPR,,7KPR,0,,A,"[[""ANY"", [""A""]]]"
7KPU,,7KPU,0,,D,"[[""ANY"", [""D""]]]"
7KQL,,7KQL,0,,T,"[[""ANY"", [""T""]]]"
7KRB,,7KRB,0,,A,"[[""ANY"", [""A""]]]"
7KTP,,7KTP,0,,C,"[[""ANY"", [""C""]]]"
7KTR,,7KTR,0,,A,"[[""ANY"", [""A""]]]"
7KUY,,7KUY,0,,A,"[[""ANY"", [""A""]]]"
7KXI,,7KXI,0,,A,"[[""ANY"", [""A""]]]"
7KZP,,7KZP,0,,L,"[[""ANY"", [""L""]]]"
7KZT,,7KZT,0,,G,"[[""ANY"", [""G""]]]"
7L50,,7L50,0,,D,"[[""ANY"", [""D""]]]"
7L65,,7L65,0,,A,"[[""ANY"", [""A""]]]"
7L6W,,7L6W,0,,A,"[[""ANY"", [""A""]]]"
7LA5,,7LA5,0,,A,"[[""ANY"", [""A""]]]"
7LAF,,7LAF,0,,A,"[[""ANY"", [""A""]]]"
7LEL,,7LEL,0,,C,"[[""ANY"", [""C""]]]"
7LH2,,7LH2,0,,B,"[[""ANY"", [""B""]]]"
7LHT,,7LHT,0,,B,"[[""ANY"", [""B""]]]"
7LJ1,,7LJ1,0,,D,"[[""ANY"", [""D""]]]"
7LJ1,,7LJ1,0,,F,"[[""ANY"", [""F""]]]"
7LMS,,7LMS,0,,A,"[[""ANY"", [""A""]]]"
7LN4,,7LN4,0,,E,"[[""ANY"", [""E""]]]"
7LPZ,,7LPZ,0,,A,"[[""ANY"", [""A""]]]"
7LQD,,7LQD,0,,A,"[[""ANY"", [""A""]]]"
7LRC,,7LRC,0,,C,"[[""ANY"", [""C""]]]"
7LUS,,7LUS,0,,B,"[[""ANY"", [""B""]]]"
7LV3,,7LV3,0,,A,"[[""ANY"", [""A""]]]"
7LW1,,7LW1,0,,A,"[[""ANY"", [""A""]]]"
7LW9,,7LW9,0,,A,"[[""ANY"", [""A""]]]"
7LYB,,7LYB,0,,M,"[[""ANY"", [""M""]]]"
7LYX,,7LYX,0,,A,"[[""ANY"", [""A""]]]"
7M10,,7M10,0,,A,"[[""ANY"", [""A""]]]"
7M20,,7M20,0,,H,"[[""ANY"", [""H""]]]"
7M6J,,7M6J,0,,B,"[[""ANY"", [""B""]]]"
7M8H,,7M8H,0,,D,"[[""ANY"", [""D""]]]"
7M8V,,7M8V,0,,E,"[[""ANY"", [""E""]]]"
7M98,,7M98,0,,A,"[[""ANY"", [""A""]]]"
7MEQ,,7MEQ,0,,A,"[[""ANY"", [""A""]]]"
7MGJ,,7MGJ,0,,C,"[[""ANY"", [""C""]]]"
7MII,,7MII,0,,E,"[[""ANY"", [""E""]]]"
7MIX,,7MIX,0,,A,"[[""ANY"", [""A""]]]"
7MJD,,7MJD,0,,A,"[[""ANY"", [""A""]]]"
7MNP,,7MNP,0,,B,"[[""ANY"", [""B""]]]"
7MNR,,7MNR,0,,B,"[[""ANY"", [""B""]]]"
7MNS,,7MNS,0,,B,"[[""ANY"", [""B""]]]"
7MNT,,7MNT,0,,D,"[[""ANY"", [""D""]]]"
7MNU,,7MNU,0,,B,"[[""ANY"", [""B""]]]"
7MNV,,7MNV,0,,B,"[[""ANY"", [""B""]]]"
7MOB,,7MOB,0,,B,"[[""ANY"", [""B""]]]"
7MON,,7MON,0,,B,"[[""ANY"", [""B""]]]"
7MSR,,7MSR,0,,B,"[[""ANY"", [""B""]]]"
7MTO,,7MTO,0,,A,"[[""ANY"", [""A""]]]"
7MU5,,7MU5,0,,B,"[[""ANY"", [""B""]]]"
7MXX,,7MXX,0,,Z,"[[""ANY"", [""Z""]]]"
7MZW,,7MZW,0,,A,"[[""ANY"", [""A""]]]"
7N1R,,7N1R,0,,B,"[[""ANY"", [""B""]]]"
7N6R,,7N6R,0,,C,"[[""ANY"", [""C""]]]"
7N7N,,7N7N,0,,A,"[[""ANY"", [""A""]]]"
7N86,,7N86,0,,C,"[[""ANY"", [""C""]]]"
7N8V,,7N8V,0,,B,"[[""ANY"", [""B""]]]"
7NDG,,7NDG,0,,G,"[[""ANY"", [""G""]]]"
7NE6,,7NE6,0,,A,"[[""ANY"", [""A""]]]"
7NFX,,7NFX,0,,X,"[[""ANY"", [""X""]]]"
7NGP,,7NGP,0,,E,"[[""ANY"", [""E""]]]"
7NIW,,7NIW,0,,A,"[[""ANY"", [""A""]]]"
7NK0,,7NK0,0,,D,"[[""ANY"", [""D""]]]"
7NNJ,,7NNJ,0,,A,"[[""ANY"", [""A""]]]"
7NOZ,,7NOZ,0,,F,"[[""ANY"", [""F""]]]"
7NRB,,7NRB,0,,A,"[[""ANY"", [""A""]]]"
7NSR,,7NSR,0,,A,"[[""ANY"", [""A""]]]"
7NUT,,7NUT,0,,B,"[[""ANY"", [""B""]]]"
7NVL,,7NVL,0,,A,"[[""ANY"", [""A""]]]"
7NWA,,7NWA,0,,B,"[[""ANY"", [""B""]]]"
7NXD,,7NXD,0,,B,"[[""ANY"", [""B""]]]"
7O45,,7O45,0,,C,"[[""ANY"", [""C""]]]"
7O4P,,7O4P,0,,A,"[[""ANY"", [""A""]]]"
7O5Z,,7O5Z,0,,A,"[[""ANY"", [""A""]]]"
7O6C,,7O6C,0,,A,"[[""ANY"", [""A""]]]"
7O7J,,7O7J,0,,A,"[[""ANY"", [""A""]]]"
7O7K,,7O7K,0,,A,"[[""ANY"", [""A""]]]"
7O7L,,7O7L,0,,B,"[[""ANY"", [""B""]]]"
7O9M,,7O9M,0,,N,"[[""ANY"", [""N""]]]"
7OAT,,7OAT,0,,C,"[[""ANY"", [""C""]]]"
7OBB,,7OBB,0,,A,"[[""ANY"", [""A""]]]"
7OD1,,7OD1,0,,B,"[[""ANY"", [""B""]]]"
7OIX,,7OIX,0,,A,"[[""ANY"", [""A""]]]"
7OJO,,7OJO,0,,B,"[[""ANY"", [""B""]]]"
7OK6,,7OK6,0,,AAA,"[[""ANY"", [""A"", ""A"", ""A""]]]"
7OKV,,7OKV,0,,A,"[[""ANY"", [""A""]]]"
7OL3,,7OL3,0,,B,"[[""ANY"", [""B""]]]"
7OLE,,7OLE,0,,A,"[[""ANY"", [""A""]]]"
7ONI,,7ONI,0,,R,"[[""ANY"", [""R""]]]"
7ONU,,7ONU,0,,E,"[[""ANY"", [""E""]]]"
7ONU,,7ONU,0,,F,"[[""ANY"", [""F""]]]"
7OOB,,7OOB,0,,B,"[[""ANY"", [""B""]]]"
7ORC,,7ORC,0,,B,"[[""ANY"", [""B""]]]"
7OUB,,7OUB,0,,B,"[[""ANY"", [""B""]]]"
7OXX,,7OXX,0,,C,"[[""ANY"", [""C""]]]"
7OY0,,7OY0,0,,A,"[[""ANY"", [""A""]]]"
7P0P,,7P0P,0,,D,"[[""ANY"", [""D""]]]"
7P1P,,7P1P,0,,BB,"[[""ANY"", [""B"", ""B""]]]"
7P2D,,7P2D,0,,A,"[[""ANY"", [""A""]]]"
7P6S,,7P6S,0,,A,"[[""ANY"", [""A""]]]"
7P8W,,7P8W,0,,B,"[[""ANY"", [""B""]]]"
7PAY,,7PAY,0,,A,"[[""ANY"", [""A""]]]"
7PD3,,7PD3,0,,X,"[[""ANY"", [""X""]]]"
7PGT,,7PGT,0,,N,"[[""ANY"", [""N""]]]"
7PHL,,7PHL,0,,D,"[[""ANY"", [""D""]]]"
7PIV,,7PIV,0,,R,"[[""ANY"", [""R""]]]"
7PLP,,7PLP,0,,B,"[[""ANY"", [""B""]]]"
7PLS,,7PLS,0,,A,"[[""ANY"", [""A""]]]"
7PQ0,,7PQ0,0,,B,"[[""ANY"", [""B""]]]"
7PQG,,7PQG,0,,A,"[[""ANY"", [""A""]]]"
7PW9,,7PW9,0,,C,"[[""ANY"", [""C""]]]"
7PY4,,7PY4,0,,A,"[[""ANY"", [""A""]]]"
7PZP,,7PZP,0,,B,"[[""ANY"", [""B""]]]"
7Q13,,7Q13,0,,C,"[[""ANY"", [""C""]]]"
7Q15,,7Q15,0,,A,"[[""ANY"", [""A""]]]"
7Q3Z,,7Q3Z,0,,B,"[[""ANY"", [""B""]]]"
7Q4P,,7Q4P,0,,A,"[[""ANY"", [""A""]]]"
7QAA,,7QAA,0,,B,"[[""ANY"", [""B""]]]"
7QB0,,7QB0,0,,A,"[[""ANY"", [""A""]]]"
7QBE,,7QBE,0,,D,"[[""ANY"", [""D""]]]"
7QBO,,7QBO,0,,P,"[[""ANY"", [""P""]]]"
7QCR,,7QCR,0,,B,"[[""ANY"", [""B""]]]"
7QDP,,7QDP,0,,B,"[[""ANY"", [""B""]]]"
7QEI,,7QEI,0,,A,"[[""ANY"", [""A""]]]"
7QFO,,7QFO,0,,A,"[[""ANY"", [""A""]]]"
7QGJ,,7QGJ,0,,B,"[[""ANY"", [""B""]]]"
7QHG,,7QHG,0,,B,"[[""ANY"", [""B""]]]"
7QHW,,7QHW,0,,AAA,"[[""ANY"", [""A"", ""A"", ""A""]]]"
7QI2,,7QI2,0,,A,"[[""ANY"", [""A""]]]"
7QID,,7QID,0,,A,"[[""ANY"", [""A""]]]"
7QIE,,7QIE,0,,D,"[[""ANY"", [""D""]]]"
7QK7,,7QK7,0,,B,"[[""ANY"", [""B""]]]"
7QM2,,7QM2,0,,B,"[[""ANY"", [""B""]]]"
7QN7,,7QN7,0,,A,"[[""ANY"", [""A""]]]"
7QNE,,7QNE,0,,A,"[[""ANY"", [""A""]]]"
7QNE,,7QNE,0,,B,"[[""ANY"", [""B""]]]"
7QNS,,7QNS,0,,AA,"[[""ANY"", [""A"", ""A""]]]"
7QO1,,7QO1,0,,A,"[[""ANY"", [""A""]]]"
7QQD,,7QQD,0,,B,"[[""ANY"", [""B""]]]"
7QQH,,7QQH,0,,D,"[[""ANY"", [""D""]]]"
7QTT,,7QTT,0,,I,"[[""ANY"", [""I""]]]"
7QTT,,7QTT,0,,J,"[[""ANY"", [""J""]]]"
7QU4,,7QU4,0,,A,"[[""ANY"", [""A""]]]"
7QU6,,7QU6,0,,F,"[[""ANY"", [""F""]]]"
7QWK,,7QWK,0,,H,"[[""ANY"", [""H""]]]"
7QWQ,,7QWQ,0,,V,"[[""ANY"", [""V""]]]"
7R2E,,7R2E,0,,A,"[[""ANY"", [""A""]]]"
7R89,,7R89,0,,A,"[[""ANY"", [""A""]]]"
7R8E,,7R8E,0,,B,"[[""ANY"", [""B""]]]"
7RA0,,7RA0,0,,A,"[[""ANY"", [""A""]]]"
7RB3,,7RB3,0,,A,"[[""ANY"", [""A""]]]"
7RDS,,7RDS,0,,A,"[[""ANY"", [""A""]]]"
7REI,,7REI,0,,A,"[[""ANY"", [""A""]]]"
7RFG,,7RFG,0,,B,"[[""ANY"", [""B""]]]"
7RH9,,7RH9,0,,C,"[[""ANY"", [""C""]]]"
7RHI,,7RHI,0,,B,"[[""ANY"", [""B""]]]"
7RHQ,,7RHQ,0,,G,"[[""ANY"", [""G""]]]"
7RIK,,7RIK,0,,A,"[[""ANY"", [""A""]]]"
7RKF,,7RKF,0,,A,"[[""ANY"", [""A""]]]"
7RM9,,7RM9,0,,A,"[[""ANY"", [""A""]]]"
7RPM,,7RPM,0,,A,"[[""ANY"", [""A""]]]"
7RSJ,,7RSJ,0,,A,"[[""ANY"", [""A""]]]"
7RX0,,7RX0,0,,C,"[[""ANY"", [""C""]]]"
7RX6,,7RX6,0,,B,"[[""ANY"", [""B""]]]"
7RZF,,7RZF,0,,B,"[[""ANY"", [""B""]]]"
7S05,,7S05,0,,A,"[[""ANY"", [""A""]]]"
7S0Z,,7S0Z,0,,D,"[[""ANY"", [""D""]]]"
7S1O,,7S1O,0,,A,"[[""ANY"", [""A""]]]"
7S4E,,7S4E,0,,A,"[[""ANY"", [""A""]]]"
7S5H,,7S5H,0,,A,"[[""ANY"", [""A""]]]"
7S6H,,7S6H,0,,B,"[[""ANY"", [""B""]]]"
7S7G,,7S7G,0,,A,"[[""ANY"", [""A""]]]"
7SA5,,7SA5,0,,A,"[[""ANY"", [""A""]]]"
7SCH,,7SCH,0,,A,"[[""ANY"", [""A""]]]"
7SE8,,7SE8,0,,B,"[[""ANY"", [""B""]]]"
7SFZ,,7SFZ,0,,D,"[[""ANY"", [""D""]]]"
7SGL,,7SGL,0,,D,"[[""ANY"", [""D""]]]"
7SK6,,7SK6,0,,A,"[[""ANY"", [""A""]]]"
7SKE,,7SKE,0,,A,"[[""ANY"", [""A""]]]"
7SL9,,7SL9,0,,A,"[[""ANY"", [""A""]]]"
7SLQ,,7SLQ,0,,A,"[[""ANY"", [""A""]]]"
7SQH,,7SQH,0,,C,"[[""ANY"", [""C""]]]"
7SQM,,7SQM,0,,A,"[[""ANY"", [""A""]]]"
7SR6,,7SR6,0,,G,"[[""ANY"", [""G""]]]"
7SR8,,7SR8,0,,R,"[[""ANY"", [""R""]]]"
7SRS,,7SRS,0,,R,"[[""ANY"", [""R""]]]"
7SUD,,7SUD,0,,A,"[[""ANY"", [""A""]]]"
7SX4,,7SX4,0,,A,"[[""ANY"", [""A""]]]"
7SYD,,7SYD,0,,A,"[[""ANY"", [""A""]]]"
7SZ7,,7SZ7,0,,D,"[[""ANY"", [""D""]]]"
7SZ8,,7SZ8,0,,A,"[[""ANY"", [""A""]]]"
7T6B,,7T6B,0,,R,"[[""ANY"", [""R""]]]"
7T6U,,7T6U,0,,R,"[[""ANY"", [""R""]]]"
7TAI,,7TAI,0,,B,"[[""ANY"", [""B""]]]"
7TD5,,7TD5,0,,A,"[[""ANY"", [""A""]]]"
7TGQ,,7TGQ,0,,A,"[[""ANY"", [""A""]]]"
7THI,,7THI,0,,A,"[[""ANY"", [""A""]]]"
7TJ8,,7TJ8,0,,A,"[[""ANY"", [""A""]]]"
7TN4,,7TN4,0,,A,"[[""ANY"", [""A""]]]"
7TO7,,7TO7,0,,B,"[[""ANY"", [""B""]]]"
7TS0,,7TS0,0,,P,"[[""ANY"", [""P""]]]"
7TTL,,7TTL,0,,D,"[[""ANY"", [""D""]]]"
7TTR,,7TTR,0,,E,"[[""ANY"", [""E""]]]"
7TUZ,,7TUZ,0,,R,"[[""ANY"", [""R""]]]"
7TVB,,7TVB,0,,A,"[[""ANY"", [""A""]]]"
7TXC,,7TXC,0,,E,"[[""ANY"", [""E""]]]"
7TYF,,7TYF,0,,E,"[[""ANY"", [""E""]]]"
7TYX,,7TYX,0,,E,"[[""ANY"", [""E""]]]"
7TZ2,,7TZ2,0,,A,"[[""ANY"", [""A""]]]"
7TZB,,7TZB,0,,B,"[[""ANY"", [""B""]]]"
7U8G,,7U8G,0,,B,"[[""ANY"", [""B""]]]"
7U9D,,7U9D,0,,A,"[[""ANY"", [""A""]]]"
7UGK,,7UGK,0,,B,"[[""ANY"", [""B""]]]"
7UHG,,7UHG,0,,A,"[[""ANY"", [""A""]]]"
7UHG,,7UHG,0,,D,"[[""ANY"", [""D""]]]"
7UHY,,7UHY,0,,B,"[[""ANY"", [""B""]]]"
7UHY,,7UHY,0,,C,"[[""ANY"", [""C""]]]"
7UHY,,7UHY,0,,D,"[[""ANY"", [""D""]]]"
7UJN,,7UJN,0,,C,"[[""ANY"", [""C""]]]"
7UJR,,7UJR,0,,A,"[[""ANY"", [""A""]]]"
7UM7,,7UM7,0,,A,"[[""ANY"", [""A""]]]"
7UMV,,7UMV,0,,A,"[[""ANY"", [""A""]]]"
7UNF,,7UNF,0,,M,"[[""ANY"", [""M""]]]"
7UNF,,7UNF,0,,Q,"[[""ANY"", [""Q""]]]"
7UNG,,7UNG,0,,MG,"[[""ANY"", [""M"", ""G""]]]"
7UP5,,7UP5,0,,B,"[[""ANY"", [""B""]]]"
7UPI,,7UPI,0,,A,"[[""ANY"", [""A""]]]"
7UPR,,7UPR,0,,A,"[[""ANY"", [""A""]]]"
7URE,,7URE,0,,A,"[[""ANY"", [""A""]]]"
7UW7,,7UW7,0,,A,"[[""ANY"", [""A""]]]"
7UY0,,7UY0,0,,A,"[[""ANY"", [""A""]]]"
7UZ3,,7UZ3,0,,B,"[[""ANY"", [""B""]]]"
7UZE,,7UZE,0,,B,"[[""ANY"", [""B""]]]"
7UZQ,,7UZQ,0,,L,"[[""ANY"", [""L""]]]"
7V62,,7V62,0,,B,"[[""ANY"", [""B""]]]"
7V6P,,7V6P,0,,A,"[[""ANY"", [""A""]]]"
7V8G,,7V8G,0,,C,"[[""ANY"", [""C""]]]"
7VBB,,7VBB,0,,B,"[[""ANY"", [""B""]]]"
7VDV,,7VDV,0,,A,"[[""ANY"", [""A""]]]"
7VGF,,7VGF,0,,B,"[[""ANY"", [""B""]]]"
7VH0,,7VH0,0,,A,"[[""ANY"", [""A""]]]"
7VIF,,7VIF,0,,F,"[[""ANY"", [""F""]]]"
7VJV,,7VJV,0,,A,"[[""ANY"", [""A""]]]"
7VKT,,7VKT,0,,A,"[[""ANY"", [""A""]]]"
7VL8,,7VL8,0,,R,"[[""ANY"", [""R""]]]"
7VNR,,7VNR,0,,G,"[[""ANY"", [""G""]]]"
7VOX,,7VOX,0,,H,"[[""ANY"", [""H""]]]"
7VSL,,7VSL,0,,A,"[[""ANY"", [""A""]]]"
7W1Y,,7W1Y,0,,D,"[[""ANY"", [""D""]]]"
7W2Z,,7W2Z,0,,R,"[[""ANY"", [""R""]]]"
7W3K,,7W3K,0,,X,"[[""ANY"", [""X""]]]"
7W3U,,7W3U,0,,C,"[[""ANY"", [""C""]]]"
7W5D,,7W5D,0,,B,"[[""ANY"", [""B""]]]"
7W68,,7W68,0,,E,"[[""ANY"", [""E""]]]"
7W6S,,7W6S,0,,C,"[[""ANY"", [""C""]]]"
7W72,,7W72,0,,S,"[[""ANY"", [""S""]]]"
7W72,,7W72,0,,T,"[[""ANY"", [""T""]]]"
7W77,,7W77,0,,D,"[[""ANY"", [""D""]]]"
7WC5,,7WC5,0,,A,"[[""ANY"", [""A""]]]"
7WCN,,7WCN,0,,R,"[[""ANY"", [""R""]]]"
7WE4,,7WE4,0,,A,"[[""ANY"", [""A""]]]"
7WGR,,7WGR,0,,B,"[[""ANY"", [""B""]]]"
7WLD,,7WLD,0,,K,"[[""ANY"", [""K""]]]"
7WLD,,7WLD,0,,U,"[[""ANY"", [""U""]]]"
7WLK,,7WLK,0,,A,"[[""ANY"", [""A""]]]"
7WPQ,,7WPQ,0,,F,"[[""ANY"", [""F""]]]"
7WQX,,7WQX,0,,A,"[[""ANY"", [""A""]]]"
7WSM,,7WSM,0,,A,"[[""ANY"", [""A""]]]"
7WU7,,7WU7,0,,H,"[[""ANY"", [""H""]]]"
7WU7,,7WU7,0,,K,"[[""ANY"", [""K""]]]"
7WU7,,7WU7,0,,N,"[[""ANY"", [""N""]]]"
7WV9,,7WV9,0,,R,"[[""ANY"", [""R""]]]"
7WWB,,7WWB,0,,A,"[[""ANY"", [""A""]]]"
7WXU,,7WXU,0,,R,"[[""ANY"", [""R""]]]"
7X2U,,7X2U,0,,A,"[[""ANY"", [""A""]]]"
7X2U,,7X2U,0,,C,"[[""ANY"", [""C""]]]"
7X6C,,7X6C,0,,B,"[[""ANY"", [""B""]]]"
7X6I,,7X6I,0,,H,"[[""ANY"", [""H""]]]"
7X73,,7X73,0,,B,"[[""ANY"", [""B""]]]"
7X8P,,7X8P,0,,D,"[[""ANY"", [""D""]]]"
7XBW,,7XBW,0,,R,"[[""ANY"", [""R""]]]"
7XHO,,7XHO,0,,X,"[[""ANY"", [""X""]]]"
7XJK,,7XJK,0,,F,"[[""ANY"", [""F""]]]"
7XMS,,7XMS,0,,R,"[[""ANY"", [""R""]]]"
7XNK,,7XNK,0,,H,"[[""ANY"", [""H""]]]"
7XNN,,7XNN,0,,E,"[[""ANY"", [""E""]]]"
7XPZ,,7XPZ,0,,A,"[[""ANY"", [""A""]]]"
7XQJ,,7XQJ,0,,E,"[[""ANY"", [""E""]]]"
7XR6,,7XR6,0,,B,"[[""ANY"", [""B""]]]"
7XT2,,7XT2,0,,A,"[[""ANY"", [""A""]]]"
7XTQ,,7XTQ,0,,R,"[[""ANY"", [""R""]]]"
7XV0,,7XV0,0,,A,"[[""ANY"", [""A""]]]"
7XV3,,7XV3,0,,R,"[[""ANY"", [""R""]]]"
7XV6,,7XV6,0,,A,"[[""ANY"", [""A""]]]"
7XW7,,7XW7,0,,R,"[[""ANY"", [""R""]]]"
7Y0B,,7Y0B,0,,C,"[[""ANY"", [""C""]]]"
7Y0I,,7Y0I,0,,A,"[[""ANY"", [""A""]]]"
7Y24,,7Y24,0,,E,"[[""ANY"", [""E""]]]"
7Y3L,,7Y3L,0,,A,"[[""ANY"", [""A""]]]"
7Y3M,,7Y3M,0,,J,"[[""ANY"", [""J""]]]"
7Y4A,,7Y4A,0,,G,"[[""ANY"", [""G""]]]"
7Y5T,,7Y5T,0,,B,"[[""ANY"", [""B""]]]"
7Y7Z,,7Y7Z,0,,A,"[[""ANY"", [""A""]]]"
7YB9,,7YB9,0,,A,"[[""ANY"", [""A""]]]"
7YEA,,7YEA,0,,B,"[[""ANY"", [""B""]]]"
7YK7,,7YK7,0,,R,"[[""ANY"", [""R""]]]"
7YNI,,7YNI,0,,A,"[[""ANY"", [""A""]]]"
7YOX,,7YOX,0,,F,"[[""ANY"", [""F""]]]"
7YQ8,,7YQ8,0,,B,"[[""ANY"", [""B""]]]"
7YS6,,7YS6,0,,A,"[[""ANY"", [""A""]]]"
7YU8,,7YU8,0,,R,"[[""ANY"", [""R""]]]"
7YUI,,7YUI,0,,A,"[[""ANY"", [""A""]]]"
7Z5H,,7Z5H,0,,A,"[[""ANY"", [""A""]]]"
7Z6H,,7Z6H,0,,D,"[[""ANY"", [""D""]]]"
7Z6H,,7Z6H,0,,E,"[[""ANY"", [""E""]]]"
7Z6H,,7Z6H,0,,F,"[[""ANY"", [""F""]]]"
7Z6H,,7Z6H,0,,G,"[[""ANY"", [""G""]]]"
7Z71,,7Z71,0,,A,"[[""ANY"", [""A""]]]"
7Z9F,,7Z9F,0,,A,"[[""ANY"", [""A""]]]"
7ZAN,,7ZAN,0,,C,"[[""ANY"", [""C""]]]"
7ZCW,,7ZCW,0,,G,"[[""ANY"", [""G""]]]"
7ZEE,,7ZEE,0,,A,"[[""ANY"", [""A""]]]"
7ZEL,,7ZEL,0,,A,"[[""ANY"", [""A""]]]"
7ZH3,,7ZH3,0,,D,"[[""ANY"", [""D""]]]"
7ZHA,,7ZHA,0,,A,"[[""ANY"", [""A""]]]"
7ZI9,,7ZI9,0,,A,"[[""ANY"", [""A""]]]"
7ZJV,,7ZJV,0,,A,"[[""ANY"", [""A""]]]"
7ZLX,,7ZLX,0,,J,"[[""ANY"", [""J""]]]"
7ZMK,,7ZMK,0,,X,"[[""ANY"", [""X""]]]"
7ZMV,,7ZMV,0,,D,"[[""ANY"", [""D""]]]"
7ZMX,,7ZMX,0,,A,"[[""ANY"", [""A""]]]"
7ZR0,,7ZR0,0,,A,"[[""ANY"", [""A""]]]"
7ZR6,,7ZR6,0,,P,"[[""ANY"", [""P""]]]"
7ZRR,,7ZRR,0,,A,"[[""ANY"", [""A""]]]"
7ZSC,,7ZSC,0,,C,"[[""ANY"", [""C""]]]"
7ZXS,,7ZXS,0,,C,"[[""ANY"", [""C""]]]"
7ZYG,,7ZYG,0,,A,"[[""ANY"", [""A""]]]"
7ZYH,,7ZYH,0,,J,"[[""ANY"", [""J""]]]"
7ZYU,,7ZYU,0,,A,"[[""ANY"", [""A""]]]"
7ZZP,,7ZZP,0,,A,"[[""ANY"", [""A""]]]"
8A0V,,8A0V,0,,A,"[[""ANY"", [""A""]]]"
8A38,,8A38,0,,C,"[[""ANY"", [""C""]]]"
8A40,,8A40,0,,U,"[[""ANY"", [""U""]]]"
8A4C,,8A4C,0,,D,"[[""ANY"", [""D""]]]"
8A4K,,8A4K,0,,B,"[[""ANY"", [""B""]]]"
8A6L,,8A6L,0,,B,"[[""ANY"", [""B""]]]"
8A8M,,8A8M,0,,A,"[[""ANY"", [""A""]]]"
8AJO,,8AJO,0,,A,"[[""ANY"", [""A""]]]"
8ARI,,8ARI,0,,W,"[[""ANY"", [""W""]]]"
8AS4,,8AS4,0,,B,"[[""ANY"", [""B""]]]"
8AYF,,8AYF,0,,A,"[[""ANY"", [""A""]]]"
8AZA,,8AZA,0,,A,"[[""ANY"", [""A""]]]"
8B0A,,8B0A,0,,K,"[[""ANY"", [""K""]]]"
8B0F,,8B0F,0,,C,"[[""ANY"", [""C""]]]"
8B0F,,8B0F,0,,F,"[[""ANY"", [""F""]]]"
8B0G,,8B0G,0,,J,"[[""ANY"", [""J""]]]"
8B0H,,8B0H,0,,E,"[[""ANY"", [""E""]]]"
8B10,,8B10,0,,A,"[[""ANY"", [""A""]]]"
8B5R,,8B5R,0,,P,"[[""ANY"", [""P""]]]"
8B6L,,8B6L,0,,L,"[[""ANY"", [""L""]]]"
8B6L,,8B6L,0,,N,"[[""ANY"", [""N""]]]"
8B6L,,8B6L,0,,O,"[[""ANY"", [""O""]]]"
8B9E,,8B9E,0,,A,"[[""ANY"", [""A""]]]"
8BAH,,8BAH,0,,B,"[[""ANY"", [""B""]]]"
8BBG,,8BBG,0,,C,"[[""ANY"", [""C""]]]"
8BBS,,8BBS,0,,A,"[[""ANY"", [""A""]]]"
8BC9,,8BC9,0,,J,"[[""ANY"", [""J""]]]"
8BLP,,8BLP,0,,C,"[[""ANY"", [""C""]]]"
8BOT,,8BOT,0,,U,"[[""ANY"", [""U""]]]"
8BOT,,8BOT,0,,X,"[[""ANY"", [""X""]]]"
8BUB,,8BUB,0,,B,"[[""ANY"", [""B""]]]"
8BYA,,8BYA,0,,B,"[[""ANY"", [""B""]]]"
8BYL,,8BYL,0,,B,"[[""ANY"", [""B""]]]"
8BZY,,8BZY,0,,A,"[[""ANY"", [""A""]]]"
8C3U,,8C3U,0,,A,"[[""ANY"", [""A""]]]"
8C6J,,8C6J,0,,7,"[[""ANY"", [""7""]]]"
8CA0,,8CA0,0,,B,"[[""ANY"", [""B""]]]"
8CH6,,8CH6,0,,Y,"[[""ANY"", [""Y""]]]"
8CQB,,8CQB,0,,A,"[[""ANY"", [""A""]]]"
8CR1,,8CR1,0,,B,"[[""ANY"", [""B""]]]"
8CSS,,8CSS,0,,8,"[[""ANY"", [""8""]]]"
8CUA,,8CUA,0,,C,"[[""ANY"", [""C""]]]"
8CUC,,8CUC,0,,F,"[[""ANY"", [""F""]]]"
8CV5,,8CV5,0,,A,"[[""ANY"", [""A""]]]"
8CX0,,8CX0,0,,A,"[[""ANY"", [""A""]]]"
8CZK,,8CZK,0,,A,"[[""ANY"", [""A""]]]"
8D1E,,8D1E,0,,D,"[[""ANY"", [""D""]]]"
8D1L,,8D1L,0,,C,"[[""ANY"", [""C""]]]"
8D30,,8D30,0,,A,"[[""ANY"", [""A""]]]"
8D3C,,8D3C,0,,E,"[[""ANY"", [""E""]]]"
8D3V,,8D3V,0,,A,"[[""ANY"", [""A""]]]"
8D6E,,8D6E,0,,A,"[[""ANY"", [""A""]]]"
8D7Z,,8D7Z,0,,C,"[[""ANY"", [""C""]]]"
8D8I,,8D8I,0,,A,"[[""ANY"", [""A""]]]"
8DAF,,8DAF,0,,A,"[[""ANY"", [""A""]]]"
8DBK,,8DBK,0,,B,"[[""ANY"", [""B""]]]"
8DEY,,8DEY,0,,F,"[[""ANY"", [""F""]]]"
8DGO,,8DGO,0,,A,"[[""ANY"", [""A""]]]"
8DGP,,8DGP,0,,A,"[[""ANY"", [""A""]]]"
8DKM,,8DKM,0,,P,"[[""ANY"", [""P""]]]"
8DMK,,8DMK,0,,G,"[[""ANY"", [""G""]]]"
8DNU,,8DNU,0,,D,"[[""ANY"", [""D""]]]"
8DPH,,8DPH,0,,A,"[[""ANY"", [""A""]]]"
8DVL,,8DVL,0,,A,"[[""ANY"", [""A""]]]"
8DYD,,8DYD,0,,A,"[[""ANY"", [""A""]]]"
8DYL,,8DYL,0,,B,"[[""ANY"", [""B""]]]"
8E0C,,8E0C,0,,A,"[[""ANY"", [""A""]]]"
8E0F,,8E0F,0,,B,"[[""ANY"", [""B""]]]"
8E1A,,8E1A,0,,A,"[[""ANY"", [""A""]]]"
8E3Y,,8E3Y,0,,R,"[[""ANY"", [""R""]]]"
8E4Y,,8E4Y,0,,A,"[[""ANY"", [""A""]]]"
8E8V,,8E8V,0,,A,"[[""ANY"", [""A""]]]"
8E93,,8E93,0,,B,"[[""ANY"", [""B""]]]"
8E98,,8E98,0,,C,"[[""ANY"", [""C""]]]"
8E9Z,,8E9Z,0,,A,"[[""ANY"", [""A""]]]"
8EDE,,8EDE,0,,B,"[[""ANY"", [""B""]]]"
8EF7,,8EF7,0,,A,"[[""ANY"", [""A""]]]"
8EFG,,8EFG,0,,A,"[[""ANY"", [""A""]]]"
8EFQ,,8EFQ,0,,R,"[[""ANY"", [""R""]]]"
8EG3,,8EG3,0,,A,"[[""ANY"", [""A""]]]"
8EGX,,8EGX,0,,A,"[[""ANY"", [""A""]]]"
8EGX,,8EGX,0,,B,"[[""ANY"", [""B""]]]"
8EIH,,8EIH,0,,A,"[[""ANY"", [""A""]]]"
8EIQ,,8EIQ,0,,A,"[[""ANY"", [""A""]]]"
8EJM,,8EJM,0,,A,"[[""ANY"", [""A""]]]"
8EMR,,8EMR,0,,B,"[[""ANY"", [""B""]]]"
8ENP,,8ENP,0,,A,"[[""ANY"", [""A""]]]"
8EOK,,8EOK,0,,G,"[[""ANY"", [""G""]]]"
8EOP,,8EOP,0,,A,"[[""ANY"", [""A""]]]"
8EOR,,8EOR,0,,B,"[[""ANY"", [""B""]]]"
8EPL,,8EPL,0,,A,"[[""ANY"", [""A""]]]"
8ESV,,8ESV,0,,A,"[[""ANY"", [""A""]]]"
8EYK,,8EYK,0,,F,"[[""ANY"", [""F""]]]"
8EYO,,8EYO,0,,A,"[[""ANY"", [""A""]]]"
8F16,,8F16,0,,A,"[[""ANY"", [""A""]]]"
8F7S,,8F7S,0,,R,"[[""ANY"", [""R""]]]"
8FB2,,8FB2,0,,B,"[[""ANY"", [""B""]]]"
8FC7,,8FC7,0,,B,"[[""ANY"", [""B""]]]"
8FFV,,8FFV,0,,A,"[[""ANY"", [""A""]]]"
8FFW,,8FFW,0,,D,"[[""ANY"", [""D""]]]"
8FGW,,8FGW,0,,C,"[[""ANY"", [""C""]]]"
8FJX,,8FJX,0,,A,"[[""ANY"", [""A""]]]"
8FMU,,8FMU,0,,B,"[[""ANY"", [""B""]]]"
8FNB,,8FNB,0,,B,"[[""ANY"", [""B""]]]"
8FOA,,8FOA,0,,A,"[[""ANY"", [""A""]]]"
8FP1,,8FP1,0,,A,"[[""ANY"", [""A""]]]"
8FW5,,8FW5,0,,B,"[[""ANY"", [""B""]]]"
8FYH,,8FYH,0,,I,"[[""ANY"", [""I""]]]"
8G0L,,8G0L,0,,A,"[[""ANY"", [""A""]]]"
8G46,,8G46,0,,B,"[[""ANY"", [""B""]]]"
8G7N,,8G7N,0,,A,"[[""ANY"", [""A""]]]"
8G9P,,8G9P,0,,D,"[[""ANY"", [""D""]]]"
8GJU,,8GJU,0,,D,"[[""ANY"", [""D""]]]"
8GK3,,8GK3,0,,H,"[[""ANY"", [""H""]]]"
8GNN,,8GNN,0,,A,"[[""ANY"", [""A""]]]"
8GT5,,8GT5,0,,A,"[[""ANY"", [""A""]]]"
8GUI,,8GUI,0,,K,"[[""ANY"", [""K""]]]"
8GX3,,8GX3,0,,A,"[[""ANY"", [""A""]]]"
8GYE,,8GYE,0,,A,"[[""ANY"", [""A""]]]"
8GYX,,8GYX,0,,B,"[[""ANY"", [""B""]]]"
8GZ2,,8GZ2,0,,B,"[[""ANY"", [""B""]]]"
8H65,,8H65,0,,C,"[[""ANY"", [""C""]]]"
8H8J,,8H8J,0,,C,"[[""ANY"", [""C""]]]"
8HBE,,8HBE,0,,B,"[[""ANY"", [""B""]]]"
8HDP,,8HDP,0,,R,"[[""ANY"", [""R""]]]"
8HY5,,8HY5,0,,B,"[[""ANY"", [""B""]]]"
8I1O,,8I1O,0,,A,"[[""ANY"", [""A""]]]"
8I5Y,,8I5Y,0,,A,"[[""ANY"", [""A""]]]"
8I5Y,,8I5Y,0,,B,"[[""ANY"", [""B""]]]"
8I9U,,8I9U,0,,J,"[[""ANY"", [""J""]]]"
8I9U,,8I9U,0,,O,"[[""ANY"", [""O""]]]"
8IFO,,8IFO,0,,A,"[[""ANY"", [""A""]]]"
8IL3,,8IL3,0,,C,"[[""ANY"", [""C""]]]"
8IQN,,8IQN,0,,A,"[[""ANY"", [""A""]]]"
8IRR,,8IRR,0,,R,"[[""ANY"", [""R""]]]"
8IUH,,8IUH,0,,3,"[[""ANY"", [""3""]]]"
8IWU,,8IWU,0,,A,"[[""ANY"", [""A""]]]"
8IYS,,8IYS,0,,R,"[[""ANY"", [""R""]]]"
8JBN,,8JBN,0,,B,"[[""ANY"", [""B""]]]"
8JDL,,8JDL,0,,AP,"[[""ANY"", [""A"", ""P""]]]"
8JHF,,8JHF,0,,A,"[[""ANY"", [""A""]]]"
8JII,,8JII,0,,A,"[[""ANY"", [""A""]]]"
8JJO,,8JJO,0,,F,"[[""ANY"", [""F""]]]"
8JYG,,8JYG,0,,B,"[[""ANY"", [""B""]]]"
8KB5,,8KB5,0,,G,"[[""ANY"", [""G""]]]"
8ODO,,8ODO,0,,A,"[[""ANY"", [""A""]]]"
8OEW,,8OEW,0,,O,"[[""ANY"", [""O""]]]"
8OI8,,8OI8,0,,A,"[[""ANY"", [""A""]]]"
8OMA,,8OMA,0,,A,"[[""ANY"", [""A""]]]"
8OMR,,8OMR,0,,A,"[[""ANY"", [""A""]]]"
8OXY,,8OXY,0,,A,"[[""ANY"", [""A""]]]"
8P50,,8P50,0,,B,"[[""ANY"", [""B""]]]"
8P8X,,8P8X,0,,A,"[[""ANY"", [""A""]]]"
8P94,,8P94,0,,A,"[[""ANY"", [""A""]]]"
8PP8,,8PP8,0,,B,"[[""ANY"", [""B""]]]"
8PQH,,8PQH,0,,A,"[[""ANY"", [""A""]]]"
8Q7N,,8Q7N,0,,K,"[[""ANY"", [""K""]]]"
8QK3,,8QK3,0,,E,"[[""ANY"", [""E""]]]"
8QY4,,8QY4,0,,D,"[[""ANY"", [""D""]]]"
8RBX,,8RBX,0,,W,"[[""ANY"", [""W""]]]"
8SG5,,8SG5,0,,H,"[[""ANY"", [""H""]]]"
8SGO,,8SGO,0,,C,"[[""ANY"", [""C""]]]"
8SYP,,8SYP,0,,C,"[[""ANY"", [""C""]]]"
8SZP,,8SZP,0,,A,"[[""ANY"", [""A""]]]"
8T6J,,8T6J,0,,A,"[[""ANY"", [""A""]]]"
8T9H,,8T9H,0,,K,"[[""ANY"", [""K""]]]"
8TAR,,8TAR,0,,N,"[[""ANY"", [""N""]]]"
8TGD,,8TGD,0,,A,"[[""ANY"", [""A""]]]"
8TNQ,,8TNQ,0,,B,"[[""ANY"", [""B""]]]"
8TZO,,8TZO,0,,C,"[[""ANY"", [""C""]]]"
8TZS,,8TZS,0,,A,"[[""ANY"", [""A""]]]"
8U26,,8U26,0,,R,"[[""ANY"", [""R""]]]"
8U37,,8U37,0,,A,"[[""ANY"", [""A""]]]"
8UCD,,8UCD,0,,C,"[[""ANY"", [""C""]]]"
8UHD,,8UHD,0,,Y,"[[""ANY"", [""Y""]]]"
8V4Y,,8V4Y,0,,W,"[[""ANY"", [""W""]]]"
8V8U,,8V8U,0,,B,"[[""ANY"", [""B""]]]"
8WEJ,,8WEJ,0,,B,"[[""ANY"", [""B""]]]"
8X15,,8X15,0,,W,"[[""ANY"", [""W""]]]"
8X72,,8X72,0,,A,"[[""ANY"", [""A""]]]"
8XOV,,8XOV,0,,A,"[[""ANY"", [""A""]]]"
8XPN,,8XPN,0,,A,"[[""ANY"", [""A""]]]"
8Y14,,8Y14,0,,A,"[[""ANY"", [""A""]]]"
8Y6B,,8Y6B,0,,F,"[[""ANY"", [""F""]]]"
8Y6O,,8Y6O,0,,H,"[[""ANY"", [""H""]]]"
