pdb,resolution,cluster30,fold,uniprot,chains,ligands
10AK,1.37,3515_30,3,Q14191,A,"[[""A1C4L"", [""A""], ""non-polymer"", 408.5, 0]]"
10KE,1.7,13579_30,1,Q7TTK0,ABCD,"[[""UD2"", [""A"", ""B"", ""C"", ""D""], ""non-polymer"", 607.4, 0], [""NAD"", [""A"", ""B"", ""C"", ""D""], ""non-polymer"", 663.4, 0]]"
10RY,1.902,762_30,3,B7UZI4,A,"[[""A1C8O"", [""A""], ""non-polymer"", 509.6, 0]]"
11AP,1.8,10979_30,2,O70348,A,"[[""UD1"", [""A""], ""non-polymer"", 607.4, 0]]"
13CV,1.94,3036_30,3,P15374,ABCD,"[[""A1DFD"", [""A"", ""B"", ""C"", ""D""], ""non-polymer"", 289.7, 0]]"
13DZ,1.72,6586_30,1,P30043,A,"[[""NAP"", [""A""], ""non-polymer"", 743.4, 0], [""A1DFI"", [""A""], ""non-polymer"", 537.6, 0]]"
13JG,1.52,122_30,2,P0A6Y8,A,"[[""A1DFX"", [""A""], ""peptide-like"", 745.9, 0]]"
13SG,1.725,5234_30,3,Q8WY64,ABCD,"[[""A1BNE"", [""B"", ""D""], ""non-polymer"", 179.2, 0]]"
13SP,1.69,5234_30,3,Q8WY64,ABCD,"[[""A1CYC"", [""A""], ""non-polymer"", 277.2, 0]]"
13UC,1.44,3581_30,1,P0DTD2,AB,"[[""5LA"", [""B""], ""non-polymer"", 201.6, 0]]"
13UP,1.47,3581_30,1,P0DTD2,AB,"[[""A1C1K"", [""B""], ""non-polymer"", 232.3, 0]]"
13ZZ,1.52,396_30,2,F1T146,A,"[[""RX7"", [""A""], ""non-polymer"", 199.3, 0]]"
14XO,2.156,767_30,2,P9WN94,AB,"[[""LQV"", [""A""], ""non-polymer"", 206.2, 0]]"
14YC,1.982,767_30,2,P9WN94,AB,"[[""K9N"", [""A""], ""non-polymer"", 210.3, 0]]"
187L,1.8,498_30,3,P00720,A,"[[""HED"", [""A""], ""non-polymer"", 154.3, 0]]"
1A26,2.25,1247_30,2,P26446,A,"[[""CNA"", [""A""], ""non-polymer"", 662.5, 1]]"
1A5U,2.35,739_30,1,P11974,ABCDEFGH,"[[""ATP"", [""A"", ""C"", ""D"", ""E"", ""F"", ""G""], ""non-polymer"", 507.2, 0]]"
1A8A,1.9,2709_30,0,P14668,A,"[[""GSE"", [""A""], ""non-polymer"", 259.2, 0]]"
1AB8,2.2,5018_30,0,P26769,AB,"[[""FOK"", [""A"", ""B""], ""non-polymer"", 410.5, 0]]"
1ABF,1.9,14554_30,2,P02924,A,"[[""FCB"", [""A""], ""D-saccharide, beta linking"", 164.2, 0], [""FCA"", [""A""], ""D-saccharide, alpha linking"", 164.2, 0]]"
1AF2,2.3,1853_30,4,P0ABF6,A,"[[""U5P"", [""A""], ""non-polymer"", 324.2, 0]]"
1AH5,2.4,509_30,4,P06983,A,"[[""DPM"", [""A""], ""non-polymer"", 420.4, 0]]"
1AHG,2.5,1255_30,4,P00509,AB,"[[""TYR"", [""A"", ""B""], ""L-peptide linking"", 181.2, 0], [""PLP"", [""A"", ""B""], ""non-polymer"", 247.1, 0]]"
1ALW,2.03,23564_30,0,P04574,AB,"[[""ISA"", [""A"", ""B""], ""non-polymer"", 308.1, 0]]"
1AMI,2.0,3667_30,0,P20004,A,"[[""SF4"", [""A""], ""non-polymer"", 351.6, 0], [""MIC"", [""A""], ""non-polymer"", 206.2, 0]]"
1AMQ,2.2,1255_30,4,P00509,A,"[[""PMP"", [""A""], ""non-polymer"", 248.2, 0]]"
1ATL,1.8,6088_30,2,P15167,AB,"[[""0QI"", [""A"", ""B""], ""peptide-like"", 339.4, 0]]"
1ATR,2.34,149_30,0,P19120,A,"[[""ADP"", [""A""], ""non-polymer"", 427.2, 0]]"
1AZS,2.3,5018_30,0,P04896;P26769;P30803,ABC,"[[""FKP"", [""A""], ""non-polymer"", 550.7, 0], [""GSP"", [""C""], ""non-polymer"", 539.2, 0]]"
1B0B,1.43,8934_30,3,P41260,A,"[[""HEM"", [""A""], ""non-polymer"", 616.5, 0]]"
1B2L,1.6,2116_30,3,P10807,A,"[[""NDC"", [""A""], ""non-polymer"", 759.6, 0]]"
1B3H,2.0,2120_30,2,P06202,AB,"[[""U1"", [""A""], ""non-polymer"", 238.0, 0]]"
1B5E,1.6,33695_30,3,P08773,AB,"[[""DCM"", [""A"", ""B""], ""non-polymer"", 307.2, 0]]"
1B86,2.5,109_30,3,P68871;P69905,ABCD,"[[""DG2"", [""D""], ""non-polymer"", 266.0, 0], [""HEM"", [""A"", ""B"", ""C"", ""D""], ""non-polymer"", 616.5, 0]]"
1B9V,2.35,4742_30,0,P03474,A,"[[""RA2"", [""A""], ""non-polymer"", 350.4, 0]]"
1BAV,1.6,1666_30,3,P00730,ABCD,"[[""BIP"", [""A"", ""B"", ""C"", ""D""], ""non-polymer"", 290.1, 0]]"
1BC5,2.2,9026_30,1,P07801,AT,"[[""SAH"", [""A""], ""non-polymer"", 384.4, 0]]"
1BD0,1.6,3203_30,0,P10724,AB,"[[""IN5"", [""A"", ""B""], ""non-polymer"", 356.2, 0]]"
1C0K,1.46,24798_30,3,P80324,A,"[[""FAD"", [""A""], ""non-polymer"", 785.5, 0]]"
1C1E,1.9,18_30,1,,HL,"[[""ENH"", [""H""], ""non-polymer"", 383.9, 0]]"
1C3E,2.1,222_30,0,P08179,AB,"[[""NHR"", [""A"", ""B""], ""non-polymer"", 482.4, 0], [""GAR"", [""A"", ""B""], ""non-polymer"", 284.2, -2]]"
1C5K,2.0,661_30,0,P0A855,A,"[[""YB"", [""A""], ""non-polymer"", 173.0, 3]]"
1C8L,2.3,513_30,0,P00489,A,"[[""CFF"", [""A""], ""non-polymer"", 194.2, 0], [""BIN"", [""A""], ""non-polymer"", 406.8, 1], [""PLP"", [""A""], ""non-polymer"", 247.1, 0]]"
1CBF,2.4,18893_30,4,O87696,A,"[[""SAH"", [""A""], ""non-polymer"", 384.4, 0]]"
1CEL,1.8,1275_30,2,P62694,AB,"[[""IBZ"", [""A"", ""B""], ""non-polymer"", 250.1, 0]]"
1CGK,1.84,311_30,2,P30074,A,"[[""NAR"", [""A""], ""non-polymer"", 272.3, 0]]"
1CI9,1.8,10533_30,0,Q9KX40,AB,"[[""DFP"", [""A"", ""B""], ""non-polymer"", 166.2, 0]]"
1CIB,2.3,191_30,1,P0A7D4,A,"[[""GDP"", [""A""], ""RNA linking"", 443.2, 0], [""IMP"", [""A""], ""non-polymer"", 348.2, 0]]"
1CQS,1.9,2211_30,0,P07445,AB,"[[""EQU"", [""A"", ""B""], ""non-polymer"", 266.3, 0]]"
1CTU,2.3,1853_30,4,P0ABF6,A,"[[""ZEB"", [""A""], ""non-polymer"", 246.2, 0]]"
1CY2,2.3,3661_30,1,P06612,A,"[[""TMP"", [""A""], ""non-polymer"", 322.2, 0]]"
1CZK,1.9,2462_30,0,P10340,A,"[[""FMN"", [""A""], ""non-polymer"", 456.3, 0]]"
1CZN,1.7,2462_30,0,P10340,A,"[[""FMN"", [""A""], ""non-polymer"", 456.3, 0]]"
1D0Y,2.0,514_30,0,P08799,A,"[[""ONP"", [""A""], ""non-polymer"", 407.1, -2]]"
1D1G,2.1,60503_30,1,Q60034,AB,"[[""NDP"", [""A"", ""B""], ""non-polymer"", 745.4, 0], [""MTX"", [""A"", ""B""], ""non-polymer"", 454.4, 0]]"
1DAM,1.8,2100_30,4,P13000,A,"[[""DTB"", [""A""], ""non-polymer"", 214.3, 0], [""ADP"", [""A""], ""non-polymer"", 427.2, 0]]"
1DBP,2.2,4563_30,3,P02925,A,"[[""RIP"", [""A""], ""D-saccharide, beta linking"", 150.1, 0]]"
1DE5,2.2,1301_30,3,P32170,ABCD,"[[""RNT"", [""A"", ""B"", ""C"", ""D""], ""L-saccharide"", 166.2, 0]]"
1DIM,1.6,12695_30,0,P29768,A,"[[""EQP"", [""A""], ""D-saccharide"", 329.2, 0]]"
1DJL,2.0,1918_30,1,Q13423,AB,"[[""NAP"", [""A"", ""B""], ""non-polymer"", 743.4, 0]]"
1DJU,2.1,2596_30,2,O59096,AB,"[[""PLP"", [""A"", ""B""], ""non-polymer"", 247.1, 0]]"
1DLW,1.54,4977_30,0,P15160,A,"[[""HEM"", [""A""], ""non-polymer"", 616.5, 0]]"
1DQA,2.0,4537_30,3,P04035,ABCD,"[[""MAH"", [""A"", ""B"", ""C"", ""D""], ""non-polymer"", 162.1, 0], [""NAP"", [""A"", ""B"", ""C"", ""D""], ""non-polymer"", 743.4, 0], [""COA"", [""A"", ""B"", ""C"", ""D""], ""non-polymer"", 767.5, 0]]"
1DUI,2.0,1021_30,3,P00782,A,"[[""DFP"", [""A""], ""non-polymer"", 166.2, 0]]"
1DXR,2.0,3659_30,0,P06008;P06009;P06010;P07173,CHLM,"[[""HEC"", [""C""], ""non-polymer"", 620.5, 0], [""BPB"", [""L"", ""M""], ""non-polymer"", 887.2, 0], [""MQ9"", [""L""], ""non-polymer"", 785.2, 0], [""MST"", [""L""], ""non-polymer"", 241.4, 0], [""NS5"", [""M""], ""non-polymer"", 540.9, 0]]"
1DY4,1.9,1275_30,2,P62694,A,"[[""SNP"", [""A""], ""non-polymer"", 259.3, 0]]"
1DY7,1.6,7568_30,0,P72181,AB,"[[""HEC"", [""B""], ""non-polymer"", 620.5, 0], [""DHE"", [""A"", ""B""], ""non-polymer"", 712.5, 0]]"
1E29,1.21,16626_30,2,Q55013,A,"[[""HEC"", [""A""], ""non-polymer"", 620.5, 0]]"
1E2F,1.6,3685_30,0,P23919,A,"[[""ANP"", [""A""], ""non-polymer"", 506.2, 0], [""ADP"", [""A""], ""non-polymer"", 427.2, 0], [""TMP"", [""A""], ""non-polymer"", 322.2, 0]]"
1E2N,2.2,5692_30,1,P0DTH5,AB,"[[""RCA"", [""A"", ""B""], ""non-polymer"", 296.3, 0]]"
1E2Z,2.5,967_30,3,P23577,ABC,"[[""HEC"", [""A"", ""B"", ""C""], ""non-polymer"", 620.5, 0]]"
1E5Q,2.1,4570_30,0,Q9P4R4,ABCDEFGH,"[[""SHR"", [""A"", ""B"", ""C"", ""D"", ""E"", ""F"", ""G"", ""H""], ""L-peptide linking"", 276.3, 0], [""NDP"", [""A"", ""B"", ""C"", ""D"", ""E"", ""F"", ""G"", ""H""], ""non-polymer"", 745.4, 0]]"
1E62,2.3,4832_30,1,P21890,A,"[[""FAD"", [""A""], ""non-polymer"", 785.5, 0]]"
1E93,2.0,1025_30,1,P42321,A,"[[""HEM"", [""A""], ""non-polymer"", 616.5, 0]]"
1E9C,1.6,3685_30,0,P23919,A,"[[""TMP"", [""A""], ""non-polymer"", 322.2, 0], [""ADP"", [""A""], ""non-polymer"", 427.2, 0], [""ANP"", [""A""], ""non-polymer"", 506.2, 0]]"
1EAG,2.1,5997_30,3,P0CS83,A,"[[""A70"", [""A""], ""non-polymer"", 739.0, 0]]"
1EB7,2.4,10556_30,4,P14532,A,"[[""HEC"", [""A""], ""non-polymer"", 620.5, 0]]"
1ECJ,2.5,2502_30,3,P0AG16,ABCD,"[[""AMP"", [""A"", ""C""], ""non-polymer"", 347.2, 0]]"
1ECQ,2.0,5193_30,3,P0AES2,ABCD,"[[""DXG"", [""A"", ""B"", ""C"", ""D""], ""non-polymer"", 192.1, -2]]"
1EG2,1.75,32938_30,3,P14751,A,"[[""MTA"", [""A""], ""non-polymer"", 297.3, 0]]"
1EHK,2.4,4331_30,3,P82543;Q5SJ79;Q5SJ80,ABC,"[[""HEM"", [""A""], ""non-polymer"", 616.5, 0], [""BNG"", [""A""], ""D-saccharide"", 306.4, 0]]"
1ELB,2.1,1096_30,0,P00772,A,"[[""0Z4"", [""A""], ""peptide-like"", 473.6, 1]]"
1EM6,2.2,513_30,0,P06737,AB,"[[""PLP"", [""A"", ""B""], ""non-polymer"", 247.1, 0], [""CP4"", [""A""], ""non-polymer"", 503.4, 0], [""NBG"", [""A"", ""B""], ""D-saccharide"", 221.2, 0]]"
1EP2,2.4,1852_30,4,P54322;P56968,AB,"[[""FMN"", [""A""], ""non-polymer"", 456.3, 0], [""ORO"", [""A""], ""non-polymer"", 156.1, 0], [""FAD"", [""B""], ""non-polymer"", 785.5, 0], [""FES"", [""B""], ""non-polymer"", 175.8, 0]]"
1EPB,2.2,45324_30,2,P06911,AB,"[[""9CR"", [""A"", ""B""], ""non-polymer"", 300.4, 0]]"
1EWP,1.75,7123_30,3,P25779,A,"[[""0I5"", [""A""], ""peptide-like"", 421.5, 0]]"
1EXB,2.1,1570_30,2,P10499;P62483,AE,"[[""NDP"", [""A""], ""non-polymer"", 745.4, 0]]"
1F07,2.0,14629_30,0,Q50744,ABCD,"[[""MPO"", [""A"", ""B"", ""C"", ""D""], ""non-polymer"", 209.3, 0]]"
1F5N,1.7,4033_30,2,P32455,A,"[[""GNP"", [""A""], ""non-polymer"", 522.2, 0]]"
1F5V,1.7,5942_30,1,P17117,AB,"[[""FMN"", [""A"", ""B""], ""non-polymer"", 456.3, 0]]"
1F8S,2.0,3260_30,4,P81382,ABCDEFGH,"[[""FAD"", [""A"", ""B"", ""C"", ""D"", ""E"", ""F"", ""G"", ""H""], ""non-polymer"", 785.5, 0]]"
1F9W,2.5,18110_30,2,P17119,AB,"[[""ADP"", [""A"", ""B""], ""non-polymer"", 427.2, 0]]"
1FCA,1.8,5076_30,2,P00198,A,"[[""SF4"", [""A""], ""non-polymer"", 351.6, 0]]"
1FD2,1.9,3381_30,2,P00214,A,"[[""F3S"", [""A""], ""non-polymer"", 295.8, 0], [""SF4"", [""A""], ""non-polymer"", 351.6, 0]]"
1FEC,1.7,812_30,2,P39040,AB,"[[""FAD"", [""A"", ""B""], ""non-polymer"", 785.5, 0]]"
1FJ0,1.7,5238_30,2,P00091,ABCD,"[[""HEC"", [""A"", ""B"", ""C"", ""D""], ""non-polymer"", 620.5, 0]]"
1FO8,1.4,6203_30,3,P27115,A,"[[""MMC"", [""A""], ""non-polymer"", 215.6, 0]]"
1FQG,1.7,1343_30,1,P62593,A,"[[""PNM"", [""A""], ""non-polymer"", 336.4, 0]]"
1FRD,1.7,3589_30,4,P11053,A,"[[""FES"", [""A""], ""non-polymer"", 175.8, 0]]"
1FRL,2.3,3381_30,2,P00214,A,"[[""F3S"", [""A""], ""non-polymer"", 295.8, 0], [""SF4"", [""A""], ""non-polymer"", 351.6, 0]]"
1FUP,2.3,928_30,4,P05042,AB,"[[""PMA"", [""A"", ""B""], ""non-polymer"", 254.2, 0]]"
1FWK,2.1,11966_30,0,Q58504,ABCD,"[[""ADP"", [""A"", ""B"", ""C"", ""D""], ""non-polymer"", 427.2, 0]]"
1FWY,2.3,192_30,0,P0ACC7,AB,"[[""UD1"", [""A"", ""B""], ""non-polymer"", 607.4, 0]]"
1FZ8,2.1,4154_30,3,P11987;P18798;P22869,ABCDEF,"[[""2BM"", [""A"", ""B"", ""C"", ""D""], ""non-polymer"", 173.8, 0]]"
1G0J,1.8,498_30,3,P00720,A,"[[""HED"", [""A""], ""non-polymer"", 154.3, 0]]"
1G29,1.9,931_30,4,Q9YGA6,12,"[[""POP"", [""1"", ""2""], ""non-polymer"", 176.0, -2]]"
1G2O,1.75,1484_30,2,P9WP01,ABC,"[[""IMH"", [""A"", ""B"", ""C""], ""non-polymer"", 266.3, 0]]"
1G30,2.0,224756_30,0,P00734;P28504,ABC,"[[""T87"", [""B""], ""non-polymer"", 525.6, 0]]"
1G41,2.3,1133_30,2,P43773,A,"[[""ADP"", [""A""], ""non-polymer"", 427.2, 0]]"
1G4T,1.55,2017_30,2,P39594,AB,"[[""FTP"", [""A"", ""B""], ""non-polymer"", 397.3, -1], [""POP"", [""A"", ""B""], ""non-polymer"", 176.0, -2]]"
1G5T,1.8,16579_30,1,P31570,A,"[[""ATP"", [""A""], ""non-polymer"", 507.2, 0]]"
1G67,1.4,2017_30,2,P39594,AB,"[[""TZP"", [""A"", ""B""], ""non-polymer"", 223.2, 0], [""POP"", [""A"", ""B""], ""non-polymer"", 176.0, -2]]"
1G6S,1.5,493_30,0,P0A6D3,A,"[[""S3P"", [""A""], ""non-polymer"", 254.1, 0], [""GPJ"", [""A""], ""non-polymer"", 170.1, 1]]"
1G8M,1.75,2693_30,2,P31335,AB,"[[""5GP"", [""A""], ""non-polymer"", 363.2, 0]]"
1G98,1.9,317_30,2,Q9N1E2,AB,"[[""PA5"", [""A"", ""B""], ""saccharide"", 246.1, 0]]"
1GDI,1.8,2173_30,0,P02240,A,"[[""HEM"", [""A""], ""non-polymer"", 616.5, 0]]"
1GEW,2.0,447_30,3,P06986,A,"[[""PLP"", [""A""], ""non-polymer"", 247.1, 0]]"
1GHX,1.65,110849_30,3,P00734;P28504,HIL,"[[""BMZ"", [""H""], ""non-polymer"", 253.3, 1]]"
1GIR,2.1,5734_30,2,Q46220,A,"[[""NDP"", [""A""], ""non-polymer"", 745.4, 0]]"
1GKL,1.4,10916_30,4,P51584,AB,"[[""FER"", [""A"", ""B""], ""non-polymer"", 194.2, 0]]"
1GOT,2.0,32_30,2,P02698;P04695;P62871,ABG,"[[""GDP"", [""G""], ""RNA linking"", 443.2, 0]]"
1GPM,2.2,186_30,1,P04079,ABCD,"[[""AMP"", [""A"", ""B"", ""C"", ""D""], ""non-polymer"", 347.2, 0], [""POP"", [""A"", ""B"", ""C"", ""D""], ""non-polymer"", 176.0, -2]]"
1GPN,2.35,307_30,0,P04058,A,"[[""HUB"", [""A""], ""non-polymer"", 256.3, 0]]"
1GR1,2.5,4832_30,1,P21890,A,"[[""FAD"", [""A""], ""non-polymer"", 785.5, 0]]"
1GTH,2.25,7024_30,2,Q28943,ABCD,"[[""SF4"", [""A"", ""B"", ""C"", ""D""], ""non-polymer"", 351.6, 0], [""FMN"", [""A"", ""B"", ""C"", ""D""], ""non-polymer"", 456.3, 0], [""FAD"", [""A"", ""B"", ""C"", ""D""], ""non-polymer"", 785.5, 0], [""NDP"", [""A"", ""B"", ""C"", ""D""], ""non-polymer"", 745.4, 0], [""IDH"", [""A"", ""B""], ""non-polymer"", 240.0, 0], [""IUR"", [""C""], ""non-polymer"", 238.0, 0]]"
1GUQ,1.8,5872_30,2,P09148,ABCD,"[[""UPG"", [""A"", ""B"", ""C"", ""D""], ""non-polymer"", 566.3, 0]]"
1GZ4,2.2,1398_30,1,P23368,ABCD,"[[""ATP"", [""A"", ""B"", ""C"", ""D""], ""non-polymer"", 507.2, 0]]"
1GZF,1.95,10687_30,0,P15879,ABCD,"[[""NAD"", [""A"", ""B""], ""non-polymer"", 663.4, 0], [""ADP"", [""C"", ""D""], ""non-polymer"", 427.2, 0], [""NIR"", [""C""], ""non-polymer"", 242.3, 0]]"
1H0S,1.7,4772_30,3,P9WPX7,A,"[[""FA6"", [""A""], ""non-polymer"", 205.2, 0]]"
1H2F,2.0,16533_30,3,Q9ALU0,A,"[[""VA3"", [""A""], ""non-polymer"", 280.8, 0]]"
1H2U,2.4,4330_30,0,P52298;Q09161,ABXY,"[[""7MG"", [""X"", ""Y""], ""RNA linking"", 379.3, 0], [""GDP"", [""X"", ""Y""], ""RNA linking"", 443.2, 0]]"
1H5D,1.6,1569_30,3,P00433,A,"[[""HEM"", [""A""], ""non-polymer"", 616.5, 0]]"
1H6N,2.11,1025_30,1,P42321,A,"[[""HEM"", [""A""], ""non-polymer"", 616.5, 0]]"
1H72,1.8,11966_30,0,Q58504,C,"[[""ANP"", [""C""], ""non-polymer"", 506.2, 0]]"
1H7T,2.48,368_30,4,P42216,AB,"[[""C5P"", [""B""], ""non-polymer"", 323.2, 0]]"
1H94,2.5,1487_30,3,P11411,A,"[[""NAD"", [""A""], ""non-polymer"", 663.4, 0]]"
1H9K,1.8,20275_30,2,Q44529,A,"[[""WO4"", [""A""], ""non-polymer"", 247.8, 0]]"
1HB3,1.4,2039_30,0,P05326,A,"[[""SCV"", [""A""], ""non-polymer"", 378.4, 0]]"
1HDK,1.8,1718_30,0,Q05315,A,"[[""PMB"", [""A""], ""non-polymer"", 393.2, 0]]"
1HI5,1.8,2279_30,4,P10153,A,"[[""ADP"", [""A""], ""non-polymer"", 427.2, 0]]"
1HJ3,1.6,7568_30,0,P72181,AB,"[[""HEC"", [""A"", ""B""], ""non-polymer"", 620.5, 0], [""DHE"", [""A"", ""B""], ""non-polymer"", 712.5, 0]]"
1HLB,2.5,43362_30,4,P80018,A,"[[""HEM"", [""A""], ""non-polymer"", 616.5, 0]]"
1HLK,2.5,1467_30,2,P25910,AB,"[[""113"", [""A"", ""B""], ""non-polymer"", 322.3, 0]]"
1HOO,2.3,191_30,1,P0A7D4,AB,"[[""GNH"", [""A""], ""non-polymer"", 442.2, 0], [""GNP"", [""A""], ""non-polymer"", 522.2, 0]]"
1HPC,2.0,905_30,1,P16048,AB,"[[""LPB"", [""A""], ""non-polymer"", 206.3, 0], [""LPA"", [""B""], ""non-polymer"", 206.3, 0]]"
1HPM,1.7,149_30,0,P19120,A,"[[""ADP"", [""A""], ""non-polymer"", 427.2, 0]]"
1HRO,2.2,24326_30,1,P00080,AB,"[[""HEC"", [""A"", ""B""], ""non-polymer"", 620.5, 0]]"
1HSH,1.9,7696_30,0,P04584,ABCD,"[[""MK1"", [""A"", ""C""], ""non-polymer"", 613.8, 0]]"
1HXT,2.4,1327_30,3,P02931,A,"[[""C8E"", [""A""], ""non-polymer"", 306.4, 0]]"
1I1D,1.8,11712_30,0,P43577,ABCD,"[[""COA"", [""A"", ""B""], ""non-polymer"", 767.5, 0], [""16G"", [""A"", ""B"", ""D""], ""D-saccharide, alpha linking"", 301.2, 0]]"
1I1M,2.4,5270_30,2,P0AB80,ABC,"[[""PLP"", [""A"", ""B"", ""C""], ""non-polymer"", 247.1, 0]]"
1I2B,1.75,18139_30,4,O48917,A,"[[""USQ"", [""A""], ""non-polymer"", 630.4, 0], [""UPG"", [""A""], ""non-polymer"", 566.3, 0], [""NAD"", [""A""], ""non-polymer"", 663.4, 0]]"
1I37,2.0,1544_30,2,P15207,A,"[[""DHT"", [""A""], ""non-polymer"", 290.4, 0]]"
1I5C,1.9,8342_30,1,Q56310,AB,"[[""ADP"", [""A"", ""B""], ""non-polymer"", 427.2, 0]]"
1I5S,2.2,4801_30,1,P33173,A,"[[""ADP"", [""A""], ""non-polymer"", 427.2, 0]]"
1I7A,2.24,9556_30,2,Q9QWW1,ABCDE,"[[""PHE"", [""A"", ""B"", ""D""], ""L-peptide linking"", 165.2, 0]]"
1IBJ,2.3,1144_30,4,P53780,AC,"[[""PLP"", [""A"", ""C""], ""non-polymer"", 247.1, 0]]"
1IBR,2.3,2892_30,2,P62826;Q14974,ABCD,"[[""GNP"", [""A"", ""C""], ""non-polymer"", 522.2, 0]]"
1ID0,1.6,9806_30,3,P23837,A,"[[""ANP"", [""A""], ""non-polymer"", 506.2, 0]]"
1IG0,1.8,42448_30,4,P35202,AB,"[[""VIB"", [""A"", ""B""], ""non-polymer"", 265.4, 1]]"
1IL0,2.2,5559_30,2,Q16836,AB,"[[""NAD"", [""A"", ""B""], ""non-polymer"", 663.4, 0], [""CAA"", [""A"", ""B""], ""non-polymer"", 851.6, 0]]"
1IMA,2.3,3145_30,2,P29218,AB,"[[""GD"", [""A"", ""B""], ""non-polymer"", 157.2, 0], [""IPD"", [""A"", ""B""], ""non-polymer"", 258.1, -2]]"
1IN8,1.9,151_30,4,Q56313,A,"[[""ADP"", [""A""], ""non-polymer"", 427.2, 0]]"
1INC,1.94,1096_30,0,P00772,A,"[[""ICL"", [""A""], ""non-polymer"", 354.8, 0]]"
1IRK,2.1,1283_30,3,P06213,A,"[[""EMC"", [""A""], ""non-polymer"", 229.7, 0]]"
1IUU,2.0,4455_30,0,P20586,A,"[[""FAD"", [""A""], ""non-polymer"", 785.5, 0]]"
1IV4,1.55,17510_30,0,Q8RQP5,ABCDEF,"[[""C5P"", [""A"", ""B"", ""C"", ""D"", ""F""], ""non-polymer"", 323.2, 0]]"
1IWE,2.1,777_30,2,P28650,AB,"[[""IMP"", [""A"", ""B""], ""non-polymer"", 348.2, 0]]"
1IXN,2.3,682_30,2,P0A794,ABCD,"[[""G3P"", [""A"", ""B"", ""C"", ""D""], ""non-polymer"", 172.1, 0], [""DXP"", [""A"", ""B"", ""C"", ""D""], ""non-polymer"", 214.1, 0]]"
1IYD,2.15,5270_30,2,P0AB80,ABC,"[[""PLP"", [""A"", ""B"", ""C""], ""non-polymer"", 247.1, 0]]"
1J01,2.0,7524_30,1,P07986,A,"[[""XIL"", [""A""], ""D-saccharide"", 263.2, 0]]"
1J02,1.7,1267_30,4,P06762,A,"[[""HEM"", [""A""], ""non-polymer"", 616.5, 0]]"
1J09,1.8,375_30,0,P27000,A,"[[""ATP"", [""A""], ""non-polymer"", 507.2, 0]]"
1J0O,1.15,6336_30,2,P00132,A,"[[""HEC"", [""A""], ""non-polymer"", 620.5, 0]]"
1J0X,2.4,862_30,1,P46406,OPQR,"[[""NAD"", [""P"", ""R""], ""non-polymer"", 663.4, 0]]"
1J11,2.0,12213_30,3,P36924,ABCD,"[[""EPG"", [""A"", ""B"", ""C"", ""D""], ""D-saccharide"", 236.2, 0]]"
1J53,1.8,8643_30,0,P03007,A,"[[""TMP"", [""A""], ""non-polymer"", 322.2, 0]]"
1J77,1.5,38671_30,4,Q9RGD9,A,"[[""HEM"", [""A""], ""non-polymer"", 616.5, 0]]"
1J79,1.7,783_30,2,P05020,AB,"[[""NCD"", [""A"", ""B""], ""non-polymer"", 176.1, 0], [""ORO"", [""A""], ""non-polymer"", 156.1, 0]]"
1JCJ,1.1,1741_30,2,P0A6L0,AB,"[[""HPD"", [""A"", ""B""], ""non-polymer"", 216.1, 0]]"
1JEU,1.25,2120_30,2,P06202,AB,"[[""IUM"", [""A""], ""non-polymer"", 270.0, 0]]"
1JH7,2.4,18072_30,1,O04147,A,"[[""UVC"", [""A""], ""non-polymer"", 343.1, 0]]"
1JHG,1.3,1864_30,1,P0A881,A,"[[""TRP"", [""A""], ""L-peptide linking"", 204.2, 0]]"
1JHO,2.0,770_30,3,Q05603,A,"[[""RMB"", [""A""], ""non-polymer"", 344.3, 0]]"
1JIX,1.65,10639_30,3,P04547,A,"[[""UDP"", [""A""], ""RNA linking"", 404.2, 0]]"
1JLD,2.5,7696_30,0,P04584,AB,"[[""0PP"", [""A""], ""peptide-like"", 661.8, 0]]"
1JN4,1.8,340_30,0,P61823,AB,"[[""139"", [""A""], ""non-polymer"", 637.4, 0]]"
1JNQ,2.1,1333_30,0,P09186,A,"[[""EGT"", [""A""], ""non-polymer"", 306.3, 0]]"
1JP3,1.8,4493_30,3,P60472,AB,"[[""EGC"", [""A""], ""non-polymer"", 602.8, 0]]"
1JQD,2.28,10280_30,0,P50135,AB,"[[""SAH"", [""A"", ""B""], ""non-polymer"", 384.4, 0]]"
1JQN,2.35,1028_30,3,P00864,A,"[[""DCO"", [""A""], ""non-polymer"", 235.0, 0]]"
1JUB,1.4,1535_30,0,A2RJT9,AB,"[[""FMN"", [""A"", ""B""], ""non-polymer"", 456.3, 0]]"
1JX2,2.3,77184_30,4,P08799;Q94464,A,"[[""ADP"", [""A""], ""non-polymer"", 427.2, 0]]"
1JZ4,2.1,1200_30,1,P00722,ABCD,"[[""2DG"", [""A"", ""B"", ""C"", ""D""], ""D-saccharide, alpha linking"", 164.2, 0]]"
1K0A,2.5,19567_30,0,P23202,AB,"[[""GSH"", [""B""], ""peptide-like"", 307.3, 0], [""GTX"", [""A""], ""non-polymer"", 392.5, 1]]"
1K0L,2.0,4455_30,0,P20586,A,"[[""FAD"", [""A""], ""non-polymer"", 785.5, 0]]"
1K7W,1.96,250_30,0,P24058,ABCD,"[[""AS1"", [""A"", ""B"", ""C"", ""D""], ""non-polymer"", 290.3, 0]]"
1KCD,1.15,3057_30,1,P79074,A,"[[""GTR"", [""A""], ""D-saccharide, beta linking"", 194.1, 0], [""GTK"", [""A""], ""D-saccharide, beta linking"", 194.1, 0]]"
1KDS,2.15,1064_30,3,P00811,AB,"[[""NPB"", [""A"", ""B""], ""non-polymer"", 166.9, 0]]"
1KFK,2.4,75_30,2,P00929;P0A2K1,AB,"[[""PLP"", [""B""], ""non-polymer"", 247.1, 0]]"
1KH2,2.3,276_30,0,P59846,ABCD,"[[""ATP"", [""A"", ""B"", ""C"", ""D""], ""non-polymer"", 507.2, 0]]"
1KHH,2.5,15570_30,0,P10868,AB,"[[""SAH"", [""A"", ""B""], ""non-polymer"", 384.4, 0]]"
1KN1,2.2,2376_30,1,P59856;P59857,AB,"[[""CYC"", [""A"", ""B""], ""non-polymer"", 588.7, 0]]"
1KO8,2.4,12395_30,4,P46859,AB,"[[""6PG"", [""A"", ""B""], ""D-saccharide"", 276.1, 0]]"
1KR5,2.1,6095_30,3,P22061,A,"[[""SAH"", [""A""], ""non-polymer"", 384.4, 0]]"
1KRR,2.5,6356_30,3,P07464,ABC,"[[""ACO"", [""A"", ""B"", ""C""], ""non-polymer"", 809.6, 0]]"
1KT4,1.461,4147_30,3,P18902,A,"[[""RTL"", [""A""], ""non-polymer"", 286.5, 0]]"
1KTA,1.9,1703_30,4,O15382,AB,"[[""PMP"", [""A"", ""B""], ""non-polymer"", 248.2, 0]]"
1KTG,1.8,9185_30,4,Q9U2M7,AB,"[[""AMP"", [""A""], ""non-polymer"", 347.2, 0]]"
1KWX,2.0,6628_30,0,P19999,ABC,"[[""MFB"", [""A"", ""B"", ""C""], ""L-saccharide"", 178.2, 0]]"
1KXN,1.8,494_30,4,P00431,A,"[[""HEM"", [""A""], ""non-polymer"", 616.5, 0]]"
1KY8,2.4,21448_30,3,O57693,A,"[[""NAP"", [""A""], ""non-polymer"", 743.4, 0]]"
1KYQ,2.2,97637_30,0,P15807,ABC,"[[""NAD"", [""A"", ""B"", ""C""], ""non-polymer"", 663.4, 0]]"
1KZP,2.1,106956_30,0,P01116;Q02293;Q04631,ABC,"[[""FAR"", [""C""], ""non-polymer"", 206.4, 0]]"
1L4L,2.0,770_30,3,Q05603,A,"[[""NCN"", [""A""], ""non-polymer"", 335.2, 0]]"
1L8A,1.85,6594_30,3,P0AFG8,AB,"[[""TPP"", [""A"", ""B""], ""non-polymer"", 425.3, 1]]"
1LDE,2.5,414_30,1,P00327,ABCD,"[[""NAD"", [""A"", ""B"", ""C"", ""D""], ""non-polymer"", 663.4, 0]]"
1LFW,1.8,7293_30,3,P45494,A,"[[""AEP"", [""A""], ""non-polymer"", 239.2, 0]]"
1LHO,2.0,11121_30,1,P04278,A,"[[""AOM"", [""A""], ""non-polymer"", 292.5, 0]]"
1LIH,2.2,18994_30,2,P02941,A,"[[""PHN"", [""A""], ""non-polymer"", 180.2, 0]]"
1LKE,1.9,19671_30,2,P09464,A,"[[""DOG"", [""A""], ""non-polymer"", 390.5, 0]]"
1LLQ,2.3,4126_30,0,P27443,AB,"[[""NAD"", [""A"", ""B""], ""non-polymer"", 663.4, 0]]"
1LOO,2.2,777_30,2,P28650,A,"[[""GTP"", [""A""], ""non-polymer"", 523.2, 0]]"
1LOV,1.55,2723_30,3,P00651,A,"[[""3GP"", [""A""], ""non-polymer"", 363.2, 0]]"
1LPB,2.46,11490_30,4,P02703;P16233,AB,"[[""MUP"", [""B""], ""non-polymer"", 250.3, 0]]"
1LQT,1.05,4889_30,3,P9WIQ3,AB,"[[""FAD"", [""A"", ""B""], ""non-polymer"", 785.5, 0], [""ODP"", [""A"", ""B""], ""RNA linking"", 760.4, 1]]"
1LRI,1.45,10036_30,0,P15570,A,"[[""CLR"", [""A""], ""non-polymer"", 386.7, 0]]"
1LRQ,1.8,397_30,0,O66496,AB,"[[""PEP"", [""A""], ""non-polymer"", 168.0, 0], [""A5P"", [""A""], ""non-polymer"", 232.1, 0]]"
1LWX,2.3,2409_30,4,P22887,ABC,"[[""AZD"", [""A"", ""B"", ""C""], ""non-polymer"", 427.2, 0]]"
1LXY,2.0,1271_30,4,P23793,AB,"[[""CIR"", [""A"", ""B""], ""L-peptide linking"", 175.2, 0]]"
1M20,1.8,4208_30,2,P00171,A,"[[""HEM"", [""A""], ""non-polymer"", 616.5, 0]]"
1M2M,1.8,5446_30,0,P00171,A,"[[""HEM"", [""A""], ""non-polymer"", 616.5, 0]]"
1M4I,1.5,14549_30,2,P9WQG9,AB,"[[""PAP"", [""A""], ""non-polymer"", 507.2, 0], [""KAN"", [""A"", ""B""], ""non-polymer"", 484.5, 0], [""COA"", [""A"", ""B""], ""non-polymer"", 767.5, 0]]"
1M5W,1.96,682_30,2,P0A794,ABCDEFGH,"[[""DXP"", [""A"", ""B"", ""C"", ""E"", ""F"", ""G""], ""non-polymer"", 214.1, 0]]"
1M7Y,1.6,3849_30,3,P37821,A,"[[""PPG"", [""A""], ""non-polymer"", 389.3, 0]]"
1M9P,2.1,109_30,3,P68871;P69905,ABCD,"[[""HEM"", [""A"", ""B"", ""C"", ""D""], ""non-polymer"", 616.5, 0]]"
1MAI,1.9,132858_30,4,P10688,A,"[[""I3P"", [""A""], ""non-polymer"", 420.1, 0]]"
1MBU,2.3,1320_30,1,P0A8Q6;P0ABH9,ABCD,"[[""YBT"", [""A"", ""B"", ""D""], ""non-polymer"", 298.1, 3]]"
1MDV,2.3,6336_30,2,P00131,AB,"[[""HEC"", [""A"", ""B""], ""non-polymer"", 620.5, 0]]"
1MEI,2.2,19166_30,3,P50097,A,"[[""MOA"", [""A""], ""non-polymer"", 320.3, 0], [""XMP"", [""A""], ""non-polymer"", 365.2, 1]]"
1MLW,1.71,1693_30,0,P17752,A,"[[""HBI"", [""A""], ""non-polymer"", 239.2, 0]]"
1MQ0,2.4,3753_30,4,P32320,AB,"[[""BRD"", [""A"", ""B""], ""non-polymer"", 244.2, 0]]"
1MQW,2.3,5552_30,2,O33199,A,"[[""ADV"", [""A""], ""non-polymer"", 557.3, 0]]"
1MS1,1.8,4124_30,3,Q26966,AB,"[[""DAN"", [""A"", ""B""], ""D-saccharide"", 291.3, 0]]"
1MU6,1.99,153192_30,4,P00734;P28504,ABC,"[[""CDA"", [""B""], ""non-polymer"", 432.4, 0]]"
1MXT,0.95,7738_30,2,P12676,A,"[[""FAE"", [""A""], ""non-polymer"", 786.6, 1]]"
1MY4,1.9,211_30,0,P19491,ABC,"[[""IWD"", [""A"", ""B"", ""C""], ""non-polymer"", 325.1, 0]]"
1MZN,1.9,2045_30,2,P19793;Q15596,ABCDEFGH,"[[""BM6"", [""A"", ""C"", ""E"", ""G""], ""non-polymer"", 379.5, -1]]"
1N1E,1.9,229_30,0,P90551,AB,"[[""NDE"", [""A"", ""B""], ""non-polymer"", 831.5, 0]]"
1N31,2.2,51741_30,1,P73679,AB,"[[""PLP"", [""A"", ""B""], ""non-polymer"", 247.1, 0]]"
1N4K,2.2,2878_30,1,P11881,A,"[[""I3P"", [""A""], ""non-polymer"", 420.1, 0]]"
1N5K,2.1,8611_30,2,P9WKE1,AB,"[[""TMP"", [""A"", ""B""], ""non-polymer"", 322.2, 0]]"
1N5Q,1.74,38811_30,2,Q53908,AB,"[[""TNC"", [""B""], ""non-polymer"", 396.4, 0]]"
1N60,1.19,10788_30,2,P19919;P19920;P19921,ABCDEF,"[[""EKW"", [""B"", ""E""], ""non-polymer"", 844.5, 0], [""FAD"", [""C"", ""F""], ""non-polymer"", 785.5, 0], [""FES"", [""A"", ""D""], ""non-polymer"", 175.8, 0]]"
1N6C,2.3,5298_30,0,Q8WTS6,A,"[[""SAM"", [""A""], ""non-polymer"", 398.4, 0]]"
1N6K,1.55,2266_30,1,P20339,A,"[[""GDP"", [""A""], ""RNA linking"", 443.2, 0]]"
1N95,2.3,1912_30,0,Q02293;Q04631,AB,"[[""FTH"", [""B""], ""non-polymer"", 500.6, 0], [""HFP"", [""B""], ""non-polymer"", 308.4, 0]]"
1NAH,1.8,2036_30,1,P09147,A,"[[""NAD"", [""A""], ""non-polymer"", 663.4, 0], [""UDP"", [""A""], ""RNA linking"", 404.2, 0]]"
1NAI,2.0,2036_30,1,P09147,A,"[[""NAD"", [""A""], ""non-polymer"", 663.4, 0], [""UDP"", [""A""], ""RNA linking"", 404.2, 0]]"
1NE4,2.4,3528_30,2,P00514,A,"[[""RP1"", [""A""], ""non-polymer"", 345.3, 0]]"
1NFS,1.96,2464_30,3,Q46822,AB,"[[""DED"", [""A"", ""B""], ""non-polymer"", 249.1, 0]]"
1NIT,2.05,3667_30,0,P20004,A,"[[""SF4"", [""A""], ""non-polymer"", 351.6, 0]]"
1NNU,2.5,6390_30,2,Q9BH77,ABCD,"[[""TCT"", [""A"", ""B""], ""non-polymer"", 286.7, 0], [""NAD"", [""A"", ""B""], ""non-polymer"", 663.4, 0]]"
1NO3,2.15,1333_30,0,P09186,A,"[[""4NC"", [""A""], ""non-polymer"", 155.1, 0]]"
1NP7,1.9,9874_30,1,P77967,AB,"[[""FAD"", [""A"", ""B""], ""non-polymer"", 785.5, 0]]"
1NPD,2.3,2584_30,0,P0A6D5,AB,"[[""NAD"", [""A"", ""B""], ""non-polymer"", 663.4, 0]]"
1NQ0,2.4,3999_30,1,P10828,A,"[[""4HY"", [""A""], ""non-polymer"", 621.9, 0]]"
1NQU,1.75,3191_30,4,O66529,ABCDE,"[[""RDL"", [""A"", ""B"", ""C"", ""D"", ""E""], ""non-polymer"", 330.3, 0]]"
1NR6,2.1,448_30,4,P00179,A,"[[""DIF"", [""A""], ""non-polymer"", 296.1, 0], [""HEM"", [""A""], ""non-polymer"", 616.5, 0]]"
1NRJ,1.7,44876_30,2,P32916;P36057,AB,"[[""GTP"", [""B""], ""non-polymer"", 523.2, 0]]"
1NV4,1.9,882_30,4,P00636,A,"[[""TL"", [""A""], ""non-polymer"", 204.4, 1], [""F6P"", [""A""], ""D-saccharide, beta linking"", 260.1, 0]]"
1NVS,1.8,1065_30,0,O14757,AB,"[[""UCM"", [""A""], ""non-polymer"", 393.4, 0]]"
1NW6,1.94,32938_30,3,P14751,A,"[[""SFG"", [""A""], ""non-polymer"", 381.4, 0]]"
1NYM,1.2,1343_30,1,P62593,A,"[[""CXB"", [""A""], ""non-polymer"", 258.1, 0]]"
1O0D,2.44,225892_30,4,P00734,DHL,"[[""163"", [""H""], ""peptide-like"", 456.5, 0]]"
1O5I,2.5,2281_30,4,Q9X0Q1,ABCD,"[[""NAD"", [""B""], ""non-polymer"", 663.4, 0]]"
1O61,1.9,1421_30,0,Q9S5Y7,AB,"[[""PLP"", [""A"", ""B""], ""non-polymer"", 247.1, 0]]"
1O98,1.4,499_30,2,Q9X519,A,"[[""2PG"", [""A""], ""non-polymer"", 186.1, 0]]"
1O9B,2.5,2584_30,0,P0A6D5,AB,"[[""NAI"", [""A"", ""B""], ""non-polymer"", 665.4, 0]]"
1OJZ,2.02,23545_30,0,Q9ADS9,A,"[[""NAD"", [""A""], ""non-polymer"", 663.4, 0]]"
1OKJ,2.28,9837_30,3,P76256,ABCD,"[[""GD3"", [""A""], ""non-polymer"", 157.2, 3]]"
1OMO,2.32,20417_30,1,O28608,AB,"[[""NAD"", [""A"", ""B""], ""non-polymer"", 663.4, 0]]"
1OQN,2.3,25804_30,2,P08592;P97318,ABCD,"[[""I3P"", [""A"", ""B""], ""non-polymer"", 420.1, 0]]"
1OQQ,1.47,8957_30,2,P00259,AB,"[[""FES"", [""A"", ""B""], ""non-polymer"", 175.8, 0]]"
1OW4,1.6,69919_30,2,Q8MTC1,AB,"[[""2AN"", [""A"", ""B""], ""non-polymer"", 299.3, 0]]"
1OWB,2.2,1586_30,2,P0ABH7,AB,"[[""NAD"", [""A"", ""B""], ""non-polymer"", 663.4, 0]]"
1P01,2.0,3657_30,0,P00778,A,"[[""0EG"", [""A""], ""peptide-like"", 385.3, 0]]"
1P18,2.0,4313_30,0,Q4DRC4,AB,"[[""PRP"", [""A"", ""B""], ""D-saccharide"", 390.1, 0]]"
1P4M,1.8,8168_30,3,Q969G6,A,"[[""FMN"", [""A""], ""non-polymer"", 456.3, 0], [""ADP"", [""A""], ""non-polymer"", 427.2, 0]]"
1PKK,1.77,829_30,0,Q57872,AB,"[[""DCP"", [""B""], ""non-polymer"", 467.2, 0]]"
1PL6,2.0,665_30,0,Q00796,ABCD,"[[""572"", [""A"", ""B"", ""C"", ""D""], ""non-polymer"", 301.4, 0], [""NAD"", [""A"", ""B"", ""C"", ""D""], ""non-polymer"", 663.4, 0]]"
1PMM,2.0,2648_30,3,P69910,ABCDEF,"[[""PLP"", [""A"", ""B"", ""C"", ""D"", ""E"", ""F""], ""non-polymer"", 247.1, 0]]"
1POE,2.1,2950_30,2,P14555,AB,"[[""GEL"", [""A"", ""B""], ""non-polymer"", 489.5, 0]]"
1POW,2.5,6285_30,2,P37063,AB,"[[""TPP"", [""A"", ""B""], ""non-polymer"", 425.3, 1], [""FAD"", [""A"", ""B""], ""non-polymer"", 785.5, 0]]"
1PPH,1.9,47_30,4,P00760,E,"[[""0ZG"", [""E""], ""peptide-like"", 428.5, 0]]"
1PR9,1.96,1149_30,4,Q7Z4W1,AB,"[[""NAP"", [""A"", ""B""], ""non-polymer"", 743.4, 0]]"
1PV8,2.2,5254_30,3,P13716,AB,"[[""PB1"", [""A""], ""non-polymer"", 232.3, 0]]"
1PVD,2.3,2993_30,1,P06169,AB,"[[""TPP"", [""A"", ""B""], ""non-polymer"", 425.3, 1]]"
1PW1,1.2,6585_30,2,P15555,A,"[[""HEL"", [""A""], ""non-polymer"", 429.5, -1]]"
1PZ1,2.2,3156_30,0,P80874,AB,"[[""NAP"", [""A"", ""B""], ""non-polymer"", 743.4, 0]]"
1PZK,1.35,3059_30,3,Q57193,DEFGH,"[[""J12"", [""D"", ""E"", ""F"", ""G"", ""H""], ""non-polymer"", 621.7, 0]]"
1Q20,2.3,1548_30,4,O00204,A,"[[""PLO"", [""A""], ""non-polymer"", 316.5, 0], [""A3P"", [""A""], ""RNA linking"", 427.2, 0]]"
1Q6J,2.2,1950_30,3,P18031,A,"[[""335"", [""A""], ""non-polymer"", 649.5, 0]]"
1Q72,1.7,13_30,3,,HL,"[[""COC"", [""H""], ""non-polymer"", 303.4, 0]]"
1QA7,1.9,26993_30,3,P08617,ABCD,"[[""IVF"", [""A"", ""B"", ""C"", ""D""], ""peptide-like"", 431.3, 0]]"
1QB6,1.8,47_30,4,P00760,A,"[[""623"", [""A""], ""non-polymer"", 398.4, 1]]"
1QB8,2.0,16784_30,2,Q27679,A,"[[""AMP"", [""A""], ""non-polymer"", 347.2, 0]]"
1QFL,1.92,337_30,0,P07097,ABCD,"[[""COA"", [""A"", ""B"", ""C"", ""D""], ""non-polymer"", 767.5, 0]]"
1QHA,2.25,1111_30,0,P19367,AB,"[[""ANP"", [""A"", ""B""], ""non-polymer"", 506.2, 0], [""G6P"", [""A"", ""B""], ""D-saccharide, alpha linking"", 260.1, 0]]"
1QJC,1.63,137_30,2,P0A6I6,AB,"[[""PNS"", [""B""], ""non-polymer"", 358.3, 0]]"
1QL4,1.5,15020_30,2,P54820,ABCD,"[[""HEC"", [""A"", ""B"", ""C"", ""D""], ""non-polymer"", 620.5, 0]]"
1QLT,2.2,3305_30,1,P56216,AB,"[[""FAD"", [""A"", ""B""], ""non-polymer"", 785.5, 0]]"
1QLU,2.4,3305_30,1,P56216,AB,"[[""EUG"", [""A"", ""B""], ""non-polymer"", 164.2, 0], [""FAD"", [""A"", ""B""], ""non-polymer"", 785.5, 0]]"
1QPG,2.4,99_30,3,P00560,A,"[[""ANP"", [""A""], ""non-polymer"", 506.2, 0], [""3PG"", [""A""], ""non-polymer"", 186.1, 0]]"
1QPQ,2.45,5849_30,3,P9WJJ7,ABCDEF,"[[""NTM"", [""A"", ""B"", ""C"", ""D"", ""E"", ""F""], ""non-polymer"", 167.1, 0]]"
1QR6,2.1,1398_30,1,P23368,AB,"[[""NAD"", [""A"", ""B""], ""non-polymer"", 663.4, 0]]"
1QRP,1.96,1024_30,3,P0DJD7,E,"[[""HH0"", [""E""], ""peptide-like"", 753.9, 0]]"
1QSM,2.4,26796_30,0,Q06592,ABCD,"[[""ACO"", [""A"", ""B"", ""C"", ""D""], ""non-polymer"", 809.6, 0]]"
1QTN,1.2,5762_30,1,Q14790,ABC,"[[""DTD"", [""A"", ""B""], ""non-polymer"", 152.2, 0]]"
1QV1,1.1,6558_30,3,Q27709,A,"[[""CZH"", [""A""], ""non-polymer"", 455.5, 0]]"
1QV6,1.8,414_30,1,P00327,AB,"[[""NAD"", [""A"", ""B""], ""non-polymer"", 663.4, 0]]"
1QW9,1.2,5953_30,3,Q9XBQ3,AB,"[[""KHP"", [""A"", ""B""], ""L-saccharide"", 271.2, 0]]"
1QY1,1.7,4530_30,2,P11588,A,"[[""PRZ"", [""A""], ""non-polymer"", 166.2, 0]]"
1R0Q,1.61,711_30,0,P04164,A,"[[""HFM"", [""A""], ""non-polymer"", 618.5, 0]]"
1R18,2.2,6095_30,3,Q27869,A,"[[""SAH"", [""A""], ""non-polymer"", 384.4, 0]]"
1R1J,2.35,2490_30,1,P08473,A,"[[""OIR"", [""A""], ""non-polymer"", 400.5, 0]]"
1R2J,2.1,67013_30,4,Q9KIE5,A,"[[""FAD"", [""A""], ""non-polymer"", 785.5, 0]]"
1R51,1.75,1341_30,0,Q00511,A,"[[""AZA"", [""A""], ""non-polymer"", 153.1, 0]]"
1R6N,2.4,25172_30,4,P04015,A,"[[""434"", [""A""], ""non-polymer"", 608.4, 0]]"
1R8C,1.9,3232_30,0,O28126,A,"[[""UTP"", [""A""], ""non-polymer"", 484.1, 0]]"
1RE0,2.4,19506_30,1,P47102;P84077,AB,"[[""GDP"", [""A""], ""RNA linking"", 443.2, 0], [""AFB"", [""A""], ""non-polymer"", 280.4, 0]]"
1RFS,1.83,2644_30,2,P08980,A,"[[""FES"", [""A""], ""non-polymer"", 175.8, 0]]"
1RHC,1.8,5601_30,1,O93734,A,"[[""F42"", [""A""], ""non-polymer"", 773.6, 0]]"
1RHJ,2.2,560_30,1,P42574,ABCD,"[[""PZN"", [""A"", ""C""], ""non-polymer"", 574.7, -1]]"
1RI3,2.5,6306_30,1,Q8SR66,A,"[[""SAH"", [""A""], ""non-polymer"", 384.4, 0]]"
1RK3,2.2,182128_30,4,P13053;Q15648,AC,"[[""VDX"", [""A""], ""non-polymer"", 416.6, 0]]"
1RL4,2.18,3030_30,3,Q8I372,AB,"[[""BL5"", [""A"", ""B""], ""non-polymer"", 695.0, 0], [""BRR"", [""A"", ""B""], ""non-polymer"", 189.2, 0]]"
1RM6,1.6,43270_30,0,O33818;O33819;O33820,ABCDEF,"[[""PCD"", [""A"", ""D""], ""non-polymer"", 844.5, 0], [""FAD"", [""B"", ""E""], ""non-polymer"", 785.5, 0], [""SF4"", [""B"", ""E""], ""non-polymer"", 351.6, 0], [""FES"", [""C"", ""F""], ""non-polymer"", 175.8, 0]]"
1ROZ,2.21,962_30,2,P49366,AB,"[[""NAD"", [""A"", ""B""], ""non-polymer"", 663.4, 0]]"
1RQJ,1.95,2130_30,0,P22939,AB,"[[""IPE"", [""A"", ""B""], ""non-polymer"", 246.1, 0], [""RIS"", [""A"", ""B""], ""non-polymer"", 283.1, 0]]"
1RRG,2.4,1088_30,2,P84079,AB,"[[""GDP"", [""A"", ""B""], ""RNA linking"", 443.2, 0]]"
1RS2,2.31,5891_30,0,P56740,A,"[[""209"", [""A""], ""non-polymer"", 195.2, 0]]"
1RW8,2.4,2747_30,3,P36897,A,"[[""580"", [""A""], ""non-polymer"", 293.3, 0]]"
1RX0,1.77,3488_30,2,Q9UKU7,ABCD,"[[""2MC"", [""C"", ""D""], ""non-polymer"", 835.6, 0], [""FAD"", [""A"", ""B"", ""C"", ""D""], ""non-polymer"", 785.5, 0]]"
1S20,2.2,5178_30,0,P37672,ABCDEFGH,"[[""NAD"", [""A"", ""B"", ""D"", ""F"", ""G"", ""H""], ""non-polymer"", 663.4, 0]]"
1S2D,2.1,12882_30,4,Q8RLY5,ABC,"[[""V3M"", [""A"", ""B"", ""C""], ""D-saccharide, alpha linking"", 152.1, 0]]"
1S2I,2.24,12882_30,4,Q8RLY5,ABC,"[[""BP1"", [""A"", ""B"", ""C""], ""non-polymer"", 199.0, 0]]"
1S67,1.5,15746_30,3,P76129,LU,"[[""HEM"", [""L"", ""U""], ""non-polymer"", 616.5, 0]]"
1S9A,2.47,4734_30,3,O67987,AB,"[[""HGP"", [""A"", ""B""], ""non-polymer"", 707.0, 1]]"
1SQK,2.5,32011_30,2,O97428;P68135,AB,"[[""ADP"", [""A""], ""non-polymer"", 427.2, 0], [""LAR"", [""A""], ""non-polymer"", 421.6, 0]]"
1STA,1.7,535_30,4,P00644,A,"[[""THP"", [""A""], ""DNA linking"", 402.2, 0]]"
1SUX,2.0,611_30,4,P52270,AB,"[[""BTS"", [""B""], ""non-polymer"", 289.4, 0]]"
1SVL,1.95,4060_30,0,P03070,ABC,"[[""ADP"", [""A"", ""B"", ""C""], ""non-polymer"", 427.2, 0]]"
1SXX,1.01,2727_30,2,Q94734,A,"[[""HEM"", [""A""], ""non-polymer"", 616.5, 0]]"
1T6J,2.1,1383_30,4,P11544,AB,"[[""CIN"", [""B""], ""non-polymer"", 192.2, 0]]"
1T7Q,1.8,3903_30,2,P47934,AB,"[[""COA"", [""A"", ""B""], ""non-polymer"", 767.5, 0], [""152"", [""A"", ""B""], ""non-polymer"", 162.2, 1]]"
1TAG,1.8,57_30,1,P04695,A,"[[""GDP"", [""A""], ""RNA linking"", 443.2, 0]]"
1TC1,1.41,4313_30,0,Q4DRC4,AB,"[[""FMB"", [""A"", ""B""], ""non-polymer"", 268.2, 0]]"
1TD7,2.5,623_30,1,P60045,A,"[[""NFL"", [""A""], ""non-polymer"", 282.2, 0]]"
1TJY,1.3,5644_30,2,Q8ZKQ1,A,"[[""PAV"", [""A""], ""L-saccharide, alpha linking"", 150.1, 0]]"
1TMX,1.75,5906_30,3,Q5PXQ6,AB,"[[""HGX"", [""A"", ""B""], ""non-polymer"", 707.0, 1]]"
1TN8,2.25,1912_30,0,Q02293;Q04631,ABC,"[[""FII"", [""B""], ""non-polymer"", 359.4, 0]]"
1TOM,1.8,147904_30,0,P00734;P28507,HIL,"[[""MIN"", [""H""], ""peptide-like"", 386.5, 0]]"
1TQP,2.1,8148_30,3,O30245,A,"[[""ATP"", [""A""], ""non-polymer"", 507.2, 0]]"
1TQS,1.3,2251_30,3,Q24451,A,"[[""SSO"", [""A""], ""non-polymer"", 334.4, -2]]"
1TQV,2.03,2251_30,3,Q24451,A,"[[""SSE"", [""A""], ""non-polymer"", 381.3, -2]]"
1TV8,2.2,475_30,0,P65388,AB,"[[""DTU"", [""A""], ""non-polymer"", 154.3, 0], [""SF4"", [""A"", ""B""], ""non-polymer"", 351.6, 0], [""SAM"", [""A"", ""B""], ""non-polymer"", 398.4, 0]]"
1TVW,2.5,113_30,4,P00469,A,"[[""CB3"", [""A""], ""non-polymer"", 477.5, 0], [""UMP"", [""A""], ""non-polymer"", 308.2, 0]]"
1TY8,2.1,49023_30,2,Q04299,A,"[[""ADP"", [""A""], ""non-polymer"", 427.2, 0]]"
1TYZ,2.0,1645_30,2,Q00740,ABCD,"[[""PLP"", [""A"", ""B"", ""C"", ""D""], ""non-polymer"", 247.1, 0]]"
1U0Z,1.9,456_30,4,P41148,AB,"[[""RDC"", [""A"", ""B""], ""non-polymer"", 364.8, 0]]"
1U1J,2.4,533_30,0,O50008,A,"[[""C2F"", [""A""], ""non-polymer"", 459.5, 0]]"
1U1X,1.88,14074_30,4,Q51792,AB,"[[""HHA"", [""A"", ""B""], ""non-polymer"", 155.2, 0]]"
1U26,2.5,8495_30,0,Q7WUJ1,AB,"[[""IHS"", [""A"", ""B""], ""non-polymer"", 660.5, 0]]"
1U2Y,1.95,1827_30,3,P04746,A,"[[""GOX"", [""A""], ""non-polymer"", 192.2, 0]]"
1U3Q,2.4,3336_30,1,Q92731,ABCD,"[[""272"", [""A"", ""B"", ""C"", ""D""], ""non-polymer"", 243.2, 0]]"
1U7W,2.5,5278_30,3,P0ABQ0,ABC,"[[""CTP"", [""A"", ""B"", ""C""], ""non-polymer"", 483.2, 0]]"
1U7Z,2.3,5278_30,3,P0ABQ0,ABC,"[[""PMT"", [""A"", ""B"", ""C""], ""RNA linking"", 604.4, 0]]"
1U8Z,1.5,11353_30,4,P63320,AB,"[[""GDP"", [""A"", ""B""], ""RNA linking"", 443.2, 0]]"
1UF7,1.9,10137_30,3,P60327,AB,"[[""CDV"", [""B""], ""L-peptide linking"", 160.2, 0]]"
1UHO,2.5,1916_30,3,O76074,A,"[[""VDN"", [""A""], ""non-polymer"", 488.6, 0]]"
1UIP,2.4,4318_30,2,P03958,A,"[[""PUR"", [""A""], ""non-polymer"", 253.2, 1]]"
1UO5,2.07,2365_30,1,P03069,AB,"[[""PIH"", [""A""], ""non-polymer"", 204.0, 0]]"
1UOD,1.9,5068_30,0,P76015,AB,"[[""G3H"", [""A"", ""B""], ""non-polymer"", 170.1, 0]]"
1UP2,1.9,37607_30,4,Q79G13,A,"[[""1PG"", [""A""], ""non-polymer"", 252.3, 0]]"
1USC,1.24,38737_30,4,P83818,AB,"[[""FMN"", [""A"", ""B""], ""non-polymer"", 456.3, 0]]"
1UWM,2.0,10132_30,2,P80306,A,"[[""FES"", [""A""], ""non-polymer"", 175.8, 0]]"
1UWP,1.2,1969_30,4,P16113,X,"[[""HC4"", [""X""], ""non-polymer"", 164.2, 0]]"
1UWT,1.95,6649_30,2,P22498,AB,"[[""GTL"", [""A"", ""B""], ""non-polymer"", 192.2, 0]]"
1UX8,2.15,11429_30,0,O31607,A,"[[""HEM"", [""A""], ""non-polymer"", 616.5, 0]]"
1V11,1.95,3165_30,0,P12694;P21953,AB,"[[""TPP"", [""A""], ""non-polymer"", 425.3, 1]]"
1V40,1.9,1847_30,2,O60760,ABCD,"[[""O16"", [""A"", ""B"", ""C"", ""D""], ""non-polymer"", 466.5, 1], [""GSH"", [""A"", ""B"", ""C"", ""D""], ""peptide-like"", 307.3, 0]]"
1V4B,1.8,908_30,1,P41407,A,"[[""FMN"", [""A""], ""non-polymer"", 456.3, 0]]"
1V7U,2.35,4493_30,3,P60472,AB,"[[""FPP"", [""A"", ""B""], ""non-polymer"", 382.3, 0]]"
1V93,1.9,2690_30,4,Q9RA47,A,"[[""FAD"", [""A""], ""non-polymer"", 785.5, 0]]"
1VFT,2.3,1189_30,1,Q65YW7,AB,"[[""DCS"", [""A"", ""B""], ""non-polymer"", 333.2, 0]]"
1VGQ,2.13,1884_30,2,O06644,AB,"[[""CAO"", [""A"", ""B""], ""non-polymer"", 783.5, 0]]"
1VHB,1.83,2803_30,1,P04252,AB,"[[""HEM"", [""A"", ""B""], ""non-polymer"", 616.5, 0]]"
1VL0,2.05,6791_30,4,Q97GQ1,ABC,"[[""NAI"", [""A"", ""B"", ""C""], ""non-polymer"", 665.4, 0]]"
1VM9,1.48,3384_30,4,Q00458,A,"[[""FES"", [""A""], ""non-polymer"", 175.8, 0]]"
1VS1,2.3,21729_30,4,Q9YEJ7,ABCD,"[[""PEP"", [""A"", ""B"", ""C"", ""D""], ""non-polymer"", 168.0, 0]]"
1VZH,1.69,9268_30,1,Q46495,AB,"[[""FC6"", [""A"", ""B""], ""non-polymer"", 211.9, 0]]"
1W1Y,1.85,2403_30,1,Q54276,AB,"[[""TYP"", [""A"", ""B""], ""non-polymer"", 260.3, 0]]"
1W2Y,1.65,71127_30,2,Q0P8G4,AB,"[[""DUN"", [""A"", ""B""], ""non-polymer"", 387.2, 0]]"
1W6K,2.1,1551_30,2,P48449,A,"[[""LAN"", [""A""], ""non-polymer"", 426.7, 0]]"
1W6U,1.75,4569_30,4,Q16698,ABCD,"[[""HXC"", [""A"", ""B"", ""C"", ""D""], ""non-polymer"", 865.7, 0], [""NAP"", [""A"", ""B"", ""C"", ""D""], ""non-polymer"", 743.4, 0]]"
1W7L,2.0,2524_30,1,Q16773,A,"[[""PLP"", [""A""], ""non-polymer"", 247.1, 0]]"
1W8N,2.1,17695_30,1,Q02834,A,"[[""DAN"", [""A""], ""D-saccharide"", 291.3, 0]]"
1W9J,2.0,514_30,0,P08799,A,"[[""ADP"", [""A""], ""non-polymer"", 427.2, 0]]"
1WIY,2.0,77966_30,2,Q53W59,AB,"[[""HEM"", [""A"", ""B""], ""non-polymer"", 616.5, 0]]"
1WKL,2.2,2777_30,0,Q5SLV5,AB,"[[""ATP"", [""B""], ""non-polymer"", 507.2, 0], [""ADP"", [""A""], ""non-polymer"", 427.2, 0]]"
1WLK,1.9,15057_30,2,Q46604,ABCD,"[[""FMN"", [""A"", ""B"", ""C"", ""D""], ""non-polymer"", 456.3, 0]]"
1WOZ,1.94,3262_30,2,Q970Z7,A,"[[""POG"", [""A""], ""non-polymer"", 424.6, 0]]"
1WQ1,2.5,7748_30,0,P01112;P20936,GR,"[[""GDP"", [""R""], ""RNA linking"", 443.2, 0]]"
1WQ4,2.0,483_30,1,P0AGJ9,A,"[[""TYR"", [""A""], ""L-peptide linking"", 181.2, 0]]"
1WW9,1.95,6732_30,4,Q84II6,A,"[[""FES"", [""A""], ""non-polymer"", 175.8, 0]]"
1WXH,1.9,766_30,2,P18843,A,"[[""NAD"", [""A""], ""non-polymer"", 663.4, 0]]"
1WY7,2.2,21153_30,1,O59611,ABCD,"[[""SAH"", [""A"", ""B"", ""C"", ""D""], ""non-polymer"", 384.4, 0]]"
1WYU,2.1,1172_30,0,Q5SKW7;Q5SKW8,ABCDEFGH,"[[""PLP"", [""B"", ""D"", ""F"", ""H""], ""non-polymer"", 247.1, 0]]"
1WZD,1.35,9180_30,4,P71119,AB,"[[""YOK"", [""A"", ""B""], ""non-polymer"", 442.2, 0]]"
1WZE,2.0,898_30,3,P10584,AB,"[[""NAD"", [""A"", ""B""], ""non-polymer"", 663.4, 0]]"
1X2B,2.4,7947_30,4,O32449,A,"[[""STX"", [""A""], ""non-polymer"", 197.2, 0]]"
1X3X,1.8,13084_30,0,Q17091,AB,"[[""HEM"", [""A"", ""B""], ""non-polymer"", 616.5, 0]]"
1X54,1.45,571_30,1,O57980,A,"[[""4AD"", [""A""], ""non-polymer"", 462.3, 1]]"
1X55,1.8,571_30,1,O57980,A,"[[""NSS"", [""A""], ""non-polymer"", 461.4, 1]]"
1X8D,1.8,2101_30,2,P32156,ABCD,"[[""RNS"", [""A"", ""B"", ""C"", ""D""], ""L-saccharide"", 164.2, 0]]"
1X92,2.3,622_30,4,Q9HVZ0,AB,"[[""M7P"", [""A"", ""B""], ""D-saccharide, alpha linking"", 290.2, 0]]"
1XDD,2.2,2446_30,1,P20701,AB,"[[""AAY"", [""A"", ""B""], ""non-polymer"", 603.8, 0]]"
1XDP,2.5,2272_30,0,P0A7B1,AB,"[[""ATP"", [""A"", ""B""], ""non-polymer"", 507.2, 0]]"
1XE5,2.4,1024_30,3,P46925,AB,"[[""5FE"", [""A"", ""B""], ""peptide-like"", 723.7, 0]]"
1XER,2.0,22459_30,1,P55907,A,"[[""F3S"", [""A""], ""non-polymer"", 295.8, 0]]"
1XHC,2.35,100881_30,1,Q8U1K9,A,"[[""FAD"", [""A""], ""non-polymer"", 785.5, 0]]"
1XJ4,1.8,7596_30,0,P23222,AB,"[[""HEM"", [""A"", ""B""], ""non-polymer"", 616.5, 0]]"
1XJI,2.2,706_30,3,P02945,A,"[[""D12"", [""A""], ""non-polymer"", 170.3, 0], [""C14"", [""A""], ""non-polymer"", 198.4, 0], [""CPS"", [""A""], ""non-polymer"", 614.9, 0], [""RET"", [""A""], ""non-polymer"", 284.4, 0]]"
1XKL,2.0,1702_30,4,Q6RYA0,ABCD,"[[""STH"", [""A"", ""B"", ""C"", ""D""], ""non-polymer"", 183.2, 0]]"
1XKQ,2.1,1485_30,3,Q9N5G4,ABCD,"[[""NDP"", [""A"", ""B"", ""C"", ""D""], ""non-polymer"", 745.4, 0]]"
1XMS,2.1,517_30,1,P0A7G6,A,"[[""ANP"", [""A""], ""non-polymer"", 506.2, 0]]"
1XN0,2.31,4703_30,2,Q07343,AB,"[[""ROL"", [""A"", ""B""], ""non-polymer"", 275.3, 0]]"
1XOT,2.34,4703_30,2,Q07343,AB,"[[""VDN"", [""A"", ""B""], ""non-polymer"", 488.6, 0]]"
1XQ6,1.8,12775_30,1,Q94EG6,AB,"[[""NAP"", [""A"", ""B""], ""non-polymer"", 743.4, 0]]"
1XQL,1.8,3203_30,0,P10724,AB,"[[""PLP"", [""A"", ""B""], ""non-polymer"", 247.1, 0], [""PMH"", [""A"", ""B""], ""non-polymer"", 331.2, 0], [""PMP"", [""A"", ""B""], ""non-polymer"", 248.2, 0]]"
1XT6,1.8,2497_30,4,P00323,A,"[[""FMN"", [""A""], ""non-polymer"", 456.3, 0]]"
1XU3,2.3,4154_30,3,P11987;P18798;P22869,ABCDEF,"[[""BML"", [""A"", ""B""], ""non-polymer"", 173.0, 0]]"
1XVA,2.2,9285_30,2,P13255,AB,"[[""SAM"", [""A"", ""B""], ""non-polymer"", 398.4, 0]]"
1XZ1,1.75,750_30,3,P02791,A,"[[""HLT"", [""A""], ""non-polymer"", 197.4, 0]]"
1XZB,1.75,2534_30,2,P00590,A,"[[""MAC"", [""A""], ""non-polymer"", 259.6, 0]]"
1Y21,1.75,20357_30,0,O76745,A,"[[""HEM"", [""A""], ""non-polymer"", 616.5, 0]]"
1Y63,1.7,6290_30,0,Q4Q7A6,A,"[[""ADP"", [""A""], ""non-polymer"", 427.2, 0]]"
1YAT,2.5,1446_30,1,P20081,A,"[[""FK5"", [""A""], ""non-polymer"", 804.0, 0]]"
1YBU,2.4,63636_30,2,O07732,ABCD,"[[""APC"", [""A"", ""D""], ""non-polymer"", 505.2, 0]]"
1YEI,1.9,13_30,3,P01863;Q58EU8,HL,"[[""PGG"", [""L""], ""non-polymer"", 346.2, 0]]"
1YKC,2.1,2115_30,0,P28161,AB,"[[""GDS"", [""A"", ""B""], ""non-polymer"", 612.6, 0]]"
1YOA,1.9,74737_30,0,Q5SL73,A,"[[""FMN"", [""A""], ""non-polymer"", 456.3, 0], [""FAD"", [""A""], ""non-polymer"", 785.5, 0]]"
1YPG,1.8,130877_30,4,P00734;P01050,HIL,"[[""UIR"", [""H""], ""non-polymer"", 458.6, 0]]"
1YQT,1.9,2696_30,3,Q8U306,A,"[[""ADP"", [""A""], ""non-polymer"", 427.2, 0]]"
1YTM,2.2,616_30,1,O09460,AB,"[[""ATP"", [""A"", ""B""], ""non-polymer"", 507.2, 0]]"
1YZL,1.85,1724_30,1,Q9R0M6,A,"[[""GNP"", [""A""], ""non-polymer"", 522.2, 0]]"
1Z0S,1.7,37122_30,2,O30297,ABCD,"[[""POP"", [""A"", ""B"", ""C"", ""D""], ""non-polymer"", 176.0, -2], [""ATP"", [""A"", ""B"", ""C"", ""D""], ""non-polymer"", 507.2, 0]]"
1Z2L,2.25,4114_30,0,P77425,AB,"[[""1AL"", [""B""], ""non-polymer"", 175.1, -1]]"
1Z2M,2.5,4578_30,3,P05161,A,"[[""OS4"", [""A""], ""non-polymer"", 190.2, 4]]"
1Z34,2.4,363_30,2,,A,"[[""2FD"", [""A""], ""non-polymer"", 269.2, 0]]"
1Z4Q,2.05,5619_30,0,Q9NPB1,A,"[[""D4M"", [""A""], ""DNA linking"", 304.2, 0]]"
1Z6L,2.5,11126_30,1,P50264,AB,"[[""DRE"", [""A"", ""B""], ""non-polymer"", 215.4, 0], [""FAD"", [""A"", ""B""], ""non-polymer"", 785.5, 0]]"
1Z6T,2.21,8365_30,2,O14727,ABCD,"[[""ADP"", [""A"", ""B"", ""C"", ""D""], ""non-polymer"", 427.2, 0]]"
1Z76,1.85,356_30,3,Q8AXY1,AB,"[[""PBP"", [""A"", ""B""], ""non-polymer"", 277.9, 0]]"
1Z84,1.83,19545_30,3,Q9FK51,AB,"[[""AMP"", [""A"", ""B""], ""non-polymer"", 347.2, 0]]"
1ZDF,2.45,3968_30,4,P13280,A,"[[""UPG"", [""A""], ""non-polymer"", 566.3, 0]]"
1ZJP,1.59,1180_30,4,P16442,A,"[[""UDP"", [""A""], ""RNA linking"", 404.2, 0], [""DR4"", [""A""], ""saccharide"", 350.4, 0]]"
1ZNY,2.3,4490_30,0,P9WKE9,A,"[[""GDP"", [""A""], ""RNA linking"", 443.2, 0]]"
1ZPT,1.95,2690_30,4,P0AEZ1,ABC,"[[""NAI"", [""A"", ""B"", ""C""], ""non-polymer"", 665.4, 0], [""FAD"", [""A"", ""B"", ""C""], ""non-polymer"", 785.5, 0]]"
1ZUA,1.25,605_30,3,O60218,X,"[[""NAP"", [""X""], ""non-polymer"", 743.4, 0], [""TOL"", [""X""], ""non-polymer"", 357.3, 0]]"
1ZX9,1.9,12181_30,0,P00392,A,"[[""FAD"", [""A""], ""non-polymer"", 785.5, 0]]"
1ZXI,1.7,10788_30,2,P19919;P19920;P19921,ABCDEF,"[[""FAD"", [""C"", ""F""], ""non-polymer"", 785.5, 0], [""FES"", [""A"", ""D""], ""non-polymer"", 175.8, 0]]"
1ZY7,1.7,7908_30,3,P78563,AB,"[[""IHP"", [""A"", ""B""], ""non-polymer"", 660.0, 0]]"
21IH,1.87,69938_30,3,,AB,"[[""POP"", [""A"", ""B""], ""non-polymer"", 176.0, -2]]"
21II,1.74,69938_30,3,,AB,"[[""POP"", [""B""], ""non-polymer"", 176.0, -2], [""GPP"", [""A""], ""non-polymer"", 314.2, 0]]"
22HQ,2.3,19162_30,0,V5V8B6,ABCD,"[[""GDP"", [""A"", ""B"", ""C"", ""D""], ""RNA linking"", 443.2, 0]]"
22YX,1.59,16534_30,3,A0A1H6EVJ0,AB,"[[""HEM"", [""A""], ""non-polymer"", 616.5, 0]]"
24BL,1.81,4616_30,3,Q9HB07,A,"[[""AMP"", [""A""], ""non-polymer"", 347.2, 0]]"
24CA,1.93,4616_30,3,Q9HB07,A,"[[""AMP"", [""A""], ""non-polymer"", 347.2, 0]]"
24GH,1.05,25882_30,0,E5Y7I1,AB,"[[""LLQ"", [""A"", ""B""], ""non-polymer"", 156.2, 0]]"
26AY,2.43,1265_30,4,,AB,"[[""SAM"", [""A"", ""B""], ""non-polymer"", 398.4, 0], [""A1E80"", [""B""], ""non-polymer"", 388.5, 0]]"
26QX,2.18,2164_30,1,Q79PF4,ABCDEF,"[[""ANP"", [""A"", ""B"", ""C"", ""D"", ""E"", ""F""], ""non-polymer"", 506.2, 0]]"
27GZ,2.4,24812_30,4,Q9U556,A,"[[""A1MHI"", [""A""], ""non-polymer"", 278.4, 0]]"
28HW,1.1,1183_30,1,P17931,A,"[[""A1J0D"", [""A""], ""D-saccharide"", 440.5, 0]]"
28IQ,1.513,586_30,1,P9WGR1,ABCD,"[[""NAD"", [""A"", ""B"", ""C"", ""D""], ""non-polymer"", 663.4, 0], [""A1JY8"", [""A"", ""B"", ""C"", ""D""], ""non-polymer"", 298.4, 0]]"
28IS,2.121,586_30,1,P9WGR1,ABCD,"[[""NAD"", [""A"", ""B"", ""C"", ""D""], ""non-polymer"", 663.4, 0], [""A1JY7"", [""A"", ""B"", ""C"", ""D""], ""non-polymer"", 371.5, 0]]"
28JJ,2.3,4354_30,0,P07896,AB,"[[""NAD"", [""A"", ""B""], ""non-polymer"", 663.4, 0]]"
28PB,1.91,199571_30,2,Q74FL3,AB,"[[""HEC"", [""A"", ""B""], ""non-polymer"", 620.5, 0]]"
29LC,1.46,7080_30,2,I3PFJ9,A,"[[""MMS"", [""A""], ""non-polymer"", 198.2, 0]]"
29LW,1.54,11627_30,0,Q88E39,AB,"[[""9O9"", [""A"", ""B""], ""non-polymer"", 455.4, 0]]"
29MQ,1.85,34661_30,3,A0A7W5F0P0,ABCDEF,"[[""A1J29"", [""A"", ""B"", ""D"", ""E""], ""non-polymer"", 520.6, 0]]"
29OI,1.78,14224_30,4,A0A861B9Z9,AB,"[[""A1J4B"", [""A"", ""B""], ""non-polymer"", 251.1, 0], [""FAD"", [""A"", ""B""], ""non-polymer"", 785.5, 0]]"
29VZ,2.43,1353_30,4,A0A894J1J4,A,"[[""FAD"", [""A""], ""non-polymer"", 785.5, 0]]"
2A1L,2.18,5941_30,3,P53812,A,"[[""PCW"", [""A""], ""non-polymer"", 787.1, 1]]"
2A2C,1.65,6338_30,2,Q01415,A,"[[""NG1"", [""A""], ""D-saccharide"", 301.2, 0], [""ADP"", [""A""], ""non-polymer"", 427.2, 0]]"
2A5B,2.49,3768_30,4,P02701,AB,"[[""8HG"", [""A""], ""non-polymer"", 283.2, 0]]"
2A78,1.81,10687_30,0,P11233;P15879,AB,"[[""GDP"", [""A""], ""RNA linking"", 443.2, 0]]"
2A85,2.5,526_30,4,P05414;P20932,A,"[[""FMN"", [""A""], ""non-polymer"", 456.3, 0], [""HOC"", [""A""], ""non-polymer"", 160.2, 0]]"
2A8S,2.45,10946_30,1,Q6TEC1,AB,"[[""GTP"", [""A"", ""B""], ""non-polymer"", 523.2, 0]]"
2A9D,1.701,6027_30,4,P07850,AB,"[[""MTE"", [""A"", ""B""], ""non-polymer"", 395.4, 0]]"
2ABK,1.85,7976_30,1,P0AB83,A,"[[""SF4"", [""A""], ""non-polymer"", 351.6, 0]]"
2AF4,2.147,12402_30,0,P38503,CD,"[[""COA"", [""C"", ""D""], ""non-polymer"", 767.5, 0]]"
2AF6,2.01,7918_30,3,P9WG57,ABCDEFGH,"[[""BRU"", [""A"", ""B"", ""C"", ""D"", ""E"", ""F"", ""G"", ""H""], ""DNA linking"", 387.1, 0], [""FAD"", [""A"", ""B"", ""C"", ""D"", ""E"", ""F"", ""G"", ""H""], ""non-polymer"", 785.5, 0]]"
2AG5,1.84,4940_30,3,Q9BUT1,ABCD,"[[""NAD"", [""A"", ""B"", ""C"", ""D""], ""non-polymer"", 663.4, 0]]"
2AHC,2.4,2447_30,4,P26602,ABCD,"[[""VNL"", [""A"", ""B"", ""C"", ""D""], ""non-polymer"", 167.1, -1]]"
2ATV,1.9,7100_30,3,Q96A58,A,"[[""GDP"", [""A""], ""RNA linking"", 443.2, 0]]"
2AWX,1.8,10568_30,0,Q62696,AB,"[[""HIS"", [""B""], ""L-peptide linking"", 156.2, 1]]"
2B03,2.3,623_30,1,P00592,A,"[[""TUD"", [""A""], ""non-polymer"", 499.7, 0]]"
2B1X,2.0,2758_30,2,Q7BSK6;Q9X3R9,ABCDEF,"[[""FES"", [""A"", ""C"", ""E""], ""non-polymer"", 175.8, 0]]"
2B6H,1.764,3306_30,3,P84085,A,"[[""GDP"", [""A""], ""RNA linking"", 443.2, 0]]"
2B7N,2.3,5177_30,4,O25909,ABC,"[[""NTM"", [""A"", ""B"", ""C""], ""non-polymer"", 167.1, 0]]"
2B9H,1.55,2102_30,0,P16892,AC,"[[""ADP"", [""A""], ""non-polymer"", 427.2, 0]]"
2B9Y,2.21,36418_30,3,Q6A8X5,A,"[[""FAD"", [""A""], ""non-polymer"", 785.5, 0]]"
2BAC,2.3,36418_30,3,Q6A8X5,A,"[[""FAD"", [""A""], ""non-polymer"", 785.5, 0], [""ODT"", [""A""], ""non-polymer"", 278.4, 0]]"
2BCP,2.1,4093_30,4,Q5XC60,AB,"[[""FAD"", [""A"", ""B""], ""non-polymer"", 785.5, 0]]"
2BEK,1.8,9031_30,1,Q72H90,ABCD,"[[""ATP"", [""A"", ""B"", ""C"", ""D""], ""non-polymer"", 507.2, 0]]"
2BGU,2.2,10639_30,3,P04547,A,"[[""UDP"", [""A""], ""RNA linking"", 404.2, 0]]"
2BIG,1.3,566_30,0,Q9RME2,AB,"[[""PLP"", [""A"", ""B""], ""non-polymer"", 247.1, 0]]"
2BJM,2.15,637_30,3,P01724,HL,"[[""ANF"", [""H""], ""non-polymer"", 194.2, 0]]"
2BOQ,1.33,2241_30,0,O94753,A,"[[""HEM"", [""A""], ""non-polymer"", 616.5, 0]]"
2BUU,1.8,3611_30,2,P20371;P20372,AB,"[[""4NC"", [""B""], ""non-polymer"", 155.1, 0]]"
2BWG,2.4,1185_30,1,P36959,ABCD,"[[""5GP"", [""A"", ""B"", ""C"", ""D""], ""non-polymer"", 363.2, 0]]"
2BXT,1.83,229913_30,0,P00734;P09945,HIL,"[[""C2D"", [""H""], ""non-polymer"", 484.5, 0]]"
2BZ9,2.21,5865_30,3,P9WPP9,AB,"[[""HEM"", [""A"", ""B""], ""non-polymer"", 616.5, 0]]"
2C3C,2.15,26906_30,0,Q56839,AB,"[[""NAP"", [""A"", ""B""], ""non-polymer"", 743.4, 0], [""FAD"", [""A"", ""B""], ""non-polymer"", 785.5, 0]]"
2C5S,2.5,1193_30,1,Q81KU0,A,"[[""AMP"", [""A""], ""non-polymer"", 347.2, 0]]"
2C6Z,1.2,5256_30,0,P56965,A,"[[""CIR"", [""A""], ""L-peptide linking"", 175.2, 0]]"
2C8M,1.89,7969_30,0,Q9HKT1,ABCD,"[[""LPA"", [""A"", ""B"", ""C"", ""D""], ""non-polymer"", 206.3, 0]]"
2C8Y,2.2,211508_30,2,P00734;P09945,ABI,"[[""C3M"", [""B""], ""non-polymer"", 370.5, 0]]"
2C95,1.71,400_30,4,P00568,AB,"[[""B4P"", [""A"", ""B""], ""non-polymer"", 836.4, 0]]"
2C9C,2.1,5602_30,0,P37344,A,"[[""ATP"", [""A""], ""non-polymer"", 507.2, 0]]"
2CC2,2.0,6811_30,2,Q70GK9,ABC,"[[""5AD"", [""A"", ""B""], ""non-polymer"", 251.2, 0]]"
2CC7,1.8,12155_30,4,B0R5M0,A,"[[""LUM"", [""A""], ""non-polymer"", 242.2, 0]]"
2CG0,1.8,1328_30,1,P46881,A,"[[""R9A"", [""A""], ""non-polymer"", 855.0, 0]]"
2CG1,1.67,1328_30,1,P46881,A,"[[""11R"", [""A""], ""non-polymer"", 883.1, 0]]"
2CHA,2.0,196484_30,3,P00766,ABCEFG,"[[""TSU"", [""C"", ""G""], ""non-polymer"", 172.2, 0]]"
2CIB,1.5,5865_30,3,P9WPP9,A,"[[""CM6"", [""A""], ""non-polymer"", 425.5, 0], [""HEM"", [""A""], ""non-polymer"", 616.5, 0]]"
2CIN,1.98,15696_30,3,P9WQ77,A,"[[""PLP"", [""A""], ""non-polymer"", 247.1, 0]]"
2CJA,2.2,12330_30,3,Q46AN5,AB,"[[""ATP"", [""A"", ""B""], ""non-polymer"", 507.2, 0]]"
2CST,1.9,1287_30,1,P00504,AB,"[[""PLP"", [""A"", ""B""], ""non-polymer"", 247.1, 0]]"
2CWH,1.7,16019_30,0,Q4U331,AB,"[[""NDP"", [""A"", ""B""], ""non-polymer"", 745.4, 0]]"
2CYC,2.2,3608_30,3,O58739,AB,"[[""TYR"", [""A"", ""B""], ""L-peptide linking"", 181.2, 0]]"
2D1F,2.5,5515_30,2,P9WG59,AB,"[[""PLP"", [""A"", ""B""], ""non-polymer"", 247.1, 0]]"
2DBQ,1.7,841_30,0,O58320,A,"[[""NAP"", [""A""], ""non-polymer"", 743.4, 0]]"
2DEI,1.7,1665_30,2,O58107,A,"[[""GLA"", [""A""], ""D-saccharide, alpha linking"", 180.2, 0], [""ANP"", [""A""], ""non-polymer"", 506.2, 0]]"
2DW4,2.3,1470_30,0,O60341,A,"[[""FAD"", [""A""], ""non-polymer"", 785.5, 0]]"
2DXU,1.28,3241_30,0,O57883,AB,"[[""BT5"", [""B""], ""RNA linking"", 573.5, 0]]"
2E3R,1.65,4646_30,4,Q9Y5P4,AB,"[[""18C"", [""A"", ""B""], ""non-polymer"", 566.0, 0]]"
2E4W,2.4,2687_30,1,P31422,AB,"[[""C5A"", [""A"", ""B""], ""non-polymer"", 173.2, 0]]"
2E7Z,1.26,99431_30,2,Q71EW5,A,"[[""SF4"", [""A""], ""non-polymer"", 351.6, 0], [""MGD"", [""A""], ""non-polymer"", 740.6, 0], [""W"", [""A""], ""non-polymer"", 183.8, 6]]"
2E80,1.6,2207_30,1,Q9S1E5,A,"[[""HEC"", [""A""], ""non-polymer"", 620.5, 0]]"
2E92,2.31,6085_30,1,Q12051,AB,"[[""M0N"", [""A"", ""B""], ""non-polymer"", 322.1, 0]]"
2EFC,2.09,16222_30,2,Q9LT31;Q9SN68,ABCD,"[[""GDP"", [""B"", ""D""], ""RNA linking"", 443.2, 0]]"
2EFH,2.1,16222_30,2,Q9LT31;Q9SN68,ABCD,"[[""GDP"", [""B"", ""D""], ""RNA linking"", 443.2, 0]]"
2EFJ,2.0,1555_30,1,A4GE70,A,"[[""SAH"", [""A""], ""non-polymer"", 384.4, 0], [""37T"", [""A""], ""non-polymer"", 180.2, 0]]"
2EFU,2.3,50782_30,3,Q9LCC8,ABCDEF,"[[""PHE"", [""A"", ""B"", ""C"", ""D"", ""E"", ""F""], ""L-peptide linking"", 165.2, 0]]"
2EFX,2.2,50782_30,3,Q9LCC8,ABCDEF,"[[""NFA"", [""A"", ""B"", ""C"", ""D"", ""E"", ""F""], ""L-peptide linking"", 164.2, 0]]"
2EKU,1.4,180_30,2,P02185,A,"[[""7HE"", [""A""], ""non-polymer"", 558.5, 0]]"
2EMU,2.2,1587_30,0,O58456,AB,"[[""SAH"", [""A""], ""non-polymer"", 384.4, 0]]"
2ESA,1.9,456_30,4,P41148,A,"[[""GDM"", [""A""], ""non-polymer"", 560.6, 0]]"
2EWG,2.48,690_30,0,Q86C09,AB,"[[""M0N"", [""A"", ""B""], ""non-polymer"", 322.1, 0]]"
2F12,2.27,6420_30,4,Q9Y3R4,A,"[[""HTM"", [""A""], ""L-saccharide"", 275.3, 0]]"
2F2S,2.0,337_30,0,P24752,ABCD,"[[""COA"", [""A"", ""B"", ""C"", ""D""], ""non-polymer"", 767.5, 0]]"
2F57,1.8,6378_30,1,Q9P286,AB,"[[""23D"", [""B""], ""non-polymer"", 385.9, 0]]"
2F5V,1.41,4209_30,3,Q8J136,A,"[[""KBG"", [""A""], ""D-saccharide, beta linking"", 178.1, 0], [""FAD"", [""A""], ""non-polymer"", 785.5, 0]]"
2F8L,2.2,65682_30,1,Q8Y6U9,A,"[[""SAM"", [""A""], ""non-polymer"", 398.4, 0]]"
2F9L,1.55,466_30,1,Q15907,A,"[[""GDP"", [""A""], ""RNA linking"", 443.2, 0]]"
2F9W,1.9,8932_30,2,Q9HWC1,AB,"[[""PAU"", [""A""], ""peptide-like"", 219.2, 0]]"
2FBW,2.06,3374_30,4,D0VWW3;Q5ZIS0;Q9YHT1;Q9YHT2,ABCDNOPQ,"[[""FAD"", [""A"", ""N""], ""non-polymer"", 785.5, 0], [""FES"", [""B"", ""O""], ""non-polymer"", 175.8, 0], [""SF4"", [""B"", ""O""], ""non-polymer"", 351.6, 0], [""F3S"", [""B"", ""O""], ""non-polymer"", 295.8, 0], [""HEM"", [""C"", ""P""], ""non-polymer"", 616.5, 0], [""CBE"", [""C"", ""P""], ""non-polymer"", 235.3, 0], [""UMQ"", [""P""], ""non-polymer"", 496.6, 0]]"
2FF2,2.2,9738_30,2,Q9GPQ4,AB,"[[""IMH"", [""A"", ""B""], ""non-polymer"", 266.3, 0]]"
2FJU,2.2,1212_30,4,P63000;Q00722,AB,"[[""GSP"", [""A""], ""non-polymer"", 539.2, 0]]"
2FKF,2.0,3395_30,0,P26276,A,"[[""G16"", [""A""], ""D-saccharide"", 339.1, -1]]"
2FLK,2.1,107569_30,0,P07800;P0A2D5,AB,"[[""CXS"", [""A""], ""non-polymer"", 221.3, 0]]"
2FQX,1.7,11822_30,1,P29724,A,"[[""GMP"", [""A""], ""non-polymer"", 283.2, 0]]"
2FR5,1.48,3753_30,4,P56389,ABCD,"[[""TYU"", [""A"", ""B"", ""C"", ""D""], ""RNA linking"", 248.2, 0]]"
2FS9,2.3,3881_30,2,P20231,ABCD,"[[""C4A"", [""A"", ""B"", ""C"", ""D""], ""non-polymer"", 519.6, 0]]"
2FSH,2.0,183_30,4,P10408,AB,"[[""ANP"", [""A"", ""B""], ""non-polymer"", 506.2, 0]]"
2FSI,2.11,183_30,4,P10408,AB,"[[""ADP"", [""A"", ""B""], ""non-polymer"", 427.2, 0]]"
2FT2,1.7,1038_30,4,P25774,AB,"[[""C28"", [""A"", ""B""], ""non-polymer"", 482.5, 0]]"
2FUD,1.95,1038_30,4,P25774,AB,"[[""CRL"", [""A"", ""B""], ""non-polymer"", 430.6, 0]]"
2FVV,1.25,3504_30,0,O95989,A,"[[""IHP"", [""A""], ""non-polymer"", 660.0, 0]]"
2FXU,1.35,53_30,0,P68135,A,"[[""BID"", [""A""], ""non-polymer"", 705.0, 0], [""ATP"", [""A""], ""non-polymer"", 507.2, 0]]"
2FZI,1.6,4893_30,1,P16184,A,"[[""DH3"", [""A""], ""non-polymer"", 370.4, 0], [""NDP"", [""A""], ""non-polymer"", 745.4, 0]]"
2G09,2.1,5139_30,2,Q9D020,AB,"[[""PIN"", [""A"", ""B""], ""non-polymer"", 302.4, 0]]"
2G4Y,1.98,877_30,2,P02883,A,"[[""TAR"", [""A""], ""non-polymer"", 150.1, 0]]"
2G5P,2.4,1091_30,4,P27487,AB,"[[""ADF"", [""A""], ""non-polymer"", 403.5, 0]]"
2G63,2.0,1091_30,4,P27487,ABCD,"[[""AAF"", [""B""], ""non-polymer"", 403.5, 0]]"
2G77,2.26,1481_30,1,O35963;Q08484,AB,"[[""GDP"", [""B""], ""RNA linking"", 443.2, 0]]"
2G8Y,2.15,35237_30,2,P30178,AB,"[[""NAD"", [""A"", ""B""], ""non-polymer"", 663.4, 0]]"
2GDJ,2.5,1716_30,3,O73948,A,"[[""ANP"", [""A""], ""non-polymer"", 506.2, 0]]"
2GET,2.35,673_30,3,P9WPA7,A,"[[""COK"", [""A""], ""non-polymer"", 843.7, 0]]"
2GG7,1.12,2176_30,1,P0AE18,A,"[[""U14"", [""A""], ""non-polymer"", 244.2, 0]]"
2GJ3,1.04,53774_30,0,P30663,AB,"[[""FAD"", [""A"", ""B""], ""non-polymer"", 785.5, 0]]"
2GMH,2.5,6207_30,2,P55931,AB,"[[""UQ5"", [""A"", ""B""], ""non-polymer"", 522.8, 0], [""FAD"", [""A"", ""B""], ""non-polymer"", 785.5, 0], [""SF4"", [""A"", ""B""], ""non-polymer"", 351.6, 0], [""BHG"", [""A"", ""B""], ""D-saccharide"", 264.3, 0]]"
2GMT,1.8,256718_30,0,P00766,ABC,"[[""HIN"", [""B""], ""non-polymer"", 324.8, 0]]"
2GN4,1.9,8475_30,1,O25511,AB,"[[""NDP"", [""A"", ""B""], ""non-polymer"", 745.4, 0], [""UD1"", [""A"", ""B""], ""non-polymer"", 607.4, 0]]"
2GR0,1.7,5043_30,1,Q52437,A,"[[""FAD"", [""A""], ""non-polymer"", 785.5, 0], [""ADP"", [""A""], ""non-polymer"", 427.2, 0]]"
2GUF,1.95,4451_30,3,P06129,A,"[[""MPG"", [""A""], ""non-polymer"", 356.5, 0]]"
2GZ2,2.1,3211_30,4,A0A0H2UPS5,AB,"[[""A2P"", [""A"", ""B""], ""non-polymer"", 427.2, 0]]"
2GZH,2.47,20964_30,0,P62491;Q7L804,AB,"[[""GTP"", [""A""], ""non-polymer"", 523.2, 0]]"
2H04,2.3,10373_30,2,P23467,A,"[[""4UN"", [""A""], ""non-polymer"", 455.5, 0]]"
2H11,1.89,8757_30,1,P51580,AB,"[[""B3P"", [""A"", ""B""], ""non-polymer"", 282.3, 0], [""SAH"", [""A"", ""B""], ""non-polymer"", 384.4, 0]]"
2H17,1.7,4689_30,0,Q9Y689,A,"[[""GDP"", [""A""], ""RNA linking"", 443.2, 0]]"
2H4H,1.99,11307_30,2,P04637;Q9WYW0,AB,"[[""NAD"", [""A""], ""non-polymer"", 663.4, 0]]"
2HA6,2.25,307_30,0,P21836,AB,"[[""SCK"", [""A"", ""B""], ""non-polymer"", 290.4, 2]]"
2HDH,2.2,5559_30,2,Q16836,AB,"[[""NAD"", [""A"", ""B""], ""non-polymer"", 663.4, 0]]"
2HDJ,2.0,640_30,4,P52895,AB,"[[""NDP"", [""A"", ""B""], ""non-polymer"", 745.4, 0]]"
2HEI,1.55,2266_30,1,P61020,AB,"[[""GDP"", [""A"", ""B""], ""RNA linking"", 443.2, 0], [""D1D"", [""A"", ""B""], ""non-polymer"", 152.2, 0]]"
2HF9,1.9,5816_30,0,Q57884,AB,"[[""GSP"", [""A"", ""B""], ""non-polymer"", 539.2, 0]]"
2HK1,2.3,6783_30,2,A9CH28,ABCD,"[[""FUD"", [""A"", ""B"", ""C"", ""D""], ""D-saccharide"", 180.2, 0]]"
2HLV,1.65,4872_30,0,P07435,A,"[[""LIK"", [""A""], ""non-polymer"", 196.3, 0]]"
2HMN,1.7,2758_30,2,P0A111;P0A113,AB,"[[""FES"", [""A""], ""non-polymer"", 175.8, 0], [""AN3"", [""A""], ""non-polymer"", 178.2, 0]]"
2HMU,2.25,6289_30,0,O32080,AB,"[[""ATP"", [""A"", ""B""], ""non-polymer"", 507.2, 0]]"
2HNV,2.5,4443_30,4,P01175,ABCDE,"[[""PHE"", [""A"", ""B"", ""C"", ""D"", ""E""], ""L-peptide linking"", 165.2, 0], [""TYR"", [""A"", ""B"", ""C"", ""D"", ""E""], ""L-peptide linking"", 181.2, 0]]"
2HS3,2.3,639_30,0,Q9X0X3,A,"[[""FGR"", [""A""], ""non-polymer"", 314.2, 0]]"
2HUX,2.4,1587_30,0,O58456,AB,"[[""SAH"", [""A""], ""non-polymer"", 384.4, 0]]"
2HV8,1.86,16312_30,2,O75154;P62491,ABCDEF,"[[""GTP"", [""A"", ""B"", ""C""], ""non-polymer"", 523.2, 0]]"
2HZQ,1.8,11000_30,2,P05090,A,"[[""STR"", [""A""], ""non-polymer"", 314.5, 0]]"
2I0G,2.5,3336_30,1,Q92731,AB,"[[""I0G"", [""A"", ""B""], ""non-polymer"", 282.3, 0]]"
2I3G,1.85,413_30,4,P9WPZ9,AB,"[[""BTB"", [""A"", ""B""], ""non-polymer"", 209.2, 0], [""NAP"", [""A"", ""B""], ""non-polymer"", 743.4, 0]]"
2I4H,2.15,10373_30,2,P23467,A,"[[""UA1"", [""A""], ""non-polymer"", 536.6, 0]]"
2I56,1.97,9734_30,3,Q75WH8,ABCD,"[[""RNS"", [""A"", ""B"", ""C"", ""D""], ""L-saccharide"", 164.2, 0]]"
2I6A,2.2,5062_30,2,P55263,ABCD,"[[""5I5"", [""A"", ""B"", ""C"", ""D""], ""non-polymer"", 376.1, 0]]"
2IC8,2.1,1915_30,4,P09391,A,"[[""BNG"", [""A""], ""D-saccharide"", 306.4, 0]]"
2IDX,2.5,13956_30,1,Q96EY8,ABC,"[[""ATP"", [""A"", ""B""], ""non-polymer"", 507.2, 0]]"
2IFA,2.3,6847_30,1,Q8DW21,ABCDEF,"[[""FMN"", [""A"", ""B"", ""C"", ""D"", ""E"", ""F""], ""non-polymer"", 456.3, 0]]"
2IG6,1.8,109100_30,0,Q97G05,AB,"[[""FMN"", [""A""], ""non-polymer"", 456.3, 0]]"
2IVP,2.5,2485_30,1,Q9UXT7,A,"[[""ATP"", [""A""], ""non-polymer"", 507.2, 0]]"
2IXE,2.0,7190_30,4,P36370,AD,"[[""ATP"", [""A"", ""D""], ""non-polymer"", 507.2, 0]]"
2IXK,1.7,3462_30,0,Q9HU21,AB,"[[""TDO"", [""A"", ""B""], ""non-polymer"", 546.3, 0]]"
2IYF,1.7,10633_30,0,Q53685,AB,"[[""UDP"", [""A"", ""B""], ""RNA linking"", 404.2, 0], [""ERY"", [""A"", ""B""], ""non-polymer"", 733.9, 0]]"
2IZI,1.5,529_30,2,P22629,A,"[[""BTN"", [""A""], ""non-polymer"", 244.3, 0]]"
2J1L,2.5,6263_30,4,O00212,A,"[[""GDP"", [""A""], ""RNA linking"", 443.2, 0]]"
2J5S,1.57,35293_30,0,A0ACD6B991,AB,"[[""KTA"", [""A"", ""B""], ""non-polymer"", 156.2, 0]]"
2J77,2.1,846_30,2,Q08638,AB,"[[""NOJ"", [""A"", ""B""], ""D-saccharide"", 163.2, 0]]"
2J83,2.0,19858_30,0,Q8TL28,AB,"[[""BAT"", [""A"", ""B""], ""non-polymer"", 477.6, 0]]"
2J8C,1.87,738_30,4,P0C0Y7;P0C0Y8;P0C0Y9,HLM,"[[""BPH"", [""L"", ""M""], ""non-polymer"", 889.2, 0], [""U10"", [""L"", ""M""], ""non-polymer"", 863.3, 0], [""SPO"", [""M""], ""non-polymer"", 568.9, 0], [""PC1"", [""M""], ""non-polymer"", 790.1, 0]]"
2J8Z,2.5,10582_30,3,Q53FA7,A,"[[""NAP"", [""A""], ""non-polymer"", 743.4, 0]]"
2J9A,1.73,6774_30,1,P00727,AD,"[[""AHY"", [""D""], ""non-polymer"", 203.3, 0]]"
2JAL,1.9,846_30,2,Q08638,AB,"[[""YLL"", [""A"", ""B""], ""non-polymer"", 194.2, 0]]"
2JAQ,2.3,16518_30,0,Q93IG4,AB,"[[""DCP"", [""A"", ""B""], ""non-polymer"", 467.2, 0]]"
2JAV,2.2,5837_30,1,P51955,A,"[[""5Z5"", [""A""], ""non-polymer"", 329.8, 0]]"
2JCV,2.2,253_30,1,P9WNS1,AB,"[[""NDP"", [""A"", ""B""], ""non-polymer"", 745.4, 0], [""FOM"", [""A""], ""non-polymer"", 183.1, 0]]"
2JED,2.32,2406_30,2,Q04759,AB,"[[""LG8"", [""A"", ""B""], ""non-polymer"", 452.5, 2]]"
2JFK,2.4,2895_30,0,P49327,ABCD,"[[""COA"", [""A"", ""B"", ""C"", ""D""], ""non-polymer"", 767.5, 0]]"
2JIH,2.1,3660_30,0,Q9UHI8,AB,"[[""097"", [""A"", ""B""], ""non-polymer"", 331.4, 0]]"
2JJB,1.9,3444_30,3,P13482,ABCD,"[[""3CU"", [""A"", ""B"", ""C"", ""D""], ""non-polymer"", 205.2, 0]]"
2JKK,2.0,927_30,2,Q00944,A,"[[""BI9"", [""A""], ""non-polymer"", 468.9, 0]]"
2JKL,1.9,16638_30,2,P24093,ABCDEF,"[[""BRX"", [""A"", ""B"", ""C"", ""D"", ""E"", ""F""], ""non-polymer"", 412.0, 0], [""CLM"", [""A"", ""B"", ""C"", ""D"", ""E"", ""F""], ""non-polymer"", 323.1, 0]]"
2LH5,2.0,2173_30,0,P02240,A,"[[""HEM"", [""A""], ""non-polymer"", 616.5, 0]]"
2LIG,2.0,18994_30,2,P02941,AB,"[[""PHN"", [""A""], ""non-polymer"", 180.2, 0]]"
2MJP,2.2,699_30,3,Q57679,AB,"[[""ANP"", [""A""], ""non-polymer"", 506.2, 0]]"
2NO1,1.91,2237_30,2,P27707,AB,"[[""DCZ"", [""A"", ""B""], ""DNA OH 5 prime terminus"", 227.2, 0], [""ADP"", [""A"", ""B""], ""non-polymer"", 427.2, 0]]"
2NQI,2.04,2949_30,4,P97571,A,"[[""NQI"", [""A""], ""non-polymer"", 600.7, 0]]"
2NRY,2.15,1720_30,2,Q9NWZ3,ABCD,"[[""STU"", [""A"", ""B"", ""C"", ""D""], ""non-polymer"", 466.5, 0]]"
2NSL,2.0,312_30,4,P0AG18,A,"[[""C2R"", [""A""], ""non-polymer"", 339.2, 0]]"
2NU8,2.15,2043_30,2,P0A836;P0AGE9,ABDE,"[[""COA"", [""A"", ""B"", ""D"", ""E""], ""non-polymer"", 767.5, 0]]"
2NUM,1.5,5929_30,2,Q02762,A,"[[""FES"", [""A""], ""non-polymer"", 175.8, 0]]"
2NV4,2.2,23348_30,2,O29998,AB,"[[""SAM"", [""A"", ""B""], ""non-polymer"", 398.4, 0]]"
2NVA,1.8,2798_30,4,Q84527,ABCDEFGH,"[[""PL2"", [""A"", ""B"", ""C"", ""D"", ""E"", ""F"", ""G"", ""H""], ""non-polymer"", 361.3, 0]]"
2NXG,1.95,397_30,0,O66496,AB,"[[""A5P"", [""A""], ""non-polymer"", 232.1, 0], [""1NT"", [""B""], ""non-polymer"", 416.2, 0], [""PEP"", [""A""], ""non-polymer"", 168.0, 0]]"
2NZT,2.45,1111_30,0,P52789,AB,"[[""BG6"", [""A"", ""B""], ""D-saccharide, beta linking"", 260.1, 0]]"
2O0E,1.81,6221_30,2,P9WPY5,A,"[[""PEP"", [""A""], ""non-polymer"", 168.0, 0], [""S3P"", [""A""], ""non-polymer"", 254.1, 0]]"
2O1C,1.8,16763_30,3,P0AFC0,ABCD,"[[""PPV"", [""A"", ""B"", ""C""], ""non-polymer"", 178.0, 0]]"
2O4J,1.74,189011_30,0,P13053;Q15648,AC,"[[""VD4"", [""A""], ""non-polymer"", 414.6, 0]]"
2O73,1.8,19113_30,4,A1L259,ABCDEF,"[[""2AL"", [""A"", ""B"", ""C"", ""D"", ""E"", ""F""], ""non-polymer"", 156.1, 0]]"
2OA1,2.15,3701_30,3,Q8KHZ8,AB,"[[""ADN"", [""B""], ""non-polymer"", 267.2, 0], [""FAD"", [""A""], ""non-polymer"", 785.5, 0], [""TRP"", [""A""], ""L-peptide linking"", 204.2, 0]]"
2OAC,2.2,688_30,1,P19157,AB,"[[""GTB"", [""A"", ""B""], ""non-polymer"", 442.4, 0]]"
2OAL,2.1,3701_30,3,Q8KHZ8,AB,"[[""FAD"", [""A"", ""B""], ""non-polymer"", 785.5, 0]]"
2OAS,2.4,8580_30,0,Q8EG98,AB,"[[""COA"", [""A"", ""B""], ""non-polymer"", 767.5, 0]]"
2OEM,1.7,3729_30,4,Q5L1E2,AB,"[[""1AE"", [""A"", ""B""], ""non-polymer"", 210.1, 0]]"
2OF8,1.05,3768_30,4,P56734,AB,"[[""BNI"", [""A"", ""B""], ""non-polymer"", 364.4, 0]]"
2OH4,2.05,2505_30,4,P35968,A,"[[""GIG"", [""A""], ""non-polymer"", 503.4, 0]]"
2OHI,2.3,3218_30,4,Q50497,ABDEGHIJ,"[[""FMN"", [""A"", ""B"", ""D"", ""E"", ""G"", ""H"", ""I"", ""J""], ""non-polymer"", 456.3, 0]]"
2OK9,2.34,356_30,3,P58399,AB,"[[""PBP"", [""A"", ""B""], ""non-polymer"", 277.9, 0]]"
2OLK,2.1,1895_30,2,D0VWX4,ABCD,"[[""AT4"", [""A"", ""B"", ""C"", ""D""], ""non-polymer"", 443.3, 0]]"
2OM2,2.2,43078_30,4,O43566;P63096,ABCD,"[[""GDP"", [""A"", ""C""], ""RNA linking"", 443.2, 0]]"
2OMF,2.4,1327_30,3,P02931,A,"[[""C8E"", [""A""], ""non-polymer"", 306.4, 0]]"
2ONR,1.6,7713_30,4,O30142,A,"[[""MOO"", [""A""], ""non-polymer"", 159.9, 0]]"
2OU2,2.3,3869_30,1,Q92993,A,"[[""ACO"", [""A""], ""non-polymer"", 809.6, 0]]"
2OU7,2.4,1372_30,2,P53350,A,"[[""ANP"", [""A""], ""non-polymer"", 506.2, 0]]"
2OVH,2.0,4574_30,2,P06401,AB,"[[""AS0"", [""A""], ""non-polymer"", 449.6, 0]]"
2OXN,1.7,1427_30,4,Q9KU37,A,"[[""OAN"", [""A""], ""non-polymer"", 353.3, 0]]"
2OYK,1.5,33071_30,0,,AB,"[[""9MR"", [""A"", ""B""], ""D-saccharide"", 309.3, 0]]"
2OYS,2.0,66162_30,3,A0A0H2URW2,AB,"[[""FMN"", [""A"", ""B""], ""non-polymer"", 456.3, 0]]"
2P7G,2.1,3867_30,4,P62508,A,"[[""2OH"", [""A""], ""non-polymer"", 228.3, 0]]"
2P7U,1.65,7037_30,1,Q95PM0,A,"[[""D1R"", [""A""], ""non-polymer"", 576.7, 0]]"
2P99,1.8,2176_30,1,P0AE18,A,"[[""YE6"", [""A""], ""non-polymer"", 236.7, 0]]"
2PAU,2.1,3104_30,1,P76491,AB,"[[""D5M"", [""A"", ""B""], ""non-polymer"", 331.2, 0]]"
2PB1,1.9,4613_30,2,P29717,A,"[[""G2F"", [""A""], ""D-saccharide, alpha linking"", 182.1, 0], [""NFG"", [""A""], ""D-saccharide"", 348.2, 0]]"
2PD7,2.0,18017_30,1,Q9C3Y6,AB,"[[""FAD"", [""A"", ""B""], ""non-polymer"", 785.5, 0]]"
2PD8,1.8,18017_30,1,Q9C3Y6,AB,"[[""FAD"", [""A"", ""B""], ""non-polymer"", 785.5, 0]]"
2PDC,1.65,879_30,3,P15121,A,"[[""393"", [""A""], ""non-polymer"", 364.7, 0], [""NAP"", [""A""], ""non-polymer"", 743.4, 0]]"
2PDL,1.47,879_30,3,P15121,A,"[[""NAP"", [""A""], ""non-polymer"", 743.4, 0], [""TOL"", [""A""], ""non-polymer"", 357.3, 0]]"
2PK3,1.82,28513_30,0,Q6T1X6,AB,"[[""GDD"", [""A"", ""B""], ""non-polymer"", 605.3, 0], [""A2R"", [""A"", ""B""], ""non-polymer"", 639.3, 0]]"
2PUO,1.7,18626_30,1,Q55389;Q55781,AB,"[[""SF4"", [""A""], ""non-polymer"", 351.6, 0]]"
2PUU,2.5,346_30,3,P47811,A,"[[""G2G"", [""A""], ""non-polymer"", 575.7, 1]]"
2PVG,2.4,18626_30,1,P27320;Q55389;Q55781,ABC,"[[""FES"", [""C""], ""non-polymer"", 175.8, 0], [""SF4"", [""A""], ""non-polymer"", 351.6, 0]]"
2PVK,1.9,2350_30,2,P28523,A,"[[""P45"", [""A""], ""non-polymer"", 375.8, 0]]"
2PWD,1.8,2359_30,1,Q2PS28,AB,"[[""NOJ"", [""A"", ""B""], ""D-saccharide"", 163.2, 0]]"
2PXX,1.3,19223_30,2,P0DPD7,A,"[[""SAH"", [""A""], ""non-polymer"", 384.4, 0]]"
2PY4,1.49,1101_30,1,P9WNS5,A,"[[""DUP"", [""A""], ""non-polymer"", 467.2, 0]]"
2Q0A,2.25,4785_30,4,O88703,AB,"[[""PCG"", [""A"", ""B""], ""non-polymer"", 345.2, 0]]"
2Q1U,1.7,18216_30,1,O87989,AB,"[[""NAD"", [""A"", ""B""], ""non-polymer"", 663.4, 0], [""UDP"", [""A"", ""B""], ""RNA linking"", 404.2, 0]]"
2Q2C,2.35,1411_30,0,D0VWX8,ABCD,"[[""HIS"", [""A"", ""B"", ""C"", ""D""], ""L-peptide linking"", 156.2, 1]]"
2Q32,2.4,8023_30,1,P30519,AB,"[[""OXN"", [""A"", ""B""], ""non-polymer"", 646.8, 0]]"
2Q3T,1.6,31886_30,3,Q9LUJ3,A,"[[""CPS"", [""A""], ""non-polymer"", 614.9, 0]]"
2Q46,1.8,12775_30,1,Q94EG6,AB,"[[""NAP"", [""A"", ""B""], ""non-polymer"", 743.4, 0]]"
2Q4H,1.834,19545_30,3,Q9FK51,AB,"[[""AMP"", [""A"", ""B""], ""non-polymer"", 347.2, 0]]"
2Q6M,1.25,6508_30,0,Q5EK40,A,"[[""P34"", [""A""], ""non-polymer"", 295.3, 0]]"
2Q7K,1.8,140144_30,3,P10275,AB,"[[""TES"", [""A""], ""non-polymer"", 288.4, 0]]"
2QBR,2.3,490_30,3,P18031,A,"[[""910"", [""A""], ""non-polymer"", 462.3, 0]]"
2QBU,2.1,69999_30,0,O27402,AB,"[[""SAH"", [""B""], ""non-polymer"", 384.4, 0]]"
2QD3,2.2,4069_30,3,P22830,AB,"[[""FES"", [""A"", ""B""], ""non-polymer"", 175.8, 0], [""CHD"", [""A"", ""B""], ""non-polymer"", 408.6, 0], [""HEM"", [""B""], ""non-polymer"", 616.5, 0]]"
2QEO,2.315,18732_30,3,Q7PNF2,AB,"[[""LNR"", [""A"", ""B""], ""non-polymer"", 169.2, 0]]"
2QJ5,1.2,1969_30,4,P16113,A,"[[""HC4"", [""A""], ""non-polymer"", 164.2, 0]]"
2QJN,2.0,3626_30,0,A4XF23,ABCD,"[[""KDG"", [""A"", ""B"", ""C"", ""D""], ""non-polymer"", 178.1, 0]]"
2QO7,1.605,1049_30,1,P29320,A,"[[""ANP"", [""A""], ""non-polymer"", 506.2, 0]]"
2QOR,1.8,14618_30,1,A5K709,A,"[[""POP"", [""A""], ""non-polymer"", 176.0, -2], [""5GP"", [""A""], ""non-polymer"", 363.2, 0]]"
2QTL,1.9,10444_30,2,Q9UBK8,A,"[[""FAD"", [""A""], ""non-polymer"", 785.5, 0]]"
2QTZ,1.9,10444_30,2,Q9UBK8,A,"[[""FAD"", [""A""], ""non-polymer"", 785.5, 0], [""NAP"", [""A""], ""non-polymer"", 743.4, 0]]"
2QUT,1.88,1234_30,3,P00883,ABCD,"[[""13P"", [""A"", ""B"", ""C"", ""D""], ""non-polymer"", 170.1, 0]]"
2QVE,2.0,850_30,2,Q8GMG0,AB,"[[""247"", [""A"", ""B""], ""non-polymer"", 217.2, 0]]"
2R1M,2.5,1155_30,1,Q93LD7,A,"[[""DPF"", [""A""], ""non-polymer"", 154.1, 0]]"
2R5E,1.84,2524_30,1,Q17CS8,AB,"[[""QLP"", [""A"", ""B""], ""non-polymer"", 377.3, 0]]"
2R79,2.4,13356_30,2,O68879,A,"[[""HEM"", [""A""], ""non-polymer"", 616.5, 0]]"
2R7K,2.1,4739_30,0,Q57600,A,"[[""AMZ"", [""A""], ""non-polymer"", 338.2, 0], [""ACP"", [""A""], ""non-polymer"", 505.2, 0]]"
2R86,2.5,4739_30,0,Q8U0R7,AB,"[[""ATP"", [""A"", ""B""], ""non-polymer"", 507.2, 0]]"
2R9X,1.9,1064_30,3,P00811,AB,"[[""WH6"", [""A"", ""B""], ""non-polymer"", 403.4, 0]]"
2RDN,1.35,30023_30,1,Q82IZ1,A,"[[""1PL"", [""A""], ""non-polymer"", 234.3, 0]]"
2REX,2.3,2022_30,3,O43157;Q92730,ABCD,"[[""GNP"", [""B"", ""D""], ""non-polymer"", 522.2, 0]]"
2RFB,2.5,12829_30,3,Q6KZ68,ABC,"[[""HEM"", [""A"", ""B"", ""C""], ""non-polymer"", 616.5, 0]]"
2RFQ,1.65,7551_30,3,Q0S811,ABCD,"[[""1PS"", [""A"", ""B"", ""C"", ""D""], ""non-polymer"", 201.2, 0]]"
2RHL,2.45,13329_30,4,P17865,AB,"[[""GDP"", [""A"", ""B""], ""RNA linking"", 443.2, 0]]"
2RIF,2.35,72533_30,0,Q8ZVX8,ABCD,"[[""AMP"", [""A"", ""B"", ""C"", ""D""], ""non-polymer"", 347.2, 0]]"
2RIU,1.7,5430_30,4,Q5A3V6,A,"[[""5RP"", [""A""], ""saccharide"", 230.1, 0]]"
2RTP,1.5,529_30,2,P22629,BD,"[[""IMI"", [""B"", ""D""], ""non-polymer"", 243.3, 0]]"
2SAR,1.8,5433_30,0,P05798,AB,"[[""3GP"", [""A""], ""non-polymer"", 363.2, 0]]"
2THF,2.1,241_30,1,P00734,AB,"[[""0G6"", [""B""], ""peptide-like"", 454.0, 1]]"
2USH,2.22,10384_30,0,P07024,AB,"[[""WO4"", [""A"", ""B""], ""non-polymer"", 247.8, 0]]"
2UUP,1.88,1170_30,0,P14900,A,"[[""LK4"", [""A""], ""non-polymer"", 468.5, 0]]"
2UYQ,1.8,1415_30,3,Q9CCZ4,A,"[[""SAM"", [""A""], ""non-polymer"", 398.4, 0]]"
2UZA,2.42,6707_30,1,P94692,AB,"[[""SF4"", [""A"", ""B""], ""non-polymer"", 351.6, 0], [""HTL"", [""A"", ""B""], ""non-polymer"", 467.4, 1]]"
2V07,1.6,15637_30,4,Q93VA3,A,"[[""HEC"", [""A""], ""non-polymer"", 620.5, 0]]"
2V3K,2.0,2572_30,1,Q06287,A,"[[""SAM"", [""A""], ""non-polymer"", 398.4, 0]]"
2V4L,2.5,1660_30,0,P48736,A,"[[""ABJ"", [""A""], ""non-polymer"", 269.3, 0]]"
2V7K,1.7,15091_30,1,P95481,A,"[[""DTR"", [""A""], ""D-peptide linking"", 204.2, 0], [""HEM"", [""A""], ""non-polymer"", 616.5, 0]]"
2V8Q,2.1,1719_30,0,O43741;P54645;P80385,ABE,"[[""AMP"", [""E""], ""non-polymer"", 347.2, 0]]"
2VAR,2.1,12566_30,1,Q97U29,ABC,"[[""AMP"", [""A"", ""B"", ""C""], ""non-polymer"", 347.2, 0], [""ANP"", [""A"", ""B"", ""C""], ""non-polymer"", 506.2, 0], [""KDF"", [""A"", ""B"", ""C""], ""D-saccharide, alpha linking"", 178.1, 0], [""KDG"", [""A"", ""B"", ""C""], ""non-polymer"", 178.1, 0]]"
2VB6,2.3,1448_30,3,P62149;Q29122,AB,"[[""ADP"", [""A""], ""non-polymer"", 427.2, 0]]"
2VEG,2.4,8470_30,0,P59655,AB,"[[""PMM"", [""A""], ""non-polymer"", 273.1, 0]]"
2VGK,2.25,9993_30,0,P39045,ABCD,"[[""REZ"", [""A"", ""B"", ""C""], ""non-polymer"", 246.3, 0]]"
2VGP,1.7,16909_30,2,O13024;Q6DE08,ABCD,"[[""AD6"", [""A"", ""B""], ""non-polymer"", 312.2, 0]]"
2VIW,2.05,740_30,3,P00749,A,"[[""D56"", [""A""], ""non-polymer"", 446.0, 0]]"
2VLH,1.95,1667_30,2,P31013,AB,"[[""PLP"", [""B""], ""non-polymer"", 247.1, 0], [""P33"", [""A""], ""non-polymer"", 326.4, 0], [""PM9"", [""A""], ""non-polymer"", 378.3, 0]]"
2VNH,2.27,5628_30,0,Q9L6V3,A,"[[""FAD"", [""A""], ""non-polymer"", 785.5, 0], [""HTG"", [""A""], ""D-saccharide"", 294.4, 0], [""NAP"", [""A""], ""non-polymer"", 743.4, 0]]"
2VO5,2.3,12384_30,1,Q8AAK6,AB,"[[""VBZ"", [""A"", ""B""], ""non-polymer"", 279.3, 0]]"
2VPQ,2.1,4744_30,1,A0A0H3JRR2,AB,"[[""ANP"", [""A"", ""B""], ""non-polymer"", 506.2, 0]]"
2VPR,2.49,2668_30,2,P51561,A,"[[""TDC"", [""A""], ""non-polymer"", 426.4, 0]]"
2VQO,2.15,5945_30,1,P56524,AB,"[[""TFG"", [""A"", ""B""], ""non-polymer"", 423.4, 0]]"
2VQU,1.9,12384_30,1,Q8AAK6,AB,"[[""NOY"", [""A"", ""B""], ""non-polymer"", 163.2, 0]]"
2VQY,1.8,22054_30,1,Q6SJ71,A,"[[""ACO"", [""A""], ""non-polymer"", 809.6, 0], [""PAR"", [""A""], ""non-polymer"", 615.6, 0]]"
2VUR,2.2,8372_30,0,Q0TR53,AB,"[[""YX1"", [""A"", ""B""], ""D-saccharide"", 267.2, 0]]"
2VV7,1.81,7596_30,0,P23222,ABCD,"[[""HEM"", [""A"", ""B"", ""C"", ""D""], ""non-polymer"", 616.5, 0]]"
2VVL,2.45,23959_30,2,P46882,ABCDEFGH,"[[""FAD"", [""A"", ""B"", ""C"", ""D"", ""E"", ""F"", ""G"", ""H""], ""non-polymer"", 785.5, 0]]"
2VWA,2.5,98549_30,3,Q8IEU1,ABCDEF,"[[""PTY"", [""A"", ""B"", ""C"", ""D"", ""E"", ""F""], ""non-polymer"", 734.0, 0]]"
2VYW,1.8,30303_30,4,,A,"[[""HEM"", [""A""], ""non-polymer"", 616.5, 0]]"
2VZU,2.1,12791_30,4,Q56F26,AB,"[[""PNJ"", [""A"", ""B""], ""D-saccharide"", 300.3, 0]]"
2VZY,2.0,36725_30,3,P9WQG7,ABCD,"[[""SM"", [""D""], ""non-polymer"", 150.4, 3]]"
2W0J,2.05,5088_30,2,O96017,A,"[[""ZAT"", [""A""], ""non-polymer"", 408.5, 0]]"
2W15,1.05,695_30,2,P83512,A,"[[""WR2"", [""A""], ""non-polymer"", 455.6, 0]]"
2W1A,2.35,16997_30,0,O53512;P9WIC1,ABCD,"[[""CE1"", [""A""], ""non-polymer"", 538.8, 0], [""TSA"", [""C"", ""D""], ""non-polymer"", 228.2, 0]]"
2W2L,2.5,5698_30,0,Q7LLW9,ABCD,"[[""NAD"", [""A"", ""B"", ""C"", ""D""], ""non-polymer"", 663.4, 0]]"
2W3E,1.6,9077_30,3,P9WGK3,AB,"[[""HEM"", [""A"", ""B""], ""non-polymer"", 616.5, 0]]"
2W3H,1.8,9077_30,3,P9WGK3,AB,"[[""HEM"", [""A"", ""B""], ""non-polymer"", 616.5, 0]]"
2W6M,2.0,5136_30,4,P24182,AB,"[[""OA1"", [""A"", ""B""], ""non-polymer"", 267.1, 0]]"
2W7K,2.42,103_30,4,Q7SIB6,A,"[[""PLP"", [""A""], ""non-polymer"", 247.1, 0]]"
2W8Y,1.8,6181_30,4,P06401,AB,"[[""486"", [""A""], ""non-polymer"", 429.6, 0], [""NDR"", [""B""], ""non-polymer"", 298.4, 0]]"
2WBP,1.16,5813_30,3,Q6WZB0,A,"[[""ARG"", [""A""], ""L-peptide linking"", 175.2, 1], [""ZZU"", [""A""], ""L-peptide linking"", 190.2, 0]]"
2WC5,1.9,4945_30,3,P34170,A,"[[""BOM"", [""A""], ""non-polymer"", 238.4, 0]]"
2WED,1.5,4534_30,3,P00798,A,"[[""PP6"", [""A""], ""non-polymer"", 551.5, -1]]"
2WJG,2.2,3318_30,4,Q57986,ABC,"[[""GDP"", [""A"", ""B""], ""RNA linking"", 443.2, 0]]"
2WJH,2.1,3318_30,4,Q57986,AB,"[[""GDP"", [""A""], ""RNA linking"", 443.2, 0]]"
2WN7,2.25,5734_30,2,Q9KH42,A,"[[""NAD"", [""A""], ""non-polymer"", 663.4, 0]]"
2WSI,1.9,28291_30,2,P38913,A,"[[""FAD"", [""A""], ""non-polymer"", 785.5, 0]]"
2WVG,1.75,4103_30,1,P06672,ABEF,"[[""TPU"", [""A"", ""B"", ""E"", ""F""], ""non-polymer"", 408.2, 0]]"
2WXP,2.3,592_30,1,O35904,A,"[[""GD9"", [""A""], ""non-polymer"", 513.6, 0]]"
2X0Y,2.25,8372_30,0,Q0TR53,AB,"[[""X0T"", [""A"", ""B""], ""non-polymer"", 254.2, 0]]"
2X1L,2.3,3255_30,4,A0R3E2,ABC,"[[""ADN"", [""A"", ""B"", ""C""], ""non-polymer"", 267.2, 0], [""CXS"", [""A"", ""B"", ""C""], ""non-polymer"", 221.3, 0]]"
2X1S,1.93,99_30,3,P04789,AB,"[[""X1S"", [""A"", ""B""], ""non-polymer"", 154.1, 0]]"
2X2O,1.13,6342_30,4,Q81G57,A,"[[""FMN"", [""A""], ""non-polymer"", 456.3, 0]]"
2X2W,2.0,1639_30,4,P0A6C8,AB,"[[""X2W"", [""A"", ""B""], ""L-peptide linking"", 269.1, 0]]"
2X34,1.9,40970_30,3,Q21LI5,AB,"[[""UQ8"", [""A"", ""B""], ""non-polymer"", 727.1, 0]]"
2X3K,2.5,32697_30,3,Q93AT8,AB,"[[""AMP"", [""A"", ""B""], ""non-polymer"", 347.2, 0]]"
2X5F,1.8,98689_30,0,Q2FWW3,AB,"[[""PLP"", [""A"", ""B""], ""non-polymer"", 247.1, 0]]"
2X75,2.5,5676_30,0,Q7A0G9,A,"[[""AMP"", [""A""], ""non-polymer"", 347.2, 0]]"
2X7B,1.95,17018_30,3,Q980R9,A,"[[""COA"", [""A""], ""non-polymer"", 767.5, 0]]"
2X7D,2.3,2785_30,0,P52732,AB,"[[""ADP"", [""A"", ""B""], ""non-polymer"", 427.2, 0], [""EGB"", [""A"", ""B""], ""non-polymer"", 302.4, 0]]"
2X7E,2.4,2785_30,0,P52732,AB,"[[""ADP"", [""A"", ""B""], ""non-polymer"", 427.2, 0], [""X7E"", [""A"", ""B""], ""non-polymer"", 376.4, 0]]"
2XA2,2.5,14318_30,1,O58762,AB,"[[""UPG"", [""A"", ""B""], ""non-polymer"", 566.3, 0]]"
2XAN,2.2,7203_30,0,Q93YN9,AB,"[[""5MY"", [""A"", ""B""], ""non-polymer"", 580.1, 0], [""ANP"", [""A"", ""B""], ""non-polymer"", 506.2, 0]]"
2XD9,1.95,530_30,2,Q48255,ABC,"[[""XD9"", [""A"", ""B"", ""C""], ""non-polymer"", 270.3, 0]]"
2XK7,1.992,5837_30,1,P51955,A,"[[""30E"", [""A""], ""non-polymer"", 416.5, 0]]"
2XN6,1.29,42825_30,2,P05543,AB,"[[""F6Y"", [""A""], ""non-polymer"", 376.3, 0], [""T44"", [""A""], ""non-polymer"", 776.9, 0]]"
2XOE,1.4,6342_30,4,A0A1T3V7R2,A,"[[""FMN"", [""A""], ""non-polymer"", 456.3, 0]]"
2XRY,1.5,3188_30,2,Q8PYK9,A,"[[""FAD"", [""A""], ""non-polymer"", 785.5, 0]]"
2XTK,2.0,24662_30,4,B0Y2Y2,AB,"[[""AZM"", [""A"", ""B""], ""non-polymer"", 222.2, 0]]"
2XVY,1.7,20232_30,1,Q72EC8,A,"[[""HEM"", [""A""], ""non-polymer"", 616.5, 0]]"
2XXB,2.15,755_30,2,Q5SJA1,AB,"[[""AMP"", [""A"", ""B""], ""non-polymer"", 347.2, 0]]"
2XYV,2.06,2157_30,1,P0C6X7,AB,"[[""SAH"", [""A""], ""non-polymer"", 384.4, 0]]"
2Y00,2.5,10665_30,1,P07700,AB,"[[""Y00"", [""A"", ""B""], ""non-polymer"", 301.4, 0], [""2CV"", [""A"", ""B""], ""non-polymer"", 379.5, 0], [""Y01"", [""A"", ""B""], ""non-polymer"", 486.7, 0]]"
2Y08,1.7,14716_30,1,D3Y1I2,AB,"[[""FAD"", [""A"", ""B""], ""non-polymer"", 785.5, 0]]"
2Y27,1.6,12098_30,1,B4E7B5,AB,"[[""ATP"", [""A"", ""B""], ""non-polymer"", 507.2, 0]]"
2Y2X,1.65,4738_30,4,Q9HUR5,AB,"[[""VNL"", [""A"", ""B""], ""non-polymer"", 167.1, -1], [""C8E"", [""A"", ""B""], ""non-polymer"", 306.4, 0]]"
2Y65,2.2,1114_30,0,P17210,ABCDWXY,"[[""ADP"", [""A"", ""B"", ""C"", ""D""], ""non-polymer"", 427.2, 0]]"
2Y6B,1.9,2982_30,2,Q43758,A,"[[""HEM"", [""A""], ""non-polymer"", 616.5, 0]]"
2YAB,1.9,2372_30,3,Q8VDF3,AB,"[[""AMP"", [""A"", ""B""], ""non-polymer"", 347.2, 0]]"
2YAN,1.9,5527_30,4,O76003,AB,"[[""GSH"", [""A"", ""B""], ""peptide-like"", 307.3, 0]]"
2YC3,1.4,7888_30,4,P69834,A,"[[""MW5"", [""A""], ""non-polymer"", 260.7, 0]]"
2YC5,1.6,7888_30,4,P69834,A,"[[""6BC"", [""A""], ""non-polymer"", 284.7, 0]]"
2YCL,1.95,11165_30,0,Q3ACS0;Q3ACS3,AB,"[[""SF4"", [""A""], ""non-polymer"", 351.6, 0]]"
2YD8,2.05,2366_30,4,P10586,A,"[[""YYJ"", [""A""], ""D-saccharide, beta linking"", 500.4, 0]]"
2YDP,1.85,19466_30,4,B8ZY56,ABC,"[[""AHR"", [""A"", ""B"", ""C""], ""L-saccharide, alpha linking"", 150.1, 0]]"
2YHG,1.08,79680_30,3,Q21PD3,A,"[[""BTB"", [""A""], ""non-polymer"", 209.2, 0]]"
2YHU,2.01,1417_30,3,O76290,ABCD,"[[""NDP"", [""A"", ""B"", ""C"", ""D""], ""non-polymer"", 745.4, 0], [""WHF"", [""A"", ""B"", ""C"", ""D""], ""non-polymer"", 239.3, 0]]"
2YIC,1.96,1626_30,3,A0R2B1,ABCD,"[[""TPP"", [""A"", ""B"", ""C"", ""D""], ""non-polymer"", 425.3, 1]]"
2YJ4,2.4,11446_30,0,Q97UU7,AB,"[[""AMP"", [""A""], ""non-polymer"", 347.2, 0], [""ATP"", [""B""], ""non-polymer"", 507.2, 0]]"
2YJ5,2.4,11446_30,0,Q97UU7,AB,"[[""A99"", [""A""], ""non-polymer"", 656.3, 0], [""ATP"", [""B""], ""non-polymer"", 507.2, 0]]"
2YKK,1.79,11881_30,0,Q1A2D0,A,"[[""BTB"", [""A""], ""non-polymer"", 209.2, 0]]"
2YKU,1.9,13196_30,1,A3EYF7,ABC,"[[""PLP"", [""A"", ""B"", ""C""], ""non-polymer"", 247.1, 0]]"
2YLD,1.25,3062_30,4,P00138,A,"[[""HEC"", [""A""], ""non-polymer"", 620.5, 0], [""ASC"", [""A""], ""L-saccharide"", 176.1, 0]]"
2YPC,1.894,4942_30,3,P16330,A,"[[""QQX"", [""A""], ""non-polymer"", 345.3, 0]]"
2YPD,2.1,23490_30,3,Q15652,AB,"[[""EMT"", [""A"", ""B""], ""non-polymer"", 382.8, 0]]"
2YUT,2.2,108454_30,3,Q53W68,A,"[[""NAP"", [""A""], ""non-polymer"", 743.4, 0]]"
2YVK,2.4,1187_30,1,O31662,ABCD,"[[""MRU"", [""A"", ""B"", ""C"", ""D""], ""non-polymer"", 260.2, 0]]"
2YVP,1.66,37388_30,2,Q5SJY9,A,"[[""RBY"", [""A""], ""non-polymer"", 557.3, 0]]"
2YWC,2.2,186_30,1,Q5SI28,ABCD,"[[""XMP"", [""A"", ""B"", ""C"", ""D""], ""non-polymer"", 365.2, 1]]"
2YWH,2.24,128_30,3,O67618,A,"[[""GDP"", [""A""], ""RNA linking"", 443.2, 0]]"
2YYJ,1.66,8907_30,2,Q5SJP8,A,"[[""4HP"", [""A""], ""non-polymer"", 152.1, 0], [""FAD"", [""A""], ""non-polymer"", 785.5, 0]]"
2Z25,1.87,783_30,2,P05020,AB,"[[""NCD"", [""B""], ""non-polymer"", 176.1, 0], [""DOR"", [""A""], ""non-polymer"", 158.1, 0]]"
2Z2C,2.05,146_30,1,P0A749,ABCD,"[[""UDC"", [""A"", ""B"", ""C"", ""D""], ""D-saccharide, alpha linking"", 353.3, 0], [""UDP"", [""A"", ""B"", ""C"", ""D""], ""RNA linking"", 404.2, 0]]"
2Z4X,1.9,6085_30,1,Q12051,AB,"[[""252"", [""A"", ""B""], ""non-polymer"", 304.2, 0]]"
2Z6J,2.3,7768_30,4,Q9FBC5,AB,"[[""FMN"", [""A"", ""B""], ""non-polymer"", 456.3, 0], [""TUI"", [""A"", ""B""], ""non-polymer"", 482.5, 0]]"
2Z9Z,1.74,4646_30,4,Q9Y5P4,A,"[[""DDR"", [""A""], ""non-polymer"", 400.6, 0]]"
2ZAS,2.0,3867_30,4,P62508,A,"[[""1OH"", [""A""], ""non-polymer"", 212.3, 0]]"
2ZAT,1.5,3855_30,0,Q8WNV7,ABCD,"[[""NAP"", [""A"", ""B"", ""C"", ""D""], ""non-polymer"", 743.4, 0]]"
2ZBR,1.9,10831_30,1,Q84BQ9,A,"[[""SFG"", [""A""], ""non-polymer"", 381.4, 0]]"
2ZBU,2.1,34028_30,1,Q9WZC8,ABCD,"[[""ADN"", [""A"", ""B"", ""C"", ""D""], ""non-polymer"", 267.2, 0]]"
2ZDV,1.72,241894_30,3,P00734;P01050,HIL,"[[""37U"", [""H""], ""peptide-like"", 369.4, 0]]"
2ZFF,1.47,241_30,1,P00734;P01050,HIL,"[[""53U"", [""H""], ""peptide-like"", 351.4, 0]]"
2ZFN,1.9,11095_30,0,Q07794,A,"[[""ACO"", [""A""], ""non-polymer"", 809.6, 0]]"
2ZHF,1.98,103707_30,3,P00734;P09945,HIL,"[[""49U"", [""H""], ""non-polymer"", 370.5, 0]]"
2ZI3,2.3,2237_30,2,P27707,AB,"[[""3D1"", [""A"", ""B""], ""non-polymer"", 251.2, 0], [""ADP"", [""A"", ""B""], ""non-polymer"", 427.2, 0]]"
2ZJ4,2.2,3055_30,4,Q06210,A,"[[""AGP"", [""A""], ""non-polymer"", 261.2, 0]]"
2ZMI,1.7,165097_30,1,A1L0Z0;P13053,AC,"[[""TT2"", [""A""], ""non-polymer"", 520.8, 0]]"
2ZNK,1.8,176745_30,0,P00734;P01050,HIL,"[[""31U"", [""H""], ""non-polymer"", 359.5, 0]]"
2ZO5,1.7,7410_30,2,L0DSL2,AB,"[[""HEC"", [""A"", ""B""], ""non-polymer"", 620.5, 0]]"
2ZOF,2.3,5543_30,2,Q9D1A2,AB,"[[""BES"", [""A"", ""B""], ""non-polymer"", 308.4, 0]]"
2ZPA,2.35,14642_30,2,P76562,AB,"[[""ACO"", [""A"", ""B""], ""non-polymer"", 809.6, 0], [""ADP"", [""A""], ""non-polymer"", 427.2, 0]]"
2ZS0,1.6,1830_30,4,Q5KSB7;Q7M413;Q7M418;Q7M419,ABCD,"[[""HEM"", [""A"", ""B"", ""C"", ""D""], ""non-polymer"", 616.5, 0]]"
2ZSD,2.5,673_30,3,P9WPA7,A,"[[""COA"", [""A""], ""non-polymer"", 767.5, 0]]"
2ZSH,1.8,4227_30,4,Q9LQT8;Q9MAA7,AB,"[[""GA3"", [""A""], ""non-polymer"", 346.4, 0]]"
2ZX6,2.42,10102_30,3,Q9WYE2,AB,"[[""ZX6"", [""A"", ""B""], ""non-polymer"", 333.4, 0]]"
2ZXC,2.2,5541_30,3,Q9I596,AB,"[[""2ED"", [""A"", ""B""], ""non-polymer"", 341.5, 0]]"
2ZZ7,1.58,1388_30,0,O26232,A,"[[""BMP"", [""A""], ""RNA linking"", 340.2, 0]]"
30GJ,1.93,4072_30,0,Q72EJ0;Q72EJ1,AB,"[[""MGD"", [""A""], ""non-polymer"", 740.6, 0], [""W"", [""A""], ""non-polymer"", 183.8, 6], [""SF4"", [""A"", ""B""], ""non-polymer"", 351.6, 0]]"
30ZQ,1.3,28734_30,2,A0ABW9FQ31,AB,"[[""A1J75"", [""A"", ""B""], ""non-polymer"", 165.2, 0]]"
33CV,1.9,51782_30,0,,AB,"[[""A1KN5"", [""A"", ""B""], ""non-polymer"", 426.4, 0]]"
33FE,1.74,1125_30,4,A0A0D0G9C2,A,"[[""CBU"", [""A""], ""non-polymer"", 180.2, 0]]"
36WJ,2.07,7442_30,0,P07277,A,"[[""IPE"", [""A""], ""non-polymer"", 246.1, 0]]"
3A17,2.5,13938_30,3,Q76K71,ABCDEFGH,"[[""HEM"", [""A"", ""B"", ""C"", ""D"", ""E"", ""F"", ""G"", ""H""], ""non-polymer"", 616.5, 0]]"
3A21,1.51,2326_30,4,Q82L26,AB,"[[""1PG"", [""A"", ""B""], ""non-polymer"", 252.3, 0]]"
3A4L,1.8,21276_30,4,Q58933,AB,"[[""ANP"", [""A"", ""B""], ""non-polymer"", 506.2, 0]]"
3A5B,1.81,16171_30,2,Q7M422,A,"[[""HEM"", [""A""], ""non-polymer"", 616.5, 0]]"
3A62,2.35,5092_30,0,P23443,A,"[[""STU"", [""A""], ""non-polymer"", 466.5, 0]]"
3A7K,2.0,7691_30,3,A0A1U7EU03,ABD,"[[""L3P"", [""A"", ""B"", ""D""], ""non-polymer"", 885.2, -2], [""L2P"", [""A"", ""B"", ""D""], ""non-polymer"", 653.2, 0], [""L1P"", [""A"", ""B""], ""non-polymer"", 733.1, 0], [""22B"", [""A"", ""B"", ""D""], ""non-polymer"", 741.1, 0], [""RET"", [""A"", ""B"", ""D""], ""non-polymer"", 284.4, 0]]"
3A9Z,1.55,707_30,4,Q68FT9,AB,"[[""SLP"", [""A"", ""B""], ""non-polymer"", 153.0, 0], [""PLP"", [""A"", ""B""], ""non-polymer"", 247.1, 0]]"
3AB3,2.4,4281_30,2,Q92888;Q9DC51,ABCD,"[[""GDP"", [""A"", ""C""], ""RNA linking"", 443.2, 0]]"
3ACC,2.16,2136_30,2,Q5SLS3,A,"[[""5GP"", [""A""], ""non-polymer"", 363.2, 0]]"
3AD9,2.3,15732_30,0,Q50LE9;Q50LF0;Q50LF1;Q50LF2,ABCD,"[[""NAD"", [""A""], ""non-polymer"", 663.4, 0], [""FAD"", [""B""], ""non-polymer"", 785.5, 0], [""FMN"", [""B""], ""non-polymer"", 456.3, 0]]"
3ADZ,1.89,3885_30,2,A9JQL9,A,"[[""PS7"", [""A""], ""non-polymer"", 586.7, 0]]"
3AH1,2.2,10358_30,4,P0DPR0,AB,"[[""SLB"", [""A"", ""B""], ""D-saccharide, beta linking"", 309.3, 0]]"
3AHF,2.3,3085_30,1,D6PAH1,A,"[[""TPP"", [""A""], ""non-polymer"", 425.3, 1]]"
3AIQ,1.9,978_30,1,Q1XH05,A,"[[""HBO"", [""A""], ""non-polymer"", 211.2, 0]]"
3AKI,2.0,22333_30,3,Q82P90,A,"[[""AH8"", [""A""], ""L-saccharide"", 175.1, 0]]"
3AKN,1.6,8471_30,2,P02693,A,"[[""11D"", [""A""], ""non-polymer"", 434.6, 0]]"
3ALL,1.78,13394_30,2,Q988D3,AB,"[[""FAD"", [""A"", ""B""], ""non-polymer"", 785.5, 0]]"
3AMZ,2.1,1474_30,0,P80457,AB,"[[""FES"", [""A"", ""B""], ""non-polymer"", 175.8, 0], [""FAD"", [""A"", ""B""], ""non-polymer"", 785.5, 0], [""NAI"", [""A"", ""B""], ""non-polymer"", 665.4, 0], [""URC"", [""A"", ""B""], ""non-polymer"", 168.1, 0], [""ZXF"", [""A"", ""B""], ""non-polymer"", 555.4, 0]]"
3ANN,2.0,253_30,1,P45568,AB,"[[""SYE"", [""A"", ""B""], ""non-polymer"", 223.2, 0], [""NDP"", [""A"", ""B""], ""non-polymer"", 745.4, 0]]"
3APX,2.2,13734_30,3,P19652,A,"[[""Z80"", [""A""], ""non-polymer"", 318.9, 0]]"
3AQ5,1.78,4977_30,0,P17724,AB,"[[""HEM"", [""A"", ""B""], ""non-polymer"", 616.5, 0]]"
3AQV,2.08,1719_30,0,P54646,A,"[[""TAK"", [""A""], ""non-polymer"", 399.5, 0]]"
3ARA,1.7,15307_30,2,P33316,ABC,"[[""MKH"", [""A"", ""B"", ""C""], ""non-polymer"", 469.6, 0]]"
3ARJ,1.81,16171_30,2,Q7M422,A,"[[""HEM"", [""A""], ""non-polymer"", 616.5, 0]]"
3AX6,2.2,312_30,4,Q9WYS8,ABCD,"[[""ADP"", [""A"", ""B"", ""C"", ""D""], ""non-polymer"", 427.2, 0]]"
3B00,1.74,19741_30,3,Q9WXN1,ABCD,"[[""16A"", [""A"", ""B"", ""D""], ""non-polymer"", 284.5, 1]]"
3B06,2.29,1074_30,1,P61615,ABCD,"[[""DMA"", [""A"", ""B"", ""C"", ""D""], ""non-polymer"", 246.1, 0], [""FNR"", [""A"", ""B"", ""C"", ""D""], ""non-polymer"", 458.4, 0]]"
3B2G,1.76,2495_30,3,Q51577,AB,"[[""FES"", [""A"", ""B""], ""non-polymer"", 175.8, 0]]"
3B2Q,2.1,455_30,0,Q60187,AB,"[[""AES"", [""B""], ""non-polymer"", 203.2, 0], [""ATP"", [""A""], ""non-polymer"", 507.2, 0]]"
3B2R,2.07,1916_30,3,O76074,AB,"[[""VDN"", [""A"", ""B""], ""non-polymer"", 488.6, 0]]"
3B2S,1.92,13300_30,2,O42692,A,"[[""COA"", [""A""], ""non-polymer"", 767.5, 0], [""B2S"", [""A""], ""non-polymer"", 296.3, 0], [""MPO"", [""A""], ""non-polymer"", 209.3, 0]]"
3B3C,1.46,9577_30,1,Q01693,A,"[[""PLU"", [""A""], ""non-polymer"", 167.1, 0]]"
3B42,1.9,79096_30,1,Q74EM7,AB,"[[""HEM"", [""A"", ""B""], ""non-polymer"", 616.5, 0]]"
3B50,1.4,3105_30,3,P44542,A,"[[""SLB"", [""A""], ""D-saccharide, beta linking"", 309.3, 0]]"
3B69,1.67,4124_30,3,Q26964,A,"[[""BFN"", [""A""], ""D-saccharide, beta linking"", 430.4, 0]]"
3B6U,1.8,7763_30,2,O15066,AB,"[[""ADP"", [""A"", ""B""], ""non-polymer"", 427.2, 0]]"
3B74,1.9,9012_30,3,P33324,A,"[[""PEE"", [""A""], ""non-polymer"", 744.0, 0]]"
3B7R,1.811,1391_30,2,P09960,L,"[[""BIR"", [""L""], ""non-polymer"", 418.4, 0], [""YB"", [""L""], ""non-polymer"", 173.0, 3]]"
3B87,2.0,10638_30,4,O02372,AB,"[[""PE8"", [""A""], ""non-polymer"", 370.4, 0]]"
3BA9,1.9,125_30,4,Q837V6,A,"[[""3B9"", [""A""], ""non-polymer"", 428.5, 0], [""NMN"", [""A""], ""non-polymer"", 335.2, 1]]"
3BAB,2.5,125_30,4,Q837V6,A,"[[""3BD"", [""A""], ""non-polymer"", 407.5, 0], [""NMN"", [""A""], ""non-polymer"", 335.2, 1]]"
3BAY,1.99,1827_30,3,P04746,A,"[[""ARE"", [""A""], ""saccharide"", 807.7, 0]]"
3BER,1.4,10653_30,1,Q9H0S4,A,"[[""AMP"", [""A""], ""non-polymer"", 347.2, 0]]"
3BHY,1.24,16539_30,3,O43293,A,"[[""7CP"", [""A""], ""non-polymer"", 377.3, 0]]"
3BIV,1.8,186480_30,1,P00734;P09945,HIL,"[[""11U"", [""H""], ""peptide-like"", 385.5, 0]]"
3BJU,2.31,1080_30,0,Q15046,ABCD,"[[""ATP"", [""A"", ""B"", ""C"", ""D""], ""non-polymer"", 507.2, 0]]"
3BL9,1.8,9878_30,0,Q96C86,AB,"[[""DD2"", [""A""], ""non-polymer"", 432.3, 0]]"
3BLI,2.5,36452_30,0,Q8F3Q1,A,"[[""ACO"", [""A""], ""non-polymer"", 809.6, 0]]"
3BMX,1.4,27507_30,2,P40406,AB,"[[""P4G"", [""A"", ""B""], ""non-polymer"", 162.2, 0]]"
3BQZ,2.17,7160_30,4,P0A0N3,AB,"[[""MGR"", [""A""], ""non-polymer"", 329.5, 1]]"
3BR0,2.42,7160_30,4,P0A0N3,AB,"[[""MGR"", [""A""], ""non-polymer"", 329.5, 1]]"
3BRN,2.0,30001_30,4,Q09JR9,AB,"[[""SRO"", [""A"", ""B""], ""non-polymer"", 176.2, 0]]"
3BSS,2.3,7928_30,0,Q0P9D1,A,"[[""UD4"", [""A""], ""non-polymer"", 590.4, 0]]"
3BW2,2.1,8392_30,4,Q9FDD4,A,"[[""FMN"", [""A""], ""non-polymer"", 456.3, 0]]"
3C1Q,1.7,8648_30,3,P45780,AB,"[[""PE5"", [""A""], ""non-polymer"", 398.5, 0]]"
3C35,1.97,280_30,1,P22756,AB,"[[""KAI"", [""A"", ""B""], ""non-polymer"", 213.2, 0]]"
3C3A,2.3,1616_30,3,P00558,AB,"[[""3PG"", [""A"", ""B""], ""non-polymer"", 186.1, 0], [""ADP"", [""B""], ""non-polymer"", 427.2, 0]]"
3C7A,2.1,25493_30,1,Q9BHM6,A,"[[""NAD"", [""A""], ""non-polymer"", 663.4, 0]]"
3CDB,2.3,4537_30,3,P04035,ABCD,"[[""9HI"", [""A"", ""C"", ""D""], ""non-polymer"", 655.7, 0]]"
3CGG,2.0,123192_30,4,Q8NQI0,AB,"[[""NHE"", [""A""], ""non-polymer"", 207.3, 0]]"
3CJR,2.05,10831_30,1,P36238;Q84BQ9,AB,"[[""SFG"", [""A""], ""non-polymer"", 381.4, 0]]"
3CKV,2.0,4983_30,3,Q73WU1,A,"[[""UDP"", [""A""], ""RNA linking"", 404.2, 0]]"
3CLH,2.4,1520_30,3,P56081,AB,"[[""NAD"", [""A"", ""B""], ""non-polymer"", 663.4, 0]]"
3CLP,2.0,8852_30,1,Q98GN8,AC,"[[""CMP"", [""A"", ""C""], ""non-polymer"", 329.2, 0]]"
3CLU,1.8,22317_30,3,P53570;P53571,CD,"[[""FAD"", [""D""], ""non-polymer"", 785.5, 0], [""AMP"", [""C""], ""non-polymer"", 347.2, 0]]"
3CMB,1.6,167628_30,1,A3CUL0,ABCD,"[[""PE8"", [""C"", ""D""], ""non-polymer"", 370.4, 0], [""P33"", [""A"", ""B""], ""non-polymer"", 326.4, 0]]"
3COG,2.0,1339_30,1,P32929,ABCD,"[[""PLP"", [""A"", ""C"", ""D""], ""non-polymer"", 247.1, 0]]"
3COP,2.3,1007_30,1,P0A6U8,A,"[[""250"", [""A""], ""non-polymer"", 268.3, 0], [""ADP"", [""A""], ""non-polymer"", 427.2, 0]]"
3CQR,2.0,21429_30,3,Q39249,AB,"[[""GD"", [""A"", ""B""], ""non-polymer"", 157.2, 0]]"
3CQW,2.0,1998_30,2,P31749;P49841,AC,"[[""CQW"", [""A""], ""non-polymer"", 274.7, 0]]"
3CSJ,1.9,688_30,1,P09211,AB,"[[""CBL"", [""B""], ""non-polymer"", 304.2, 0]]"
3CUH,1.89,7524_30,1,P07986,A,"[[""G2I"", [""A""], ""non-polymer"", 471.5, 0]]"
3CUS,2.2,1191_30,4,P18187;P18188,ABCQRS,"[[""SF4"", [""A"", ""B"", ""C""], ""non-polymer"", 351.6, 0], [""F3S"", [""A"", ""B"", ""C""], ""non-polymer"", 295.8, 0]]"
3CZ0,1.7,8681_30,0,Q9U9J6,AB,"[[""9OD"", [""A"", ""B""], ""non-polymer"", 184.2, 0]]"
3D1G,1.64,1435_30,1,P0A988,AB,"[[""322"", [""A"", ""B""], ""non-polymer"", 499.2, 0]]"
3D5J,1.91,4561_30,1,P17695,AB,"[[""GSH"", [""A"", ""B""], ""peptide-like"", 307.3, 0]]"
3D91,2.2,1093_30,0,P00797,AB,"[[""REM"", [""A"", ""B""], ""non-polymer"", 630.8, 0]]"
3DAF,1.75,7694_30,3,Q58194,A,"[[""FEG"", [""A""], ""non-polymer"", 542.4, 0]]"
3DAN,1.8,4511_30,2,Q40778,A,"[[""HEM"", [""A""], ""non-polymer"", 616.5, 0]]"
3DDC,1.8,16082_30,1,P01112;Q5EBH1,AB,"[[""GNP"", [""A""], ""non-polymer"", 522.2, 0]]"
3DDJ,1.8,212553_30,1,Q97U20,A,"[[""AMP"", [""A""], ""non-polymer"", 347.2, 0]]"
3DHA,0.95,12975_30,2,P0CJ63,A,"[[""C6L"", [""A""], ""non-polymer"", 217.3, 0]]"
3DKG,1.91,1161_30,1,P08581,A,"[[""SX8"", [""A""], ""non-polymer"", 359.4, 0]]"
3DSI,1.6,4511_30,2,Q96242,AB,"[[""HEM"", [""A"", ""B""], ""non-polymer"", 616.5, 0], [""T24"", [""A""], ""non-polymer"", 294.4, 0]]"
3DSZ,2.0,3297_30,4,P80188,AB,"[[""LIZ"", [""A"", ""B""], ""non-polymer"", 715.8, 0]]"
3DUR,1.86,4509_30,4,A2N494;A2NU21,ABCD,"[[""KDO"", [""A"", ""D""], ""D-saccharide, alpha linking"", 238.2, 0]]"
3DUW,1.2,5874_30,2,Q739U3,AB,"[[""SAH"", [""A"", ""B""], ""non-polymer"", 384.4, 0]]"
3DWF,2.2,3176_30,1,Q6QLL4,ABCD,"[[""NAP"", [""A"", ""B"", ""C"", ""D""], ""non-polymer"", 743.4, 0]]"
3DWP,2.2,7676_30,3,Q3ZTX8,ABCDE,"[[""NGC"", [""A"", ""B"", ""C"", ""D"", ""E""], ""D-saccharide, alpha linking"", 325.3, 0]]"
3DYD,2.3,4021_30,4,P17735,AB,"[[""PLP"", [""A"", ""B""], ""non-polymer"", 247.1, 0]]"
3E0P,1.7,2646_30,1,Q16651,B,"[[""B3C"", [""B""], ""non-polymer"", 761.9, 0]]"
3E10,1.4,15531_30,0,Q97IT9,AB,"[[""FMN"", [""A"", ""B""], ""non-polymer"", 456.3, 0]]"
3E1T,2.05,33445_30,2,,A,"[[""FAD"", [""A""], ""non-polymer"", 785.5, 0]]"
3E77,2.5,566_30,0,Q9Y617,ABC,"[[""PLP"", [""A"", ""B""], ""non-polymer"", 247.1, 0]]"
3E94,1.9,2045_30,2,P19793;Q15596,AB,"[[""TBY"", [""A""], ""non-polymer"", 325.5, 0]]"
3EEU,2.0,3967_30,1,Q6MPX4,AB,"[[""HO"", [""A"", ""B""], ""non-polymer"", 164.9, 0]]"
3EHX,1.9,1819_30,4,P39900,A,"[[""BDL"", [""A""], ""non-polymer"", 347.4, 0]]"
3EIC,2.3,781_30,0,Q5UQL3,ABCDEF,"[[""UDP"", [""A"", ""B"", ""C"", ""D"", ""E"", ""F""], ""RNA linking"", 404.2, 0]]"
3EJ0,1.96,1630_30,4,Q3JUV5,A,"[[""11X"", [""A""], ""non-polymer"", 184.2, 0]]"
3EJW,1.8,5644_30,2,Q926H7,AB,"[[""PAV"", [""A"", ""B""], ""L-saccharide, alpha linking"", 150.1, 0]]"
3EMT,1.6,781_30,0,Q5UQL3,AB,"[[""DGI"", [""A"", ""B""], ""DNA linking"", 427.2, 0]]"
3EPO,2.1,354_30,4,Q9A6Q5,AB,"[[""MP5"", [""A"", ""B""], ""non-polymer"", 219.1, 0]]"
3ERK,2.1,501_30,0,P63086,A,"[[""SB4"", [""A""], ""non-polymer"", 338.4, 0]]"
3EUN,1.05,5076_30,2,P00208,A,"[[""SF4"", [""A""], ""non-polymer"", 351.6, 0]]"
3EW9,2.4,1716_30,3,P0CW58,A,"[[""ANP"", [""A""], ""non-polymer"", 506.2, 0]]"
3EXH,2.444,2339_30,3,P08559;P11177,ABCDEFGH,"[[""TPP"", [""A"", ""C"", ""E"", ""G""], ""non-polymer"", 425.3, 1]]"
3EXM,1.65,91014_30,1,Q9FBN7,A,"[[""GP2"", [""A""], ""non-polymer"", 441.2, 0]]"
3EYK,2.5,1562_30,1,P26137,AB,"[[""EYK"", [""B""], ""non-polymer"", 166.2, 0]]"
3F10,2.3,33275_30,0,Q97FM4,A,"[[""8HG"", [""A""], ""non-polymer"", 283.2, 0]]"
3F2V,2.0,1983_30,3,Q73QT9,A,"[[""FMN"", [""A""], ""non-polymer"", 456.3, 0]]"
3F34,1.68,750_30,3,P02791,A,"[[""DIE"", [""A""], ""non-polymer"", 150.2, 0]]"
3F3S,2.0,12463_30,3,Q9Y2S2,AB,"[[""NAD"", [""A"", ""B""], ""non-polymer"", 663.4, 0]]"
3F68,1.75,159220_30,0,P00734;P09945,HIL,"[[""91U"", [""H""], ""peptide-like"", 434.0, 0]]"
3FBU,1.8,41077_30,2,A0A6L8PM89,AB,"[[""COA"", [""A""], ""non-polymer"", 767.5, 0]]"
3FCK,1.64,2477_30,1,P13051,B,"[[""FCK"", [""B""], ""non-polymer"", 346.3, 0]]"
3FF1,1.65,1219_30,4,Q5HHC2,AB,"[[""G6Q"", [""B""], ""non-polymer"", 260.1, 0]]"
3FGC,2.3,7631_30,2,P07739;P07740,ABCD,"[[""FMN"", [""A""], ""non-polymer"", 456.3, 0]]"
3FPJ,1.8,36123_30,3,O26771,AB,"[[""B3P"", [""B""], ""non-polymer"", 282.3, 0], [""SAM"", [""A"", ""B""], ""non-polymer"", 398.4, 0]]"
3FRQ,1.76,55549_30,1,Q9EVJ6,AB,"[[""ERY"", [""A"", ""B""], ""non-polymer"", 733.9, 0]]"
3FS8,1.7,55908_30,0,Q6TFC6,AB,"[[""ACO"", [""A"", ""B""], ""non-polymer"", 809.6, 0]]"
3FSY,1.97,11632_30,1,P9WP21,ABCDE,"[[""SCA"", [""A"", ""B"", ""E""], ""non-polymer"", 867.6, 0]]"
3FTU,1.9,1391_30,2,P09960,A,"[[""RE2"", [""A""], ""non-polymer"", 230.3, 0], [""YB"", [""A""], ""non-polymer"", 173.0, 3]]"
3FXX,1.7,1049_30,1,P29320,AB,"[[""ANP"", [""A""], ""non-polymer"", 506.2, 0]]"
3FY0,2.35,2976_30,2,Q13153,A,"[[""DW1"", [""A""], ""non-polymer"", 496.4, 0]]"
3G4A,1.95,3319_30,4,Q9WYT0,ABCD,"[[""FAD"", [""A"", ""B"", ""C"", ""D""], ""non-polymer"", 785.5, 0], [""UMP"", [""A"", ""B"", ""C"", ""D""], ""non-polymer"", 308.2, 0]]"
3GAC,2.1,14401_30,4,Q1HEA2,ABCDEF,"[[""ENO"", [""E""], ""non-polymer"", 180.2, 0]]"
3GAS,1.8,25752_30,2,O25087,ABCDEF,"[[""HEM"", [""A"", ""B"", ""C"", ""D"", ""E"", ""F""], ""non-polymer"", 616.5, 0]]"
3GBJ,2.102,9967_30,1,Q9NQT8,ABC,"[[""ADP"", [""A"", ""B"", ""C""], ""non-polymer"", 427.2, 0]]"
3GCM,2.5,378_30,3,A7ZKI9;A7ZS61,ABCDEF,"[[""5GP"", [""B"", ""C""], ""non-polymer"", 363.2, 0]]"
3GD4,2.24,5470_30,2,Q9Z0X1,AB,"[[""FAD"", [""A"", ""B""], ""non-polymer"", 785.5, 0], [""NAD"", [""A"", ""B""], ""non-polymer"", 663.4, 0]]"
3GGD,2.11,117067_30,3,Q3M3X1,A,"[[""SAH"", [""A""], ""non-polymer"", 384.4, 0]]"
3GGG,2.21,6561_30,1,O67636,ABCD,"[[""TYR"", [""B"", ""C""], ""L-peptide linking"", 181.2, 0], [""NAD"", [""A"", ""B"", ""C"", ""D""], ""non-polymer"", 663.4, 0]]"
3GIA,2.32,31678_30,2,Q58026,A,"[[""BCN"", [""A""], ""non-polymer"", 163.2, 0]]"
3GIY,1.6,526_30,4,P20932,A,"[[""FMN"", [""A""], ""non-polymer"", 456.3, 0]]"
3GLM,2.5,31226_30,3,B7TVP1,ABCD,"[[""COO"", [""A"", ""B"", ""C"", ""D""], ""non-polymer"", 835.6, 0]]"
3GMB,2.1,13394_30,2,Q988D3,AB,"[[""FAD"", [""A"", ""B""], ""non-polymer"", 785.5, 0]]"
3GMD,2.28,3176_30,1,P50172,ABCDEFGH,"[[""2M3"", [""A"", ""B"", ""C"", ""D"", ""E"", ""F"", ""G"", ""H""], ""non-polymer"", 346.4, 0], [""NDP"", [""A"", ""B"", ""C"", ""D"", ""E"", ""F"", ""G"", ""H""], ""non-polymer"", 745.4, 0]]"
3GR8,2.5,2069_30,2,Q5KXG9,AB,"[[""BTB"", [""A""], ""non-polymer"", 209.2, 0], [""FMN"", [""A"", ""B""], ""non-polymer"", 456.3, 0]]"
3GWF,2.2,1745_30,1,C0STX7,A,"[[""NAP"", [""A""], ""non-polymer"", 743.4, 0], [""FAD"", [""A""], ""non-polymer"", 785.5, 0]]"
3GWU,2.14,3404_30,0,O67854,A,"[[""SRE"", [""A""], ""non-polymer"", 306.2, 0]]"
3GZJ,2.19,1702_30,4,Q9SE93,ABCDE,"[[""EVS"", [""A"", ""B"", ""C"", ""D""], ""non-polymer"", 292.4, 0]]"
3H22,2.4,2807_30,2,Q81VW8,AB,"[[""B53"", [""A"", ""B""], ""non-polymer"", 155.1, 0]]"
3H2S,1.78,221854_30,3,Q03B84,AB,"[[""NDP"", [""A"", ""B""], ""non-polymer"", 745.4, 0]]"
3H2Y,1.8,34955_30,2,A0A1J9WBB5,A,"[[""DGI"", [""A""], ""DNA linking"", 427.2, 0]]"
3H33,2.25,7771_30,0,Q74G82,A,"[[""HEM"", [""A""], ""non-polymer"", 616.5, 0]]"
3H65,2.15,7694_30,3,Q58194,A,"[[""H4M"", [""A""], ""non-polymer"", 788.7, 0], [""DTV"", [""A""], ""non-polymer"", 154.3, 0], [""I2C"", [""A""], ""non-polymer"", 526.4, 0]]"
3H6D,1.8,1101_30,1,P9WNS5,A,"[[""DUP"", [""A""], ""non-polymer"", 467.2, 0]]"
3H73,1.7,41350_30,3,P62576,AB,"[[""DAN"", [""A"", ""B""], ""D-saccharide"", 291.3, 0]]"
3H8C,2.5,364_30,1,P07711,AB,"[[""NSZ"", [""A"", ""B""], ""non-polymer"", 735.9, 0]]"
3H98,1.9,917_30,2,P26663,AB,"[[""B5P"", [""A"", ""B""], ""non-polymer"", 494.5, 0]]"
3HA7,2.35,3287_30,4,Q79FX8,A,"[[""B32"", [""A""], ""non-polymer"", 466.6, 0]]"
3HFR,2.3,473_30,4,Q8Y7N7,AB,"[[""JEF"", [""A"", ""B""], ""non-polymer"", 597.8, 0]]"
3HGM,1.9,17981_30,2,E1VBK4,ABCD,"[[""ATP"", [""A"", ""B"", ""C"", ""D""], ""non-polymer"", 507.2, 0]]"
3HGY,2.416,36226_30,1,Q7B8P6,A,"[[""TCH"", [""A""], ""non-polymer"", 515.7, 0]]"
3HIY,2.3,25836_30,0,C7AJA4,AB,"[[""UTP"", [""A"", ""B""], ""non-polymer"", 484.1, 0]]"
3HNA,1.5,153955_30,4,Q9H9B1,ABPQ,"[[""SAH"", [""A"", ""B""], ""non-polymer"", 384.4, 0]]"
3HNC,2.41,2383_30,1,P23921,AB,"[[""TTP"", [""A"", ""B""], ""non-polymer"", 482.2, 0]]"
3HP9,1.6,10189_30,0,P04995,A,"[[""CF1"", [""A""], ""non-polymer"", 345.7, 0]]"
3HQJ,1.95,353_30,0,P9WQD3,A,"[[""COA"", [""A""], ""non-polymer"", 767.5, 0]]"
3HUI,2.01,10132_30,2,Q6N2U2,A,"[[""FES"", [""A""], ""non-polymer"", 175.8, 0]]"
3HUN,2.0,12822_30,4,A0A0H2WY27,AB,"[[""ZZ7"", [""A"", ""B""], ""non-polymer"", 367.4, 0]]"
3HY3,1.8,9570_30,3,P49914,A,"[[""10F"", [""A""], ""non-polymer"", 479.5, 0]]"
3HZF,2.5,6442_30,4,P10827,A,"[[""B72"", [""A""], ""non-polymer"", 328.4, 0]]"
3HZL,1.55,53604_30,4,Q9X9P9,A,"[[""FAD"", [""A""], ""non-polymer"", 785.5, 0]]"
3I3S,1.36,91_30,1,P01112,R,"[[""GNP"", [""R""], ""non-polymer"", 522.2, 0]]"
3I4L,2.4,450_30,1,O57728,A,"[[""ANP"", [""A""], ""non-polymer"", 506.2, 0]]"
3IAH,1.83,12938_30,0,Q7CQG2,AB,"[[""NAP"", [""A"", ""B""], ""non-polymer"", 743.4, 0]]"
3IB8,1.8,18952_30,0,P9WP65,A,"[[""BTB"", [""A""], ""non-polymer"", 209.2, 0], [""AMP"", [""A""], ""non-polymer"", 347.2, 0]]"
3IB9,2.0,1195_30,4,Q9X4K7,AB,"[[""BTN"", [""A"", ""B""], ""non-polymer"", 244.3, 0]]"
3IF2,2.5,29319_30,2,Q4FPU3,AB,"[[""PLP"", [""A"", ""B""], ""non-polymer"", 247.1, 0]]"
3IFA,1.93,882_30,4,O00757,ABCD,"[[""AMP"", [""A"", ""B"", ""C"", ""D""], ""non-polymer"", 347.2, 0]]"
3IGN,1.83,83795_30,4,A1U3W3,A,"[[""C2E"", [""A""], ""non-polymer"", 690.4, 0]]"
3IIU,1.45,17912_30,1,P80484,M,"[[""CLA"", [""M""], ""non-polymer"", 893.5, 0], [""PID"", [""M""], ""non-polymer"", 630.8, 0]]"
3IJC,1.95,2320_30,3,O75530,A,"[[""NDS"", [""A""], ""non-polymer"", 195.3, 0]]"
3IKF,2.07,155_30,4,Q63T71,ABC,"[[""717"", [""A"", ""B""], ""non-polymer"", 154.2, 0]]"
3IS4,2.1,3092_30,1,Q27686,AB,"[[""PTK"", [""A""], ""non-polymer"", 522.5, 0]]"
3ISG,1.4,4606_30,2,P13661,AB,"[[""DRW"", [""A"", ""B""], ""non-polymer"", 422.5, 0]]"
3ISO,1.9,7081_30,0,Q25595,AB,"[[""GSH"", [""A"", ""B""], ""peptide-like"", 307.3, 0]]"
3ITL,1.7,9734_30,3,Q75WH8,ABCD,"[[""LRH"", [""A"", ""B"", ""C"", ""D""], ""L-saccharide, beta linking"", 164.2, 0]]"
3IUP,1.7,186309_30,1,Q470B9,AB,"[[""NDP"", [""A"", ""B""], ""non-polymer"", 745.4, 0]]"
3IX4,1.8,3095_30,3,P25084,ABCDEFGH,"[[""TX1"", [""A"", ""B"", ""C"", ""D"", ""E"", ""F"", ""G"", ""H""], ""non-polymer"", 568.6, 0]]"
3JUO,2.2,7254_30,2,Q396C9,AB,"[[""AJD"", [""A"", ""B""], ""non-polymer"", 299.2, 0]]"
3JYO,1.0,18744_30,4,Q9X5C9,A,"[[""NAD"", [""A""], ""non-polymer"", 663.4, 0]]"
3K02,1.55,38007_30,2,B0B0V1,A,"[[""TXT"", [""A""], ""non-polymer"", 809.8, 0]]"
3K1G,2.0,2730_30,4,Q834W6,ABCDEFGH,"[[""TYR"", [""A"", ""B"", ""C"", ""D"", ""E"", ""F"", ""G"", ""H""], ""L-peptide linking"", 181.2, 0]]"
3K4Q,2.2,8561_30,2,P34752,AB,"[[""IHS"", [""A"", ""B""], ""non-polymer"", 660.5, 0]]"
3K5V,1.74,1669_30,0,P00520,AB,"[[""STI"", [""A"", ""B""], ""non-polymer"", 493.6, 0], [""STJ"", [""A"", ""B""], ""non-polymer"", 374.3, 0]]"
3KB6,2.12,3304_30,3,O66939,ABCD,"[[""NAD"", [""A"", ""B"", ""C"", ""D""], ""non-polymer"", 663.4, 0]]"
3KDI,2.379,2289_30,4,O80992,A,"[[""A8S"", [""A""], ""non-polymer"", 264.3, 0]]"
3KEM,2.0,479_30,1,P62623,AB,"[[""IPE"", [""A"", ""B""], ""non-polymer"", 246.1, 0], [""F3S"", [""A"", ""B""], ""non-polymer"", 295.8, 0]]"
3KFJ,2.02,2571_30,4,P62993,A,"[[""YEN"", [""A""], ""peptide-like"", 559.5, 0]]"
3KI4,1.65,6508_30,0,Q5EK40,A,"[[""G9P"", [""A""], ""non-polymer"", 317.3, 0]]"
3KJG,2.3,26508_30,3,Q3ACS5,AB,"[[""ADP"", [""A"", ""B""], ""non-polymer"", 427.2, 0]]"
3KKJ,2.5,28793_30,0,Q888A4,AB,"[[""FAD"", [""A"", ""B""], ""non-polymer"", 785.5, 0]]"
3KMT,1.78,37179_30,3,O41094;P68431,ABCGHI,"[[""SAH"", [""A"", ""B"", ""C""], ""non-polymer"", 384.4, 0]]"
3KO5,2.09,9492_30,2,Q8IIS0,ABCDEF,"[[""ADP"", [""A"", ""B"", ""C"", ""D""], ""non-polymer"", 427.2, 0]]"
3KOQ,1.58,15531_30,0,Q180K0,ABCD,"[[""FMN"", [""A"", ""B"", ""C"", ""D""], ""non-polymer"", 456.3, 0]]"
3KRF,2.2,19136_30,0,Q9SBR3;Q9SBR4,ABCD,"[[""IPE"", [""D""], ""non-polymer"", 246.1, 0], [""DST"", [""D""], ""non-polymer"", 262.2, 0], [""PPV"", [""A""], ""non-polymer"", 178.0, 0]]"
3KRZ,1.8,61255_30,0,B0KAH1,ABCD,"[[""FMN"", [""A"", ""B"", ""C"", ""D""], ""non-polymer"", 456.3, 0], [""TXD"", [""A"", ""B"", ""C"", ""D""], ""non-polymer"", 667.5, 0]]"
3KVU,2.0,12854_30,1,Q1EMV2,ABCD,"[[""ACO"", [""A"", ""B"", ""D""], ""non-polymer"", 809.6, 0]]"
3KZO,1.9,9558_30,2,Q8P8J2,A,"[[""AN0"", [""A""], ""non-polymer"", 159.2, 0]]"
3L0D,2.5,512_30,1,Q8L201,AB,"[[""NAD"", [""A"", ""B""], ""non-polymer"", 663.4, 0]]"
3L0Q,1.61,8149_30,1,Q665C6,AB,"[[""XUL"", [""A""], ""D-saccharide"", 150.1, 0]]"
3L6B,1.5,3557_30,3,Q9GZT4,A,"[[""PLP"", [""A""], ""non-polymer"", 247.1, 0]]"
3LC0,1.8,5212_30,2,Q4DA54,A,"[[""HIS"", [""A""], ""L-peptide linking"", 156.2, 1]]"
3LCU,2.1,18292_30,1,Q7M0R2,A,"[[""SAH"", [""A""], ""non-polymer"", 384.4, 0]]"
3LDX,2.246,234987_30,0,P00734;P01050,HIL,"[[""NLI"", [""H""], ""non-polymer"", 423.4, 0]]"
3LEA,2.0,4602_30,0,P78536,AB,"[[""Z93"", [""A"", ""B""], ""non-polymer"", 427.4, 1]]"
3LFM,2.5,6314_30,3,Q9C0B1,A,"[[""3DT"", [""A""], ""non-polymer"", 256.3, 0]]"
3LG5,1.641,7147_30,1,Q9K499,A,"[[""POP"", [""A""], ""non-polymer"", 176.0, -2], [""BTM"", [""A""], ""non-polymer"", 192.3, 1]]"
3LGP,1.9,4602_30,0,P78536,AB,"[[""50X"", [""A"", ""B""], ""non-polymer"", 607.0, 0]]"
3LGZ,2.41,3885_30,2,A9JQL9,B,"[[""PS7"", [""B""], ""non-polymer"", 586.7, 0]]"
3LIK,1.8,1819_30,4,P39900,A,"[[""EEG"", [""A""], ""non-polymer"", 565.6, 0]]"
3LJU,1.702,16872_30,1,O75689,X,"[[""IP9"", [""X""], ""non-polymer"", 826.5, 0]]"
3LKI,2.04,3192_30,4,Q87CC0,AB,"[[""ATP"", [""B""], ""non-polymer"", 507.2, 0]]"
3LKM,1.6,14651_30,2,P42527,A,"[[""AMP"", [""A""], ""non-polymer"", 347.2, 0]]"
3LNB,2.01,58919_30,4,A0A6L7HKL6,A,"[[""COA"", [""A""], ""non-polymer"", 767.5, 0]]"
3LPN,1.8,2793_30,1,Q97CA5,AB,"[[""APC"", [""A"", ""B""], ""non-polymer"", 505.2, 0]]"
3LR1,1.8,28725_30,4,Q749P2,A,"[[""W"", [""A""], ""non-polymer"", 183.8, 6]]"
3LSH,1.9,4209_30,3,Q7ZA32,ABCD,"[[""FAD"", [""A"", ""B"", ""C"", ""D""], ""non-polymer"", 785.5, 0]]"
3LSS,1.95,2469_30,0,Q384V4,AB,"[[""ATP"", [""A"", ""B""], ""non-polymer"", 507.2, 0]]"
3LUG,1.849,1251_30,4,Q9UKV8,ABC,"[[""C5P"", [""A"", ""B"", ""C""], ""non-polymer"", 323.2, 0]]"
3LUN,1.8,19858_30,0,Q8TL28,AB,"[[""ARG"", [""B""], ""L-peptide linking"", 175.2, 1]]"
3LVW,2.5,6185_30,2,P32477,A,"[[""GSH"", [""A""], ""peptide-like"", 307.3, 0]]"
3LX3,1.55,33465_30,4,A5K2B2,A,"[[""XTN"", [""A""], ""non-polymer"", 179.1, 0]]"
3LZE,1.9,33465_30,4,A5K2B2,A,"[[""PE0"", [""A""], ""non-polymer"", 163.1, 0]]"
3M07,1.4,7515_30,3,Q8ZPF0,A,"[[""BTB"", [""A""], ""non-polymer"", 209.2, 0]]"
3M34,1.65,1130_30,2,Q0P7Y3,A,"[[""TPP"", [""A""], ""non-polymer"", 425.3, 1]]"
3M5A,1.75,210027_30,0,Q12962;Q8WTS6,AB,"[[""SAH"", [""A""], ""non-polymer"", 384.4, 0]]"
3M6F,1.85,2446_30,1,P20701,A,"[[""BJZ"", [""A""], ""non-polymer"", 536.4, 0]]"
3M7R,1.8,612_30,1,P11473,A,"[[""VDX"", [""A""], ""non-polymer"", 416.6, 0]]"
3MBA,2.0,17265_30,4,P02210,A,"[[""HEM"", [""A""], ""non-polymer"", 616.5, 0]]"
3MBC,1.9,11143_30,1,P50216,AB,"[[""NAP"", [""A""], ""non-polymer"", 743.4, 0]]"
3MHY,1.4,2131_30,3,P70731,ABC,"[[""ATP"", [""A"", ""B"", ""C""], ""non-polymer"", 507.2, 0]]"
3MJE,1.36,16601_30,0,Q93NW7,AB,"[[""NDP"", [""A"", ""B""], ""non-polymer"", 745.4, 0]]"
3MKO,1.8,6593_30,0,P07399,A,"[[""IUM"", [""A""], ""non-polymer"", 270.0, 0]]"
3MM6,1.9,13083_30,2,Q59109;Q59110,ABDE,"[[""SF4"", [""A"", ""B"", ""D"", ""E""], ""non-polymer"", 351.6, 0]]"
3MQ2,1.69,10828_30,3,P25920,AB,"[[""SAH"", [""A"", ""B""], ""non-polymer"", 384.4, 0]]"
3MTW,1.7,6403_30,0,Q9A4Z9,A,"[[""M3R"", [""A""], ""L-peptide NH3 amino terminus"", 252.2, 0]]"
3MV5,2.47,198359_30,2,P31749;P49841,AC,"[[""XFE"", [""A""], ""non-polymer"", 217.3, 0]]"
3MWF,1.7,34923_30,3,A0A0H2XHK0,A,"[[""SE8"", [""A""], ""non-polymer"", 448.4, 0]]"
3MWL,1.6,7097_30,1,Q72GF3,AB,"[[""8OX"", [""B""], ""non-polymer"", 283.2, 0]]"
3MYU,1.95,61802_30,1,Q49410,AB,"[[""VIB"", [""A"", ""B""], ""non-polymer"", 265.4, 1]]"
3MZE,2.1,5404_30,1,P0AEB2,A,"[[""1QL"", [""A""], ""non-polymer"", 429.5, 0]]"
3N1A,2.0,13176_30,3,D0VV09,A,"[[""CHQ"", [""A""], ""non-polymer"", 234.3, 0]]"
3N1C,2.0,17755_30,4,P06999,ABCD,"[[""F6P"", [""A"", ""B"", ""C"", ""D""], ""D-saccharide, beta linking"", 260.1, 0]]"
3N5C,1.82,3306_30,3,P62330,AB,"[[""GDP"", [""A"", ""B""], ""RNA linking"", 443.2, 0]]"
3NA5,1.7,12501_30,0,Q8ZQW9,AB,"[[""BTB"", [""A"", ""B""], ""non-polymer"", 209.2, 0]]"
3NAG,1.75,2793_30,1,Q97CA5,AB,"[[""ADP"", [""B""], ""non-polymer"", 427.2, 0]]"
3NB0,2.406,3112_30,0,P27472,ABCD,"[[""G6P"", [""A"", ""B"", ""C"", ""D""], ""D-saccharide, alpha linking"", 260.1, 0]]"
3NDY,2.1,5630_30,4,P28623,ABCDEFGH,"[[""BTB"", [""A"", ""B"", ""C"", ""D""], ""non-polymer"", 209.2, 0]]"
3NEV,2.19,13986_30,2,P75682,ABCD,"[[""RSH"", [""A"", ""B"", ""C"", ""D""], ""non-polymer"", 180.2, 0]]"
3NH3,2.1,16121_30,2,Q93NH4,X,"[[""HNM"", [""X""], ""non-polymer"", 194.2, 0], [""GP7"", [""X""], ""non-polymer"", 673.9, 0], [""FAD"", [""X""], ""non-polymer"", 785.5, 0], [""HNL"", [""X""], ""non-polymer"", 178.2, 0]]"
3NH9,2.1,2071_30,2,Q9NP58,A,"[[""ATP"", [""A""], ""non-polymer"", 507.2, 0]]"
3NI5,2.1,42_30,4,P00918,A,"[[""C1H"", [""A""], ""non-polymer"", 481.5, 0]]"
3NKS,1.9,17049_30,2,P50336,A,"[[""FAD"", [""A""], ""non-polymer"", 785.5, 0], [""ACJ"", [""A""], ""non-polymer"", 361.7, 0]]"
3NW7,2.11,5594_30,0,P08069,A,"[[""LGV"", [""A""], ""non-polymer"", 392.4, 0]]"
3NWN,2.0,16591_30,2,Q9HAQ2,A,"[[""ADP"", [""A""], ""non-polymer"", 427.2, 0]]"
3NYQ,1.43,43925_30,1,Q9L0A2,A,"[[""AMP"", [""A""], ""non-polymer"", 347.2, 0], [""MCA"", [""A""], ""non-polymer"", 867.6, 0]]"
3NZC,2.0,4893_30,1,P16184,X,"[[""D2O"", [""X""], ""non-polymer"", 415.5, 0]]"
3O1W,1.66,4735_30,3,P33284,AB,"[[""NHE"", [""A"", ""B""], ""non-polymer"", 207.3, 0]]"
3O2K,2.4,6700_30,3,Q4WAW7,A,"[[""QRP"", [""A""], ""non-polymer"", 283.3, 0], [""DST"", [""A""], ""non-polymer"", 262.2, 0]]"
3O3N,2.3,27500_30,2,Q5U923;Q5U924,ABCD,"[[""SF4"", [""A"", ""B"", ""C"", ""D""], ""non-polymer"", 351.6, 0], [""IRC"", [""A"", ""C""], ""non-polymer"", 881.7, 0]]"
3O5S,2.2,10767_30,2,P04957,A,"[[""B3P"", [""A""], ""non-polymer"", 282.3, 0]]"
3O5T,2.09,16708_30,3,A7XNI2;P70731,AB,"[[""ADP"", [""B""], ""non-polymer"", 427.2, 0]]"
3O73,2.0,1822_30,3,P16083,AB,"[[""O73"", [""A""], ""non-polymer"", 412.4, 0], [""FAD"", [""A"", ""B""], ""non-polymer"", 785.5, 0]]"
3O7B,1.45,8144_30,2,O29524,A,"[[""SAH"", [""A""], ""non-polymer"", 384.4, 0], [""TYR"", [""A""], ""L-peptide linking"", 181.2, 0]]"
3O84,2.1,4415_30,3,,AB,"[[""HTJ"", [""A"", ""B""], ""non-polymer"", 330.3, 0]]"
3OAB,2.3,19136_30,0,Q9SBR3;Q9SBR4,ABCD,"[[""PPV"", [""A""], ""non-polymer"", 178.0, 0], [""DST"", [""A"", ""D""], ""non-polymer"", 262.2, 0], [""IPE"", [""D""], ""non-polymer"", 246.1, 0]]"
3OBJ,2.4,346_30,3,Q16539,A,"[[""BMU"", [""A""], ""non-polymer"", 306.8, 0]]"
3OCZ,1.35,12793_30,3,P26093,A,"[[""SRA"", [""A""], ""RNA linking"", 363.3, 0]]"
3OFM,2.0,3356_30,1,P19784,A,"[[""4B0"", [""A""], ""non-polymer"", 492.8, 0]]"
3OH4,2.21,8118_30,2,D3G6S4,A,"[[""UPG"", [""A""], ""non-polymer"", 566.3, 0]]"
3OKF,2.5,451_30,0,Q9KNV2,AB,"[[""NAD"", [""A"", ""B""], ""non-polymer"", 663.4, 0]]"
3OKX,1.8,23348_30,2,Q6NDF6,AB,"[[""SAM"", [""A"", ""B""], ""non-polymer"", 398.4, 0]]"
3OOJ,2.5,1171_30,2,P17169,ABCDEFGH,"[[""G6Q"", [""A"", ""B"", ""C"", ""D"", ""E"", ""F"", ""G"", ""H""], ""non-polymer"", 260.1, 0], [""G6P"", [""A"", ""B"", ""C"", ""D"", ""E"", ""F"", ""G"", ""H""], ""D-saccharide, alpha linking"", 260.1, 0]]"
3OR2,2.05,13083_30,2,E2QR96;E2QR97;E2QR99,ABCDEF,"[[""SF4"", [""A"", ""B"", ""D"", ""E""], ""non-polymer"", 351.6, 0]]"
3OTG,2.08,102868_30,1,Q8KNF2,A,"[[""TYD"", [""A""], ""non-polymer"", 402.2, 0]]"
3OTU,2.1013,2309_30,2,O15530,A,"[[""BI4"", [""A""], ""non-polymer"", 438.5, 0], [""J30"", [""A""], ""non-polymer"", 328.5, 0]]"
3OZ2,1.6,5712_30,4,Q9HKS9,A,"[[""FAD"", [""A""], ""non-polymer"", 785.5, 0], [""OZ2"", [""A""], ""non-polymer"", 704.9, 0]]"
3OZP,2.0,14522_30,3,Q06GJ0,A,"[[""OAN"", [""A""], ""non-polymer"", 353.3, 0]]"
3P0E,2.0,9695_30,4,O95045,ABCDEF,"[[""BAU"", [""A"", ""B"", ""C"", ""D"", ""E"", ""F""], ""non-polymer"", 276.3, 0]]"
3P13,2.35,932_30,1,Q2G1A5,ABCD,"[[""RIP"", [""A"", ""B"", ""C"", ""D""], ""D-saccharide, beta linking"", 150.1, 0]]"
3P3B,1.651,28934_30,4,A0A385TP95,AB,"[[""TAR"", [""A"", ""B""], ""non-polymer"", 150.1, 0]]"
3P6P,1.9,1392_30,2,P00183,A,"[[""A6B"", [""A""], ""non-polymer"", 504.7, 0], [""HEM"", [""A""], ""non-polymer"", 616.5, 0]]"
3P73,1.32,114_30,3,P21611;Q9BCW3,AB,"[[""16A"", [""A""], ""non-polymer"", 284.5, 1]]"
3P86,2.496,20971_30,3,Q05609,AB,"[[""STU"", [""A""], ""non-polymer"", 466.5, 0]]"
3P8A,1.95,73752_30,2,Q8KYA6,AB,"[[""BTB"", [""A"", ""B""], ""non-polymer"", 209.2, 0]]"
3P9S,1.9,1239_30,3,P21179,ABCD,"[[""HDD"", [""A"", ""B"", ""C"", ""D""], ""non-polymer"", 632.5, 0], [""HDE"", [""A"", ""B"", ""C"", ""D""], ""non-polymer"", 632.5, 0]]"
3PA5,1.7,1065_30,0,O14757,A,"[[""C73"", [""A""], ""non-polymer"", 378.9, 0]]"
3PB8,1.13,1953_30,3,Q9NXS2,X,"[[""AHN"", [""X""], ""non-polymer"", 153.2, 0]]"
3PBR,1.95,1351_30,1,G3XD46,A,"[[""MER"", [""A""], ""non-polymer"", 385.5, 0]]"
3PC3,1.55,1754_30,0,Q9VRD9,A,"[[""HEM"", [""A""], ""non-polymer"", 616.5, 0], [""P1T"", [""A""], ""non-polymer"", 318.2, 0]]"
3PGS,1.9,8335_30,0,P10384,AB,"[[""C8E"", [""A"", ""B""], ""non-polymer"", 306.4, 0]]"
3PH2,1.4,5085_30,4,F2Z292,B,"[[""HEC"", [""B""], ""non-polymer"", 620.5, 0]]"
3PH4,2.07,2636_30,0,A3DIL8,AB,"[[""AOS"", [""A"", ""B""], ""D-saccharide"", 180.2, 0]]"
3PKX,1.5,38205_30,0,E3SET7,A,"[[""TOF"", [""A""], ""non-polymer"", 193.2, 0]]"
3PPM,1.78,4254_30,0,P97612,AB,"[[""1DO"", [""B""], ""non-polymer"", 186.3, 0], [""JG1"", [""A"", ""B""], ""non-polymer"", 335.4, 0]]"
3PPU,2.3,5195_30,2,B3VQJ7,AB,"[[""GSH"", [""A""], ""peptide-like"", 307.3, 0]]"
3PQB,2.324,14716_30,1,Q7X2G7,ABCD,"[[""VGP"", [""A"", ""B"", ""C"", ""D""], ""non-polymer"", 496.5, 0], [""FAD"", [""A"", ""B"", ""C"", ""D""], ""non-polymer"", 785.5, 0]]"
3PR0,2.2,4254_30,0,P97612,AB,"[[""JG2"", [""A"", ""B""], ""non-polymer"", 353.4, 0]]"
3PT1,1.773,4062_30,4,Q04371,A,"[[""F6P"", [""A""], ""D-saccharide, beta linking"", 260.1, 0]]"
3PTY,2.0,6953_30,2,P9WNL5,A,"[[""AFO"", [""A""], ""D-saccharide"", 262.3, 0]]"
3PVU,2.48,32_30,2,P21146;P62871;P63212,ABG,"[[""QRW"", [""A""], ""non-polymer"", 466.5, 0]]"
3PVY,2.15,19705_30,3,P76077;P76079,ABC,"[[""COA"", [""A""], ""non-polymer"", 767.5, 0]]"
3PX3,1.8,14040_30,2,P95748,AD,"[[""T3Q"", [""A"", ""D""], ""non-polymer"", 547.3, 0], [""SAH"", [""A"", ""D""], ""non-polymer"", 384.4, 0]]"
3PYM,2.0,556_30,3,P00359,AB,"[[""NAD"", [""A"", ""B""], ""non-polymer"", 663.4, 0]]"
3PZC,2.2,13795_30,3,Q89VT8,AB,"[[""GAP"", [""A""], ""non-polymer"", 404.3, 0], [""COA"", [""B""], ""non-polymer"", 767.5, 0]]"
3PZR,1.75,4502_30,3,Q9KQG2,AB,"[[""NAP"", [""A"", ""B""], ""non-polymer"", 743.4, 0]]"
3Q3J,1.971,2022_30,3,O75051;Q92730,AB,"[[""GNP"", [""B""], ""non-polymer"", 522.2, 0]]"
3Q9L,2.343,8268_30,0,P0AEZ3,AB,"[[""ATP"", [""A"", ""B""], ""non-polymer"", 507.2, 0]]"
3Q9U,2.3,10424_30,4,,ABCD,"[[""COA"", [""A"", ""B""], ""non-polymer"", 767.5, 0]]"
3Q9Z,2.2,477_30,3,P68400,AB,"[[""TXQ"", [""A"", ""B""], ""non-polymer"", 272.2, 0]]"
3QAW,2.2,48087_30,4,B9VX79,A,"[[""GSH"", [""A""], ""peptide-like"", 307.3, 0]]"
3QBK,2.2,7691_30,3,P15647,ABD,"[[""22B"", [""A"", ""B""], ""non-polymer"", 741.1, 0], [""RET"", [""A"", ""B"", ""D""], ""non-polymer"", 284.4, 0]]"
3QCF,2.5,7603_30,1,P23470,AB,"[[""NXY"", [""A"", ""B""], ""non-polymer"", 319.2, 0]]"
3QCG,2.05,7603_30,1,P23470,A,"[[""NX1"", [""A""], ""non-polymer"", 363.7, 0]]"
3QD3,2.0,2309_30,2,O15530,A,"[[""3Q5"", [""A""], ""non-polymer"", 438.5, 0]]"
3QDL,2.0,41091_30,2,O25608,ABCD,"[[""FMN"", [""A"", ""B"", ""C"", ""D""], ""non-polymer"", 456.3, 0]]"
3QI3,2.3,6130_30,0,O76083,AB,"[[""PDB"", [""A"", ""B""], ""non-polymer"", 356.7, 0]]"
3QIP,2.0926,78_30,4,P04585,AB,"[[""NVP"", [""A""], ""non-polymer"", 266.3, 0], [""P4Y"", [""A""], ""non-polymer"", 361.4, 0]]"
3QKT,1.9,5429_30,2,P58301,ABCD,"[[""ANP"", [""A"", ""B"", ""C"", ""D""], ""non-polymer"", 506.2, 0]]"
3QNR,2.25,3594_30,0,Q0SE24,ABC,"[[""HEM"", [""A"", ""B"", ""C""], ""non-polymer"", 616.5, 0]]"
3QPV,2.5,3183_30,0,Q16875,A,"[[""F6P"", [""A""], ""D-saccharide, beta linking"", 260.1, 0], [""ADP"", [""A""], ""non-polymer"", 427.2, 0], [""FDP"", [""A""], ""D-saccharide, beta linking"", 340.1, 0]]"
3QRH,2.0,3550_30,2,Q8SSM8,A,"[[""G3H"", [""A""], ""non-polymer"", 170.1, 0]]"
3QSA,2.18,336_30,0,P9WFX5,AB,"[[""TA7"", [""A"", ""B""], ""non-polymer"", 246.2, 0], [""PRP"", [""A"", ""B""], ""D-saccharide"", 390.1, 0]]"
3QSD,1.3,1925_30,4,Q8MNY2,A,"[[""074"", [""A""], ""peptide-like"", 385.5, 0]]"
3QTO,1.52,180128_30,3,P00734;P09945,HIL,"[[""10P"", [""H""], ""peptide-like"", 367.5, 1]]"
3QTP,1.9,24_30,0,P51555,AB,"[[""2PG"", [""A"", ""B""], ""non-polymer"", 186.1, 0]]"
3QVO,2.3,203120_30,2,A0A0H2VUK6,A,"[[""MNB"", [""A""], ""non-polymer"", 199.2, 0]]"
3QVT,2.0,33194_30,4,O28480,A,"[[""KPG"", [""A""], ""non-polymer"", 276.1, 0], [""NAI"", [""A""], ""non-polymer"", 665.4, 0]]"
3QXV,2.5,749_30,0,,ABCDE,"[[""MTX"", [""A"", ""B"", ""C"", ""D"", ""E""], ""non-polymer"", 454.4, 0]]"
3QXY,2.09,16950_30,2,Q04206;Q8TBK2,ABPQ,"[[""SAM"", [""A"", ""B""], ""non-polymer"", 398.4, 0]]"
3QZO,1.952,9514_30,4,Q7A655,ABCD,"[[""HEM"", [""A"", ""B"", ""C"", ""D""], ""non-polymer"", 616.5, 0]]"
3QZP,1.9,9514_30,4,Q7A655,AB,"[[""COH"", [""A"", ""B""], ""non-polymer"", 619.6, 0]]"
3R0U,1.9,2730_30,4,B0TZW0,AB,"[[""TAR"", [""A""], ""non-polymer"", 150.1, 0]]"
3R1K,1.95,4164_30,2,P9WFK7,A,"[[""COA"", [""A""], ""non-polymer"", 767.5, 0]]"
3R1M,1.5,11587_30,1,F9VMT6,A,"[[""13P"", [""A""], ""non-polymer"", 170.1, 0]]"
3R1N,2.09,3913_30,3,Q16644,A,"[[""05B"", [""A""], ""non-polymer"", 403.4, 0]]"
3R2Q,1.05,12044_30,1,P0ACA1,A,"[[""GSH"", [""A""], ""peptide-like"", 307.3, 0]]"
3R3A,1.8,3217_30,1,Q04416,AB,"[[""COA"", [""A""], ""non-polymer"", 767.5, 0]]"
3R51,2.1,11957_30,3,P93193,AB,"[[""MMA"", [""A""], ""D-saccharide"", 194.2, 0]]"
3R52,2.1,11957_30,3,P93193,ABCD,"[[""GYP"", [""A"", ""B"", ""C"", ""D""], ""D-saccharide"", 194.2, 0]]"
3R5Y,1.801,10851_30,2,Q5YUF0,ABCD,"[[""F42"", [""A"", ""B"", ""C"", ""D""], ""non-polymer"", 773.6, 0]]"
3R72,1.15,13671_30,3,A0A8U0WQ79,A,"[[""NBB"", [""A""], ""non-polymer"", 213.3, 0]]"
3R9G,1.35,12039_30,3,Q47510,AB,"[[""COA"", [""A"", ""B""], ""non-polymer"", 767.5, 0], [""7MC"", [""A"", ""B""], ""non-polymer"", 560.5, 0]]"
3RAP,2.2,1893_30,2,P10114,RS,"[[""GTP"", [""R"", ""S""], ""non-polymer"", 523.2, 0]]"
3RC0,2.19,139698_30,1,Q04206;Q8TBK2,ABPQ,"[[""SAM"", [""A"", ""B""], ""non-polymer"", 398.4, 0]]"
3RDB,1.55,419_30,0,P30405,A,"[[""5MZ"", [""A""], ""non-polymer"", 209.6, 0], [""P4C"", [""A""], ""non-polymer"", 324.4, 0]]"
3REF,1.95,2907_30,4,P31021,AB,"[[""GDP"", [""A"", ""B""], ""RNA linking"", 443.2, 0]]"
3RF7,2.12,70246_30,0,Q12MB1,A,"[[""NAD"", [""A""], ""non-polymer"", 663.4, 0]]"
3RKR,2.42,8641_30,2,B2BKB1,ABCD,"[[""NAP"", [""A"", ""B""], ""non-polymer"", 743.4, 0]]"
3RL6,2.0,25753_30,3,Q9V228,AB,"[[""AMP"", [""A"", ""B""], ""non-polymer"", 347.2, 0]]"
3RML,1.53,240876_30,4,P00734;P09945,HIL,"[[""M31"", [""H""], ""peptide-like"", 479.0, 0]]"
3RN0,1.91,2922_30,4,A1BB97;P22619;Q51658,ABCDEF,"[[""HEC"", [""A"", ""B""], ""non-polymer"", 620.5, 0]]"
3ROM,2.04,2253_30,2,P28907,AB,"[[""48Z"", [""A"", ""B""], ""D-saccharide, alpha linking"", 248.2, 0]]"
3RPD,1.5,84751_30,2,A0ABX1KK70;A0ABX8X9K3,AB,"[[""MSE"", [""A"", ""B""], ""L-peptide linking"", 196.1, 0]]"
3RPL,2.4,3173_30,4,P73922,ABCD,"[[""AMP"", [""A"", ""B"", ""C"", ""D""], ""non-polymer"", 347.2, 0], [""FBP"", [""A"", ""B"", ""C"", ""D""], ""D-saccharide, beta linking"", 340.1, 0]]"
3RQT,1.5,25695_30,0,Q2G2P5,A,"[[""HIS"", [""A""], ""L-peptide linking"", 156.2, 1]]"
3RT7,2.1,2944_30,4,Q9X024,AB,"[[""ADQ"", [""A""], ""non-polymer"", 589.3, 0]]"
3RTA,1.95,2944_30,4,Q9X024,AB,"[[""ACO"", [""A""], ""non-polymer"", 809.6, 0]]"
3RUD,2.3,13579_30,1,Q7BJX9,ABCD,"[[""NAD"", [""A"", ""B"", ""C"", ""D""], ""non-polymer"", 663.4, 0]]"
3RUX,1.7,11036_30,3,P96884,AB,"[[""BS5"", [""A"", ""B""], ""non-polymer"", 571.6, 0]]"
3RX7,2.02,26281_30,1,Q9AJS0,A,"[[""9MR"", [""A""], ""D-saccharide"", 309.3, 0], [""G3I"", [""A""], ""saccharide"", 633.6, 0]]"
3RYP,1.6,2968_30,4,P0ACJ8,AB,"[[""CMP"", [""A"", ""B""], ""non-polymer"", 329.2, 0]]"
3RZI,1.95,2890_30,2,O53512,AB,"[[""TRP"", [""A"", ""B""], ""L-peptide linking"", 204.2, 0], [""PHE"", [""A"", ""B""], ""L-peptide linking"", 165.2, 0]]"
3S0B,1.22,25864_30,0,A0A8U0WQC3,A,"[[""FNA"", [""A""], ""non-polymer"", 219.3, 0]]"
3S0I,1.5,4483_30,3,Q9NZD2,A,"[[""CIS"", [""A""], ""non-polymer"", 890.3, 0]]"
3S23,1.9484,8864_30,2,Q8PDX2,A,"[[""CER"", [""A""], ""non-polymer"", 225.3, 0]]"
3S68,1.85,2044_30,4,P22734,A,"[[""TCW"", [""A""], ""non-polymer"", 273.2, 0], [""SAM"", [""A""], ""non-polymer"", 398.4, 0]]"
3S86,2.15,699_30,3,Q9WY06,ABCD,"[[""IMP"", [""A"", ""B"", ""C"", ""D""], ""non-polymer"", 348.2, 0]]"
3S9I,1.9,1432_30,2,P9WK17,A,"[[""XI7"", [""A""], ""non-polymer"", 192.2, 0]]"
3S9Y,1.7,9039_30,1,Q8IJH3,ABCD,"[[""FNU"", [""A"", ""B"", ""C"", ""D""], ""DNA linking"", 357.2, 0]]"
3SDV,2.2,802_30,1,O81086,A,"[[""911"", [""A""], ""non-polymer"", 206.0, 0]]"
3SFI,2.31,2260_30,2,P9WMC1,A,"[[""3SF"", [""A""], ""non-polymer"", 374.4, 0]]"
3SHP,2.21,164380_30,4,D1C1L1,AB,"[[""SRT"", [""B""], ""non-polymer"", 150.1, 0]]"
3SL1,1.902,36689_30,0,Q8I384,A,"[[""FB6"", [""A""], ""L-peptide linking"", 189.0, 0]]"
3SQY,1.5,857_30,3,P0A017,X,"[[""NAP"", [""X""], ""non-polymer"", 743.4, 0], [""Q11"", [""X""], ""non-polymer"", 266.3, 0]]"
3SSM,2.247,22744_30,2,Q83WF2,ABCD,"[[""SAH"", [""A"", ""C"", ""D""], ""non-polymer"", 384.4, 0]]"
3SSO,1.895,22744_30,2,Q83WF2,ABCDEF,"[[""SAH"", [""A"", ""B"", ""C"", ""D"", ""E"", ""F""], ""non-polymer"", 384.4, 0]]"
3SWQ,1.83,146_30,1,P33038,A,"[[""EPU"", [""A""], ""non-polymer"", 677.4, 0]]"
3SX2,1.5,5064_30,0,Q73W00,ABCDEFGH,"[[""NAD"", [""A"", ""B"", ""C"", ""D"", ""E"", ""F"", ""G"", ""H""], ""non-polymer"", 663.4, 0]]"
3SY4,1.91,10681_30,4,B7JBP8,A,"[[""FAD"", [""A""], ""non-polymer"", 785.5, 0]]"
3SZJ,1.45,7581_30,0,Q12QS6,AB,"[[""BTN"", [""A"", ""B""], ""non-polymer"", 244.3, 0]]"
3T0Q,2.35,18110_30,2,Q74ZE6,A,"[[""ADP"", [""A""], ""non-polymer"", 427.2, 0]]"
3T2Z,2.2994,10681_30,4,B7JBP8,AB,"[[""FAD"", [""A"", ""B""], ""non-polymer"", 785.5, 0]]"
3T3Y,2.001,5075_30,0,P05050,A,"[[""MD6"", [""A""], ""peptide linking"", 196.2, 0]]"
3T6A,2.4,15238_30,1,O75815,ABCD,"[[""POG"", [""A"", ""B""], ""non-polymer"", 424.6, 0]]"
3T6C,1.598,3626_30,0,D4GJ14,AB,"[[""GCO"", [""A"", ""B""], ""D-saccharide"", 196.2, 0]]"
3T70,1.8,27446_30,2,Q8II92,ABCF,"[[""DU4"", [""A"", ""B"", ""C""], ""non-polymer"", 407.5, 0]]"
3T7C,1.95,5064_30,0,A0A0H2ZWY3,ABCD,"[[""NAD"", [""A"", ""B"", ""C"", ""D""], ""non-polymer"", 663.4, 0]]"
3T9B,1.85,6426_30,4,O43314,A,"[[""ANP"", [""A""], ""non-polymer"", 506.2, 0]]"
3TBN,1.15,42091_30,3,Q2W014,A,"[[""FES"", [""A""], ""non-polymer"", 175.8, 0]]"
3TDC,2.41,1922_30,3,O00763,A,"[[""0EU"", [""A""], ""non-polymer"", 512.7, 0]]"
3TFA,2.2711,8642_30,1,A0ACD6B960,AB,"[[""HEM"", [""A"", ""B""], ""non-polymer"", 616.5, 0]]"
3TKD,1.45,211_30,0,P19491,AB,"[[""CYZ"", [""A"", ""B""], ""non-polymer"", 389.9, 0]]"
3TLK,1.853,18412_30,1,P0AEL6,ABC,"[[""EB4"", [""A"", ""B"", ""C""], ""non-polymer"", 669.5, 0]]"
3TMK,2.0,23761_30,2,P00572,ABCDEFGH,"[[""T5A"", [""A"", ""B"", ""C"", ""D"", ""E"", ""F"", ""G"", ""H""], ""non-polymer"", 891.4, 0]]"
3TNY,1.55,34923_30,3,Q81I09,A,"[[""SKZ"", [""A""], ""non-polymer"", 470.2, 0]]"
3TOR,2.0,2207_30,1,P0ABK9,ABCD,"[[""HEC"", [""A"", ""B"", ""C"", ""D""], ""non-polymer"", 620.5, 0], [""EU"", [""A"", ""B"", ""C"", ""D""], ""non-polymer"", 152.0, 2]]"
3TOY,1.8,11559_30,4,A0ABX2C8M7,ABCD,"[[""P4C"", [""A"", ""B"", ""C"", ""D""], ""non-polymer"", 324.4, 0]]"
3TPY,1.75,9013_30,4,P07570,A,"[[""UMP"", [""A""], ""non-polymer"", 308.2, 0], [""DUP"", [""A""], ""non-polymer"", 467.2, 0]]"
3TTE,2.0,11559_30,4,A0ABX2C8M7,AB,"[[""SMN"", [""A""], ""non-polymer"", 152.1, 0]]"
3TVQ,1.67,10691_30,0,P16559,A,"[[""DQH"", [""A""], ""non-polymer"", 304.3, 0]]"
3TW6,2.4,2067_30,1,Q2K340,ABCD,"[[""ADP"", [""A"", ""B"", ""C"", ""D""], ""non-polymer"", 427.2, 0], [""COA"", [""A"", ""C""], ""non-polymer"", 767.5, 0], [""BTI"", [""B""], ""non-polymer"", 228.3, 0]]"
3TYC,2.303,2807_30,2,Q81VW8,AB,"[[""XHP"", [""A"", ""B""], ""non-polymer"", 177.2, 0]]"
3TZ5,2.4,1477_30,1,Q00972,A,"[[""ADP"", [""A""], ""non-polymer"", 427.2, 0], [""CLT"", [""A""], ""non-polymer"", 164.2, 0]]"
3U06,2.35,17039_30,4,P20480,AB,"[[""ADP"", [""A"", ""B""], ""non-polymer"", 427.2, 0]]"
3U0I,2.2,48761_30,0,Q2YQN9,A,"[[""NHE"", [""A""], ""non-polymer"", 207.3, 0]]"
3U2M,2.0,7574_30,0,P55789,A,"[[""FAD"", [""A""], ""non-polymer"", 785.5, 0]]"
3U3K,2.36,1548_30,4,P50225,AB,"[[""A3P"", [""A"", ""B""], ""RNA linking"", 427.2, 0]]"
3U4X,2.16,1153_30,4,J9PBR3,A,"[[""XMM"", [""A""], ""D-saccharide"", 408.6, 0]]"
3U5S,1.5,7574_30,0,P55789,A,"[[""FAD"", [""A""], ""non-polymer"", 785.5, 0]]"
3U9Z,2.09,32011_30,2,O97428;P68135,AC,"[[""ADP"", [""A""], ""non-polymer"", 427.2, 0]]"
3UBL,2.0,88346_30,1,Q8F2Y8,AB,"[[""GSH"", [""A"", ""B""], ""peptide-like"", 307.3, 0]]"
3UFH,2.23,65174_30,3,F8UWD6,A,"[[""HEC"", [""A""], ""non-polymer"", 620.5, 0]]"
3UGJ,1.78,2111_30,0,P74881,A,"[[""ADP"", [""A""], ""non-polymer"", 427.2, 0]]"
3UHH,1.5,2868_30,0,P02213,AB,"[[""HEM"", [""A"", ""B""], ""non-polymer"", 616.5, 0]]"
3UHQ,1.95,2868_30,0,P02213,AB,"[[""HEM"", [""A"", ""B""], ""non-polymer"", 616.5, 0]]"
3UIM,2.2,2214_30,2,Q94F62,A,"[[""ANP"", [""A""], ""non-polymer"", 506.2, 0]]"
3UJF,2.1,24_30,0,P09104,AB,"[[""2PG"", [""A""], ""non-polymer"", 186.1, 0], [""PEP"", [""B""], ""non-polymer"", 168.0, 0]]"
3UKR,2.48,1454_30,4,A7MB62;P61157;Q148J6;Q3MHR7;Q3SYX9;Q3T035;Q58CQ2,ABCDEFG,"[[""CKH"", [""B""], ""non-polymer"", 296.3, 0]]"
3UKW,2.1,103598_30,0,P52293,BC,"[[""BTB"", [""C""], ""non-polymer"", 209.2, 0]]"
3UO0,2.3,562_30,4,Q818Z9,ABC,"[[""G16"", [""A""], ""D-saccharide"", 339.1, -1]]"
3UPT,2.4,1130_30,2,Q2SZA7,AB,"[[""TPP"", [""A"", ""B""], ""non-polymer"", 425.3, 1], [""RP5"", [""A""], ""D-saccharide, beta linking"", 230.1, 0]]"
3UQA,1.55,6211_30,0,Q12306;Q63J95,A,"[[""FK5"", [""A""], ""non-polymer"", 804.0, 0]]"
3UQE,2.2,17755_30,4,P06999,AB,"[[""ATP"", [""A"", ""B""], ""non-polymer"", 507.2, 0], [""POP"", [""A"", ""B""], ""non-polymer"", 176.0, -2]]"
3URH,1.9,1248_30,1,Q92LK0,AB,"[[""FAD"", [""A"", ""B""], ""non-polymer"", 785.5, 0]]"
3UUG,1.75,25674_30,3,P25548,AB,"[[""BDP"", [""A"", ""B""], ""D-saccharide, beta linking"", 194.1, 0]]"
3UVK,1.4,217742_30,4,O14686;P61964,AB,"[[""BTB"", [""A""], ""non-polymer"", 209.2, 0]]"
3UWK,1.91,691_30,1,Q9HZN8,AB,"[[""0DF"", [""A"", ""B""], ""non-polymer"", 225.2, 0]]"
3UWQ,1.8,386_30,1,Q9KQT7,AB,"[[""U5P"", [""A"", ""B""], ""non-polymer"", 324.2, 0], [""XPE"", [""A""], ""non-polymer"", 458.5, 0]]"
3UXY,2.097,231771_30,2,Q3IVH6,ABCD,"[[""NAD"", [""C""], ""non-polymer"", 663.4, 0]]"
3UZO,2.0,1703_30,4,Q9RTX5,AB,"[[""PLP"", [""A"", ""B""], ""non-polymer"", 247.1, 0]]"
3V2B,2.2,1976_30,4,Q460N3,A,"[[""AR6"", [""A""], ""non-polymer"", 559.3, 0]]"
3V8S,2.286,2047_30,2,Q13464,ABCD,"[[""0HD"", [""A"", ""B"", ""C"", ""D""], ""non-polymer"", 280.3, 0]]"
3V91,2.0,3968_30,4,P13280,A,"[[""UPG"", [""A""], ""non-polymer"", 566.3, 0]]"
3VAQ,2.44,4373_30,4,A0A3Q0KC34,AB,"[[""ADN"", [""A"", ""B""], ""non-polymer"", 267.2, 0]]"
3VEH,2.0,9260_30,3,P9WFX1,ABCD,"[[""0GA"", [""A"", ""B"", ""C"", ""D""], ""non-polymer"", 238.2, 0]]"
3VF9,2.3,1862_30,2,P43405,A,"[[""477"", [""A""], ""non-polymer"", 375.4, 0]]"
3VGJ,2.212,3608_30,3,Q8IAR7,AB,"[[""AMP"", [""A"", ""B""], ""non-polymer"", 347.2, 0], [""TYR"", [""A"", ""B""], ""L-peptide linking"", 181.2, 0]]"
3VI2,2.1,9039_30,1,Q8T6J6,AB,"[[""HMZ"", [""A"", ""B""], ""non-polymer"", 224.2, 0]]"
3VIN,1.13,978_30,1,Q8T0W7,A,"[[""GBH"", [""A""], ""D-saccharide"", 400.4, 0]]"
3VJT,2.0,223373_30,0,P13053;Q15648,AC,"[[""10R"", [""A""], ""non-polymer"", 418.6, 0]]"
3VKC,1.66,41704_30,0,A0A011,AB,"[[""FPQ"", [""A"", ""B""], ""non-polymer"", 390.4, 0], [""POP"", [""B""], ""non-polymer"", 176.0, -2]]"
3VMJ,1.56,218_30,2,Q8E9N3,A,"[[""IPM"", [""A""], ""non-polymer"", 176.2, 0]]"
3VNM,2.12,6783_30,2,B8I944,ABCD,"[[""SDD"", [""A"", ""B"", ""C"", ""D""], ""D-saccharide"", 180.2, 0]]"
3VNZ,1.8,10583_30,1,C1F2K5,A,"[[""BDP"", [""A""], ""D-saccharide, beta linking"", 194.1, 0]]"
3VO1,2.0,2838_30,1,Q9SLP5,AB,"[[""FAD"", [""A"", ""B""], ""non-polymer"", 785.5, 0]]"
3VP4,2.45,3197_30,2,O94925,A,"[[""BP9"", [""A""], ""non-polymer"", 256.4, 0]]"
3VQ4,1.9,2037_30,4,Q72498,AB,"[[""0NX"", [""A"", ""B""], ""non-polymer"", 175.2, 0]]"
3VRH,2.1,17214_30,4,O58038,A,"[[""BCN"", [""A""], ""non-polymer"", 163.2, 0]]"
3VV4,2.0,19945_30,3,Q8DLC7,AB,"[[""PVG"", [""A"", ""B""], ""non-polymer"", 588.7, 0]]"
3VVG,1.9,18123_30,0,O58925,ABC,"[[""ZGB"", [""A"", ""C""], ""non-polymer"", 194.2, 0]]"
3VW1,2.21,8139_30,1,A0A0F6AY66,ABCD,"[[""CVI"", [""B"", ""D""], ""non-polymer"", 372.5, 1]]"
3VW7,2.2,8724_30,2,P00720;P25116,A,"[[""VPX"", [""A""], ""non-polymer"", 492.6, 0]]"
3VX0,1.5,7566_30,3,P0C1B3,A,"[[""GD"", [""A""], ""non-polymer"", 157.2, 0]]"
3VYP,1.4,2748_30,2,I6Y9J2,AB,"[[""MXR"", [""A"", ""B""], ""non-polymer"", 385.5, 0]]"
3W34,1.91,686_30,2,Q5SKR5,AB,"[[""CTN"", [""A"", ""B""], ""non-polymer"", 243.2, 0], [""ACP"", [""A"", ""B""], ""non-polymer"", 505.2, 0]]"
3W5R,2.2,148373_30,0,P13053;Q15648,AC,"[[""LOA"", [""A""], ""non-polymer"", 418.6, 0]]"
3W6Z,1.44,5319_30,2,A3MU08,A,"[[""NAP"", [""A""], ""non-polymer"", 743.4, 0]]"
3W7U,1.99,20625_30,2,P42592,AB,"[[""GLA"", [""A"", ""B""], ""D-saccharide, alpha linking"", 180.2, 0]]"
3W85,2.0,1535_30,0,Q4D3W2,AB,"[[""NCO"", [""A""], ""non-polymer"", 161.1, 0], [""FMN"", [""A"", ""B""], ""non-polymer"", 456.3, 0], [""W85"", [""A"", ""B""], ""non-polymer"", 318.3, 0]]"
3W8F,1.45,1485_30,3,D0VWQ0,A,"[[""NAD"", [""A""], ""non-polymer"", 663.4, 0]]"
3W8W,1.95,12322_30,2,Q9KHK2,AB,"[[""FAD"", [""A"", ""B""], ""non-polymer"", 785.5, 0]]"
3W93,1.5,62587_30,0,,ABC,"[[""TYZ"", [""A"", ""B"", ""C""], ""non-polymer"", 179.2, 0]]"
3WBF,2.12,6945_30,4,Q67PI3,ABC,"[[""API"", [""A"", ""B"", ""C""], ""L-peptide linking"", 190.2, 0], [""NAP"", [""A"", ""B"", ""C""], ""non-polymer"", 743.4, 0]]"
3WD1,2.3,2403_30,1,P11797,A,"[[""ST7"", [""A""], ""non-polymer"", 703.8, 0]]"
3WDL,2.4,21623_30,3,Q5JIZ8,ABCD,"[[""ATP"", [""A"", ""B"", ""C"", ""D""], ""non-polymer"", 507.2, 0]]"
3WEC,2.19,141956_30,3,S6BVH1,A,"[[""AUI"", [""A""], ""non-polymer"", 379.5, 0], [""HEM"", [""A""], ""non-polymer"", 616.5, 0]]"
3WEI,1.79,4400_30,3,P37268,A,"[[""PS7"", [""A""], ""non-polymer"", 586.7, 0]]"
3WEZ,2.11,3909_30,0,P16278,ABCD,"[[""N8V"", [""A"", ""B"", ""C"", ""D""], ""non-polymer"", 287.4, 0]]"
3WMZ,1.9,14125_30,2,O54161,A,"[[""EMC"", [""A""], ""non-polymer"", 229.7, 0]]"
3WO1,2.3,30884_30,1,P39641,A,"[[""ADP"", [""A""], ""non-polymer"", 427.2, 0]]"
3WOL,1.74,11813_30,0,V5YM14,AB,"[[""TYR"", [""A"", ""B""], ""L-peptide linking"", 181.2, 0]]"
3WR7,2.5,5990_30,2,A0A0M3KKU5,ABCD,"[[""COA"", [""A"", ""B"", ""C"", ""D""], ""non-polymer"", 767.5, 0]]"
3WRG,2.23,10613_30,2,E8MGH8,A,"[[""FUB"", [""A""], ""L-saccharide, beta linking"", 150.1, 0]]"
3WRX,2.5,6179_30,3,A7M6E7;P03587,ABCD,"[[""AGS"", [""A"", ""B"", ""C"", ""D""], ""non-polymer"", 523.2, 0]]"
3WV2,2.3,788_30,4,P45452,AB,"[[""WGG"", [""A"", ""B""], ""non-polymer"", 309.3, 0]]"
3WVJ,1.95,10767_30,2,A3DBX3,AB,"[[""B3P"", [""A"", ""B""], ""non-polymer"", 282.3, 0]]"
3X05,2.5,2174_30,3,P78356,AB,"[[""AMP"", [""A"", ""B""], ""non-polymer"", 347.2, 0]]"
3X0D,2.15,4223_30,2,Q9XW42,A,"[[""SAH"", [""A""], ""non-polymer"", 384.4, 0]]"
3X0N,1.12,5552_30,2,Q5SKW5,A,"[[""AR6"", [""A""], ""non-polymer"", 559.3, 0]]"
3X35,0.95,4208_30,2,P00172,A,"[[""HEM"", [""A""], ""non-polymer"", 616.5, 0]]"
3ZBQ,1.7,39278_30,4,Q8SDC3,A,"[[""GDP"", [""A""], ""RNA linking"", 443.2, 0]]"
3ZDV,1.41,2604_30,0,Q9HYN5,ABCD,"[[""F1A"", [""A"", ""B"", ""C"", ""D""], ""non-polymer"", 199.3, 0], [""MMA"", [""A"", ""B"", ""C"", ""D""], ""D-saccharide"", 194.2, 0]]"
3ZDW,2.4,7003_30,1,P07788,A,"[[""EBS"", [""A""], ""non-polymer"", 514.6, 0]]"
3ZG8,2.094,20632_30,2,Q8Y547,AB,"[[""AIX"", [""B""], ""non-polymer"", 351.4, 0]]"
3ZHT,2.15,1626_30,3,A0R2B1,ABCD,"[[""TD9"", [""A"", ""B"", ""C"", ""D""], ""non-polymer"", 541.4, 1]]"
3ZJL,1.5,10061_30,1,Q8TLY9,AB,"[[""HEM"", [""A"", ""B""], ""non-polymer"", 616.5, 0]]"
3ZLW,2.12,1311_30,3,Q02750,A,"[[""MT8"", [""A""], ""non-polymer"", 217.3, 0]]"
3ZMI,2.2,1915_30,4,P09391,A,"[[""BNG"", [""A""], ""D-saccharide"", 306.4, 0], [""L6C"", [""A""], ""non-polymer"", 269.3, 0]]"
3ZNN,1.9,3396_30,1,P14920,AB,"[[""FAD"", [""A"", ""B""], ""non-polymer"", 785.5, 0], [""4WL"", [""A"", ""B""], ""non-polymer"", 167.2, 0]]"
3ZNS,2.45,24790_30,3,Q8WUI4,ABC,"[[""NU7"", [""A"", ""B"", ""C""], ""non-polymer"", 527.6, 0]]"
3ZOM,2.2,10061_30,1,Q8TLY9,AB,"[[""HEM"", [""A"", ""B""], ""non-polymer"", 616.5, 0]]"
3ZOO,1.35,1075_30,2,P99999,ABCD,"[[""HEC"", [""A"", ""B"", ""C"", ""D""], ""non-polymer"", 620.5, 0]]"
3ZQ8,1.7,130256_30,0,,ABCD,"[[""MVC"", [""C""], ""non-polymer"", 356.5, 0]]"
3ZRM,2.49,15525_30,0,P49841;Q92837,ABXY,"[[""ZRM"", [""A"", ""B""], ""non-polymer"", 320.4, 0]]"
3ZSY,2.2,1233_30,1,P12497,AB,"[[""OM3"", [""A"", ""B""], ""non-polymer"", 439.5, 1]]"
3ZUY,2.2,6506_30,4,Q9K0A9,A,"[[""PTY"", [""A""], ""non-polymer"", 734.0, 0], [""TCH"", [""A""], ""non-polymer"", 515.7, 0]]"
3ZX5,1.81,4855_30,0,Q72K29,AB,"[[""2M8"", [""A"", ""B""], ""D-saccharide, alpha linking"", 268.2, 0]]"
3ZY6,1.91,6524_30,0,Q18014,A,"[[""GFB"", [""A""], ""non-polymer"", 589.3, 0]]"
3ZZM,2.2,360_30,0,P9WHM7,AB,"[[""JLN"", [""A""], ""RNA linking"", 367.2, 0]]"
3ZZQ,1.75,5163_30,2,P19466,ABCDEF,"[[""TRP"", [""A"", ""B"", ""C"", ""D"", ""E"", ""F""], ""L-peptide linking"", 204.2, 0]]"
44ID,1.51,36009_30,4,O61543,AB,"[[""BHF"", [""A"", ""B""], ""non-polymer"", 272.3, 0]]"
4A29,1.1,806_30,4,Q06121,A,"[[""3NK"", [""A""], ""non-polymer"", 242.3, 0]]"
4A2A,1.8,270902_30,4,O08398;Q9WZU0,ABCD,"[[""ATP"", [""A"", ""B""], ""non-polymer"", 507.2, 0]]"
4A2S,1.4,806_30,4,Q06121,A,"[[""3NK"", [""A""], ""non-polymer"", 242.3, 0]]"
4A5X,1.91,10845_30,3,Q8WV92;Q9HD42,ABCD,"[[""P15"", [""B""], ""non-polymer"", 296.4, 0]]"
4A65,1.7,3365_30,1,C4LW95,AB,"[[""FAD"", [""A"", ""B""], ""non-polymer"", 785.5, 0], [""NDP"", [""A"", ""B""], ""non-polymer"", 745.4, 0]]"
4A7C,2.3,958_30,1,P11309,A,"[[""E46"", [""A""], ""non-polymer"", 392.4, 0]]"
4A8G,2.1,1226_30,3,P15494,A,"[[""DMX"", [""A""], ""non-polymer"", 257.3, 0]]"
4A9C,2.1,7394_30,0,O15357,AB,"[[""B5F"", [""B""], ""non-polymer"", 634.1, 0]]"
4AAA,1.53,10766_30,3,Q92772,A,"[[""DKI"", [""A""], ""non-polymer"", 425.4, 0]]"
4AAH,2.4,10654_30,0,P38539;P38540,ABCD,"[[""PQQ"", [""A"", ""C""], ""non-polymer"", 330.2, 0]]"
4ACF,2.0,1366_30,2,P9WN39,ABCDEF,"[[""P3S"", [""A"", ""B"", ""C"", ""D"", ""E"", ""F""], ""non-polymer"", 260.2, 0], [""46B"", [""A"", ""B"", ""C"", ""D"", ""E"", ""F""], ""non-polymer"", 418.3, 0]]"
4AD0,2.09,6675_30,0,Q8A109,ABCD,"[[""B3P"", [""A"", ""B"", ""C"", ""D""], ""non-polymer"", 282.3, 0]]"
4ADM,1.65,928_30,4,P9WN93,ABCD,"[[""SRT"", [""C"", ""D""], ""non-polymer"", 150.1, 0]]"
4AHY,1.7,8304_30,0,P38894,A,"[[""GD"", [""A""], ""non-polymer"", 157.2, 0]]"
4AI2,1.79,8304_30,0,P38894,A,"[[""GD"", [""A""], ""non-polymer"", 157.2, 0]]"
4AIP,2.4,46795_30,1,Q51162,ABC,"[[""N8E"", [""A"", ""B""], ""non-polymer"", 350.5, 0]]"
4AIW,1.5,19761_30,3,Q9H4G4,A,"[[""IHP"", [""A""], ""non-polymer"", 660.0, 0]]"
4AJ3,1.9,2296_30,3,P08200,A,"[[""NAP"", [""A""], ""non-polymer"", 743.4, 0], [""ICT"", [""A""], ""non-polymer"", 192.1, 0]]"
4AN0,2.2,1501_30,1,P23687,A,"[[""2P6"", [""A""], ""non-polymer"", 341.4, 0]]"
4AOH,1.041,2194_30,4,P03950,A,"[[""TAR"", [""A""], ""non-polymer"", 150.1, 0]]"
4AQ3,2.4,2273_30,3,P10415;Q07817,ABCDEF,"[[""398"", [""A"", ""B"", ""C"", ""D"", ""E"", ""F""], ""non-polymer"", 866.2, 0]]"
4ASX,2.05,5840_30,0,P27037,AB,"[[""6OJ"", [""A"", ""B""], ""non-polymer"", 269.1, 0]]"
4AUB,2.05,8621_30,2,Q46851,ABCDEFGH,"[[""NAP"", [""A"", ""B"", ""C"", ""E"", ""F"", ""G"", ""H""], ""non-polymer"", 743.4, 0]]"
4AVB,1.8,22484_30,0,O05581,AB,"[[""CMP"", [""A"", ""B""], ""non-polymer"", 329.2, 0], [""ACO"", [""A"", ""B""], ""non-polymer"", 809.6, 0]]"
4AVK,2.4,1870_30,2,P08191,AB,"[[""FVQ"", [""A"", ""B""], ""D-saccharide"", 295.3, 0]]"
4AYR,1.1,8575_30,3,B0SWV2,A,"[[""IFL"", [""A""], ""non-polymer"", 161.2, 0]]"
4AZI,1.98,11024_30,1,P49610,AB,"[[""BCN"", [""A"", ""B""], ""non-polymer"", 163.2, 0], [""OAN"", [""A"", ""B""], ""non-polymer"", 353.3, 0]]"
4B0B,1.9,941_30,4,O33877,AB,"[[""54F"", [""A"", ""B""], ""non-polymer"", 186.2, 0]]"
4B1F,2.05,473_30,4,Q9ZLT0,AB,"[[""KRH"", [""A"", ""B""], ""non-polymer"", 442.5, 0]]"
4B1Y,1.29,21772_30,0,P68135;Q2M3X8,BM,"[[""ATP"", [""B""], ""non-polymer"", 507.2, 0], [""LAB"", [""B""], ""non-polymer"", 395.5, 0]]"
4B2J,1.9,12155_30,4,B0R5M0,A,"[[""RBF"", [""A""], ""non-polymer"", 376.4, 0]]"
4B4D,1.5,5628_30,0,A0AAI7ZED9,A,"[[""FAD"", [""A""], ""non-polymer"", 785.5, 0]]"
4B4M,2.35,2381_30,0,Q9HU22,ABCD,"[[""JWT"", [""A"", ""B"", ""C"", ""D""], ""non-polymer"", 404.4, 0]]"
4B4V,2.0,469_30,0,D0CBC8,AB,"[[""NAP"", [""A"", ""B""], ""non-polymer"", 743.4, 0], [""L34"", [""A"", ""B""], ""non-polymer"", 471.4, 0]]"
4B6P,2.3,4772_30,3,P9WPX7,A,"[[""2HN"", [""A""], ""non-polymer"", 370.2, 0]]"
4B6R,2.0,530_30,2,Q48255,ABC,"[[""3DQ"", [""A"", ""B"", ""C""], ""non-polymer"", 310.3, 0]]"
4BAK,1.94,200825_30,1,P00734;P01050,ABD,"[[""M67"", [""B""], ""non-polymer"", 470.6, 0]]"
4BAQ,1.89,199405_30,4,P00734;P01050,ABD,"[[""M4Z"", [""B""], ""non-polymer"", 456.6, 0]]"
4BDB,2.5,5088_30,2,O96017,A,"[[""ODO"", [""A""], ""non-polymer"", 167.2, 0]]"
4BGU,1.487,755_30,2,Q9P9L2,ABCD,"[[""P33"", [""A""], ""non-polymer"", 326.4, 0]]"
4BHG,1.85,9278_30,3,O75936,A,"[[""C2T"", [""A""], ""non-polymer"", 161.2, 1]]"
4BLV,2.0,12194_30,2,P37634,AB,"[[""SAM"", [""A"", ""B""], ""non-polymer"", 398.4, 0]]"
4BLW,1.95,12194_30,2,P37634,AB,"[[""SAH"", [""A"", ""B""], ""non-polymer"", 384.4, 0], [""AMP"", [""A"", ""B""], ""non-polymer"", 347.2, 0]]"
4BLX,1.249,2241_30,0,Q9UR19,A,"[[""HEM"", [""A""], ""non-polymer"", 616.5, 0]]"
4BNB,1.478,6847_30,1,Q9CED0,A,"[[""YHX"", [""A""], ""non-polymer"", 190.2, 0], [""FMN"", [""A""], ""non-polymer"", 456.3, 0]]"
4BOL,1.7,13287_30,1,Q9HT86,AB,"[[""J0J"", [""A"", ""B""], ""non-polymer"", 461.5, 0]]"
4BQO,1.56,88409_30,1,Q63R74,AB,"[[""COA"", [""A"", ""B""], ""non-polymer"", 767.5, 0]]"
4BR3,2.2,5659_30,1,P35790,AB,"[[""U85"", [""A"", ""B""], ""non-polymer"", 436.5, 1], [""A4V"", [""A"", ""B""], ""non-polymer"", 226.3, 1]]"
4BR7,1.8,9502_30,1,Q5ZUA2,A,"[[""AU1"", [""A""], ""non-polymer"", 426.2, 0]]"
4BRG,1.45,9502_30,1,Q5ZUA2,AB,"[[""GNP"", [""A"", ""B""], ""non-polymer"", 522.2, 0]]"
4BVB,2.0,3466_30,1,Q9NTG7,A,"[[""OCZ"", [""A""], ""non-polymer"", 248.7, 0], [""AR6"", [""A""], ""non-polymer"", 559.3, 0]]"
4C0C,2.04,1395_30,0,Q7Z1V1,A,"[[""HEM"", [""A""], ""non-polymer"", 616.5, 0], [""WVH"", [""A""], ""non-polymer"", 598.6, 0]]"
4C1K,2.15,21729_30,4,Q8U0A9,ABCDEF,"[[""PEP"", [""A"", ""B"", ""C"", ""D"", ""E"", ""F""], ""non-polymer"", 168.0, 0]]"
4C1Y,2.23,10360_30,1,Q4WW81,ABCD,"[[""MFB"", [""A"", ""B"", ""C"", ""D""], ""L-saccharide"", 178.2, 0]]"
4C25,2.03,6078_30,2,A0A0H2US48,A,"[[""13P"", [""A""], ""non-polymer"", 170.1, 0]]"
4C3Y,2.3,9714_30,1,Q9RA02,ABCDEFGH,"[[""ANB"", [""A"", ""B"", ""C"", ""D"", ""E"", ""F"", ""G"", ""H""], ""non-polymer"", 284.4, 0], [""FAD"", [""A"", ""B"", ""C"", ""D"", ""E"", ""F"", ""G"", ""H""], ""non-polymer"", 785.5, 0]]"
4C52,2.049,1677_30,1,Q07817,AB,"[[""X0D"", [""A"", ""B""], ""non-polymer"", 502.6, 0]]"
4C5D,2.3,1677_30,1,Q07817,AB,"[[""X0R"", [""A"", ""B""], ""non-polymer"", 615.5, 0]]"
4C5N,1.75,2145_30,4,Q5HI96,ABCD,"[[""UEG"", [""D""], ""non-polymer"", 169.2, 0], [""ACP"", [""A"", ""B"", ""C"", ""D""], ""non-polymer"", 505.2, 0], [""PXL"", [""A"", ""B"", ""C""], ""non-polymer"", 167.2, 0]]"
4C7B,2.1,3466_30,1,Q9NTG7,AB,"[[""BVB"", [""A""], ""non-polymer"", 291.1, 0]]"
4C7G,1.8,9498_30,0,Q9L068,A,"[[""NGO"", [""A""], ""non-polymer"", 204.2, 1]]"
4C7Y,1.57,10208_30,0,Q46509,A,"[[""PCD"", [""A""], ""non-polymer"", 844.5, 0], [""FES"", [""A""], ""non-polymer"", 175.8, 0]]"
4C7Z,1.55,10208_30,0,Q46509,A,"[[""FES"", [""A""], ""non-polymer"", 175.8, 0], [""PCD"", [""A""], ""non-polymer"", 844.5, 0]]"
4CBQ,1.94,3365_30,1,C4LW95,AB,"[[""FAD"", [""A"", ""B""], ""non-polymer"", 785.5, 0], [""NDP"", [""A"", ""B""], ""non-polymer"", 745.4, 0]]"
4CD3,2.19,5730_30,2,O35795,A,"[[""8E9"", [""A""], ""non-polymer"", 408.4, 0]]"
4CDE,2.4,3507_30,0,P53634,ABCDEF,"[[""U6B"", [""B"", ""F""], ""non-polymer"", 376.5, 0]]"
4CGN,1.69,1126_30,0,Q4Q5S8,A,"[[""7AH"", [""A""], ""non-polymer"", 351.4, 0]]"
4CJN,1.947,3781_30,2,A0A0J9X1X5,AB,"[[""QNZ"", [""B""], ""non-polymer"", 393.4, 0], [""MUR"", [""A"", ""B""], ""D-saccharide, beta linking"", 251.2, 0]]"
4CLZ,1.9,5300_30,4,Q96PN6,A,"[[""4DS"", [""A""], ""non-polymer"", 454.5, 0]]"
4CM6,1.7,1417_30,3,O76290,ABCD,"[[""AOB"", [""A"", ""B"", ""C"", ""D""], ""non-polymer"", 277.3, 0], [""NAP"", [""A"", ""B"", ""C"", ""D""], ""non-polymer"", 743.4, 0]]"
4CMX,2.36,17795_30,2,P9WJ61,AB,"[[""BHC"", [""A"", ""B""], ""non-polymer"", 342.2, 0]]"
4CNZ,1.7,2131_30,3,P70731,ABCDEF,"[[""ADP"", [""A"", ""B"", ""C"", ""D"", ""E"", ""F""], ""non-polymer"", 427.2, 0]]"
4COQ,1.55,4070_30,3,E8T502,AB,"[[""SAN"", [""A"", ""B""], ""non-polymer"", 172.2, 0]]"
4CS0,2.1,22700_30,4,P0A790;P37613,AB,"[[""ACO"", [""B""], ""non-polymer"", 809.6, 0]]"
4CW2,1.32,1341_30,0,Q00511,A,"[[""XDS"", [""A""], ""non-polymer"", 214.1, 0]]"
4CXS,2.3,9836_30,0,P51691,AB,"[[""SV7"", [""A"", ""B""], ""non-polymer"", 158.1, 0]]"
4CZH,1.644,5279_30,3,A0A0H3C7V4,A,"[[""ADP"", [""A""], ""non-polymer"", 427.2, 0], [""F90"", [""A""], ""non-polymer"", 200.7, 0]]"
4CZJ,2.0,5279_30,3,A0A0H3C7V4,AB,"[[""ANP"", [""A"", ""B""], ""non-polymer"", 506.2, 0]]"
4D08,1.9,4004_30,2,O00408,ABCD,"[[""Q2T"", [""A"", ""B"", ""C"", ""D""], ""non-polymer"", 432.5, 0]]"
4D49,2.09,158802_30,3,,ABCDEFGH,"[[""ARG"", [""D"", ""E""], ""L-peptide linking"", 175.2, 1]]"
4D5G,2.0,39538_30,2,P0CH62,AB,"[[""FAD"", [""A"", ""B""], ""non-polymer"", 785.5, 0], [""1PG"", [""A""], ""non-polymer"", 252.3, 0], [""TPP"", [""A"", ""B""], ""non-polymer"", 425.3, 1]]"
4D7E,2.4,27829_30,1,Q5Z1T5,ABCD,"[[""FAD"", [""A"", ""B"", ""C"", ""D""], ""non-polymer"", 785.5, 0]]"
4D9E,2.47,1645_30,2,Q8ZNT7,ABCD,"[[""LCS"", [""A"", ""B"", ""C"", ""D""], ""non-polymer"", 331.2, 0]]"
4D9M,2.5,17076_30,0,P66899,AB,"[[""0JO"", [""A"", ""B""], ""non-polymer"", 316.2, 0]]"
4D9U,2.4,2150_30,2,P51812,A,"[[""0JH"", [""A""], ""non-polymer"", 435.5, 0]]"
4DCG,1.8,7402_30,2,P07617,A,"[[""MG7"", [""A""], ""non-polymer"", 298.3, 1], [""SAH"", [""A""], ""non-polymer"", 384.4, 0]]"
4DCU,2.0,634_30,3,P50743,A,"[[""GDP"", [""A""], ""RNA linking"", 443.2, 0]]"
4DGN,1.75,2350_30,2,P28523,A,"[[""LU2"", [""A""], ""non-polymer"", 286.2, 0]]"
4DLD,2.0,280_30,1,P22756,AB,"[[""TZG"", [""A"", ""B""], ""non-polymer"", 316.7, 0]]"
4DSG,2.249,5718_30,2,Q4E1W2,AB,"[[""UDP"", [""A"", ""B""], ""RNA linking"", 404.2, 0], [""FAD"", [""A"", ""B""], ""non-polymer"", 785.5, 0]]"
4DUE,1.7,786_30,3,P14779,AB,"[[""HEM"", [""A"", ""B""], ""non-polymer"", 616.5, 0], [""SRO"", [""A"", ""B""], ""non-polymer"", 176.2, 0]]"
4DVE,2.09,27409_30,1,A2RMJ9,ABC,"[[""BTN"", [""A"", ""B"", ""C""], ""non-polymer"", 244.3, 0], [""BNG"", [""A"", ""B"", ""C""], ""D-saccharide"", 306.4, 0]]"
4DWQ,2.25,10234_30,0,O59245,AB,"[[""5GP"", [""A"", ""B""], ""non-polymer"", 363.2, 0], [""POP"", [""A""], ""non-polymer"", 176.0, -2]]"
4DZZ,1.8,29515_30,1,B0ZE06,AB,"[[""ADP"", [""A"", ""B""], ""non-polymer"", 427.2, 0]]"
4E2X,1.4,10553_30,4,B5L6K6,A,"[[""TYD"", [""A""], ""non-polymer"", 402.2, 0], [""SAH"", [""A""], ""non-polymer"", 384.4, 0]]"
4EEI,1.921,5676_30,0,Q5NIQ1,AB,"[[""AMP"", [""A"", ""B""], ""non-polymer"", 347.2, 0]]"
4EGR,2.5,564_30,0,Q83E11,ABCDEF,"[[""PEP"", [""A"", ""B"", ""C"", ""D"", ""E"", ""F""], ""non-polymer"", 168.0, 0]]"
4EJ1,1.75,749_30,0,P0ABQ4,ABCD,"[[""FOL"", [""A"", ""B""], ""non-polymer"", 441.4, 0]]"
4ENH,2.5,2231_30,0,Q9Y6A2,A,"[[""HEM"", [""A""], ""non-polymer"", 616.5, 0], [""FVX"", [""A""], ""non-polymer"", 318.3, 0]]"
4EOX,1.783,1622_30,4,Q8DP79,P,"[[""0S5"", [""P""], ""non-polymer"", 415.5, 0]]"
4ETZ,2.05,28762_30,4,Q9HZE7,AB,"[[""C2E"", [""A"", ""B""], ""non-polymer"", 690.4, 0]]"
4EU9,1.479,5469_30,2,B3EY95,AB,"[[""COA"", [""A"", ""B""], ""non-polymer"", 767.5, 0]]"
4EUB,1.973,5469_30,2,B3EY95,AB,"[[""COA"", [""A"", ""B""], ""non-polymer"", 767.5, 0]]"
4EUU,1.8,5855_30,3,Q9UHD2,AB,"[[""BX7"", [""A"", ""B""], ""non-polymer"", 591.5, 0]]"
4EYJ,2.102,11375_30,2,O15264,A,"[[""N61"", [""A""], ""non-polymer"", 365.4, 0]]"
4EYK,1.9,20266_30,3,Q13AR6,A,"[[""DHB"", [""A""], ""non-polymer"", 154.1, 0]]"
4EYM,2.353,11375_30,2,O15264,A,"[[""0RX"", [""A""], ""non-polymer"", 376.4, 0]]"
4F68,1.8,11603_30,1,O76242,A,"[[""HEM"", [""A""], ""non-polymer"", 616.5, 0]]"
4F6F,1.56,11603_30,1,O76242,A,"[[""HEM"", [""A""], ""non-polymer"", 616.5, 0]]"
4F8L,1.5,37802_30,2,P31522,A,"[[""AES"", [""A""], ""non-polymer"", 203.2, 0]]"
4FAG,2.5,10115_30,3,Q67FT0,A,"[[""GTQ"", [""A""], ""non-polymer"", 154.1, 0]]"
4FE3,1.74,5139_30,2,Q9D020,A,"[[""U5P"", [""A""], ""non-polymer"", 324.2, 0]]"
4FES,2.0,8909_30,0,P35844,AB,"[[""0T9"", [""A"", ""B""], ""non-polymer"", 428.6, 0]]"
4FFL,1.5,23884_30,0,Q46E79,A,"[[""ADP"", [""A""], ""non-polymer"", 427.2, 0], [""ATP"", [""A""], ""non-polymer"", 507.2, 0]]"
4FLI,1.55,1564_30,1,P53582,A,"[[""Y16"", [""A""], ""non-polymer"", 318.4, 0]]"
4FLK,1.47,1564_30,1,P53582,A,"[[""Y10"", [""A""], ""non-polymer"", 377.5, 0]]"
4FMX,1.554,13009_30,0,Q8VQF6,AB,"[[""CNL"", [""A"", ""B""], ""non-polymer"", 154.2, 0], [""HEM"", [""A"", ""B""], ""non-polymer"", 616.5, 0]]"
4FOJ,1.55,16258_30,0,A0AAI7ZG06,A,"[[""C2E"", [""A""], ""non-polymer"", 690.4, 0]]"
4FOU,2.1,16258_30,0,A0AAI7ZDW4;A0AAI7ZG06,ABCD,"[[""C2E"", [""A"", ""B""], ""non-polymer"", 690.4, 0]]"
4FOZ,2.4,4738_30,4,P32722,A,"[[""C8E"", [""A""], ""non-polymer"", 306.4, 0]]"
4FQ8,2.07,2743_30,3,P56119,AB,"[[""SKM"", [""A"", ""B""], ""non-polymer"", 174.2, 0]]"
4FTW,2.3,26434_30,3,Q3J2V1,A,"[[""3CM"", [""A""], ""D-saccharide"", 466.5, 0], [""PIN"", [""A""], ""non-polymer"", 302.4, 0]]"
4FUV,2.151,48277_30,4,C0L0K3,A,"[[""C8E"", [""A""], ""non-polymer"", 306.4, 0]]"
4FWE,2.13,2844_30,3,Q8NB78,A,"[[""FAD"", [""A""], ""non-polymer"", 785.5, 0]]"
4G17,2.1,5427_30,0,Q9Y6M4,A,"[[""0VN"", [""A""], ""non-polymer"", 290.4, 0]]"
4G1V,2.098,2803_30,1,A6ZUP2,A,"[[""HEM"", [""A""], ""non-polymer"", 616.5, 0], [""FAD"", [""A""], ""non-polymer"", 785.5, 0]]"
4G28,1.63,367_30,1,P0DP29;P70604,BR,"[[""0W8"", [""R""], ""non-polymer"", 162.2, 0]]"
4G35,2.0,1758_30,2,P97287,AB,"[[""4BP"", [""B""], ""non-polymer"", 340.1, 0]]"
4G39,2.4,970_30,4,P17846,A,"[[""SF4"", [""A""], ""non-polymer"", 351.6, 0]]"
4G3G,2.5,9862_30,2,Q9WUL6,A,"[[""0WA"", [""A""], ""non-polymer"", 287.3, 0]]"
4G5H,1.88,8475_30,1,A0A0H3JPH0,A,"[[""UD7"", [""A""], ""non-polymer"", 589.3, 0], [""NAP"", [""A""], ""non-polymer"", 743.4, 0]]"
4G67,1.8,69386_30,2,Q2T1U7,A,"[[""SAH"", [""A""], ""non-polymer"", 384.4, 0]]"
4G6I,1.78,6859_30,0,Q2YN92,ABC,"[[""RS3"", [""A"", ""B"", ""C""], ""non-polymer"", 405.4, 0]]"
4GCI,1.5,7959_30,3,Q8D0L3,AB,"[[""GSH"", [""A"", ""B""], ""peptide-like"", 307.3, 0]]"
4GH0,1.35,4483_30,3,Q9NZD2,A,"[[""MYS"", [""A""], ""non-polymer"", 212.4, 0], [""EIS"", [""A""], ""non-polymer"", 724.0, 0]]"
4GHG,1.5,5764_30,2,Q45135,ABCD,"[[""DHY"", [""C""], ""non-polymer"", 168.1, 0]]"
4GHT,1.96,396_30,2,A9XG43,AB,"[[""AG7"", [""A"", ""B""], ""non-polymer"", 600.7, 0]]"
4GI1,2.43,4976_30,2,O59952,AB,"[[""16Y"", [""A"", ""B""], ""non-polymer"", 272.4, 0]]"
4GLO,1.8,5558_30,3,A0A0H3KNE7,ABCD,"[[""NAD"", [""A"", ""B"", ""C"", ""D""], ""non-polymer"", 663.4, 0]]"
4GLT,2.2,12044_30,1,Q1GZF4,ABCD,"[[""GSH"", [""A"", ""B"", ""C"", ""D""], ""peptide-like"", 307.3, 0]]"
4GM1,1.26,3947_30,1,P20906,A,"[[""TZD"", [""A""], ""non-polymer"", 440.3, 0]]"
4GNA,1.85,5077_30,2,Q64374,AB,"[[""XYL"", [""A"", ""B""], ""D-saccharide"", 152.1, 0]]"
4GPF,1.9,9180_30,4,Q54AI1,ABC,"[[""BLA"", [""A"", ""B"", ""C""], ""non-polymer"", 582.6, 0]]"
4GQY,2.193,27192_30,2,Q9C5D0,ABCD,"[[""AMP"", [""A"", ""B"", ""C"", ""D""], ""non-polymer"", 347.2, 0]]"
4GR5,1.92,3301_30,3,D1GLU5,ABCD,"[[""APC"", [""A"", ""B"", ""C"", ""D""], ""non-polymer"", 505.2, 0]]"
4GRQ,1.65,1476_30,3,P14174,ABC,"[[""AVL"", [""C""], ""non-polymer"", 230.3, 0]]"
4GU6,1.95,927_30,2,Q05397,AB,"[[""10N"", [""A"", ""B""], ""non-polymer"", 432.5, 0]]"
4GUH,1.95,1154_30,3,P58687,AB,"[[""3DS"", [""A"", ""B""], ""non-polymer"", 172.1, 0]]"
4GUK,1.75,1554_30,4,P62166,ABCD,"[[""P3G"", [""C""], ""non-polymer"", 250.3, 0], [""P2G"", [""B"", ""C"", ""D""], ""non-polymer"", 375.2, 0]]"
4GUS,2.23,2844_30,3,P84243;Q49A26;Q8NB78,ABC,"[[""FAD"", [""A""], ""non-polymer"", 785.5, 0]]"
4GXR,2.0,11432_30,0,Q13WK3;Q6ND88,A,"[[""ATP"", [""A""], ""non-polymer"", 507.2, 0]]"
4GYW,1.7,2046_30,2,O15294;P68400,ABCD,"[[""UDP"", [""A"", ""C""], ""RNA linking"", 404.2, 0]]"
4H0Z,2.0,1880_30,3,D9J2T9,A,"[[""AMU"", [""A""], ""D-saccharide, beta linking"", 293.3, 0]]"
4H2V,2.0,13795_30,3,Q89VT6;Q89VT8,ABCD,"[[""AMP"", [""A"", ""B""], ""non-polymer"", 347.2, 0], [""H2V"", [""C""], ""non-polymer"", 415.4, 0], [""PNS"", [""D""], ""non-polymer"", 358.3, 0]]"
4H4T,1.5,5043_30,1,Q52437,A,"[[""FAD"", [""A""], ""non-polymer"", 785.5, 0]]"
4H8A,1.64,8045_30,2,P77555,AB,"[[""NAI"", [""A"", ""B""], ""non-polymer"", 665.4, 0]]"
4HA9,2.35,15013_30,2,P33312,AB,"[[""NDP"", [""A""], ""non-polymer"", 745.4, 0]]"
4HB6,1.9,7771_30,0,Q8GGK7,A,"[[""DXC"", [""A""], ""non-polymer"", 392.6, 0], [""HEC"", [""A""], ""non-polymer"", 620.5, 0]]"
4HGD,2.04,5476_30,0,P47016,ABCD,"[[""KGT"", [""A"", ""B"", ""C"", ""D""], ""non-polymer"", 306.3, 0]]"
4HIA,1.952,29807_30,2,M1E1F8,AB,"[[""FMN"", [""A"", ""B""], ""non-polymer"", 456.3, 0]]"
4HK6,2.3,13514_30,2,G3J531,ABCD,"[[""5NU"", [""A"", ""B"", ""C"", ""D""], ""non-polymer"", 157.1, 0]]"
4HMU,1.56,2335_30,2,Q51793,AB,"[[""WUB"", [""A""], ""non-polymer"", 228.2, 0], [""FMN"", [""A"", ""B""], ""non-polymer"", 456.3, 0]]"
4HNH,1.576,49400_30,2,A0ABF7PFR7,AB,"[[""NAP"", [""A"", ""B""], ""non-polymer"", 743.4, 0]]"
4HOG,2.0,6870_30,0,Q6FPH0,AB,"[[""18H"", [""A"", ""B""], ""non-polymer"", 358.4, 0], [""NDP"", [""A"", ""B""], ""non-polymer"", 745.4, 0]]"
4HPA,1.5,2727_30,2,Q94734,A,"[[""HEM"", [""A""], ""non-polymer"", 616.5, 0]]"
4HZM,1.45,1427_30,4,Q8ZQ06,AB,"[[""1BW"", [""A"", ""B""], ""D-saccharide"", 232.3, 0]]"
4HZP,1.77,26126_30,0,Q8GGP1,A,"[[""COA"", [""A""], ""non-polymer"", 767.5, 0]]"
4I3V,2.0,1632_30,4,Q92UV7,ABCDEFGH,"[[""NAD"", [""A"", ""B"", ""C"", ""D"", ""E"", ""F"", ""G""], ""non-polymer"", 663.4, 0]]"
4I4B,1.7,5693_30,1,P13702,AB,"[[""1CO"", [""B""], ""non-polymer"", 164.2, 0], [""NAD"", [""B""], ""non-polymer"", 663.4, 0]]"
4I73,2.18,9738_30,2,Q57ZL6,ABCD,"[[""MBY"", [""A"", ""B"", ""C"", ""D""], ""non-polymer"", 297.3, 0]]"
4I7S,1.69,508_30,0,P00720,AB,"[[""1DV"", [""A"", ""B""], ""non-polymer"", 150.1, 0], [""HED"", [""A""], ""non-polymer"", 154.3, 0]]"
4I9J,1.85,6939_30,1,P45723,A,"[[""XP5"", [""A""], ""non-polymer"", 482.6, 1]]"
4I9T,2.0,6939_30,1,P45723,A,"[[""INS"", [""A""], ""non-polymer"", 180.2, 0]]"
4IA6,1.8,9011_30,4,Q5FL96,AB,"[[""EIC"", [""A""], ""non-polymer"", 280.4, 0]]"
4IBC,1.745,5170_30,2,Q05127,AB,"[[""12G"", [""A"", ""B""], ""non-polymer"", 482.3, 0]]"
4IBF,2.291,5170_30,2,Q05127,AB,"[[""1D5"", [""A"", ""B""], ""non-polymer"", 538.8, 0]]"
4ICY,2.4,6364_30,0,Q93LY7,A,"[[""FAD"", [""A""], ""non-polymer"", 785.5, 0]]"
4IDF,1.55,8695_30,2,O23939,A,"[[""NDP"", [""A""], ""non-polymer"", 745.4, 0]]"
4IE5,1.95,6314_30,3,Q9C0B1,A,"[[""MD6"", [""A""], ""peptide linking"", 196.2, 0]]"
4IEI,2.09,14216_30,4,Q716H3,A,"[[""ADP"", [""A""], ""non-polymer"", 427.2, 0]]"
4IET,1.4,2283_30,3,P21816,A,"[[""2CO"", [""A""], ""L-peptide linking"", 153.2, 0]]"
4IGF,2.3,6390_30,2,C6KSZ2,AB,"[[""CHV"", [""A"", ""B""], ""non-polymer"", 304.7, 0], [""NAD"", [""A"", ""B""], ""non-polymer"", 663.4, 0]]"
4IIL,1.3,87220_30,0,Q56328,A,"[[""RBF"", [""A""], ""non-polymer"", 376.4, 0]]"
4IJ6,1.8,1291_30,1,D3DFG8,AB,"[[""SEP"", [""A"", ""B""], ""L-peptide linking"", 185.1, 0]]"
4IJN,1.7,370_30,4,A0QQK1,AB,"[[""AMP"", [""A"", ""B""], ""non-polymer"", 347.2, 0]]"
4IM0,2.4001,5855_30,3,Q9UHD2,A,"[[""1FV"", [""A""], ""non-polymer"", 464.6, 0]]"
4INX,1.853,4945_30,3,D0E9M1,A,"[[""1EX"", [""A""], ""non-polymer"", 238.4, 0]]"
4IRX,1.451,75063_30,4,A0A0H3C834,AB,"[[""INS"", [""A"", ""B""], ""non-polymer"", 180.2, 0]]"
4IUD,1.45,1191_30,4,P31891;P31892,LS,"[[""SF4"", [""S""], ""non-polymer"", 351.6, 0], [""F3S"", [""S""], ""non-polymer"", 295.8, 0], [""S3F"", [""S""], ""non-polymer"", 335.6, 0], [""NFV"", [""L""], ""non-polymer"", 210.6, 0]]"
4IV6,2.0,4065_30,4,A0QTW7,AB,"[[""FDA"", [""A"", ""B""], ""non-polymer"", 787.6, 0]]"
4IVG,1.749,2920_30,1,A8WFV1,A,"[[""ANP"", [""A""], ""non-polymer"", 506.2, 0]]"
4IXU,1.9,1018_30,3,P78540,ABC,"[[""38I"", [""A"", ""B"", ""C""], ""non-polymer"", 460.2, -1]]"
4J1T,2.37,1918_30,1,Q72GR8;Q72GS0,ABCDEF,"[[""NAD"", [""B"", ""E""], ""non-polymer"", 663.4, 0], [""NAP"", [""C"", ""F""], ""non-polymer"", 743.4, 0]]"
4J33,1.82,2375_30,0,P38169,AB,"[[""FAD"", [""A"", ""B""], ""non-polymer"", 785.5, 0]]"
4J4H,1.8,16228_30,3,Q46E80,ABCD,"[[""NAI"", [""A"", ""B"", ""C"", ""D""], ""non-polymer"", 665.4, 0], [""1J1"", [""A"", ""B"", ""C"", ""D""], ""non-polymer"", 241.3, 0]]"
4J5H,1.45,12975_30,2,A3FJ64,A,"[[""1K4"", [""A""], ""non-polymer"", 273.4, 0]]"
4J5S,1.55,14747_30,1,Q9Y530,ABCD,"[[""ZZC"", [""A"", ""B"", ""C"", ""D""], ""non-polymer"", 541.3, -2]]"
4J7U,2.44,6167_30,4,P35270,ABCD,"[[""NAP"", [""A"", ""B"", ""C"", ""D""], ""non-polymer"", 743.4, 0], [""YTZ"", [""A"", ""B"", ""C"", ""D""], ""non-polymer"", 255.3, 0]]"
4J96,2.2972,758_30,0,P21802,AB,"[[""ACP"", [""B""], ""non-polymer"", 505.2, 0]]"
4JB0,1.91,17979_30,2,Q6N8W4,A,"[[""FER"", [""A""], ""non-polymer"", 194.2, 0], [""ENO"", [""A""], ""non-polymer"", 180.2, 0]]"
4JEW,1.48,1211_30,4,P40732,AB,"[[""TNF"", [""A""], ""non-polymer"", 229.1, 0], [""P00"", [""A"", ""B""], ""non-polymer"", 363.3, 0]]"
4JEX,1.43,1211_30,4,P40732,AB,"[[""P00"", [""A"", ""B""], ""non-polymer"", 363.3, 0], [""TNF"", [""B""], ""non-polymer"", 229.1, 0]]"
4JFS,2.0,6959_30,3,Q8A3I4,AB,"[[""16Z"", [""A"", ""B""], ""non-polymer"", 237.3, 0]]"
4JH9,1.77,1308_30,2,Q739M9,AB,"[[""1KM"", [""A"", ""B""], ""non-polymer"", 259.2, 0]]"
4JKU,1.51,10397_30,3,Q2KDX6,AB,"[[""QNC"", [""A"", ""B""], ""non-polymer"", 173.2, 0], [""ADN"", [""A"", ""B""], ""non-polymer"", 267.2, 0]]"
4JMU,2.0,418_30,4,P12497,A,"[[""1ML"", [""A""], ""non-polymer"", 544.6, 0]]"
4JNK,1.896,733_30,0,P00338,ABCD,"[[""ZHK"", [""A"", ""C"", ""D""], ""non-polymer"", 524.4, 0], [""NAI"", [""A"", ""B"", ""C"", ""D""], ""non-polymer"", 665.4, 0]]"
4JPA,2.0,788_30,4,P45452,AB,"[[""AZ6"", [""A"", ""B""], ""non-polymer"", 485.5, 0]]"
4JRZ,2.4,11343_30,3,Q16873,A,"[[""GTX"", [""A""], ""non-polymer"", 392.5, 1], [""PAM"", [""A""], ""non-polymer"", 254.4, 0]]"
4JWH,2.04,5603_30,0,O14214,AB,"[[""SAH"", [""A"", ""B""], ""non-polymer"", 384.4, 0]]"
4JYC,2.2,10841_30,2,C5AP93,ABCD,"[[""GDP"", [""D""], ""RNA linking"", 443.2, 0]]"
4JZK,1.63,400_30,4,,AB,"[[""ADP"", [""A"", ""B""], ""non-polymer"", 427.2, 0], [""AMP"", [""A"", ""B""], ""non-polymer"", 347.2, 0]]"
4K28,2.15,67985_30,3,Q88JP1,AB,"[[""NAD"", [""A"", ""B""], ""non-polymer"", 663.4, 0]]"
4K2F,1.99,4100_30,3,Q9I194,AB,"[[""A08"", [""B""], ""non-polymer"", 263.1, 0]]"
4K5N,1.91,1524_30,0,O96935,A,"[[""1OU"", [""A""], ""non-polymer"", 244.2, 0]]"
4K69,1.5,3756_30,0,P23946,A,"[[""1P9"", [""A""], ""non-polymer"", 472.3, 0]]"
4K6F,1.5,2751_30,4,B4EAU4,ABCD,"[[""NAP"", [""B"", ""C"", ""D""], ""non-polymer"", 743.4, 0]]"
4K7T,1.1,260950_30,0,,A,"[[""GPP"", [""A""], ""non-polymer"", 314.2, 0]]"
4K8D,1.86,12181_30,0,P00392,A,"[[""NDP"", [""A""], ""non-polymer"", 745.4, 0], [""FAD"", [""A""], ""non-polymer"", 785.5, 0]]"
4K9J,1.7,1278_30,1,P00282,A,"[[""REQ"", [""A""], ""non-polymer"", 478.5, 0]]"
4K9K,1.301,3947_30,1,P20906,A,"[[""TPP"", [""A""], ""non-polymer"", 425.3, 1]]"
4KAE,1.5,1103_30,4,B8J605,AB,"[[""TGG"", [""A"", ""B""], ""non-polymer"", 423.4, 0]]"
4KB8,1.95,2133_30,1,P48730,ABCD,"[[""1QO"", [""B"", ""D""], ""non-polymer"", 262.3, 0], [""1QN"", [""A"", ""C""], ""non-polymer"", 296.3, 0]]"
4KDX,1.35,12391_30,4,B1FZ96,AB,"[[""GSH"", [""A"", ""B""], ""peptide-like"", 307.3, 0]]"
4KGI,1.6,7959_30,3,,ABCD,"[[""GSH"", [""A"", ""B"", ""C"", ""D""], ""peptide-like"", 307.3, 0]]"
4KGM,2.361,43808_30,4,,ABCD,"[[""ATP"", [""A"", ""B"", ""C"", ""D""], ""non-polymer"", 507.2, 0]]"
4KJT,1.44,1932_30,0,Q9NAV8,AB,"[[""HEM"", [""A"", ""B""], ""non-polymer"", 616.5, 0]]"
4KNX,1.9,192_30,0,P43889,A,"[[""1S9"", [""A""], ""non-polymer"", 444.4, 0]]"
4KTR,2.3,18510_30,2,D6XZ22,ABCDEFGH,"[[""7PE"", [""B"", ""D""], ""non-polymer"", 310.4, 0], [""PE5"", [""H""], ""non-polymer"", 398.5, 0]]"
4KVI,2.15,9050_30,4,Q9UR08,ABCD,"[[""1SV"", [""A"", ""B"", ""C"", ""D""], ""non-polymer"", 192.3, 1], [""POP"", [""A"", ""B"", ""C"", ""D""], ""non-polymer"", 176.0, -2]]"
4KXL,1.69,5055_30,2,O35820,ABCD,"[[""6C6"", [""A"", ""B"", ""C"", ""D""], ""non-polymer"", 415.3, 0]]"
4KXQ,1.849,13604_30,4,Q96EB6,AB,"[[""APR"", [""A""], ""non-polymer"", 559.3, 0]]"
4KXW,0.97,3915_30,4,P29401,A,"[[""DX5"", [""A""], ""non-polymer"", 232.1, 0], [""TPP"", [""A""], ""non-polymer"", 425.3, 1]]"
4KY5,1.4,535_30,4,P00644,A,"[[""THP"", [""A""], ""DNA linking"", 402.2, 0]]"
4L09,2.05,704_30,3,Q9H2K2,ABCD,"[[""1UR"", [""A"", ""B""], ""non-polymer"", 266.2, 0]]"
4L2K,2.1,704_30,3,Q9H2K2,ABCD,"[[""1V8"", [""A"", ""B""], ""non-polymer"", 266.2, 0]]"
4L3G,2.05,2922_30,4,A1BB97;A1BBA0;Q51658,ABCDEF,"[[""HEC"", [""A"", ""B""], ""non-polymer"", 620.5, 0]]"
4L3Y,1.95,7410_30,2,L0DSL2,AB,"[[""HEC"", [""A"", ""B""], ""non-polymer"", 620.5, 0]]"
4L82,2.0,1979_30,1,Q4UKE8,ABCD,"[[""FMN"", [""A"", ""B""], ""non-polymer"", 456.3, 0]]"
4LC5,1.97,17871_30,1,Q82Y41,AB,"[[""9MG"", [""A""], ""non-polymer"", 165.2, 0]]"
4LC8,1.318,1388_30,0,O26232,AB,"[[""BMP"", [""A"", ""B""], ""RNA linking"", 340.2, 0]]"
4LCG,1.568,762_30,3,P47205,A,"[[""1WM"", [""A""], ""non-polymer"", 455.5, 0]]"
4LGU,2.0,4075_30,1,Q13490,AB,"[[""1YH"", [""A"", ""B""], ""peptide-like"", 525.7, 0]]"
4LHC,1.899,380_30,4,P74416,AB,"[[""BCN"", [""A""], ""non-polymer"", 163.2, 0]]"
4LI7,2.2,2436_30,2,O95271,AB,"[[""1XP"", [""A"", ""B""], ""non-polymer"", 443.9, 0]]"
4LJI,1.508,44778_30,1,Q8DJE2,AB,"[[""HEC"", [""A"", ""B""], ""non-polymer"", 620.5, 0]]"
4LK7,1.758,4702_30,2,Q05097,ABCD,"[[""04G"", [""A"", ""B"", ""C"", ""D""], ""non-polymer"", 213.2, 0]]"
4LNJ,2.1,6152_30,1,P75823,AB,"[[""PLR"", [""A"", ""B""], ""non-polymer"", 233.2, 0]]"
4LOQ,2.319,14712_30,1,P47811;Q8CF89,ABCDKLMN,"[[""SB4"", [""A"", ""B"", ""C"", ""D""], ""non-polymer"", 338.4, 0]]"
4LP1,1.803,1106_30,1,A1SR01,AB,"[[""EU3"", [""A"", ""B""], ""non-polymer"", 152.0, 3]]"
4LPS,2.0,5816_30,0,O25560,AB,"[[""GDP"", [""A"", ""B""], ""RNA linking"", 443.2, 0]]"
4LSM,1.65,2521_30,2,Q4DZT1,AB,"[[""NAD"", [""A"", ""B""], ""non-polymer"", 663.4, 0]]"
4LTN,1.996,13859_30,2,Q9F9T2,A,"[[""FMN"", [""A""], ""non-polymer"", 456.3, 0], [""NAI"", [""A""], ""non-polymer"", 665.4, 0]]"
4LW1,1.631,6250_30,0,P27694,A,"[[""1XS"", [""A""], ""non-polymer"", 240.6, 0]]"
4LXU,1.4,11987_30,0,,AB,"[[""T3F"", [""A"", ""B""], ""non-polymer"", 547.3, 0], [""MPO"", [""A"", ""B""], ""non-polymer"", 209.3, 0], [""FON"", [""A"", ""B""], ""non-polymer"", 473.4, 0]]"
4M05,2.28,13444_30,4,B3U4H7,ABCDE,"[[""HEM"", [""A"", ""B"", ""C"", ""D"", ""E""], ""non-polymer"", 616.5, 0]]"
4M4S,2.251,1048_30,2,Q980A5,A,"[[""GDP"", [""A""], ""RNA linking"", 443.2, 0]]"
4M74,2.2,17988_30,1,Q643C8,AB,"[[""HF2"", [""A"", ""B""], ""peptide-like"", 166.2, 0], [""M74"", [""A"", ""B""], ""non-polymer"", 182.2, 0], [""SAH"", [""A"", ""B""], ""non-polymer"", 384.4, 0]]"
4M84,1.998,1067_30,3,Q9BJF5,A,"[[""21E"", [""A""], ""non-polymer"", 309.4, 0]]"
4MA5,1.809,2753_30,1,Q5NGE8,A,"[[""ANP"", [""A""], ""non-polymer"", 506.2, 0]]"
4MDH,2.5,898_30,3,P11708,AB,"[[""NAD"", [""A"", ""B""], ""non-polymer"", 663.4, 0]]"
4ME6,2.1,278_30,4,Q5H614,A,"[[""ADP"", [""A""], ""non-polymer"", 427.2, 0]]"
4MME,2.5,3404_30,0,O67854,AB,"[[""29Q"", [""A"", ""B""], ""non-polymer"", 284.7, 0]]"
4MN7,2.0,92173_30,4,Q9HJW5,AB,"[[""SME"", [""B""], ""L-peptide linking"", 165.2, 0]]"
4MNP,2.5,3105_30,3,Q8RDN9,A,"[[""SLB"", [""A""], ""D-saccharide, beta linking"", 309.3, 0]]"
4MOC,2.5,8094_30,4,Q8WYK0,A,"[[""COA"", [""A""], ""non-polymer"", 767.5, 0]]"
4MP6,2.1,20417_30,1,A0A0H3K9Y6,A,"[[""NAD"", [""A""], ""non-polymer"", 663.4, 0]]"
4MQ4,2.2042,2200_30,3,P11086,AB,"[[""2D5"", [""A"", ""B""], ""non-polymer"", 499.6, 0]]"
4MQL,1.3,3858_30,4,P9WQN9,A,"[[""BTB"", [""A""], ""non-polymer"", 209.2, 0]]"
4MUE,2.06,176_30,4,P9WIL4,AB,"[[""2DH"", [""A"", ""B""], ""non-polymer"", 456.4, 0]]"
4MUH,1.72,176_30,4,P9WIL4,AB,"[[""2DN"", [""A"", ""B""], ""non-polymer"", 453.4, 0]]"
4MV0,1.9,479_30,1,P62623,AB,"[[""F3S"", [""A"", ""B""], ""non-polymer"", 295.8, 0], [""2E6"", [""A"", ""B""], ""non-polymer"", 269.1, 0]]"
4MY0,2.101,79610_30,0,D2PVF8,ABCDEF,"[[""ACO"", [""A"", ""B"", ""D"", ""E"", ""F""], ""non-polymer"", 809.6, 0], [""AC8"", [""C""], ""non-polymer"", 847.5, 0]]"
4MZB,1.038,8793_30,0,Q9NLB2,A,"[[""MPO"", [""A""], ""non-polymer"", 209.3, 0]]"
4MZW,1.95,12159_30,2,A3CNR0,AB,"[[""GDS"", [""A"", ""B""], ""non-polymer"", 612.6, 0]]"
4N2R,1.2,14125_30,2,A0A0D1BZQ4,A,"[[""AHR"", [""A""], ""L-saccharide, alpha linking"", 150.1, 0], [""FUB"", [""A""], ""L-saccharide, beta linking"", 150.1, 0]]"
4N4O,2.472,28068_30,1,Q50925;Q82V11,ABCDEF,"[[""HEC"", [""A"", ""C"", ""E""], ""non-polymer"", 620.5, 0]]"
4N58,1.86,27666_30,2,A0A067XG75,AB,"[[""FES"", [""A"", ""B""], ""non-polymer"", 175.8, 0]]"
4N5I,2.0,43720_30,3,,X,"[[""2HD"", [""X""], ""non-polymer"", 364.5, 0]]"
4N6D,1.701,40880_30,1,C6C297,A,"[[""I3C"", [""A""], ""non-polymer"", 558.8, 0]]"
4N98,1.7,1435_30,1,P0A988,AB,"[[""4FC"", [""A""], ""non-polymer"", 216.2, 0]]"
4N9C,1.751,1839_30,2,P43490,AB,"[[""2ZM"", [""A"", ""B""], ""non-polymer"", 163.1, 0]]"
4NAE,2.0,2737_30,3,Q5L3C1,AB,"[[""1GP"", [""A"", ""B""], ""non-polymer"", 172.1, 0]]"
4NB8,2.01,3384_30,4,Q84II6;Q8GI16,ABCDEF,"[[""FES"", [""A"", ""B"", ""C"", ""D"", ""E"", ""F""], ""non-polymer"", 175.8, 0]]"
4NBI,1.86,9492_30,2,Q8IIS0,AB,"[[""D3Y"", [""A"", ""B""], ""non-polymer"", 429.4, 0]]"
4NCJ,2.0,5429_30,2,P58301,ABCD,"[[""ADP"", [""A"", ""B"", ""C"", ""D""], ""non-polymer"", 427.2, 0]]"
4NCL,2.115,17605_30,1,G0S8G9,AB,"[[""GDP"", [""A"", ""B""], ""RNA linking"", 443.2, 0]]"
4NDN,2.34,8938_30,3,P31153;Q9NZL9,ABCDEF,"[[""PPK"", [""A"", ""C""], ""non-polymer"", 257.0, 0], [""SAM"", [""A"", ""C""], ""non-polymer"", 398.4, 0]]"
4NDR,2.0,4082_30,1,P84253;P84308,AB,"[[""M10"", [""A""], ""non-polymer"", 495.8, 0], [""ATP"", [""A"", ""B""], ""non-polymer"", 507.2, 0]]"
4NEZ,2.395,45365_30,2,,A,"[[""4NE"", [""A""], ""non-polymer"", 259.4, 1]]"
4NF5,1.903,2328_30,3,P35439;Q00959,AB,"[[""2JJ"", [""B""], ""D-peptide linking"", 197.1, 0]]"
4NGY,1.35,20_30,2,P00698,A,"[[""YB"", [""A""], ""non-polymer"", 173.0, 3]]"
4NJA,2.204,1_30,3,A0A0F7R1P3;P01660;Q52L95,HL,"[[""2M9"", [""H""], ""non-polymer"", 472.5, 0]]"
4NM7,2.3,15677_30,0,O15169;O75581;P49841,ABC,"[[""ADP"", [""A""], ""non-polymer"", 427.2, 0]]"
4NNJ,2.4,1098_30,2,P0CG63;P22515,ABCDE,"[[""AMP"", [""B"", ""D""], ""non-polymer"", 347.2, 0]]"
4NNT,1.53,220_30,4,P15090,A,"[[""76D"", [""A""], ""non-polymer"", 248.4, 0]]"
4NRT,2.022,1730_30,4,A0ZNP5,A,"[[""2NG"", [""A""], ""non-polymer"", 585.6, 0]]"
4NT8,2.2,5380_30,3,Q5H3Z2,A,"[[""FME"", [""A""], ""L-peptide linking"", 177.2, 0]]"
4NTK,1.6,12767_30,2,P65870,ABCDEF,"[[""ZSP"", [""A"", ""B"", ""C"", ""D"", ""E"", ""F""], ""non-polymer"", 237.2, 0]]"
4NTM,2.05,12767_30,2,P65870,ABCDEF,"[[""2K8"", [""A"", ""B"", ""C"", ""D"", ""E"", ""F""], ""non-polymer"", 211.2, 0]]"
4NTX,2.27,10185_30,0,G9I929;G9I930;Q1XA76,ABC,"[[""AMR"", [""A""], ""non-polymer"", 229.6, 0]]"
4NUS,2.39,2150_30,2,P51812,A,"[[""2NK"", [""A""], ""non-polymer"", 381.4, 0]]"
4NV7,2.02,9540_30,1,Q98D42,AB,"[[""COA"", [""A"", ""B""], ""non-polymer"", 767.5, 0]]"
4NX1,1.6,55769_30,4,A3T0D1,AB,"[[""X1X"", [""A"", ""B""], ""D-saccharide, alpha linking"", 194.1, 0]]"
4NXE,2.103,3309_30,3,P93025,AB,"[[""FMN"", [""A"", ""B""], ""non-polymer"", 456.3, 0]]"
4NXR,1.9,44041_30,0,P58401;Q13009,AB,"[[""ANS"", [""B""], ""non-polymer"", 251.3, 0]]"
4O1F,1.8,15233_30,2,B8FW00,AB,"[[""THG"", [""A"", ""B""], ""non-polymer"", 445.4, 0]]"
4O1P,2.5,13012_30,2,A5H025,ABCD,"[[""ANP"", [""A"", ""B"", ""C"", ""D""], ""non-polymer"", 506.2, 0]]"
4O3V,1.95,94366_30,3,Q68X84,AB,"[[""SRT"", [""B""], ""non-polymer"", 150.1, 0]]"
4O8M,1.7,36412_30,4,A6VKP1,ABCDEFGH,"[[""2Q2"", [""A"", ""B"", ""C"", ""D"", ""E"", ""F"", ""G"", ""H""], ""non-polymer"", 196.2, 0]]"
4O9G,1.9,18263_30,0,Q6TFC5,AB,"[[""4TD"", [""B""], ""non-polymer"", 368.5, 0], [""T46"", [""A"", ""B""], ""non-polymer"", 546.3, 0]]"
4O9S,2.3,4147_30,3,P02753,AB,"[[""2RY"", [""A"", ""B""], ""non-polymer"", 446.5, 0]]"
4OA5,2.3,48898_30,3,Q2GKC7,ABCDEF,"[[""SAH"", [""A"", ""B"", ""C"", ""D"", ""E"", ""F""], ""non-polymer"", 384.4, 0]]"
4OBW,2.4,366_30,0,P49017,ABCD,"[[""SAM"", [""A"", ""B"", ""C"", ""D""], ""non-polymer"", 398.4, 0]]"
4ODR,1.929,12618_30,2,P62942;Q5SLE7,AB,"[[""FK5"", [""A"", ""B""], ""non-polymer"", 804.0, 0]]"
4OG8,1.53,2932_30,2,O00255,A,"[[""PGA"", [""A""], ""non-polymer"", 156.0, 0], [""2SF"", [""A""], ""non-polymer"", 417.6, 0]]"
4OHM,2.4,7246_30,1,Q14397,AB,"[[""2TF"", [""A"", ""B""], ""non-polymer"", 484.5, 0], [""S6P"", [""A"", ""B""], ""D-saccharide"", 262.2, 0]]"
4OJQ,2.25,1027_30,3,K4KA16,AB,"[[""2SX"", [""A""], ""non-polymer"", 254.1, 0]]"
4OKQ,2.5,6195_30,2,A4IK89,AB,"[[""HIS"", [""A"", ""B""], ""L-peptide linking"", 156.2, 1]]"
4OKS,2.25,1027_30,3,K4KA16,AB,"[[""2T9"", [""A""], ""non-polymer"", 446.5, 0]]"
4OKX,2.1,123346_30,1,P10275,AB,"[[""198"", [""A""], ""non-polymer"", 430.4, 0]]"
4OMR,1.85,70272_30,3,Q47NQ8,A,"[[""CAA"", [""A""], ""non-polymer"", 851.6, 0]]"
4ONN,1.5,2352_30,3,P61088;Q15819,AB,"[[""BY1"", [""B""], ""non-polymer"", 207.2, 0]]"
4OP1,2.39,7246_30,1,Q14397,AB,"[[""2UW"", [""A"", ""B""], ""non-polymer"", 463.9, 0], [""S6P"", [""A"", ""B""], ""D-saccharide"", 262.2, 0]]"
4OPC,1.4,20722_30,4,Q4JA33,A,"[[""FDA"", [""A""], ""non-polymer"", 787.6, 0], [""PGT"", [""A""], ""non-polymer"", 751.0, 0]]"
4OPI,2.24,20722_30,4,Q4JA33,A,"[[""GRG"", [""A""], ""non-polymer"", 450.4, 0], [""FDA"", [""A""], ""non-polymer"", 787.6, 0]]"
4OTQ,1.55,678_30,1,Q06187,A,"[[""2V2"", [""A""], ""non-polymer"", 471.6, 0]]"
4OUE,2.35,9172_30,2,Q8A5P6,AB,"[[""IPT"", [""A"", ""B""], ""D-saccharide"", 238.3, 0]]"
4OVT,1.8,36412_30,4,A6X5V3,AB,"[[""LFC"", [""A"", ""B""], ""L-saccharide"", 180.2, 0]]"
4P42,2.44,9771_30,2,A0FGR8,AB,"[[""EGC"", [""A"", ""B""], ""non-polymer"", 602.8, 0], [""PEE"", [""A"", ""B""], ""non-polymer"", 744.0, 0]]"
4P5F,2.1,57621_30,3,Q5GUA3,AB,"[[""AR6"", [""B""], ""non-polymer"", 559.3, 0]]"
4P6R,2.2,6128_30,3,B2ZB02,AB,"[[""TYR"", [""A"", ""B""], ""L-peptide linking"", 181.2, 0]]"
4P7C,1.85,1042_30,3,Q87XG5,AB,"[[""BTB"", [""A""], ""non-polymer"", 209.2, 0]]"
4P7N,1.89,14926_30,1,P75906,A,"[[""GCS"", [""A""], ""D-saccharide, beta linking"", 179.2, 0]]"
4P8M,2.09,5260_30,0,P9WJF1,AB,"[[""FAD"", [""A"", ""B""], ""non-polymer"", 785.5, 0], [""R58"", [""A"", ""B""], ""non-polymer"", 391.3, 0], [""2J3"", [""A""], ""non-polymer"", 192.3, 0]]"
4PBR,1.9,3669_30,0,Q57834,A,"[[""2L7"", [""A""], ""non-polymer"", 329.2, 0]]"
4PJL,2.1,1448_30,3,F1RQI7,A,"[[""ADP"", [""A""], ""non-polymer"", 427.2, 0]]"
4PKF,2.002,27437_30,2,O68394;O68395;O68396,ABC,"[[""SF4"", [""B""], ""non-polymer"", 351.6, 0]]"
4PKL,1.251,30272_30,3,Q38AM1,AB,"[[""1GH"", [""A"", ""B""], ""non-polymer"", 415.4, 0]]"
4PKV,2.5,7066_30,4,P15917,A,"[[""30R"", [""A""], ""non-polymer"", 395.4, 0]]"
4PLF,1.35,643_30,1,A0A075B5G8,AB,"[[""NAI"", [""A""], ""non-polymer"", 665.4, 0], [""NAD"", [""B""], ""non-polymer"", 663.4, 0]]"
4PLP,1.49,11504_30,2,O32323,AB,"[[""NAD"", [""A"", ""B""], ""non-polymer"", 663.4, 0]]"
4PLZ,1.05,643_30,1,Q27743,A,"[[""NAI"", [""A""], ""non-polymer"", 665.4, 0]]"
4PMM,2.0,2402_30,1,P04629,A,"[[""31V"", [""A""], ""non-polymer"", 494.5, 0]]"
4PQI,1.95,11750_30,1,A0A2K2A1Q9,A,"[[""GSH"", [""A""], ""peptide-like"", 307.3, 0]]"
4PY6,2.5,57232_30,2,Q8I240,ABCD,"[[""R78"", [""A"", ""B"", ""C"", ""D""], ""non-polymer"", 521.7, 0]]"
4PYA,1.789,1008_30,4,P0A738,A,"[[""2X3"", [""A""], ""non-polymer"", 523.2, 0]]"
4PZK,1.5,5473_30,1,A0A6L7HQJ3,AB,"[[""SAH"", [""A"", ""B""], ""non-polymer"", 384.4, 0]]"
4Q2T,2.4,111_30,1,P54136,AB,"[[""ARG"", [""A"", ""B""], ""L-peptide linking"", 175.2, 1]]"
4Q38,1.99,22635_30,0,Q70AY4,A,"[[""TEC"", [""A""], ""non-polymer"", 333.4, 0], [""COA"", [""A""], ""non-polymer"", 767.5, 0]]"
4Q5H,1.999,2576_30,3,P0CG63;P68036;Q3YTH2,ABC,"[[""ANP"", [""A""], ""non-polymer"", 506.2, 0]]"
4Q6O,1.41,17965_30,2,O25708,A,"[[""API"", [""A""], ""L-peptide linking"", 190.2, 0]]"
4Q70,1.85,1182_30,3,P50032;P50033,AB,"[[""CYC"", [""A"", ""B""], ""non-polymer"", 588.7, 0]]"
4Q72,2.3,1289_30,4,Q89E26,AB,"[[""FAD"", [""A"", ""B""], ""non-polymer"", 785.5, 0]]"
4Q86,2.25,27040_30,1,P75838,ABCDEFGH,"[[""AMP"", [""A"", ""B"", ""C"", ""D"", ""E"", ""G"", ""H""], ""non-polymer"", 347.2, 0]]"
4Q93,2.1,5108_30,3,P54577,A,"[[""STL"", [""A""], ""non-polymer"", 228.2, 0]]"
4Q9F,1.75,1880_30,3,D9J2T9,A,"[[""5GP"", [""A""], ""non-polymer"", 363.2, 0]]"
4QAK,2.025,16277_30,1,P37025,AB,"[[""2AM"", [""B""], ""non-polymer"", 347.2, 0]]"
4QAT,1.75,36925_30,0,A0A0H3MBV9,AB,"[[""MTA"", [""B""], ""non-polymer"", 297.3, 0]]"
4QAX,2.0,499_30,2,Q2G029,A,"[[""2PG"", [""A""], ""non-polymer"", 186.1, 0]]"
4QBB,1.6,36330_30,0,P03305,ABC,"[[""E69"", [""A"", ""B"", ""C""], ""peptide-like"", 611.7, 0]]"
4QC2,2.22,4047_30,2,P0A9V1,AB,"[[""ATP"", [""A"", ""B""], ""non-polymer"", 507.2, 0]]"
4QD3,1.89,1534_30,2,Q9HVC3,A,"[[""5AE"", [""A""], ""non-polymer"", 244.2, 0]]"
4QDC,1.9,14888_30,0,F1CMY8,A,"[[""ASD"", [""A""], ""non-polymer"", 286.4, 0], [""FES"", [""A""], ""non-polymer"", 175.8, 0]]"
4QG1,2.2,1944_30,1,Q9Y3Z3,ABCD,"[[""DTP"", [""A"", ""B"", ""C"", ""D""], ""non-polymer"", 491.2, 0], [""GTP"", [""B"", ""C"", ""D""], ""non-polymer"", 523.2, 0]]"
4QG7,1.67,66_30,0,Q6GJI9,AB,"[[""32K"", [""A"", ""B""], ""non-polymer"", 499.9, 0]]"
4QJG,1.85,23589_30,1,C8W8H7,AB,"[[""35P"", [""A"", ""B""], ""non-polymer"", 352.4, 0]]"
4QMX,1.882,3328_30,2,Q9Y6E0,A,"[[""H8H"", [""A""], ""non-polymer"", 542.0, 0]]"
4QNY,2.257,2102_30,0,A0A3Q8ITZ9,AB,"[[""ANP"", [""A"", ""B""], ""non-polymer"", 506.2, 0]]"
4QQ7,2.2,3288_30,0,B4E6Q3,AB,"[[""GLO"", [""A"", ""B""], ""D-saccharide"", 180.2, 0], [""GSH"", [""A"", ""B""], ""peptide-like"", 307.3, 0]]"
4QRH,1.65,774_30,3,A0A0J9X1Z9,ABCD,"[[""0O2"", [""B"", ""C"", ""D""], ""non-polymer"", 683.1, 0]]"
4QS5,1.8,21314_30,2,Q2GA79,ABCD,"[[""1DF"", [""A"", ""B"", ""C"", ""D""], ""non-polymer"", 213.1, 0]]"
4QTF,2.0,2748_30,2,I6Y9J2,A,"[[""3V5"", [""A""], ""non-polymer"", 289.4, 0]]"
4QUO,1.65,1524_30,0,Q9JYV4,A,"[[""3DZ"", [""A""], ""non-polymer"", 390.4, 0]]"
4QVT,1.948,6785_30,4,P76539,ABCDEFGH,"[[""ACO"", [""A"", ""B"", ""C"", ""D"", ""E"", ""F"", ""G"", ""H""], ""non-polymer"", 809.6, 0]]"
4QXV,1.12,262_30,4,P02766,AB,"[[""LU2"", [""A"", ""B""], ""non-polymer"", 286.2, 0]]"
4QZT,1.9,1340_30,1,P50120,ABCD,"[[""RTL"", [""A"", ""C""], ""non-polymer"", 286.5, 0]]"
4R2M,2.2,10085_30,4,P67091,AB,"[[""ANP"", [""A"", ""B""], ""non-polymer"", 506.2, 0]]"
4R38,1.6,54829_30,0,Q2NB77,ABCD,"[[""RBF"", [""A"", ""B"", ""C"", ""D""], ""non-polymer"", 376.4, 0]]"
4R3L,1.839,17018_30,3,P60849;Q980R9,AB,"[[""COA"", [""A""], ""non-polymer"", 767.5, 0]]"
4R5F,1.9,707_30,4,O29689,A,"[[""PMP"", [""A""], ""non-polymer"", 248.2, 0]]"
4RDW,1.591,29766_30,1,Q9HU77,A,"[[""NGQ"", [""A""], ""non-polymer"", 189.2, 0]]"
4REL,1.754,4496_30,0,A4F1R4,A,"[[""KMP"", [""A""], ""non-polymer"", 286.2, 0]]"
4REQ,2.2,24277_30,0,P11652;P11653,ABCD,"[[""5AD"", [""A"", ""C""], ""non-polymer"", 251.2, 0], [""MCA"", [""A"", ""C""], ""non-polymer"", 867.6, 0], [""SCA"", [""A"", ""C""], ""non-polymer"", 867.6, 0]]"
4RG2,1.5,5227_30,0,Q12888,AB,"[[""3OO"", [""A""], ""non-polymer"", 313.2, 0]]"
4RGG,2.15,35221_30,2,D3W0F1,AB,"[[""GN1"", [""A"", ""B""], ""D-saccharide"", 301.2, 0]]"
4RGR,2.302,14699_30,1,Q7X0D9,AB,"[[""HC4"", [""A"", ""B""], ""non-polymer"", 164.2, 0]]"
4RIF,1.85,32260_30,1,Q9ZGC0,AB,"[[""3R2"", [""A"", ""B""], ""non-polymer"", 530.4, 0]]"
4RIZ,2.2,28005_30,1,D1C7D8,ABCD,"[[""PMP"", [""A"", ""C"", ""D""], ""non-polymer"", 248.2, 0]]"
4RJE,1.65,15237_30,2,Q44467,ABCD,"[[""FNR"", [""A"", ""B"", ""C"", ""D""], ""non-polymer"", 458.4, 0]]"
4RLW,2.196,8345_30,1,I6WYY7;P9WFK1,AB,"[[""BUN"", [""A""], ""non-polymer"", 272.3, 0]]"
4RMG,1.88,2434_30,1,Q8IXJ6,A,"[[""NAD"", [""A""], ""non-polymer"", 663.4, 0], [""3TE"", [""A""], ""non-polymer"", 420.6, 0]]"
4RN0,1.761,3358_30,3,Q9BY41,AB,"[[""L6G"", [""A"", ""B""], ""non-polymer"", 495.7, 0]]"
4RNQ,2.47,802_30,1,Q40577,A,"[[""DPO"", [""A""], ""non-polymer"", 173.9, -4], [""1GA"", [""A""], ""non-polymer"", 227.3, 0], [""A4S"", [""A""], ""non-polymer"", 405.3, 0]]"
4RQ9,2.5,6035_30,4,Q097N3,A,"[[""BLA"", [""A""], ""non-polymer"", 582.6, 0], [""SRT"", [""A""], ""non-polymer"", 150.1, 0]]"
4RS2,1.55,21887_30,0,,AB,"[[""COA"", [""A"", ""B""], ""non-polymer"", 767.5, 0]]"
4RSL,1.9,8414_30,4,Q765A9,A,"[[""FAD"", [""A""], ""non-polymer"", 785.5, 0]]"
4RSR,2.25,10674_30,1,C0JV69,A,"[[""RXO"", [""A""], ""non-polymer"", 215.0, 0]]"
4RXR,2.117,1944_30,1,Q9Y3Z3,AB,"[[""GTP"", [""B""], ""non-polymer"", 523.2, 0], [""DCP"", [""A"", ""B""], ""non-polymer"", 467.2, 0]]"
4RYA,1.5,59446_30,4,B9JRF8,A,"[[""MTL"", [""A""], ""non-polymer"", 182.2, 0]]"
4S1I,1.6,3936_30,4,C4LVZ4,AB,"[[""PLP"", [""A"", ""B""], ""non-polymer"", 247.1, 0]]"
4S26,1.85,7902_30,0,O82392,AB,"[[""SAH"", [""A"", ""B""], ""non-polymer"", 384.4, 0], [""IRN"", [""A"", ""B""], ""RNA linking"", 280.2, 0], [""SF4"", [""A"", ""B""], ""non-polymer"", 351.6, 0]]"
4S3D,1.8,309_30,2,Q5SLI8,A,"[[""DPO"", [""A""], ""non-polymer"", 173.9, -4], [""F3S"", [""A""], ""non-polymer"", 295.8, 0]]"
4TIM,2.4,611_30,4,P04789,AB,"[[""2PG"", [""B""], ""non-polymer"", 186.1, 0]]"
4TM3,2.09,5122_30,4,A8CF85,ABCD,"[[""FAD"", [""A"", ""B"", ""C"", ""D""], ""non-polymer"", 785.5, 0]]"
4TMW,1.55,17605_30,1,G0S8G9,AB,"[[""GTP"", [""A"", ""B""], ""non-polymer"", 523.2, 0]]"
4TOH,1.8,1452_30,0,Q9HY79,ABCD,"[[""HEM"", [""B"", ""C"", ""D""], ""non-polymer"", 616.5, 0]]"
4TQ3,2.4076,45175_30,4,O28625,ABCD,"[[""GPP"", [""A"", ""B"", ""C"", ""D""], ""non-polymer"", 314.2, 0]]"
4TQG,2.2,140667_30,4,G5CSR9,A,"[[""NDP"", [""A""], ""non-polymer"", 745.4, 0]]"
4TRF,1.63,1476_30,3,P14174,ABC,"[[""35J"", [""A"", ""B"", ""C""], ""non-polymer"", 152.2, 0]]"
4TY0,1.8,12554_30,2,Q9KVG7,AB,"[[""38V"", [""A"", ""B""], ""non-polymer"", 850.4, 0]]"
4U0N,2.102,12554_30,2,Q9KVG7,AB,"[[""TLL"", [""A"", ""B""], ""non-polymer"", 588.6, 0]]"
4U0O,1.6,5390_30,4,Q8DLC2,B,"[[""MTA"", [""B""], ""non-polymer"", 297.3, 0], [""SF4"", [""B""], ""non-polymer"", 351.6, 0]]"
4U1Q,2.085,37799_30,0,C0LTM6,ABCD,"[[""SAH"", [""A"", ""B"", ""C"", ""D""], ""non-polymer"", 384.4, 0], [""3DJ"", [""A"", ""B"", ""C"", ""D""], ""non-polymer"", 224.2, 0]]"
4U41,2.2,2473_30,0,O95819,AB,"[[""3C8"", [""A""], ""non-polymer"", 309.4, 0]]"
4U5P,1.782,25103_30,2,Q0SDB1,ABC,"[[""B3P"", [""A"", ""C""], ""non-polymer"", 282.3, 0]]"
4U5V,1.968,507_30,0,P52293,A,"[[""RH2"", [""A""], ""non-polymer"", 318.4, 0]]"
4U82,1.66,1404_30,3,P60477,A,"[[""FPS"", [""A""], ""non-polymer"", 398.4, 0]]"
4U8P,2.05,5718_30,2,Q4W1X2,ABCD,"[[""UDP"", [""A"", ""B"", ""C"", ""D""], ""RNA linking"", 404.2, 0], [""FDA"", [""A"", ""B"", ""C"", ""D""], ""non-polymer"", 787.6, 0]]"
4U8Y,2.099,3080_30,4,P31224,ABCDE,"[[""MIY"", [""B""], ""non-polymer"", 457.5, 0]]"
4U98,1.15,8564_30,1,A1TH50,A,"[[""ACP"", [""A""], ""non-polymer"", 505.2, 0]]"
4U9G,2.25,19575_30,2,Q8EF49,AB,"[[""HEM"", [""A"", ""B""], ""non-polymer"", 616.5, 0]]"
4UA3,1.85,69902_30,4,Q9USH6,AB,"[[""COA"", [""A"", ""B""], ""non-polymer"", 767.5, 0]]"
4UAU,1.45,17514_30,0,P95649,AB,"[[""XBP"", [""A"", ""B""], ""saccharide"", 310.1, 0]]"
4UBE,1.933,8657_30,4,P83736,A,"[[""2FA"", [""A""], ""non-polymer"", 285.2, 0]]"
4UDD,1.8,137713_30,2,P04150;Q15596,AB,"[[""CV7"", [""A""], ""non-polymer"", 470.6, 0], [""CPS"", [""A""], ""non-polymer"", 614.9, 0]]"
4UDR,1.6,38171_30,4,E4QP00,AB,"[[""FAD"", [""A"", ""B""], ""non-polymer"", 785.5, 0]]"
4UEC,2.4,49208_30,3,O61380;P48598,ABC,"[[""MGT"", [""A"", ""C""], ""non-polymer"", 539.2, 0]]"
4UEE,2.27,1666_30,3,P15085,AB,"[[""LA9"", [""A"", ""B""], ""non-polymer"", 440.5, 0]]"
4UF0,1.78,6028_30,3,O14607,AB,"[[""MMK"", [""A"", ""B""], ""non-polymer"", 306.4, 0]]"
4UMU,2.02,3538_30,2,Q14680,A,"[[""0V0"", [""A""], ""non-polymer"", 333.4, 1]]"
4UMY,2.07,1107_30,3,O75874,AB,"[[""NAP"", [""A"", ""B""], ""non-polymer"", 743.4, 0]]"
4UP5,1.65,68733_30,2,Q86UU0;Q9BRQ0,A,"[[""94W"", [""A""], ""non-polymer"", 180.2, 0]]"
4UQO,1.88,2323_30,4,O74036,AB,"[[""ADP"", [""A"", ""B""], ""non-polymer"", 427.2, 0]]"
4UR8,2.097,3494_30,2,Q8UB77,ABCD,"[[""OOG"", [""A"", ""B"", ""C"", ""D""], ""non-polymer"", 160.1, 0]]"
4UR9,2.2,6147_30,2,Q89ZI2,AB,"[[""BK9"", [""A"", ""B""], ""non-polymer"", 174.2, 0], [""OAN"", [""A"", ""B""], ""non-polymer"", 353.3, 0]]"
4UXZ,2.18,6758_30,2,P0ABN1,ABCDEF,"[[""79M"", [""A"", ""B"", ""C"", ""D""], ""non-polymer"", 328.5, 0], [""79N"", [""A"", ""D""], ""non-polymer"", 328.5, 0]]"
4V0L,2.197,5268_30,2,A8JF99,AB,"[[""GTP"", [""A"", ""B""], ""non-polymer"", 523.2, 0]]"
4WFR,2.0,4942_30,3,P16330,A,"[[""2AM"", [""A""], ""non-polymer"", 347.2, 0]]"
4WH9,1.5,5531_30,3,P30305,A,"[[""3M8"", [""A""], ""non-polymer"", 277.3, 0]]"
4WJ9,1.74,112_30,3,P00352,A,"[[""YB"", [""A""], ""non-polymer"", 173.0, 3]]"
4WOZ,1.96,1621_30,2,D5Q364,ABCDEFGH,"[[""MN9"", [""B"", ""F""], ""non-polymer"", 221.2, 0]]"
4WQB,1.5013,13471_30,1,D3RVD4,A,"[[""HEC"", [""A""], ""non-polymer"", 620.5, 0]]"
4WQL,1.73,21582_30,3,P0AE05,A,"[[""KAN"", [""A""], ""non-polymer"", 484.5, 0]]"
4WR3,1.9,1425_30,2,P0A6B4,ABCD,"[[""PLP"", [""A"", ""B"", ""C"", ""D""], ""non-polymer"", 247.1, 0]]"
4WR4,1.6,18828_30,2,P08515,A,"[[""GSH"", [""A""], ""peptide-like"", 307.3, 0]]"
4WT2,1.42,1166_30,2,Q00987,A,"[[""3UD"", [""A""], ""non-polymer"", 747.7, 0]]"
4WT7,2.0,71399_30,1,B9K0E0,AB,"[[""X9X"", [""A"", ""B""], ""non-polymer"", 182.2, 0]]"
4WTV,1.9,12227_30,4,P00720;Q8TCG2,AB,"[[""ATP"", [""A"", ""B""], ""non-polymer"", 507.2, 0]]"
4WX4,1.03,19708_30,0,B9A5C1,AC,"[[""3VF"", [""A""], ""non-polymer"", 483.3, 0]]"
4WX7,2.4,19708_30,0,B9A5C1;B9A5F5,ABCD,"[[""3VJ"", [""A"", ""C""], ""non-polymer"", 464.3, 0]]"
4X2A,2.0,6125_30,0,Q9CPU0,AB,"[[""3WL"", [""A"", ""B""], ""non-polymer"", 270.2, 0]]"
4X3T,2.14,15835_30,0,Q8VDS3,ABCDEF,"[[""45E"", [""A"", ""B"", ""C"", ""D"", ""E"", ""F""], ""non-polymer"", 398.5, 0]]"
4X60,2.35,1614_30,2,O14744;Q9BQA1,AB,"[[""SFG"", [""A""], ""non-polymer"", 381.4, 0], [""3XV"", [""A""], ""non-polymer"", 383.4, 0]]"
4X6J,1.59,364_30,1,P43235,A,"[[""3Y2"", [""A""], ""non-polymer"", 336.8, 0]]"
4XC1,1.63,168300_30,1,P05877,HLP,"[[""G3P"", [""H""], ""non-polymer"", 172.1, 0]]"
4XCV,1.4,3224_30,4,Q2KDT2,A,"[[""NDP"", [""A""], ""non-polymer"", 745.4, 0]]"
4XDR,1.4,13745_30,0,O83774,A,"[[""ADN"", [""A""], ""non-polymer"", 267.2, 0]]"
4XDZ,1.15,235_30,0,E0SRA9,AB,"[[""NDP"", [""A"", ""B""], ""non-polymer"", 745.4, 0]]"
4XHB,1.88,3003_30,2,Q54727,A,"[[""NHE"", [""A""], ""non-polymer"", 207.3, 0]]"
4XJ7,1.6,268_30,3,P66881,ABCD,"[[""ADN"", [""A"", ""D""], ""non-polymer"", 267.2, 0]]"
4XJM,1.6,800_30,2,P9WQ81,AB,"[[""PLP"", [""A"", ""B""], ""non-polymer"", 247.1, 0], [""41E"", [""A"", ""B""], ""non-polymer"", 414.5, 0]]"
4XKC,2.0,19777_30,4,P72583,A,"[[""MD9"", [""A""], ""non-polymer"", 532.9, 0]]"
4XKR,1.75,25695_30,0,Q2G2P5,A,"[[""HIS"", [""A""], ""L-peptide linking"", 156.2, 1], [""41K"", [""A""], ""non-polymer"", 191.2, 0]]"
4XNJ,2.3,4958_30,2,Q5M4H8,A,"[[""78M"", [""A""], ""non-polymer"", 314.5, 0]]"
4XOG,2.09,3003_30,2,Q54727,A,"[[""OPX"", [""A""], ""non-polymer"", 293.4, 0], [""DAN"", [""A""], ""D-saccharide"", 291.3, 0]]"
4XOI,2.092,22926_30,3,P61586;Q9NQW6,ABCD,"[[""GTP"", [""A"", ""C""], ""non-polymer"", 523.2, 0]]"
4XOQ,2.05,9044_30,0,P9WP79,ABCD,"[[""F42"", [""A"", ""B"", ""C"", ""D""], ""non-polymer"", 773.6, 0]]"
4XSR,2.39,48390_30,1,A0ACD6B985,AB,"[[""UPG"", [""A"", ""B""], ""non-polymer"", 566.3, 0]]"
4XT4,1.891,20837_30,3,P71968,A,"[[""NAP"", [""A""], ""non-polymer"", 743.4, 0], [""44W"", [""A""], ""non-polymer"", 179.2, 0]]"
4XT6,1.85,20837_30,3,P71968,A,"[[""44V"", [""A""], ""non-polymer"", 181.2, 0], [""NAP"", [""A""], ""non-polymer"", 743.4, 0]]"
4XTQ,1.64,14772_30,1,A0A161I5N6,A,"[[""BL8"", [""A""], ""non-polymer"", 584.7, 0]]"
4XV1,2.47,969_30,4,P15056,AB,"[[""904"", [""A""], ""non-polymer"", 512.5, 0]]"
4XX4,2.4,1093_30,0,P00797,AB,"[[""70Y"", [""A"", ""B""], ""non-polymer"", 418.5, 0]]"
4XXG,0.85,7738_30,2,P12676,A,"[[""FAD"", [""A""], ""non-polymer"", 785.5, 0]]"
4XXI,2.2,4936_30,1,P80559,AB,"[[""CYC"", [""A"", ""B""], ""non-polymer"", 588.7, 0]]"
4Y3I,1.69,12538_30,4,Q9RZA4,A,"[[""LBV"", [""A""], ""non-polymer"", 585.7, 1]]"
4Y4S,1.75,35478_30,2,Q66G68,A,"[[""HEM"", [""A""], ""non-polymer"", 616.5, 0]]"
4Y8V,2.099,7605_30,0,B1L3C9;B1L7P8,ABCD,"[[""ADP"", [""A"", ""B"", ""C"", ""D""], ""non-polymer"", 427.2, 0]]"
4Y9J,1.8,4861_30,4,Q9XWZ2,AB,"[[""FAD"", [""A"", ""B""], ""non-polymer"", 785.5, 0]]"
4YBZ,2.1,7605_30,0,B1L3C9;B1L7P8,ABCD,"[[""ADP"", [""D""], ""non-polymer"", 427.2, 0]]"
4YCB,1.35,2753_30,1,Q2QJL3,AB,"[[""PGF"", [""B""], ""non-polymer"", 192.3, 0]]"
4YDQ,2.3,2435_30,0,Q8I5R7,AB,"[[""HFG"", [""A"", ""B""], ""non-polymer"", 414.7, 0], [""ANP"", [""A"", ""B""], ""non-polymer"", 506.2, 0]]"
4YGF,2.0,25748_30,0,A0A0M3KL20,ABCDEFGH,"[[""AZM"", [""A"", ""B"", ""C"", ""D"", ""E"", ""F"", ""G"", ""H""], ""non-polymer"", 222.2, 0]]"
4YJ1,2.05,26122_30,3,Q57ZF2,A,"[[""ADP"", [""A""], ""non-polymer"", 427.2, 0]]"
4YJD,2.3,3396_30,1,P00371,AB,"[[""FAD"", [""A"", ""B""], ""non-polymer"", 785.5, 0]]"
4YKG,2.4,6012_30,2,P35340,A,"[[""FAD"", [""A""], ""non-polymer"", 785.5, 0], [""NAD"", [""A""], ""non-polymer"", 663.4, 0]]"
4YKH,1.52,435_30,2,P02794,A,"[[""BCN"", [""A""], ""non-polymer"", 163.2, 0]]"
4YL0,1.52,5507_30,3,O14684,A,"[[""4DZ"", [""A""], ""non-polymer"", 378.8, 0], [""GSH"", [""A""], ""peptide-like"", 307.3, 0]]"
4YMG,1.899,27948_30,1,Q9HGR1,AB,"[[""SAM"", [""A"", ""B""], ""non-polymer"", 398.4, 0]]"
4YML,1.75,720_30,2,P0AF12,A,"[[""4F0"", [""A""], ""non-polymer"", 293.4, 0]]"
4YQE,1.33,1192_30,0,P0A8G6,AB,"[[""FMN"", [""A"", ""B""], ""non-polymer"", 456.3, 0]]"
4YQN,2.2,144_30,1,P43912,A,"[[""4H3"", [""A""], ""non-polymer"", 251.3, 0]]"
4YQT,1.6,144_30,1,P43912,A,"[[""4H8"", [""A""], ""non-polymer"", 223.3, 0]]"
4YRO,2.5,5212_30,2,Q4DA54,A,"[[""4JO"", [""A""], ""non-polymer"", 187.0, 0], [""HIS"", [""A""], ""L-peptide linking"", 156.2, 1]]"
4YSW,1.99,1474_30,0,P22985,AB,"[[""FES"", [""A"", ""B""], ""non-polymer"", 175.8, 0], [""FAD"", [""A"", ""B""], ""non-polymer"", 785.5, 0], [""NAI"", [""A"", ""B""], ""non-polymer"", 665.4, 0], [""URC"", [""A"", ""B""], ""non-polymer"", 168.1, 0]]"
4YWB,1.5,1016_30,4,P07379,AC,"[[""1WD"", [""A"", ""C""], ""non-polymer"", 155.2, 0]]"
4YWH,2.35,26217_30,3,A6VLM7,AB,"[[""XYP"", [""A"", ""B""], ""D-saccharide, beta linking"", 150.1, 0]]"
4Z24,2.0,22264_30,0,Q5UPL2,AB,"[[""FAD"", [""A"", ""B""], ""non-polymer"", 785.5, 0]]"
4Z33,2.45,2617_30,2,O00560;O75084,ABCD,"[[""IP2"", [""A""], ""non-polymer"", 340.1, 0]]"
4Z4W,1.8,887_30,0,Q5F4T5,AB,"[[""FUL"", [""A""], ""L-saccharide, beta linking"", 164.2, 0]]"
4Z6T,1.5,5764_30,2,Q45135,ABCD,"[[""4SX"", [""C""], ""non-polymer"", 190.2, 0]]"
4Z9B,2.41,6929_30,2,P24666,A,"[[""B85"", [""A""], ""non-polymer"", 172.1, 0]]"
4Z9L,2.1,1338_30,4,P53779,A,"[[""ANP"", [""A""], ""non-polymer"", 506.2, 0], [""880"", [""A""], ""non-polymer"", 513.5, 0]]"
4ZBX,1.7,16391_30,3,Q96YD0,A,"[[""SF4"", [""A""], ""non-polymer"", 351.6, 0]]"
4ZCP,1.98,4007_30,0,Q8IEE9,A,"[[""C5P"", [""A""], ""non-polymer"", 323.2, 0]]"
4ZCS,2.45,4007_30,0,Q8IEE9,ABCDEF,"[[""P33"", [""B"", ""D""], ""non-polymer"", 326.4, 0], [""CDC"", [""A"", ""B"", ""C"", ""D"", ""E"", ""F""], ""non-polymer"", 488.3, 0]]"
4ZDC,2.13,9082_30,0,Q05871,ABC,"[[""CO8"", [""A"", ""B"", ""C""], ""non-polymer"", 893.7, 0]]"
4ZFN,1.901,36944_30,0,Q97W22,AB,"[[""5GP"", [""A"", ""B""], ""non-polymer"", 363.2, 0]]"
4ZHC,2.04,3297_30,4,P80188,ABC,"[[""TC2"", [""A"", ""B"", ""C""], ""non-polymer"", 555.5, 0], [""TH"", [""A"", ""B"", ""C""], ""non-polymer"", 232.0, 4]]"
4ZQL,1.79,8037_30,1,O15164,AB,"[[""4QH"", [""B""], ""non-polymer"", 499.5, 0]]"
4ZQO,1.76,437_30,4,P9WKI7,A,"[[""IMP"", [""A""], ""non-polymer"", 348.2, 0], [""Q67"", [""A""], ""non-polymer"", 427.3, 0]]"
4ZS4,2.4,14651_30,2,P42527,AB,"[[""ATP"", [""A"", ""B""], ""non-polymer"", 507.2, 0]]"
4ZT7,2.4,3255_30,4,Q38C91,AB,"[[""4RC"", [""B""], ""non-polymer"", 409.3, 0]]"
4ZTE,2.13,12555_30,4,P12830,AB,"[[""4RL"", [""A"", ""B""], ""non-polymer"", 574.7, 0]]"
4ZU4,1.7,22827_30,4,Q12KT8,ABCDEF,"[[""4TG"", [""A"", ""B"", ""C""], ""non-polymer"", 575.4, 0]]"
4ZYB,1.5,16457_30,3,O33599,ABCD,"[[""4SQ"", [""A"", ""B"", ""C"", ""D""], ""non-polymer"", 281.2, 0]]"
5A02,2.0,15468_30,1,Q9A8X3,ABCDEF,"[[""NAP"", [""A"", ""B"", ""C"", ""D"", ""E"", ""F""], ""non-polymer"", 743.4, 0]]"
5A0Y,1.1,4059_30,4,P11558;P11560;P11562,ABCDEF,"[[""TP7"", [""A"", ""D""], ""non-polymer"", 343.3, 0]]"
5A1L,2.0,6028_30,3,O14607,AB,"[[""S2I"", [""A"", ""B""], ""non-polymer"", 375.5, 0]]"
5A1T,1.97,19992_30,0,O96445,AB,"[[""NAI"", [""A"", ""B""], ""non-polymer"", 665.4, 0]]"
5A3B,1.9,36010_30,4,P0DN71,A,"[[""APR"", [""A""], ""non-polymer"", 559.3, 0]]"
5A51,1.602,2875_30,4,Q9LVH4,AB,"[[""SEP"", [""B""], ""L-peptide linking"", 185.1, 0]]"
5A65,1.98,19219_30,0,Q8JZL3,AB,"[[""TPP"", [""A"", ""B""], ""non-polymer"", 425.3, 1]]"
5A7R,1.95,4595_30,0,Q86W56,A,"[[""AR6"", [""A""], ""non-polymer"", 559.3, 0]]"
5A8A,1.8,2088_30,1,Q59263,AB,"[[""ADP"", [""A"", ""B""], ""non-polymer"", 427.2, 0], [""FMN"", [""A"", ""B""], ""non-polymer"", 456.3, 0]]"
5A9U,1.6,2750_30,4,Q9UM73,A,"[[""5P8"", [""A""], ""non-polymer"", 406.4, 0]]"
5AAA,1.73,2750_30,4,Q9UM73,A,"[[""VGH"", [""A""], ""non-polymer"", 450.3, 0]]"
5AD1,1.32,5521_30,4,Q0P8Q4,A,"[[""8LC"", [""A""], ""non-polymer"", 416.5, 0]]"
5ADJ,2.217,488_30,2,P29473,AB,"[[""HEM"", [""A"", ""B""], ""non-polymer"", 616.5, 0], [""H4B"", [""A"", ""B""], ""non-polymer"", 241.2, 0], [""M94"", [""A"", ""B""], ""non-polymer"", 307.4, 0]]"
5AE3,2.18,5356_30,0,P97275,ABCD,"[[""FAD"", [""A"", ""B"", ""C"", ""D""], ""non-polymer"", 785.5, 0], [""AWB"", [""A"", ""B"", ""C"", ""D""], ""non-polymer"", 548.6, 0]]"
5AF7,1.89,2429_30,0,K4L7X3,AB,"[[""FAD"", [""A"", ""B""], ""non-polymer"", 785.5, 0]]"
5AHF,2.201,188_30,1,P10372,A,"[[""GUO"", [""A""], ""non-polymer"", 577.3, 0]]"
5AIN,2.3,2304_30,4,Q8WSF8,ABCDE,"[[""QMR"", [""A"", ""B"", ""C"", ""D"", ""E""], ""non-polymer"", 211.3, 0]]"
5AJP,1.65,271209_30,0,P98088;Q10471,AB,"[[""UDP"", [""A""], ""RNA linking"", 404.2, 0]]"
5AJQ,2.2,6677_30,0,O94804,AB,"[[""DB8"", [""A"", ""B""], ""non-polymer"", 530.4, 0]]"
5AL9,1.37,16229_30,1,Q4Q3K2,A,"[[""HEM"", [""A""], ""non-polymer"", 616.5, 0]]"
5ALK,2.33,1167_30,3,P34913,A,"[[""WMR"", [""A""], ""non-polymer"", 290.4, 0]]"
5AO9,1.58,21434_30,1,A0A0X1KHD1,A,"[[""PE8"", [""A""], ""non-polymer"", 370.4, 0]]"
5APG,1.6,10815_30,3,E1QU22,ABC,"[[""EEM"", [""A"", ""B"", ""C""], ""non-polymer"", 446.3, 1]]"
5ARC,1.1,1021_30,3,P29600,A,"[[""EI3"", [""A""], ""non-polymer"", 184.2, 0]]"
5AV3,1.9,2372_30,3,P53355,A,"[[""KMP"", [""A""], ""non-polymer"", 286.2, 0]]"
5AX9,2.4,2473_30,0,Q9UKE5,ABC,"[[""4KT"", [""A"", ""B"", ""C""], ""non-polymer"", 416.5, 0]]"
5B36,2.15,18877_30,1,Q9YBL2,AB,"[[""PLP"", [""A"", ""B""], ""non-polymer"", 247.1, 0]]"
5B6D,1.65,44288_30,4,B4Y380,AB,"[[""C5P"", [""A"", ""B""], ""non-polymer"", 323.2, 0]]"
5B7N,1.399,50129_30,4,A0KGU9,AB,"[[""SAH"", [""A"", ""B""], ""non-polymer"", 384.4, 0]]"
5B80,1.7,30530_30,2,Q9WYP7,AB,"[[""1PG"", [""A"", ""B""], ""non-polymer"", 252.3, 0]]"
5B87,2.28,2005_30,4,B6YT87,AB,"[[""PLP"", [""A"", ""B""], ""non-polymer"", 247.1, 0]]"
5B89,1.5,2005_30,4,B6YT87,AB,"[[""PLP"", [""A"", ""B""], ""non-polymer"", 247.1, 0]]"
5B8I,1.85,11873_30,2,A0A0D8JSK0;J3K5Z5;J3K8M7,ABC,"[[""FK5"", [""C""], ""non-polymer"", 804.0, 0]]"
5BPY,2.31,678_30,1,Q06187,AB,"[[""4UQ"", [""A"", ""B""], ""non-polymer"", 584.7, 0]]"
5BQI,1.88,5507_30,3,O14684,A,"[[""4UL"", [""A""], ""non-polymer"", 495.4, 0], [""GSH"", [""A""], ""peptide-like"", 307.3, 0]]"
5BQP,1.7,36944_30,0,Q97W22,ABCD,"[[""4UO"", [""A"", ""B"", ""C"", ""D""], ""non-polymer"", 284.2, 0]]"
5BR7,1.95,4658_30,0,Q6NER4,A,"[[""FAD"", [""A""], ""non-polymer"", 785.5, 0]]"
5BRP,2.05,3223_30,4,Q65MI2,ABCD,"[[""PNG"", [""A"", ""B"", ""C""], ""D-saccharide"", 301.2, 0]]"
5BSZ,2.0,14040_30,2,K4P132,A,"[[""THM"", [""A""], ""DNA OH 5 prime terminus"", 242.2, 0], [""SAH"", [""A""], ""non-polymer"", 384.4, 0]]"
5BT9,1.5,78382_30,2,A9MA73,ABCD,"[[""NAP"", [""A"", ""B"", ""C"", ""D""], ""non-polymer"", 743.4, 0]]"
5BUC,1.867,1822_30,3,P16083,AB,"[[""FAD"", [""A"", ""B""], ""non-polymer"", 785.5, 0], [""ET"", [""A"", ""B""], ""non-polymer"", 314.4, 1]]"
5BVC,2.0,636_30,0,B3VI55,A,"[[""4PW"", [""A""], ""non-polymer"", 162.1, 0], [""ADP"", [""A""], ""non-polymer"", 427.2, 0]]"
5BVK,2.29,4128_30,3,Q08345,A,"[[""4VC"", [""A""], ""non-polymer"", 261.7, 0]]"
5BVN,2.21,4128_30,3,Q08345,A,"[[""4VD"", [""A""], ""non-polymer"", 417.4, 0]]"
5BXO,1.334,193375_30,4,Q9H2K2,ABCD,"[[""4XP"", [""C"", ""D""], ""non-polymer"", 206.2, 0]]"
5C0K,2.2,2781_30,2,P98170,A,"[[""4WK"", [""A""], ""non-polymer"", 188.2, 1]]"
5C1G,1.46,1180_30,4,P16442,A,"[[""GDU"", [""A""], ""non-polymer"", 566.3, 0], [""DA8"", [""A""], ""non-polymer"", 422.5, 0]]"
5C1R,1.802,336_30,0,P9WFX5,AB,"[[""51N"", [""A"", ""B""], ""D-saccharide"", 390.1, 0]]"
5C2O,2.35,27760_30,2,Q8DSE5,AB,"[[""TTP"", [""A"", ""B""], ""non-polymer"", 482.2, 0]]"
5C3K,2.02,2781_30,2,P98170,A,"[[""4XF"", [""A""], ""non-polymer"", 181.2, 1]]"
5C3Z,1.9,4769_30,4,Q9H477,AB,"[[""ACP"", [""A"", ""B""], ""non-polymer"", 505.2, 0]]"
5C4I,2.274,11765_30,0,Q2RI40;Q2RI41;Q2RI42,ABCDEF,"[[""TPP"", [""C"", ""F""], ""non-polymer"", 425.3, 1], [""SF4"", [""B"", ""C"", ""E"", ""F""], ""non-polymer"", 351.6, 0]]"
5C4N,1.63,21546_30,2,O68098,D,"[[""NAP"", [""D""], ""non-polymer"", 743.4, 0]]"
5C8W,1.8,2929_30,2,Q13237,ABCDEF,"[[""PCG"", [""A"", ""B"", ""C"", ""D"", ""E"", ""F""], ""non-polymer"", 345.2, 0]]"
5CA6,1.9,2689_30,4,A0A1A9TAH8,AB,"[[""VCA"", [""B""], ""non-polymer"", 282.5, 0]]"
5CED,2.02,29174_30,1,Q6MHS9;Q6MHT0,AB,"[[""PNM"", [""A""], ""non-polymer"", 336.4, 0]]"
5CFL,1.836,14080_30,4,A7SLZ2,AB,"[[""C2E"", [""A""], ""non-polymer"", 690.4, 0]]"
5CFU,1.82,21582_30,3,Q6X3H6,A,"[[""POP"", [""A""], ""non-polymer"", 176.0, -2], [""51H"", [""A""], ""non-polymer"", 796.7, 0]]"
5CGA,1.87,921_30,3,Q6GEY3,ABCEFH,"[[""KP6"", [""A"", ""B"", ""C"", ""E"", ""F"", ""H""], ""non-polymer"", 154.2, 0]]"
5CHC,2.38,21570_30,2,G8QM54;G8QM55,ABCDEF,"[[""MD1"", [""A"", ""C"", ""E""], ""non-polymer"", 740.6, 0], [""MGD"", [""A"", ""C"", ""E""], ""non-polymer"", 740.6, 0], [""SF4"", [""A"", ""B"", ""C"", ""D"", ""E"", ""F""], ""non-polymer"", 351.6, 0], [""F3S"", [""B"", ""D"", ""F""], ""non-polymer"", 295.8, 0]]"
5CI9,2.3,16219_30,2,P50616,A,"[[""549"", [""A""], ""non-polymer"", 204.2, 0]]"
5CIT,1.75,906_30,1,P62826,AB,"[[""GDP"", [""A"", ""B""], ""RNA linking"", 443.2, 0]]"
5CIW,1.75,906_30,1,P62826,AB,"[[""GDP"", [""A"", ""B""], ""RNA linking"", 443.2, 0]]"
5CO4,1.7,5473_30,1,Q72G96,AB,"[[""MTA"", [""A"", ""B""], ""non-polymer"", 297.3, 0]]"
5COM,1.85,30943_30,3,Q187F5,AB,"[[""TAR"", [""A""], ""non-polymer"", 150.1, 0]]"
5CPR,2.22,12086_30,4,Q4FZB7,B,"[[""SAM"", [""B""], ""non-polymer"", 398.4, 0], [""539"", [""B""], ""non-polymer"", 359.3, 0]]"
5CSM,2.0,5974_30,3,P32178,A,"[[""TRP"", [""A""], ""L-peptide linking"", 204.2, 0]]"
5CUG,1.78,672_30,4,Q9UIF8,A,"[[""TYZ"", [""A""], ""non-polymer"", 179.2, 0]]"
5CVJ,1.8,1196_30,0,O04385,ABCD,"[[""N7I"", [""A"", ""B"", ""C"", ""D""], ""non-polymer"", 180.2, 0], [""SAH"", [""A"", ""B"", ""C"", ""D""], ""non-polymer"", 384.4, 0]]"
5D02,1.87,1423_30,3,Q9K169,ABCD,"[[""PEP"", [""A"", ""B"", ""C"", ""D""], ""non-polymer"", 168.0, 0]]"
5D0G,1.6,18397_30,0,A0ACG7XHX2,AB,"[[""GTP"", [""A"", ""B""], ""non-polymer"", 523.2, 0]]"
5D0R,2.24,5300_30,4,Q96PN6,A,"[[""B1T"", [""A""], ""non-polymer"", 356.1, 0]]"
5D1S,2.1,7066_30,4,P15917,A,"[[""56Q"", [""A""], ""non-polymer"", 290.3, 0]]"
5D69,1.97,16470_30,2,P04632,AB,"[[""57T"", [""A"", ""B""], ""non-polymer"", 610.2, 0]]"
5D79,1.849,1353_30,4,Q9FI21,AB,"[[""FAD"", [""A"", ""B""], ""non-polymer"", 785.5, 0]]"
5DAS,2.2,852_30,4,P9WJJ5,ABCD,"[[""NAP"", [""A"", ""B"", ""C"", ""D""], ""non-polymer"", 743.4, 0]]"
5DB4,2.28,852_30,4,B1MMZ4,AB,"[[""ATP"", [""A"", ""B""], ""non-polymer"", 507.2, 0]]"
5DC5,1.94,3358_30,3,Q9BY41,AB,"[[""B3N"", [""A"", ""B""], ""non-polymer"", 307.4, 0]]"
5DCB,2.05,1423_30,3,Q9K169,ABCD,"[[""PEP"", [""A"", ""B"", ""C"", ""D""], ""non-polymer"", 168.0, 0], [""PHE"", [""A"", ""B"", ""C"", ""D""], ""L-peptide linking"", 165.2, 0]]"
5DDW,2.3,24015_30,1,H8Y6N2,ABCD,"[[""5B6"", [""A"", ""B"", ""C"", ""D""], ""non-polymer"", 430.4, 0]]"
5DF1,1.75,4411_30,3,K7WDL7,AB,"[[""58X"", [""A"", ""B""], ""non-polymer"", 168.2, 0], [""NAP"", [""A"", ""B""], ""non-polymer"", 743.4, 0]]"
5DF7,2.0,1351_30,1,Q51504,AB,"[[""59H"", [""A"", ""B""], ""non-polymer"", 463.5, 0]]"
5DJ9,1.55,1402_30,1,S8EY38,AB,"[[""BTB"", [""A""], ""non-polymer"", 209.2, 0], [""PXG"", [""A"", ""B""], ""non-polymer"", 368.3, 0]]"
5DJI,1.659,20397_30,3,P9WKJ1,A,"[[""AMP"", [""A""], ""non-polymer"", 347.2, 0]]"
5DKY,1.6,2808_30,3,G0SG42,A,"[[""NOJ"", [""A""], ""D-saccharide"", 163.2, 0]]"
5DMZ,2.4,9768_30,0,O43683,AB,"[[""ADP"", [""A"", ""B""], ""non-polymer"", 427.2, 0]]"
5DSX,2.41,4193_30,4,Q8TEK3,AB,"[[""5EW"", [""A"", ""B""], ""non-polymer"", 486.0, 0]]"
5DTM,2.2,4193_30,4,Q8TEK3,AB,"[[""5F4"", [""A"", ""B""], ""non-polymer"", 297.1, 0]]"
5DUF,1.5,16153_30,1,P9WNP1,A,"[[""G7A"", [""A""], ""non-polymer"", 339.3, 0]]"
5DWD,1.66,26434_30,3,G4RFI7,AB,"[[""1PG"", [""B""], ""non-polymer"", 252.3, 0]]"
5DX0,2.05,2527_30,1,P84243;Q86X55,ABCDFGHI,"[[""SFG"", [""A"", ""B"", ""C"", ""D""], ""non-polymer"", 381.4, 0]]"
5E1D,1.45,6123_30,1,P18754;Q9BV86,ABDE,"[[""SAH"", [""A"", ""B""], ""non-polymer"", 384.4, 0]]"
5E2A,1.75,6123_30,1,P18754;Q9BV86,ABDE,"[[""SAH"", [""A"", ""B""], ""non-polymer"", 384.4, 0]]"
5E3I,2.2,252_30,1,B0VKR7,AB,"[[""ATP"", [""A"", ""B""], ""non-polymer"", 507.2, 0], [""HIS"", [""A"", ""B""], ""L-peptide linking"", 156.2, 1]]"
5E7D,1.87,4190_30,0,Q86U86,ABCD,"[[""5KL"", [""A"", ""B"", ""C"", ""D""], ""non-polymer"", 191.2, 0]]"
5E7R,2.11,6673_30,3,O43318;Q15750,A,"[[""5KW"", [""A""], ""non-polymer"", 487.4, 0]]"
5EAR,1.8,785_30,0,P61964,AB,"[[""5MQ"", [""A"", ""B""], ""non-polymer"", 427.5, 0]]"
5EC9,2.3,206029_30,1,P19793;Q15596,AB,"[[""5LO"", [""A""], ""non-polymer"", 390.5, 0]]"
5ECI,1.56,2106_30,2,Q8L7C9;Q9SKE2,ABCDEF,"[[""GSH"", [""B"", ""C"", ""E"", ""F""], ""peptide-like"", 307.3, 0], [""ATP"", [""A"", ""D""], ""non-polymer"", 507.2, 0], [""JAA"", [""A"", ""D""], ""non-polymer"", 210.3, 0]]"
5EG2,1.55,238280_30,2,Q12962;Q8WTS6,AB,"[[""SAH"", [""A""], ""non-polymer"", 384.4, 0]]"
5EGF,2.29,23219_30,0,F1CWE4,ABCD,"[[""C8E"", [""A"", ""B"", ""C"", ""D""], ""non-polymer"", 306.4, 0]]"
5EJ6,2.243,1706_30,0,P17109,ABCDEFGH,"[[""TD6"", [""A"", ""B"", ""C"", ""D"", ""E"", ""F"", ""G"", ""H""], ""non-polymer"", 527.4, 1]]"
5EK3,2.209,1466_30,0,P14902,AB,"[[""5PK"", [""A"", ""B""], ""non-polymer"", 282.4, 0], [""HEM"", [""A"", ""B""], ""non-polymer"", 616.5, 0]]"
5EL2,1.75,13671_30,3,A0A1U7F4W2,AB,"[[""KBR"", [""A"", ""B""], ""non-polymer"", 229.3, 0]]"
5EMH,2.1,4411_30,3,K7WDL7,A,"[[""NAP"", [""A""], ""non-polymer"", 743.4, 0]]"
5EOW,2.1,4053_30,1,Q88FY2,A,"[[""FAD"", [""A""], ""non-polymer"", 785.5, 0]]"
5EPE,1.9,24311_30,3,Q3SJX0,A,"[[""SAH"", [""A""], ""non-polymer"", 384.4, 0]]"
5EQE,2.4,5659_30,1,P35790,AB,"[[""5R8"", [""A"", ""B""], ""non-polymer"", 233.4, 0]]"
5ERR,1.65,2736_30,1,Q03555,A,"[[""ADP"", [""A""], ""non-polymer"", 427.2, 0]]"
5ERV,1.8,2736_30,1,Q03555,A,"[[""WO4"", [""A""], ""non-polymer"", 247.8, 0], [""W"", [""A""], ""non-polymer"", 183.8, 6], [""ADP"", [""A""], ""non-polymer"", 427.2, 0]]"
5ETO,1.07,2630_30,2,P26281,A,"[[""5RY"", [""A""], ""non-polymer"", 316.3, 0], [""APC"", [""A""], ""non-polymer"", 505.2, 0]]"
5ETT,1.55,2630_30,2,Q2G0Q5,AB,"[[""5RY"", [""A"", ""B""], ""non-polymer"", 316.3, 0], [""APC"", [""A"", ""B""], ""non-polymer"", 505.2, 0]]"
5EW0,1.3,12776_30,4,Q9RMI1,AB,"[[""3C7"", [""A"", ""B""], ""non-polymer"", 237.4, 0]]"
5EW3,2.5,2505_30,4,P35968,AB,"[[""5T2"", [""A"", ""B""], ""non-polymer"", 371.4, 0]]"
5EX4,2.25,2890_30,2,O53512,AB,"[[""TRP"", [""A"", ""B""], ""L-peptide linking"", 204.2, 0]]"
5EZ4,2.11,1632_30,4,Q9L4P8,ABCD,"[[""NAD"", [""A"", ""B"", ""C"", ""D""], ""non-polymer"", 663.4, 0]]"
5EZR,2.5,12300_30,2,A5K0N4,A,"[[""4ZS"", [""A""], ""non-polymer"", 523.6, 0]]"
5F1U,2.35,194_30,2,Q9PPB4,ABCD,"[[""3VN"", [""A"", ""D""], ""non-polymer"", 318.4, 0]]"
5F23,1.5,766_30,2,Q9HUP3,A,"[[""NAD"", [""A""], ""non-polymer"", 663.4, 0]]"
5F24,2.5,3571_30,1,Q2FVV7,AB,"[[""IPD"", [""A"", ""B""], ""non-polymer"", 258.1, -2]]"
5F29,1.821,45504_30,2,Q2FZQ4,AB,"[[""2BA"", [""A""], ""non-polymer"", 658.4, 0]]"
5F3E,2.16,2399_30,1,O75164,ABCD,"[[""5UO"", [""A"", ""B"", ""C"", ""D""], ""non-polymer"", 434.9, 0]]"
5F3G,2.5,2399_30,1,O75164,ABCD,"[[""5UL"", [""A"", ""B"", ""C"", ""D""], ""non-polymer"", 448.9, 0]]"
5F6U,1.552,2050_30,0,P63279,A,"[[""5VK"", [""A""], ""non-polymer"", 286.3, 0]]"
5F79,2.4,1039_30,4,Q30NP1,A,"[[""4V7"", [""A""], ""non-polymer"", 471.5, 0]]"
5FAJ,1.64,1189_30,1,O86786,ABCD,"[[""DCS"", [""A"", ""B"", ""C"", ""D""], ""non-polymer"", 333.2, 0]]"
5FAL,1.861,3122_30,2,R9RYW2,A,"[[""SKT"", [""A""], ""non-polymer"", 320.3, 0], [""COA"", [""A""], ""non-polymer"", 767.5, 0]]"
5FAN,1.901,3122_30,2,R9RYW2,A,"[[""DHB"", [""A""], ""non-polymer"", 154.1, 0]]"
5FBC,1.75,10017_30,2,P24021,A,"[[""AS"", [""A""], ""DNA linking"", 347.3, 0]]"
5FBD,1.75,10017_30,2,P24021,A,"[[""DCZ"", [""A""], ""DNA OH 5 prime terminus"", 227.2, 0]]"
5FE1,2.22,3653_30,3,Q92831,AB,"[[""12Q"", [""A"", ""B""], ""non-polymer"", 159.2, 0]]"
5FEN,1.55,1340_30,1,P50120,AB,"[[""RET"", [""A"", ""B""], ""non-polymer"", 284.4, 0]]"
5FF2,1.47,7291_30,1,Q9X0Z6,A,"[[""5XB"", [""A""], ""non-polymer"", 177.2, 0], [""SAH"", [""A""], ""non-polymer"", 384.4, 0], [""CPS"", [""A""], ""non-polymer"", 614.9, 0], [""SF4"", [""A""], ""non-polymer"", 351.6, 0]]"
5FFF,1.501,2281_30,4,A0A1A9TAK5,AB,"[[""NAP"", [""A"", ""B""], ""non-polymer"", 743.4, 0], [""5XC"", [""A""], ""non-polymer"", 150.1, 0]]"
5FFR,2.2,2994_30,0,P08427,A,"[[""PC"", [""A""], ""non-polymer"", 184.2, 1]]"
5FG4,1.65,394_30,2,P55201,A,"[[""5XE"", [""A""], ""non-polymer"", 440.3, 0]]"
5FGK,2.36,3006_30,3,P24863;P49336,AB,"[[""5XG"", [""A""], ""non-polymer"", 396.9, 0]]"
5FI7,2.5,3197_30,2,O94925,ABCD,"[[""5XZ"", [""A"", ""C""], ""non-polymer"", 521.6, 0]]"
5FJT,2.11,6667_30,3,Q44244,ABCD,"[[""5CR"", [""A"", ""B"", ""C"", ""D""], ""L-peptide linking"", 207.2, 0]]"
5FKN,1.8,2668_30,2,P0ACT4,AB,"[[""TDC"", [""A"", ""B""], ""non-polymer"", 426.4, 0]]"
5FQN,1.657,4997_30,4,Q6NZB1,A,"[[""SAH"", [""A""], ""non-polymer"", 384.4, 0]]"
5FSD,1.75,110_30,0,P41020;P41021;P41022,ABC,"[[""DBX"", [""C""], ""non-polymer"", 190.2, 0]]"
5FTS,2.2,2381_30,0,Q9HU22,ABCD,"[[""P3I"", [""A"", ""B"", ""C"", ""D""], ""non-polymer"", 465.3, 0]]"
5FVZ,2.048,488_30,2,P29473,AB,"[[""W67"", [""A"", ""B""], ""non-polymer"", 298.4, 0], [""H4B"", [""A"", ""B""], ""non-polymer"", 241.2, 0], [""HEM"", [""A"", ""B""], ""non-polymer"", 616.5, 0]]"
5FXS,1.9,5594_30,0,P08069,A,"[[""OZN"", [""A""], ""non-polymer"", 508.0, 0]]"
5G0P,2.1,251_30,4,P29476,AB,"[[""HEM"", [""A"", ""B""], ""non-polymer"", 616.5, 0], [""H4B"", [""A"", ""B""], ""non-polymer"", 241.2, 0], [""W67"", [""A"", ""B""], ""non-polymer"", 298.4, 0]]"
5G10,1.71,6192_30,4,Q9HXM1,AB,"[[""6DK"", [""A"", ""B""], ""non-polymer"", 319.3, 0]]"
5G55,2.45,1660_30,0,P48736,A,"[[""3QH"", [""A""], ""non-polymer"", 330.4, 0]]"
5G6V,2.2,9158_30,3,Q00536,AB,"[[""919"", [""A"", ""B""], ""non-polymer"", 553.6, 0]]"
5GGJ,1.424,12122_30,2,Q8WZA1,AB,"[[""PNA"", [""A"", ""B""], ""D-saccharide"", 301.2, 0]]"
5GI6,1.65,11462_30,3,Q94521,A,"[[""COA"", [""A""], ""non-polymer"", 767.5, 0]]"
5GJP,2.5,2798_30,4,O50657,A,"[[""PLP"", [""A""], ""non-polymer"", 247.1, 0]]"
5GLO,1.8,11232_30,0,,AB,"[[""ARA"", [""A"", ""B""], ""L-saccharide, alpha linking"", 150.1, 0], [""FUB"", [""A"", ""B""], ""L-saccharide, beta linking"", 150.1, 0]]"
5GLP,1.8,11232_30,0,,AB,"[[""ARA"", [""A"", ""B""], ""L-saccharide, alpha linking"", 150.1, 0]]"
5GN6,2.5,249_30,1,D3KVM3,ABCD,"[[""6Y0"", [""A"", ""B"", ""C"", ""D""], ""non-polymer"", 234.2, 0]]"
5GQI,1.3,6324_30,4,P11041,A,"[[""CTP"", [""A""], ""non-polymer"", 483.2, 0], [""ATP"", [""A""], ""non-polymer"", 507.2, 0]]"
5GST,2.0,2115_30,0,P04905,AB,"[[""GDN"", [""A"", ""B""], ""non-polymer"", 473.4, 0]]"
5GUE,1.8,10647_30,1,C9K1X5,ABCD,"[[""GGS"", [""A"", ""B"", ""C"", ""D""], ""non-polymer"", 466.5, 0]]"
5GWV,2.4,16033_30,0,A0A010;P39476,ABCD,"[[""78S"", [""D""], ""non-polymer"", 418.5, 0]]"
5GWW,2.3,16033_30,0,A0A010;P39476,ABCD,"[[""7B5"", [""D""], ""non-polymer"", 432.5, 0]]"
5GXE,1.696,10852_30,0,Q5LS56,AB,"[[""NAP"", [""A"", ""B""], ""non-polymer"", 743.4, 0]]"
5GZZ,2.386,2106_30,2,P08515;Q9SKE2,ABCDEFG,"[[""GSH"", [""B"", ""C"", ""D"", ""E"", ""F"", ""G""], ""peptide-like"", 307.3, 0], [""JAA"", [""A""], ""non-polymer"", 210.3, 0]]"
5H18,1.4,3911_30,4,A0A2D0TCJ6,A,"[[""UPG"", [""A""], ""non-polymer"", 566.3, 0]]"
5H1T,1.951,8037_30,1,O15164,ABCD,"[[""7FF"", [""A"", ""B"", ""C"", ""D""], ""non-polymer"", 206.2, 0]]"
5H4S,1.8,5599_30,3,A0A090BWT0,A,"[[""RAM"", [""A""], ""L-saccharide, alpha linking"", 164.2, 0]]"
5H5E,2.09,15742_30,1,Q12314,A,"[[""SAH"", [""A""], ""non-polymer"", 384.4, 0]]"
5H5K,2.3,66_30,0,O67099,AB,"[[""ATP"", [""A"", ""B""], ""non-polymer"", 507.2, 0], [""C5P"", [""A"", ""B""], ""non-polymer"", 323.2, 0]]"
5H70,2.4,34705_30,2,Q970Q8,AB,"[[""ADP"", [""A"", ""B""], ""non-polymer"", 427.2, 0]]"
5H92,2.08,13290_30,4,O23813;P27787,ABC,"[[""FES"", [""C""], ""non-polymer"", 175.8, 0], [""SF4"", [""A"", ""B""], ""non-polymer"", 351.6, 0]]"
5HA5,1.95,1439_30,1,A0A0H3ATY4,ABCD,"[[""NAD"", [""B"", ""C"", ""D""], ""non-polymer"", 663.4, 0]]"
5HGR,1.681,4948_30,0,A0ACD6B967,AB,"[[""45D"", [""A"", ""B""], ""non-polymer"", 564.8, 0]]"
5HGZ,1.383,14016_30,0,Q9H7X0,A,"[[""ACO"", [""A""], ""non-polymer"", 809.6, 0]]"
5HH1,1.803,14016_30,0,Q9H7X0,A,"[[""COA"", [""A""], ""non-polymer"", 767.5, 0]]"
5HH3,2.1,52528_30,0,Q6ZZI8,AC,"[[""HEM"", [""A"", ""C""], ""non-polymer"", 616.5, 0]]"
5HH4,2.0,1467_30,2,P52699,ABCD,"[[""60M"", [""A"", ""B""], ""non-polymer"", 217.1, 0]]"
5HHY,1.7,2499_30,0,P21549,AB,"[[""PLR"", [""A"", ""B""], ""non-polymer"", 233.2, 0]]"
5HIL,2.471,13438_30,0,F6KV61,A,"[[""SAH"", [""A""], ""non-polymer"", 384.4, 0]]"
5HJK,2.0,28442_30,4,Q9V2G1,A,"[[""SAH"", [""A""], ""non-polymer"", 384.4, 0]]"
5HJM,1.762,28442_30,4,Q9V2G1,A,"[[""MTA"", [""A""], ""non-polymer"", 297.3, 0]]"
5HJX,1.799,5211_30,4,Q6N0W9,ABCDEF,"[[""CAP"", [""A"", ""B"", ""C"", ""D"", ""E"", ""F""], ""saccharide"", 356.1, 0]]"
5HKR,2.35,54293_30,2,,AB,"[[""60C"", [""B""], ""non-polymer"", 720.6, 0]]"
5HLA,2.36,8721_30,2,P02919,A,"[[""63U"", [""A""], ""non-polymer"", 349.4, 0]]"
5HLP,2.45,3957_30,0,P49841,AB,"[[""65A"", [""A"", ""B""], ""non-polymer"", 335.4, 0]]"
5HOX,1.9,9460_30,0,P05067,ABCDEF,"[[""JEF"", [""F""], ""non-polymer"", 597.8, 0]]"
5HPY,2.4,15286_30,3,P61586;Q13459,ABDF,"[[""GDP"", [""B"", ""F""], ""RNA linking"", 443.2, 0]]"
5HQT,1.598,13114_30,1,A0A0H3JGH6,A,"[[""NHE"", [""A""], ""non-polymer"", 207.3, 0]]"
5HS2,1.9,3281_30,0,Q06755,AB,"[[""CTP"", [""A""], ""non-polymer"", 483.2, 0]]"
5HTP,2.3,14385_30,0,Q31KC7,A,"[[""ANP"", [""A""], ""non-polymer"", 506.2, 0]]"
5HUA,1.3,18991_30,3,Q6FMA3,A,"[[""FK5"", [""A""], ""non-polymer"", 804.0, 0]]"
5HV7,2.35,14385_30,0,Q31KC7,A,"[[""RBL"", [""A""], ""D-saccharide"", 150.1, 0]]"
5HXZ,2.36,5262_30,4,Q8RSQ2,ABCD,"[[""MHA"", [""A"", ""D""], ""non-polymer"", 190.2, 0]]"
5I12,1.59,3884_30,1,P14780,A,"[[""H27"", [""A""], ""non-polymer"", 762.8, 0]]"
5I39,1.2,52483_30,4,Q9LCB2,A,"[[""FAD"", [""A""], ""non-polymer"", 785.5, 0]]"
5I7A,2.08,6244_30,3,P9WP53,ABCD,"[[""68Q"", [""A"", ""B"", ""C"", ""D""], ""non-polymer"", 325.1, 0], [""PLP"", [""A"", ""B"", ""C"", ""D""], ""non-polymer"", 247.1, 0]]"
5I7Y,1.4514,2760_30,0,Q9H8M2,A,"[[""69G"", [""A""], ""non-polymer"", 335.4, 0]]"
5IBY,1.85,2290_30,2,Q830N7,A,"[[""LPA"", [""A""], ""non-polymer"", 206.3, 0]]"
5ICH,1.85,2290_30,2,Q830N7,AB,"[[""SH5"", [""A"", ""B""], ""non-polymer"", 552.3, 0]]"
5ICM,1.68,5598_30,2,Q9BPX1,A,"[[""F45"", [""A""], ""non-polymer"", 325.3, 0], [""NAD"", [""A""], ""non-polymer"", 663.4, 0]]"
5IG2,1.8,15602_30,1,B2JGP2,ABC,"[[""NAD"", [""A"", ""B"", ""C""], ""non-polymer"", 663.4, 0]]"
5IGT,1.39,9109_30,4,Q47396,A,"[[""ERY"", [""A""], ""non-polymer"", 733.9, 0], [""GMP"", [""A""], ""non-polymer"", 283.2, 0]]"
5IH0,1.65,9109_30,4,A0A0H3EUF3,A,"[[""ERY"", [""A""], ""non-polymer"", 733.9, 0], [""GDP"", [""A""], ""RNA linking"", 443.2, 0]]"
5IJI,1.94,20790_30,0,P27896,A,"[[""LFA"", [""A""], ""non-polymer"", 282.5, 0]]"
5IKI,2.4,457_30,2,Q06069,AB,"[[""A9H"", [""B""], ""non-polymer"", 302.5, 0], [""HEM"", [""A"", ""B""], ""non-polymer"", 616.5, 0]]"
5IKW,2.41,16254_30,1,Q9NSY1,A,"[[""6BU"", [""A""], ""non-polymer"", 396.5, 0]]"
5IL2,1.606,2452_30,1,Q86U44;Q9HCE5,AB,"[[""SAH"", [""A""], ""non-polymer"", 384.4, 0]]"
5IPP,1.95,18105_30,3,O34600,ABCD,"[[""AMP"", [""A"", ""C""], ""non-polymer"", 347.2, 0]]"
5IPY,1.5,7587_30,4,A3SLM3,AB,"[[""NAP"", [""A"", ""B""], ""non-polymer"", 743.4, 0], [""FAD"", [""A"", ""B""], ""non-polymer"", 785.5, 0]]"
5IQ4,1.5,7587_30,4,A3SLM3,AB,"[[""FAD"", [""A"", ""B""], ""non-polymer"", 785.5, 0], [""NAP"", [""A"", ""B""], ""non-polymer"", 743.4, 0]]"
5IR2,2.079,183047_30,0,B7BGD3,A,"[[""NHE"", [""A""], ""non-polymer"", 207.3, 0], [""SRT"", [""A""], ""non-polymer"", 150.1, 0]]"
5ISG,2.418,2527_30,1,Q9WVG6,ABCD,"[[""6D6"", [""A"", ""B"", ""C"", ""D""], ""non-polymer"", 424.5, 0]]"
5IVG,1.95,9050_30,4,Q9UR08,ABCD,"[[""FPS"", [""A"", ""B"", ""C"", ""D""], ""non-polymer"", 398.4, 0]]"
5IWY,1.99,155_30,4,Q06756,ABCDEF,"[[""C5P"", [""A"", ""B"", ""C"", ""F""], ""non-polymer"", 323.2, 0]]"
5IXG,1.6,63260_30,2,,ABCD,"[[""OTP"", [""A"", ""B"", ""C"", ""D""], ""non-polymer"", 722.9, 0]]"
5J23,2.3,841_30,0,Q92LZ4,ABCD,"[[""A2R"", [""A"", ""B"", ""C"", ""D""], ""non-polymer"", 639.3, 0]]"
5J5Y,1.75,1948_30,3,P63073,ABCD,"[[""6G6"", [""A"", ""B""], ""non-polymer"", 698.1, 0]]"
5J62,2.15,201880_30,1,A0A9R0BIM6,AB,"[[""FMN"", [""A"", ""B""], ""non-polymer"", 456.3, 0]]"
5J7F,2.0,1166_30,2,Q00987,ABCD,"[[""6GG"", [""A"", ""B"", ""C"", ""D""], ""non-polymer"", 679.6, 0]]"
5J8O,2.3,2245_30,0,Q9NZQ7,AB,"[[""6GZ"", [""A""], ""non-polymer"", 494.4, 0]]"
5JCI,1.7,5481_30,0,Q652L6,A,"[[""FAD"", [""A""], ""non-polymer"", 785.5, 0]]"
5JD7,1.749,6080_30,4,Q13976,A,"[[""6JR"", [""A""], ""non-polymer"", 445.3, 0]]"
5JDZ,1.6,19917_30,2,Q9LBJ0,AB,"[[""SAH"", [""A"", ""B""], ""non-polymer"", 384.4, 0]]"
5JF6,1.7,1622_30,4,Q8E378,A,"[[""BB4"", [""A""], ""non-polymer"", 269.1, 0]]"
5JFN,1.9,14957_30,1,Q21A49,ABCD,"[[""COA"", [""B"", ""C"", ""D""], ""non-polymer"", 767.5, 0], [""1VU"", [""A""], ""non-polymer"", 823.6, 0]]"
5JFS,2.07,2402_30,1,P04629,A,"[[""6K0"", [""A""], ""non-polymer"", 451.4, 0]]"
5JIJ,1.82,8247_30,0,G7CGT2,A,"[[""NHE"", [""A""], ""non-polymer"", 207.3, 0]]"
5JJY,2.053,251230_30,3,P84243;Q9BYW2,AB,"[[""SAH"", [""A""], ""non-polymer"", 384.4, 0]]"
5JK3,2.371,6673_30,3,O43318;Q15750,A,"[[""6L4"", [""A""], ""non-polymer"", 370.8, 0]]"
5JLE,2.4,4924_30,0,Q9BYW2,A,"[[""SAH"", [""A""], ""non-polymer"", 384.4, 0]]"
5JLI,1.55,3062_30,4,P00138,A,"[[""ASC"", [""A""], ""L-saccharide"", 176.1, 0], [""HEC"", [""A""], ""non-polymer"", 620.5, 0]]"
5JR5,1.9,698_30,2,Q54436,ABCD,"[[""PS9"", [""A""], ""non-polymer"", 256.5, 0]]"
5K1R,2.104,3276_30,1,Q63IP8,AB,"[[""PLP"", [""A"", ""B""], ""non-polymer"", 247.1, 0]]"
5K21,1.8,132956_30,1,K0V2D8,ABC,"[[""6QF"", [""A"", ""B"", ""C""], ""non-polymer"", 196.2, 0]]"
5K3Y,1.6,16909_30,2,O13024;Q6DE08,ABCD,"[[""6Q4"", [""A"", ""B""], ""non-polymer"", 561.6, 0]]"
5K52,2.4,7267_30,1,A0A193CDY9,ABCD,"[[""OCD"", [""A"", ""C""], ""non-polymer"", 268.5, 0]]"
5KA1,1.84,1950_30,3,P18031,A,"[[""OTA"", [""A""], ""non-polymer"", 270.3, 0]]"
5KAX,2.0,39001_30,4,Q8KFZ1,AB,"[[""RHQ"", [""A"", ""B""], ""non-polymer"", 443.6, 1]]"
5KBF,2.0,27714_30,2,Q7KQK0,AB,"[[""CMP"", [""A"", ""B""], ""non-polymer"", 329.2, 0]]"
5KCL,2.1,6700_30,3,A0A1B0UHJ4,AB,"[[""DST"", [""A"", ""B""], ""non-polymer"", 262.2, 0]]"
5KCO,1.47,5517_30,2,Q15047,A,"[[""6RO"", [""A""], ""non-polymer"", 205.7, 0]]"
5KF9,1.49,25061_30,3,Q97ML2,A,"[[""ACO"", [""A""], ""non-polymer"", 809.6, 0], [""COA"", [""A""], ""non-polymer"", 767.5, 0], [""EP1"", [""A""], ""non-polymer"", 252.3, 0]]"
5KGG,1.95,958_30,1,P11309,A,"[[""6SO"", [""A""], ""non-polymer"", 194.7, 0]]"
5KGS,2.1,800_30,2,P0A4X7,AB,"[[""6SR"", [""A"", ""B""], ""non-polymer"", 364.4, 0], [""PLP"", [""A"", ""B""], ""non-polymer"", 247.1, 0]]"
5KHD,1.7501,29443_30,0,F2RCL8,AR,"[[""C2E"", [""A"", ""R""], ""non-polymer"", 690.4, 0]]"
5KL0,1.853,3395_30,0,A0AAI8EU60,A,"[[""G16"", [""A""], ""D-saccharide"", 339.1, -1]]"
5KM3,1.2,2622_30,2,P49773,AB,"[[""U5P"", [""A""], ""non-polymer"", 324.2, 0]]"
5KOF,2.4,506_30,1,P0A6A8;P0A953,ABCD,"[[""6W5"", [""C"", ""D""], ""non-polymer"", 395.3, 0]]"
5KQL,1.45,6929_30,2,P24666,A,"[[""6VY"", [""A""], ""non-polymer"", 291.3, 0]]"
5KRT,1.651,1233_30,1,P12497,A,"[[""6W6"", [""A""], ""non-polymer"", 262.1, 0]]"
5KSP,2.162,3597_30,1,Q8IXI2,AB,"[[""GDP"", [""A"", ""B""], ""RNA linking"", 443.2, 0]]"
5KSY,2.482,3597_30,1,Q8IXI2,A,"[[""GDP"", [""A""], ""RNA linking"", 443.2, 0]]"
5KTD,1.9,56418_30,0,V5RDR9,A,"[[""QUH"", [""A""], ""non-polymer"", 633.4, 0], [""COA"", [""A""], ""non-polymer"", 767.5, 0]]"
5KYV,2.5,311_30,2,P08659,AB,"[[""SLU"", [""A"", ""B""], ""non-polymer"", 606.6, 0]]"
5L2V,1.1,23077_30,4,A0A0H3GIZ6,AB,"[[""P33"", [""A""], ""non-polymer"", 326.4, 0]]"
5L3K,2.305,8247_30,0,A0A117IMA6,ABCDEFGH,"[[""F6P"", [""B"", ""C"", ""D"", ""E"", ""F""], ""D-saccharide, beta linking"", 260.1, 0], [""ADP"", [""A"", ""B"", ""C"", ""D"", ""E"", ""F"", ""G"", ""H""], ""non-polymer"", 427.2, 0]]"
5L3R,2.5,17053_30,4,O80842;P37107,ABCD,"[[""GCP"", [""A"", ""B"", ""C"", ""D""], ""non-polymer"", 521.2, 0]]"
5L3W,2.4,11542_30,0,P27414,A,"[[""GDP"", [""A""], ""RNA linking"", 443.2, 0]]"
5L4Y,1.9,1870_30,2,P08191,AB,"[[""6K3"", [""A"", ""B""], ""D-saccharide"", 280.3, 0]]"
5LAP,1.42,675_30,1,P04637,AB,"[[""6SM"", [""A"", ""B""], ""non-polymer"", 158.5, 0]]"
5LBX,2.5,3532_30,3,Q8WZM3,AB,"[[""COO"", [""A"", ""B""], ""non-polymer"", 835.6, 0], [""NAP"", [""A"", ""B""], ""non-polymer"", 743.4, 0]]"
5LI9,1.79,2406_30,2,P41743,A,"[[""ACP"", [""A""], ""non-polymer"", 505.2, 0]]"
5LP1,1.91,3814_30,3,Q13093,A,"[[""71H"", [""A""], ""non-polymer"", 654.8, 0]]"
5LPJ,1.65,1747_30,0,Q92793,A,"[[""XDM"", [""A""], ""non-polymer"", 318.8, 0]]"
5LPT,2.36,210_30,4,P28720,AB,"[[""726"", [""A"", ""B""], ""non-polymer"", 462.5, 0]]"
5LPY,2.3,371_30,4,O22476,A,"[[""ATP"", [""A""], ""non-polymer"", 507.2, 0]]"
5LR6,2.3,2044_30,4,P22734,ABCD,"[[""NHE"", [""A"", ""B"", ""C"", ""D""], ""non-polymer"", 207.3, 0], [""731"", [""A"", ""B"", ""C"", ""D""], ""non-polymer"", 367.5, 0]]"
5LS7,1.16,22700_30,4,P0A790;P37613,ABD,"[[""ACO"", [""B""], ""non-polymer"", 809.6, 0]]"
5LT8,1.57,4924_30,0,Q9BYW2,A,"[[""SFG"", [""A""], ""non-polymer"", 381.4, 0]]"
5LTN,1.88,5857_30,1,P14240,AB,"[[""XI7"", [""A""], ""non-polymer"", 192.2, 0]]"
5LUH,1.73,9811_30,2,Q8ZPX9,AB,"[[""ATP"", [""A"", ""B""], ""non-polymer"", 507.2, 0], [""SRY"", [""A"", ""B""], ""non-polymer"", 581.6, 0]]"
5LW3,1.19,11156_30,1,Q9ZFH0,A,"[[""B3P"", [""A""], ""non-polymer"", 282.3, 0]]"
5LYX,1.9,4692_30,2,P50579,A,"[[""7BF"", [""A""], ""non-polymer"", 346.4, 0]]"
5LYY,2.17,3814_30,3,Q13093,A,"[[""7BJ"", [""A""], ""non-polymer"", 306.3, 0]]"
5LZH,1.13,3059_30,3,Q57193,ABCDE,"[[""7BN"", [""A"", ""B"", ""C"", ""D"", ""E""], ""non-polymer"", 621.6, 0]]"
5M16,1.62,19432_30,0,G4FEF4,A,"[[""7D2"", [""A""], ""non-polymer"", 190.2, 0]]"
5M19,2.0,3781_30,2,Q7DHH4,AB,"[[""MUR"", [""A"", ""B""], ""D-saccharide, beta linking"", 251.2, 0]]"
5M6Z,1.67,1616_30,3,P00558,A,"[[""3PG"", [""A""], ""non-polymer"", 186.1, 0], [""ADP"", [""A""], ""non-polymer"", 427.2, 0]]"
5M70,2.2,5631_30,4,P61586;Q07960,ABFG,"[[""GDP"", [""B"", ""G""], ""RNA linking"", 443.2, 0]]"
5M8X,1.869,10352_30,3,A0AA86ANQ3,AB,"[[""TC7"", [""A"", ""B""], ""non-polymer"", 197.4, 0], [""SF4"", [""A"", ""B""], ""non-polymer"", 351.6, 0]]"
5M92,1.785,10352_30,3,A0AA86ANQ3,AB,"[[""Y8I"", [""A"", ""B""], ""non-polymer"", 251.9, 0], [""SF4"", [""A"", ""B""], ""non-polymer"", 351.6, 0]]"
5M9N,1.95,131956_30,3,Q01094;Q9BXT4,ABC,"[[""2MR"", [""B""], ""L-peptide linking"", 202.3, 0]]"
5MBD,2.25,8530_30,2,,AB,"[[""FMN"", [""A"", ""B""], ""non-polymer"", 456.3, 0]]"
5MFP,1.98,4294_30,3,Q8N6T7,AB,"[[""AR6"", [""A"", ""B""], ""non-polymer"", 559.3, 0], [""7M5"", [""A"", ""B""], ""non-polymer"", 245.3, 0]]"
5MHA,1.57,15837_30,2,Q2VEQ7,AB,"[[""NDP"", [""A"", ""B""], ""non-polymer"", 745.4, 0]]"
5MI7,2.1,6147_30,2,Q89ZI2,A,"[[""7NT"", [""A""], ""non-polymer"", 292.4, 0], [""OAN"", [""A""], ""non-polymer"", 353.3, 0]]"
5MIH,1.8,4702_30,2,Q05097,ABCD,"[[""ETE"", [""C""], ""non-polymer"", 208.3, 0], [""7NU"", [""A"", ""B"", ""C"", ""D""], ""D-saccharide"", 268.3, 0]]"
5MJG,2.1,877_30,2,P02883,A,"[[""SRT"", [""A""], ""non-polymer"", 150.1, 0]]"
5MLA,2.19,3080_30,4,P01116,AB,"[[""GSP"", [""A""], ""non-polymer"", 539.2, 0]]"
5MLS,1.62,143429_30,3,P00734;P09945,DHL,"[[""22U"", [""H""], ""peptide-like"", 385.9, 0]]"
5MMV,2.15,1538_30,4,P29466,AB,"[[""WE0"", [""A""], ""non-polymer"", 525.6, 0]]"
5MQM,2.11,62550_30,3,Q8A931,A,"[[""RPQ"", [""A""], ""non-polymer"", 186.2, 0]]"
5MQW,2.4,6324_30,4,Q30C70,A,"[[""ATP"", [""A""], ""non-polymer"", 507.2, 0], [""GTP"", [""A""], ""non-polymer"", 523.2, 0]]"
5MSD,1.71,10387_30,0,Q6RKB1,A,"[[""AMP"", [""A""], ""non-polymer"", 347.2, 0]]"
5MSP,2.41,10387_30,0,E5XP76,A,"[[""NAP"", [""A""], ""non-polymer"", 743.4, 0]]"
5MT0,1.29,2646_30,1,P00746,A,"[[""QJS"", [""A""], ""non-polymer"", 338.3, 0]]"
5MUA,1.49,13581_30,1,Q75WT9,AB,"[[""E64"", [""A"", ""B""], ""non-polymer"", 360.4, 1]]"
5MZN,1.787,25222_30,2,Q00416,A,"[[""ADP"", [""A""], ""non-polymer"", 427.2, 0]]"
5N0T,1.78,4675_30,2,A0A2R2JFI5,AB,"[[""SAM"", [""A"", ""B""], ""non-polymer"", 398.4, 0]]"
5N17,1.6,32298_30,0,Q5A4W8,AB,"[[""8FK"", [""A"", ""B""], ""non-polymer"", 354.4, 0]]"
5N3N,1.224,357_30,2,P25321,A,"[[""152"", [""A""], ""non-polymer"", 162.2, 1]]"
5N5U,1.6,3669_30,0,Q57834,A,"[[""AMP"", [""A""], ""non-polymer"", 347.2, 0], [""7N8"", [""A""], ""L-peptide linking"", 209.0, 0]]"
5N80,1.92,35187_30,1,Q06994,A,"[[""UDP"", [""A""], ""RNA linking"", 404.2, 0]]"
5N84,2.3,2654_30,0,P33981,A,"[[""8Q5"", [""A""], ""non-polymer"", 349.4, 0]]"
5N8V,1.55,11920_30,4,Q38CL4,ABDF,"[[""KZZ"", [""A"", ""B"", ""D"", ""F""], ""non-polymer"", 519.6, 0]]"
5NAG,1.68,2375_30,0,Q84HF5,AB,"[[""8R5"", [""A"", ""B""], ""non-polymer"", 346.8, 0], [""FAD"", [""A"", ""B""], ""non-polymer"", 785.5, 0]]"
5NDB,2.38,28971_30,3,Q8G9Q0,AB,"[[""8TW"", [""A"", ""B""], ""non-polymer"", 259.1, 0]]"
5NES,1.606,208889_30,1,Q9HYN5,ABCDE,"[[""ZDC"", [""A"", ""B""], ""D-saccharide"", 206.2, 0]]"
5NG0,2.0,5870_30,0,O43353,AB,"[[""ACP"", [""A"", ""B""], ""non-polymer"", 505.2, 0]]"
5NGT,1.54,1494_30,0,P36639,A,"[[""8WZ"", [""A""], ""non-polymer"", 214.2, 0]]"
5NIZ,1.95,2260_30,2,P9WMC1,A,"[[""8YT"", [""A""], ""non-polymer"", 304.4, 0]]"
5NNW,1.54,10183_30,2,Q9SPD4,ABCD,"[[""GCS"", [""D""], ""D-saccharide, beta linking"", 179.2, 0]]"
5NON,1.85,12248_30,3,Q67A25,ABC,"[[""93H"", [""A"", ""B"", ""C""], ""non-polymer"", 287.4, 0]]"
5NPS,1.68,2046_30,2,O15294,AD,"[[""94T"", [""D""], ""non-polymer"", 446.2, 0]]"
5NRN,2.2,8611_30,2,P9WKE1,AB,"[[""95W"", [""A"", ""B""], ""non-polymer"", 392.5, 0]]"
5NRV,2.075,3386_30,4,Q9UBC3,AD,"[[""96K"", [""A"", ""D""], ""non-polymer"", 201.3, 0]]"
5NZK,2.45,2559_30,3,Q4QDU3,A,"[[""PHE"", [""A""], ""L-peptide linking"", 165.2, 0]]"
5O0S,1.16,3637_30,3,F6BL85,A,"[[""9FQ"", [""A""], ""non-polymer"", 256.2, 0]]"
5O1N,2.28,4570_30,0,Q9UDR5,A,"[[""9H8"", [""A""], ""non-polymer"", 232.2, 0]]"
5O27,2.31,3294_30,4,Q9ER97,A,"[[""HEM"", [""A""], ""non-polymer"", 616.5, 0]]"
5O4N,2.05,20650_30,2,Q6LX54,ABCD,"[[""9KH"", [""A"", ""B"", ""C"", ""D""], ""non-polymer"", 183.2, 0], [""SAH"", [""A"", ""B"", ""C"", ""D""], ""non-polymer"", 384.4, 0]]"
5O6X,1.35,5598_30,2,Q9BPX1,A,"[[""NAD"", [""A""], ""non-polymer"", 663.4, 0], [""9MK"", [""A""], ""non-polymer"", 281.3, 0]]"
5OD1,1.34,41212_30,1,,A,"[[""9RQ"", [""A""], ""non-polymer"", 424.4, 0]]"
5OD3,1.83,11585_30,4,A0AAT8XUI2,ABCD,"[[""NAD"", [""A"", ""B"", ""C"", ""D""], ""non-polymer"", 663.4, 0]]"
5OD9,1.13,41212_30,1,,AB,"[[""9RW"", [""A""], ""non-polymer"", 150.2, 0]]"
5OEX,2.0,11721_30,3,W0DP94,ABCD,"[[""P4G"", [""A""], ""non-polymer"", 162.2, 0]]"
5OF9,1.807,13435_30,0,Q9Y6X9,AB,"[[""ANP"", [""A"", ""B""], ""non-polymer"", 506.2, 0]]"
5OI8,2.35,2037_30,4,P03366,A,"[[""9VN"", [""A""], ""non-polymer"", 413.6, 0]]"
5OJ7,1.58,5590_30,2,Q28CB4,A,"[[""AR6"", [""A""], ""non-polymer"", 559.3, 0]]"
5OJI,1.6,585_30,2,G5EGA6,AB,"[[""NAP"", [""A"", ""B""], ""non-polymer"", 743.4, 0]]"
5OKS,1.96,4405_30,0,W8QF82,AB,"[[""BG6"", [""A"", ""B""], ""D-saccharide, beta linking"", 260.1, 0]]"
5OKT,2.13,2133_30,1,P48730,ABCD,"[[""9XK"", [""A"", ""B"", ""C"", ""D""], ""non-polymer"", 466.6, 0]]"
5OM3,2.0,721_30,0,P01011,AB,"[[""DXT"", [""B""], ""non-polymer"", 444.4, 0]]"
5OPJ,2.05,54608_30,3,Q8AAW3,A,"[[""AHR"", [""A""], ""L-saccharide, alpha linking"", 150.1, 0]]"
5OSY,2.06,9878_30,0,Q96C86,AB,"[[""AJQ"", [""A"", ""B""], ""non-polymer"", 851.6, 1]]"
5OW0,1.7,150576_30,2,Q39VG4;Q39VG5,AB,"[[""FAD"", [""A""], ""non-polymer"", 785.5, 0], [""AMP"", [""B""], ""non-polymer"", 347.2, 0]]"
5OXM,2.295,4958_30,2,Q5M4H8,A,"[[""78M"", [""A""], ""non-polymer"", 314.5, 0], [""78N"", [""A""], ""non-polymer"", 314.5, 0]]"
5OY2,1.36,5361_30,1,B9W4V6,A,"[[""HEM"", [""A""], ""non-polymer"", 616.5, 0], [""3DM"", [""A""], ""non-polymer"", 154.2, 0]]"
5POA,1.62,394_30,2,O95696,AB,"[[""8TA"", [""B""], ""non-polymer"", 210.2, 0]]"
5PZL,2.06,917_30,2,Q9WMX2,AB,"[[""8XV"", [""A"", ""B""], ""non-polymer"", 500.5, 0], [""23E"", [""A"", ""B""], ""non-polymer"", 630.7, 0]]"
5Q1Q,1.44,540_30,2,Q6PJP8,A,"[[""AWS"", [""A""], ""non-polymer"", 233.3, 0]]"
5Q25,1.43,540_30,2,Q6PJP8,A,"[[""B0M"", [""A""], ""non-polymer"", 243.3, 0]]"
5QEA,1.743,490_30,3,P18031,A,"[[""JHS"", [""A""], ""non-polymer"", 233.3, 0]]"
5QGM,1.96,1936_30,3,P0C024,A,"[[""H4Y"", [""A""], ""non-polymer"", 267.3, 0]]"
5QH1,1.65,1936_30,3,P0C024,A,"[[""H5G"", [""A""], ""non-polymer"", 261.7, 0]]"
5QHL,1.68,13516_30,1,Q5T0W9,AB,"[[""GQ7"", [""A"", ""B""], ""non-polymer"", 189.2, 0]]"
5QHN,1.73,13516_30,1,Q5T0W9,A,"[[""GQJ"", [""A""], ""non-polymer"", 239.2, 0]]"
5QJE,1.75,2414_30,2,Q9UKK9,ABCD,"[[""K0P"", [""B"", ""D""], ""non-polymer"", 230.3, 0]]"
5QK9,1.56,2414_30,2,Q9UKK9,ABCD,"[[""K3V"", [""A"", ""B"", ""C""], ""non-polymer"", 206.2, 0]]"
5QOT,1.68,5851_30,0,Q8IU60,A,"[[""LEJ"", [""A""], ""non-polymer"", 269.2, 0]]"
5QPB,1.68,5851_30,0,Q8IU60,A,"[[""LJA"", [""A""], ""non-polymer"", 193.2, 0]]"
5QQL,2.25,1212_30,4,O60229;P63000,AB,"[[""N71"", [""A""], ""non-polymer"", 309.3, 0]]"
5QQZ,1.55,4559_30,3,P22557,AB,"[[""NUJ"", [""B""], ""non-polymer"", 207.3, 0], [""PLP"", [""A"", ""B""], ""non-polymer"", 247.1, 0]]"
5QRH,1.81,3148_30,2,O15178,A,"[[""JMM"", [""A""], ""non-polymer"", 248.3, 0]]"
5QRM,1.55,3148_30,2,O15178,A,"[[""K1A"", [""A""], ""non-polymer"", 225.3, 0]]"
5QT1,1.58,5517_30,2,Q15047,A,"[[""DSJ"", [""A""], ""non-polymer"", 151.2, 0]]"
5R4U,1.92,5003_30,2,O43809,AB,"[[""RWM"", [""A""], ""non-polymer"", 270.3, 0]]"
5R4Y,1.84,1552_30,3,Q6PL18,A,"[[""GX4"", [""A""], ""non-polymer"", 248.3, 0]]"
5R58,1.98,5776_30,1,Q9BRQ3,A,"[[""S0S"", [""A""], ""non-polymer"", 242.3, 0]]"
5R5J,1.98,5776_30,1,Q9BRQ3,A,"[[""MH5"", [""A""], ""non-polymer"", 247.3, 0]]"
5R62,1.4,4916_30,3,P24821,A,"[[""RXJ"", [""A""], ""non-polymer"", 201.3, 0]]"
5R64,1.84,5003_30,2,O43809,AB,"[[""M0J"", [""A""], ""non-polymer"", 194.2, 0]]"
5R8F,1.41,2488_30,2,P01584,A,"[[""K3Y"", [""A""], ""non-polymer"", 208.3, 0]]"
5RAI,1.54,5393_30,1,Q7LBC6,AB,"[[""S3M"", [""A""], ""non-polymer"", 188.2, 0]]"
5RB1,1.76,5393_30,1,Q7LBC6,AB,"[[""S4V"", [""A""], ""non-polymer"", 185.2, 0]]"
5RGD,1.6,2019_30,3,P23360,AB,"[[""6NT"", [""A"", ""B""], ""non-polymer"", 164.1, 0]]"
5RGE,1.77,2019_30,3,P23360,A,"[[""6NT"", [""A""], ""non-polymer"", 164.1, 0]]"
5RM1,1.896,2407_30,2,P0DTD1,AB,"[[""RY4"", [""B""], ""non-polymer"", 200.3, 0]]"
5RM6,2.128,2407_30,2,P0DTD1,AB,"[[""HR5"", [""B""], ""non-polymer"", 207.3, 0]]"
5ROL,1.22,609_30,0,P06873,A,"[[""47S"", [""A""], ""non-polymer"", 179.2, 0]]"
5RPD,1.02,609_30,0,P06873,A,"[[""GGB"", [""A""], ""L-peptide linking"", 176.2, 0]]"
5RSS,1.0,46_30,2,P0DTD1,AB,"[[""NC3"", [""A""], ""non-polymer"", 200.2, 0]]"
5RXK,1.46,2065_30,3,Q92835,A,"[[""RXJ"", [""A""], ""non-polymer"", 201.3, 0]]"
5RYI,1.45,2065_30,3,Q92835,A,"[[""NZ4"", [""A""], ""non-polymer"", 248.3, 0]]"
5RZN,1.83,3677_30,2,Q9Y2J2,A,"[[""S7J"", [""A""], ""non-polymer"", 191.1, 0]]"
5RZP,1.7,3677_30,2,Q9Y2J2,A,"[[""ONQ"", [""A""], ""non-polymer"", 208.2, 0]]"
5S75,1.3,2049_30,4,Q04771,AB,"[[""SRT"", [""A""], ""non-polymer"", 150.1, 0], [""LU8"", [""A"", ""B""], ""non-polymer"", 432.6, 0]]"
5S8A,1.3,2049_30,4,Q04771,AB,"[[""LU8"", [""A"", ""B""], ""non-polymer"", 432.6, 0]]"
5S8P,1.41,1358_30,2,Q8WWQ0,AB,"[[""3PF"", [""A""], ""non-polymer"", 162.2, 0]]"
5SBQ,0.988,3245_30,2,P15379,A,"[[""K0G"", [""A""], ""non-polymer"", 213.2, 0]]"
5SC0,1.192,3245_30,2,P15379,A,"[[""T0Y"", [""A""], ""non-polymer"", 197.3, 0]]"
5SD5,1.2,857_30,3,P9WNX1,A,"[[""HWI"", [""A""], ""non-polymer"", 401.5, 0], [""NAP"", [""A""], ""non-polymer"", 743.4, 0]]"
5SDI,1.898,5562_30,0,B2RID1,AB,"[[""K0G"", [""A"", ""B""], ""non-polymer"", 213.2, 0]]"
5SDN,2.023,5562_30,0,B2RID1,AB,"[[""I8D"", [""A"", ""B""], ""non-polymer"", 241.7, 0]]"
5SF9,2.37,429_30,3,Q9Y233,ABCD,"[[""IJT"", [""A"", ""B"", ""C"", ""D""], ""non-polymer"", 330.4, 0]]"
5SKR,1.99,429_30,3,Q9Y233,ABCD,"[[""KII"", [""A"", ""B"", ""C"", ""D""], ""non-polymer"", 359.4, 0]]"
5SL2,1.739,1489_30,3,P0DTD1,D,"[[""LFO"", [""D""], ""non-polymer"", 188.2, 0]]"
5SM0,2.086,1489_30,3,P0DTD1,D,"[[""LQI"", [""D""], ""non-polymer"", 243.3, 0]]"
5SOH,1.61,980_30,4,G3XDA2,AB,"[[""JGP"", [""A""], ""non-polymer"", 247.3, 0]]"
5STF,1.45,231_30,4,P32357;P33334,AB,"[[""VOK"", [""B""], ""non-polymer"", 198.2, 0]]"
5SUV,1.75,5140_30,2,A1KVH5,ABC,"[[""COA"", [""B"", ""C""], ""non-polymer"", 767.5, 0]]"
5SVG,2.5,9191_30,0,Q94BT6,ABCD,"[[""FMN"", [""A"", ""B"", ""C"", ""D""], ""non-polymer"", 456.3, 0]]"
5SX0,2.0,335_30,1,Q3JNW6,AB,"[[""HEM"", [""A"", ""B""], ""non-polymer"", 616.5, 0]]"
5SYZ,1.9261,189670_30,4,O00482;Q15596,AC,"[[""71W"", [""A""], ""non-polymer"", 386.6, 0]]"
5T1F,1.98,8414_30,4,Q0UIL6,A,"[[""FAD"", [""A""], ""non-polymer"", 785.5, 0]]"
5T2P,1.693,2996_30,3,L7R9I1,ABCDEF,"[[""K89"", [""A"", ""B"", ""C"", ""D"", ""E"", ""F""], ""non-polymer"", 432.4, 0]]"
5T39,1.1004,45311_30,4,A0A1C5AE13,A,"[[""SAH"", [""A""], ""non-polymer"", 384.4, 0]]"
5T6F,1.9,1730_30,4,Q83883,AB,"[[""N38"", [""A"", ""B""], ""non-polymer"", 539.7, 0]]"
5T6K,2.4,1067_30,3,Q9BJF5,A,"[[""5G9"", [""A""], ""non-polymer"", 338.8, 0]]"
5T8O,2.41,9862_30,2,Q9WUL6,AB,"[[""76Z"", [""A"", ""B""], ""non-polymer"", 311.3, 0]]"
5T91,1.53,8916_30,0,P37965,A,"[[""BCN"", [""A""], ""non-polymer"", 163.2, 0]]"
5TA9,2.4,20761_30,0,A0A2D0TCD6,ABCD,"[[""AAL"", [""A"", ""B"", ""C"", ""D""], ""L-saccharide, alpha linking"", 162.1, 0]]"
5TAR,1.9,3115_30,2,O43924;P01116,AB,"[[""FAR"", [""A""], ""non-polymer"", 206.4, 0], [""GDP"", [""A""], ""RNA linking"", 443.2, 0]]"
5TC7,1.75,2661_30,4,Q13126,A,"[[""MTH"", [""A""], ""non-polymer"", 296.3, 0]]"
5TEJ,2.5,390_30,3,Q8DEM0,ABCD,"[[""7FN"", [""B"", ""C"", ""D""], ""non-polymer"", 156.1, 0], [""NAD"", [""A"", ""B"", ""C"", ""D""], ""non-polymer"", 663.4, 0]]"
5TFD,1.891,1775_30,1,P13569,A,"[[""CTP"", [""A""], ""non-polymer"", 483.2, 0]]"
5THH,1.959,5108_30,3,P54577,A,"[[""TYR"", [""A""], ""L-peptide linking"", 181.2, 0]]"
5TLW,2.29,1234_30,3,P00883,ABCD,"[[""RD3"", [""A"", ""B"", ""C"", ""D""], ""non-polymer"", 348.1, 0]]"
5TNG,1.75,4173_30,4,A0A0H2ZD27,ABCD,"[[""7LE"", [""A"", ""B"", ""C"", ""D""], ""non-polymer"", 336.5, 0]]"
5TNR,1.8,4173_30,4,A0A0H2ZD27,ABCD,"[[""7EZ"", [""A"", ""B"", ""C"", ""D""], ""non-polymer"", 362.5, 0]]"
5TSD,1.9,3224_30,4,Q2KDT2,AB,"[[""NDP"", [""A"", ""B""], ""non-polymer"", 745.4, 0]]"
5TUE,2.1,11012_30,1,A0A059WYP6,AB,"[[""FAD"", [""A"", ""B""], ""non-polymer"", 785.5, 0]]"
5TUK,1.85,11012_30,1,,ABCD,"[[""FAD"", [""A"", ""B"", ""C"", ""D""], ""non-polymer"", 785.5, 0]]"
5TV7,2.05,121648_30,3,Q181X4,AB,"[[""HGA"", [""A"", ""B""], ""non-polymer"", 162.1, 0]]"
5TVM,2.408,11839_30,2,Q587A7;Q587B3,ABCDEF,"[[""B3P"", [""B"", ""D""], ""non-polymer"", 282.3, 0]]"
5TVT,2.28,3538_30,2,Q14680,A,"[[""7LV"", [""A""], ""non-polymer"", 514.4, 0]]"
5TYK,1.65,3638_30,2,Q25252,A,"[[""7N4"", [""A""], ""non-polymer"", 264.5, 0]]"
5TYP,1.88,3638_30,2,Q25252,A,"[[""7NJ"", [""A""], ""non-polymer"", 214.9, 0]]"
5TZG,2.5,29443_30,0,F2RCL8,AC,"[[""C2E"", [""C""], ""non-polymer"", 690.4, 0]]"
5U0V,1.7,3805_30,2,P0AC13,AB,"[[""7VJ"", [""A"", ""B""], ""non-polymer"", 169.1, 0]]"
5U0Z,2.29,3805_30,2,P0AC13,AB,"[[""7PM"", [""A"", ""B""], ""non-polymer"", 317.3, 0]]"
5U18,2.195,25084_30,4,Q2MG72,A,"[[""GET"", [""A""], ""non-polymer"", 496.6, 0], [""SAH"", [""A""], ""non-polymer"", 384.4, 0]]"
5U23,1.45,1421_30,0,Q9ALS9,ABCD,"[[""MPO"", [""C""], ""non-polymer"", 209.3, 0], [""TQP"", [""A"", ""B"", ""C"", ""D""], ""non-polymer"", 776.5, 0]]"
5U5V,1.222,494_30,4,B3LRE1,A,"[[""HEM"", [""A""], ""non-polymer"", 616.5, 0]]"
5U63,1.99,2011_30,3,P43788,AB,"[[""NAP"", [""A"", ""B""], ""non-polymer"", 743.4, 0], [""FAD"", [""A"", ""B""], ""non-polymer"", 785.5, 0]]"
5U88,1.801,7940_30,1,P77072,AB,"[[""ZN9"", [""A"", ""B""], ""non-polymer"", 332.2, 0]]"
5U90,1.9,4551_30,1,Q7S860,ABCD,"[[""STL"", [""A"", ""B"", ""C"", ""D""], ""non-polymer"", 228.2, 0]]"
5U92,2.0,2639_30,2,A0A286R7K5,A,"[[""ARG"", [""A""], ""L-peptide linking"", 175.2, 1]]"
5U99,2.4,4748_30,4,P9WMN1,A,"[[""ATP"", [""A""], ""non-polymer"", 507.2, 0]]"
5U9I,2.3,8179_30,4,Q9NZN9,A,"[[""FAR"", [""A""], ""non-polymer"", 206.4, 0]]"
5UIL,2.2,11987_30,0,U3GK13,AB,"[[""1YJ"", [""A"", ""B""], ""non-polymer"", 445.4, 0], [""T3F"", [""A"", ""B""], ""non-polymer"", 547.3, 0]]"
5UIO,1.929,878_30,2,P0ABQ4,ABCDE,"[[""8DM"", [""A"", ""C"", ""D"", ""E""], ""non-polymer"", 266.2, 0], [""NAP"", [""A"", ""C"", ""D"", ""E""], ""non-polymer"", 743.4, 0]]"
5UL4,1.85,45981_30,4,O24770,A,"[[""SAM"", [""A""], ""non-polymer"", 398.4, 0], [""SF4"", [""A""], ""non-polymer"", 351.6, 0]]"
5UN9,2.5,5147_30,2,O60502,AB,"[[""NHT"", [""A"", ""B""], ""non-polymer"", 248.3, 0]]"
5UPV,1.63,437_30,4,P9WKI7,A,"[[""IMP"", [""A""], ""non-polymer"", 348.2, 0], [""8KV"", [""A""], ""non-polymer"", 337.4, 0]]"
5UQC,1.78,1603_30,0,O08553,AB,"[[""1PG"", [""B""], ""non-polymer"", 252.3, 0]]"
5UQM,2.03,2764_30,1,P18177,A,"[[""U2F"", [""A""], ""non-polymer"", 568.3, 0]]"
5UQR,1.75,1438_30,2,Q50I20,AB,"[[""8JD"", [""B""], ""non-polymer"", 715.6, 0]]"
5URE,2.3,1267_30,4,P00388,AB,"[[""NAP"", [""A"", ""B""], ""non-polymer"", 743.4, 0], [""FAD"", [""A"", ""B""], ""non-polymer"", 785.5, 0], [""FMN"", [""A"", ""B""], ""non-polymer"", 456.3, 0]]"
5UU6,1.95,5942_30,1,Q87FS7,ABCD,"[[""FMN"", [""A"", ""B"", ""C"", ""D""], ""non-polymer"", 456.3, 0]]"
5UU9,1.59969199601,742_30,0,P00800,A,"[[""XYP"", [""A""], ""D-saccharide, beta linking"", 150.1, 0]]"
5UV4,2.3,10207_30,3,K7VIQ3,A,"[[""ANP"", [""A""], ""non-polymer"", 506.2, 0]]"
5UWR,2.24,100053_30,3,O00311;P30822;P41920;P62826,ABCD,"[[""GNP"", [""A""], ""non-polymer"", 522.2, 0]]"
5UZX,1.5,18480_30,0,A0A0H3KNM5,AB,"[[""NAP"", [""A"", ""B""], ""non-polymer"", 743.4, 0]]"
5V0T,1.95,5375_30,1,Q13W28,ABCDEFGH,"[[""UDP"", [""A"", ""B"", ""C"", ""D"", ""E"", ""F"", ""G"", ""H""], ""RNA linking"", 404.2, 0], [""G6P"", [""A"", ""B"", ""C"", ""D"", ""E"", ""F"", ""G"", ""H""], ""D-saccharide, alpha linking"", 260.1, 0], [""TAR"", [""E""], ""non-polymer"", 150.1, 0]]"
5V1B,2.49,33513_30,0,Q96KS0,A,"[[""8UY"", [""A""], ""non-polymer"", 220.2, 0]]"
5V1Q,2.5,63411_30,2,A0A0Z8EWX1,AB,"[[""SF4"", [""A"", ""B""], ""non-polymer"", 351.6, 0]]"
5V3A,2.0,8094_30,4,A0A0Y5D4F5,ABCD,"[[""GDP"", [""A"", ""B"", ""C"", ""D""], ""RNA linking"", 443.2, 0], [""COA"", [""A"", ""B"", ""C"", ""D""], ""non-polymer"", 767.5, 0]]"
5V3T,1.899,11429_30,0,A0A6L7H965,AB,"[[""HEM"", [""A"", ""B""], ""non-polymer"", 616.5, 0]]"
5V4G,1.2,20_30,2,P00698,A,"[[""RU7"", [""A""], ""non-polymer"", 306.2, 0]]"
5V83,2.002,9036_30,1,P00720;Q96GG9,A,"[[""8Z7"", [""A""], ""non-polymer"", 377.4, 0]]"
5V87,1.692,6733_30,2,Q6PKG0,AB,"[[""MGT"", [""A""], ""non-polymer"", 539.2, 0], [""91P"", [""B""], ""non-polymer"", 763.4, 1]]"
5V9F,2.05,1016_30,4,P07379,A,"[[""SPV"", [""A""], ""non-polymer"", 168.1, 0], [""GTP"", [""A""], ""non-polymer"", 523.2, 0]]"
5VA8,1.6,22610_30,2,B2JE32,ABCD,"[[""TCE"", [""A"", ""B"", ""C"", ""D""], ""non-polymer"", 250.2, 0], [""MPO"", [""A"", ""C"", ""D""], ""non-polymer"", 209.3, 0], [""NAP"", [""A"", ""B"", ""C"", ""D""], ""non-polymer"", 743.4, 0]]"
5VB5,2.226,1137_30,0,P51449;Q15596,A,"[[""92A"", [""A""], ""non-polymer"", 526.1, 0]]"
5VD4,2.02,5512_30,3,P30291,A,"[[""99J"", [""A""], ""non-polymer"", 540.5, 0]]"
5VD8,1.85,5512_30,3,P30291,A,"[[""98M"", [""A""], ""non-polymer"", 535.0, 0]]"
5VEG,1.99,2497_30,4,A5VM92,ABC,"[[""FMN"", [""A"", ""B"", ""C""], ""non-polymer"", 456.3, 0]]"
5VJS,2.0,13011_30,0,,A,"[[""9D7"", [""A""], ""non-polymer"", 569.9, -1], [""HEM"", [""A""], ""non-polymer"", 616.5, 0]]"
5VJU,2.08,13011_30,0,,A,"[[""HEM"", [""A""], ""non-polymer"", 616.5, 0]]"
5VPW,1.85,1122_30,2,P00467;P11347,ABCD,"[[""HCA"", [""A"", ""C""], ""non-polymer"", 206.2, 0], [""ICS"", [""A"", ""C""], ""non-polymer"", 787.5, 0], [""CLF"", [""A"", ""C""], ""non-polymer"", 671.2, 0]]"
5VSE,1.6,5524_30,1,Q96KQ7,AB,"[[""9HG"", [""A"", ""B""], ""non-polymer"", 399.5, 0], [""SAM"", [""A"", ""B""], ""non-polymer"", 398.4, 0]]"
5VUN,1.745,251_30,4,P29476,AB,"[[""H4B"", [""A"", ""B""], ""non-polymer"", 241.2, 0], [""MTL"", [""A"", ""B""], ""non-polymer"", 182.2, 0], [""9OM"", [""A"", ""B""], ""non-polymer"", 306.4, 0], [""HEM"", [""A"", ""B""], ""non-polymer"", 616.5, 0]]"
5VXE,1.66,8864_30,2,Q8PDX2,A,"[[""CER"", [""A""], ""non-polymer"", 225.3, 0]]"
5VXO,2.266,8356_30,3,Q8N0X4,ABC,"[[""1VU"", [""A"", ""B"", ""C""], ""non-polymer"", 823.6, 0]]"
5W0N,2.497,10953_30,0,Q5VYS8,ABC,"[[""UPU"", [""A"", ""B"", ""C""], ""non-polymer"", 550.4, 0], [""2KH"", [""A"", ""B"", ""C""], ""non-polymer"", 483.2, 0]]"
5W10,2.15,135364_30,1,Q72MQ6,ABCD,"[[""CMP"", [""A"", ""B"", ""C"", ""D""], ""non-polymer"", 329.2, 0]]"
5W3Y,2.2,39372_30,1,A0A0S4VB05,ABCD,"[[""ACO"", [""A"", ""B"", ""C"", ""D""], ""non-polymer"", 809.6, 0], [""IHP"", [""A"", ""B"", ""C"", ""D""], ""non-polymer"", 660.0, 0]]"
5W8X,1.98,787_30,4,P10441,A,"[[""UDP"", [""A""], ""RNA linking"", 404.2, 0]]"
5WA7,2.204,551_30,2,C3W5S0,A,"[[""KU4"", [""A""], ""non-polymer"", 511.0, 0]]"
5WCM,1.2,2393_30,1,Q89GW5,AB,"[[""4NZ"", [""A"", ""B""], ""non-polymer"", 202.2, 0]]"
5WDE,1.85,42303_30,1,Q9BVG8,A,"[[""ADP"", [""A""], ""non-polymer"", 427.2, 0]]"
5WFC,2.282,14821_30,2,G0RYC6;G0S8H7;G0SDW4;P68431,ABD,"[[""A97"", [""B""], ""non-polymer"", 541.7, 0]]"
5WFP,2.08,1986_30,4,P01112;Q07889,NQR,"[[""GNP"", [""Q""], ""non-polymer"", 522.2, 0], [""5UX"", [""N""], ""non-polymer"", 361.2, 0]]"
5WGS,2.34,20988_30,3,L0E155,A,"[[""PM7"", [""A""], ""non-polymer"", 335.4, 0], [""FAD"", [""A""], ""non-polymer"", 785.5, 0]]"
5WJD,2.001,43986_30,0,Q59DX8,A,"[[""ACO"", [""A""], ""non-polymer"", 809.6, 0]]"
5WJE,1.765,43986_30,0,Q59DX8,AB,"[[""CMC"", [""B""], ""non-polymer"", 825.6, 0]]"
5WKS,1.5,2677_30,0,,AB,"[[""NAR"", [""A""], ""non-polymer"", 272.3, 0]]"
5WRZ,2.2,1247_30,2,P09874,AB,"[[""7U3"", [""A"", ""B""], ""non-polymer"", 263.3, 0]]"
5WSC,2.4,5514_30,1,P9WKE5,ABCD,"[[""AMP"", [""A"", ""B"", ""C"", ""D""], ""non-polymer"", 347.2, 0], [""G6P"", [""A"", ""B"", ""C"", ""D""], ""D-saccharide, alpha linking"", 260.1, 0]]"
5WVR,2.2,4909_30,1,Q6CUK7,A,"[[""CLR"", [""A""], ""non-polymer"", 386.7, 0]]"
5WX7,1.904,3989_30,4,A0A1X8XLG2,ABCD,"[[""COA"", [""A"", ""B"", ""C"", ""D""], ""non-polymer"", 767.5, 0]]"
5WY0,2.001,18067_30,3,Q5T8I9,A,"[[""SAM"", [""A""], ""non-polymer"", 398.4, 0]]"
5WZW,1.95,2950_30,2,Q9NZK7,A,"[[""U8D"", [""A""], ""non-polymer"", 430.4, 0]]"
5X03,2.0,7365_30,2,P94426,AB,"[[""PLP"", [""A"", ""B""], ""non-polymer"", 247.1, 0]]"
5X0J,1.43,18471_30,0,Q5JD03,A,"[[""AMP"", [""A""], ""non-polymer"", 347.2, 0], [""SEP"", [""A""], ""L-peptide linking"", 185.1, 0]]"
5X1T,1.55,40599_30,2,A0ACD6BAW3,A,"[[""ADP"", [""A""], ""non-polymer"", 427.2, 0]]"
5X24,2.48,448_30,4,P11712,A,"[[""LSN"", [""A""], ""non-polymer"", 422.9, 0], [""HEM"", [""A""], ""non-polymer"", 616.5, 0]]"
5X3D,1.93,7993_30,2,P96074,A,"[[""7XL"", [""A""], ""non-polymer"", 431.2, 0]]"
5X6Y,2.1,38907_30,0,P14583,ABCD,"[[""SAM"", [""A"", ""B"", ""C""], ""non-polymer"", 398.4, 0]]"
5X7Z,2.2,14699_30,1,P9WME9,A,"[[""BHA"", [""A""], ""non-polymer"", 153.1, 0]]"
5XJ9,1.83,344_30,4,O66905,A,"[[""78M"", [""A""], ""non-polymer"", 314.5, 0]]"
5XJG,2.4,53069_30,1,P38881;P39968,ABCD,"[[""B3P"", [""A""], ""non-polymer"", 282.3, 0], [""PE5"", [""A"", ""C""], ""non-polymer"", 398.5, 0]]"
5XK6,1.58,22393_30,0,M4T4U9,ABCD,"[[""POP"", [""A"", ""B"", ""C"", ""D""], ""non-polymer"", 176.0, -2]]"
5XKR,1.38,24616_30,4,A0QY90,ABCD,"[[""BZE"", [""A"", ""B"", ""C"", ""D""], ""non-polymer"", 187.2, 0]]"
5XPO,2.28,232795_30,0,P13053;Q15648,AC,"[[""8BL"", [""A""], ""non-polymer"", 478.7, 0]]"
5XUH,2.02,353_30,0,P24224,ABC,"[[""COA"", [""B"", ""C""], ""non-polymer"", 767.5, 0]]"
5XVS,2.383,11217_30,2,A0A154EJU5,AB,"[[""UDP"", [""A"", ""B""], ""RNA linking"", 404.2, 0]]"
5XXM,1.7,4274_30,4,Q8A1U1,AB,"[[""LGC"", [""A"", ""B""], ""D-saccharide"", 178.1, 0]]"
5XY4,1.8,1239_30,3,M4GGR7,ABCD,"[[""HDD"", [""A"", ""B"", ""C"", ""D""], ""non-polymer"", 632.5, 0]]"
5XZ7,1.6,403_30,4,P99165,A,"[[""F6P"", [""A""], ""D-saccharide, beta linking"", 260.1, 0]]"
5Y0Q,2.1,1269_30,1,O34513,AB,"[[""APC"", [""A"", ""B""], ""non-polymer"", 505.2, 0]]"
5Y2P,1.5,9124_30,4,Q45697,AB,"[[""AZA"", [""A"", ""B""], ""non-polymer"", 153.1, 0]]"
5Y2Q,2.363,2767_30,2,P58154,ABCDE,"[[""8L3"", [""A"", ""B"", ""C"", ""D""], ""non-polymer"", 351.3, 0]]"
5YFJ,2.2,7690_30,0,O57947,ABC,"[[""RUB"", [""A"", ""B"", ""C""], ""saccharide"", 310.1, 0]]"
5YGG,1.671,3192_30,4,A0A0H3AER7,A,"[[""ADP"", [""A""], ""non-polymer"", 427.2, 0]]"
5YHG,2.03,4890_30,4,Q2FVE7,A,"[[""8UX"", [""A""], ""non-polymer"", 328.3, 0]]"
5YK0,2.102,17359_30,4,O53343,A,"[[""ADP"", [""A""], ""non-polymer"", 427.2, 0]]"
5YNV,1.7,14152_30,3,V5TDY7,AB,"[[""DST"", [""A"", ""B""], ""non-polymer"", 262.2, 0]]"
5YPI,2.3,424_30,4,E5KIY2,ABCDEFGH,"[[""8YF"", [""A"", ""B"", ""C"", ""D"", ""E"", ""F"", ""G"", ""H""], ""non-polymer"", 317.4, 0]]"
5YPU,2.0,38819_30,0,P68135;Q5NBX1,ABCD,"[[""ATP"", [""A"", ""C""], ""non-polymer"", 507.2, 0]]"
5YST,2.04,1282_30,3,P30822;P41920;P62826,ABC,"[[""GTP"", [""A""], ""non-polymer"", 523.2, 0]]"
5YU0,1.92,24207_30,0,D9UBW0,ABCD,"[[""NAD"", [""A"", ""B"", ""C"", ""D""], ""non-polymer"", 663.4, 0]]"
5YU3,1.79,24207_30,0,D9UBW0,ABCD,"[[""NAD"", [""A"", ""B"", ""C"", ""D""], ""non-polymer"", 663.4, 0]]"
5YWX,1.74,1847_30,2,O60760,ABCD,"[[""93C"", [""A"", ""B"", ""C"", ""D""], ""non-polymer"", 359.4, 0], [""GSH"", [""A"", ""B"", ""C"", ""D""], ""peptide-like"", 307.3, 0]]"
5YZ7,1.898,1694_30,4,Q10QA5,AB,"[[""94X"", [""A"", ""B""], ""non-polymer"", 285.1, 0]]"
5Z21,2.3,3304_30,3,Q8RG11,ABCD,"[[""NAI"", [""A"", ""B"", ""C"", ""D""], ""non-polymer"", 665.4, 0]]"
5Z2B,1.901,9124_30,4,Q45697,AB,"[[""AZA"", [""A"", ""B""], ""non-polymer"", 153.1, 0]]"
5Z2R,2.3,1706_30,0,P17109,ABCDEFGH,"[[""TD6"", [""A"", ""B"", ""C"", ""D"", ""F"", ""G"", ""H""], ""non-polymer"", 527.4, 1], [""TPP"", [""E""], ""non-polymer"", 425.3, 1]]"
5Z49,2.148,13110_30,1,Q9F1R2,AB,"[[""RUB"", [""A""], ""saccharide"", 310.1, 0]]"
5Z75,2.1,3544_30,3,,ABCD,"[[""NAD"", [""A"", ""B"", ""D""], ""non-polymer"", 663.4, 0]]"
5ZAE,1.73,740_30,3,P00749,U,"[[""EAU"", [""U""], ""non-polymer"", 343.4, 0]]"
5ZCH,2.474,3009_30,0,Q6EN42;Q6L5H6,ABCD,"[[""A8S"", [""C"", ""D""], ""non-polymer"", 264.3, 0]]"
5ZF4,1.66,784_30,0,Q02127,A,"[[""9BL"", [""A""], ""non-polymer"", 366.8, 0], [""ORO"", [""A""], ""non-polymer"", 156.1, 0], [""FMN"", [""A""], ""non-polymer"", 456.3, 0]]"
5ZHS,1.49,1694_30,4,Q10QA5,A,"[[""KAT"", [""A""], ""non-polymer"", 257.3, 0]]"
5ZMW,2.5,1014_30,3,P04191,A,"[[""TG1"", [""A""], ""non-polymer"", 650.8, 0], [""DMU"", [""A""], ""D-saccharide"", 482.6, 0]]"
5ZQY,1.577,5910_30,0,Q9NX46,A,"[[""AR6"", [""A""], ""non-polymer"", 559.3, 0]]"
5ZRM,2.28,279_30,0,P18669,BC,"[[""9HU"", [""C""], ""non-polymer"", 453.4, 0]]"
5ZRO,1.41,3967_30,1,A0R2K6,AB,"[[""523"", [""A"", ""B""], ""non-polymer"", 482.2, 1]]"
5ZZ7,2.45,1094_30,1,Q9WY16,AB,"[[""NAI"", [""A"", ""B""], ""non-polymer"", 665.4, 0]]"
6A0U,1.93,17694_30,2,Q5SL04,AB,"[[""CXS"", [""B""], ""non-polymer"", 221.3, 0], [""NAP"", [""A"", ""B""], ""non-polymer"", 743.4, 0]]"
6A89,2.11,22303_30,3,Q9GK12,ABCD,"[[""API"", [""B""], ""L-peptide linking"", 190.2, 0]]"
6A8C,1.98,4769_30,4,A0A3S7X0F5,AB,"[[""ADP"", [""A"", ""B""], ""non-polymer"", 427.2, 0]]"
6AB8,1.753,2809_30,1,Q8PWY1,A,"[[""9VC"", [""A""], ""peptide linking"", 280.3, 0], [""ATP"", [""A""], ""non-polymer"", 507.2, 0]]"
6AFT,2.492,2831_30,1,P21616,AB,"[[""1PG"", [""A"", ""B""], ""non-polymer"", 252.3, 0]]"
6AFW,2.185,2831_30,1,P21616,AB,"[[""1PG"", [""A"", ""B""], ""non-polymer"", 252.3, 0]]"
6AIL,1.335,7401_30,3,A0QP43,A,"[[""SF4"", [""A""], ""non-polymer"", 351.6, 0]]"
6ALQ,1.67,5813_30,3,Q6WZB0,A,"[[""ARG"", [""A""], ""L-peptide linking"", 175.2, 1]]"
6APZ,2.254,1432_30,2,P9WK17,A,"[[""BQ4"", [""A""], ""non-polymer"", 208.2, 0]]"
6AQZ,2.4,3474_30,4,A0A2D0TCK0,ABCDEF,"[[""NAP"", [""A"", ""B"", ""C"", ""E"", ""F""], ""non-polymer"", 743.4, 0]]"
6ATJ,2.0,1569_30,3,P00433,A,"[[""FER"", [""A""], ""non-polymer"", 194.2, 0], [""HEM"", [""A""], ""non-polymer"", 616.5, 0]]"
6AU6,1.7,606_30,1,P63092,A,"[[""GDP"", [""A""], ""RNA linking"", 443.2, 0]]"
6AWI,1.8,6360_30,4,Q2FWC7,ABCD,"[[""ADP"", [""A"", ""B"", ""C"", ""D""], ""non-polymer"", 427.2, 0], [""C0D"", [""A"", ""B"", ""C"", ""D""], ""non-polymer"", 272.4, 0]]"
6AWW,2.3,1226_30,3,Q6VT83,ABCDE,"[[""BZJ"", [""B"", ""C"", ""D"", ""E""], ""non-polymer"", 188.2, 0]]"
6AX3,2.25,5790_30,1,Q8N371,A,"[[""2MR"", [""A""], ""L-peptide linking"", 202.3, 0]]"
6AYT,1.85,720_30,2,Q0PC20,ABCD,"[[""4EH"", [""A"", ""B"", ""C"", ""D""], ""non-polymer"", 357.4, 0]]"
6B3A,1.784,21848_30,1,A0A1U7N2Z8,A,"[[""SAM"", [""A""], ""non-polymer"", 398.4, 0]]"
6B4Z,1.74,6467_30,2,G4VLE5,A,"[[""A3P"", [""A""], ""RNA linking"", 427.2, 0]]"
6B6G,1.95,5949_30,1,P80147,ABCD,"[[""RMT"", [""A"", ""B"", ""C"", ""D""], ""non-polymer"", 400.3, 0], [""FES"", [""A"", ""C""], ""non-polymer"", 175.8, 0]]"
6B92,2.1,14523_30,1,Q86W50,A,"[[""SAH"", [""A""], ""non-polymer"", 384.4, 0]]"
6B9I,1.93,4886_30,3,X5EH37,AB,"[[""D0G"", [""A"", ""B""], ""non-polymer"", 270.5, 0]]"
6BAO,2.18,6035_30,4,Q097N3,AB,"[[""BLR"", [""A"", ""B""], ""non-polymer"", 584.7, 0]]"
6BBL,1.68,1122_30,2,P07328;P07329,ABCD,"[[""HCA"", [""A"", ""C""], ""non-polymer"", 206.2, 0], [""ICS"", [""A"", ""C""], ""non-polymer"", 787.5, 0], [""1CL"", [""A"", ""C""], ""non-polymer"", 671.2, 0]]"
6BC3,2.047,4668_30,2,Q47030,A,"[[""SIS"", [""A""], ""non-polymer"", 447.5, 0], [""COA"", [""A""], ""non-polymer"", 767.5, 0]]"
6BD3,2.28,1956_30,3,P07342,AB,"[[""TPP"", [""A""], ""non-polymer"", 425.3, 1], [""FAD"", [""A"", ""B""], ""non-polymer"", 785.5, 0], [""HTL"", [""B""], ""non-polymer"", 467.4, 1]]"
6BG5,1.1,9036_30,1,P00720;Q96GG9,A,"[[""DQD"", [""A""], ""non-polymer"", 463.5, 0]]"
6BI1,1.42,5846_30,4,A0A0U3AGT1,A,"[[""SEM"", [""A""], ""L-peptide linking"", 195.2, 0]]"
6BIZ,2.1,147225_30,2,P01903;P01911;Q8N257,ABC,"[[""B3P"", [""B""], ""non-polymer"", 282.3, 0]]"
6BPN,2.1,11543_30,1,P75780,A,"[[""POG"", [""A""], ""non-polymer"", 424.6, 0]]"
6BQ5,1.8,4960_30,1,G7K2D1,AB,"[[""MTA"", [""A"", ""B""], ""non-polymer"", 297.3, 0], [""B3P"", [""A"", ""B""], ""non-polymer"", 282.3, 0]]"
6BQ6,1.65,4960_30,1,G7K2D1,AB,"[[""TER"", [""A"", ""B""], ""non-polymer"", 202.3, 0]]"
6BQC,2.073,3287_30,4,P0A9H7,A,"[[""LOP"", [""A""], ""non-polymer"", 661.9, 0]]"
6BQZ,2.3,1866_30,0,B0VML7,AB,"[[""TYR"", [""A"", ""B""], ""L-peptide linking"", 181.2, 0]]"
6BR8,2.3,94005_30,0,Q9J563,AB,"[[""PGV"", [""A"", ""B""], ""non-polymer"", 749.0, 0], [""6OU"", [""A"", ""B""], ""non-polymer"", 718.0, 0]]"
6BR9,2.2,94005_30,0,Q9J563,A,"[[""6OU"", [""A""], ""non-polymer"", 718.0, 0], [""PGV"", [""A""], ""non-polymer"", 749.0, 0]]"
6BRC,2.2,7582_30,0,Q96RR4,AB,"[[""E5J"", [""A"", ""B""], ""non-polymer"", 529.0, 0]]"
6BTZ,1.85,5106_30,0,O00443,ABCD,"[[""O4B"", [""A"", ""B"", ""C"", ""D""], ""non-polymer"", 264.3, 0]]"
6BV6,2.2,14865_30,1,Q66GI4,A,"[[""JUG"", [""A""], ""non-polymer"", 174.2, 0]]"
6BXM,2.252,20172_30,3,A0A062UZ78,AB,"[[""MTA"", [""B""], ""non-polymer"", 297.3, 0], [""SAM"", [""A""], ""non-polymer"", 398.4, 0], [""SF4"", [""A"", ""B""], ""non-polymer"", 351.6, 0]]"
6BYA,2.26,16301_30,2,A0A3Q8I8I6,ABCD,"[[""2LO"", [""A"", ""B"", ""C"", ""D""], ""non-polymer"", 509.0, 0]]"
6C3C,1.5,13122_30,3,G8WNK6,AB,"[[""EJ1"", [""A"", ""B""], ""non-polymer"", 403.3, 0]]"
6C90,2.2,14679_30,3,P42285;Q6NZY4,AB,"[[""ADP"", [""A""], ""non-polymer"", 427.2, 0]]"
6C9P,2.0,8657_30,4,P9WID5,AB,"[[""MTP"", [""A"", ""B""], ""non-polymer"", 298.3, 0]]"
6CBO,1.6,15976_30,1,Q70KD9,ABCD,"[[""DOW"", [""A"", ""B"", ""C"", ""D""], ""non-polymer"", 553.5, 0], [""MPO"", [""A"", ""B"", ""C""], ""non-polymer"", 209.3, 0]]"
6CCY,2.18,1998_30,2,P31749;Q16513,A,"[[""EX4"", [""A""], ""non-polymer"", 571.6, 0]]"
6CFV,1.918,2842_30,1,Q92871,A,"[[""IMP"", [""A""], ""non-polymer"", 348.2, 0]]"
6CGQ,2.019,5515_30,2,A8HUA2,AB,"[[""F0G"", [""B""], ""L-peptide linking"", 318.2, 0], [""PLP"", [""A""], ""non-polymer"", 247.1, 0]]"
6CHN,2.03,137_30,2,P0A6I6,AB,"[[""F1D"", [""A"", ""B""], ""non-polymer"", 451.5, 0]]"
6CK7,1.65,801_30,3,Q5ZSC4,ABCD,"[[""BB2"", [""A"", ""B"", ""C"", ""D""], ""non-polymer"", 385.5, 0]]"
6CKM,1.543,17168_30,1,P0A0Z8,A,"[[""NCC"", [""A""], ""non-polymer"", 614.5, 0]]"
6CQH,2.15,7431_30,4,Q99986,ABCD,"[[""F8Y"", [""A"", ""B"", ""D""], ""non-polymer"", 373.4, 0]]"
6CR0,1.548,12978_30,4,A0A075BSX9,A,"[[""FAD"", [""A""], ""non-polymer"", 785.5, 0]]"
6CUG,2.4,299_30,2,P29016;P61769,ABDE,"[[""CUY"", [""A""], ""non-polymer"", 621.1, 0], [""POV"", [""D""], ""non-polymer"", 760.1, 0]]"
6CW7,1.03,878_30,2,P0ABQ4,A,"[[""THG"", [""A""], ""non-polymer"", 445.4, 0]]"
6CWL,2.15,18049_30,3,C1JZ07,AB,"[[""FHY"", [""A"", ""B""], ""non-polymer"", 508.5, 0]]"
6CZ3,1.8,12290_30,1,Q13882,A,"[[""FLJ"", [""A""], ""non-polymer"", 421.4, 0]]"
6D2E,2.05,4658_30,0,Q6NER4,A,"[[""GDU"", [""A""], ""non-polymer"", 566.3, 0], [""FAD"", [""A""], ""non-polymer"", 785.5, 0]]"
6D31,1.2,16606_30,0,Q9BQ65,A,"[[""AMP"", [""A""], ""non-polymer"", 347.2, 0]]"
6D3G,2.398,12459_30,4,A2RP81,ABCD,"[[""NXL"", [""A"", ""B"", ""C"", ""D""], ""non-polymer"", 267.3, 0]]"
6D41,1.9,23098_30,4,A0A174CQK8,AB,"[[""GCB"", [""A"", ""B""], ""D-saccharide"", 192.1, 0]]"
6D6N,1.81,3095_30,3,P25084,ABCD,"[[""PHE"", [""C""], ""L-peptide linking"", 165.2, 0], [""FXJ"", [""A"", ""B"", ""C"", ""D""], ""non-polymer"", 564.2, 0]]"
6D6W,1.8,23098_30,4,A0A174CQK8,ABCD,"[[""GCU"", [""A"", ""B"", ""C"", ""D""], ""D-saccharide, alpha linking"", 194.1, 0]]"
6D9M,1.35,258708_30,0,P00720;Q39UD1,A,"[[""GTP"", [""A""], ""non-polymer"", 523.2, 0], [""GMP"", [""A""], ""non-polymer"", 283.2, 0], [""POP"", [""A""], ""non-polymer"", 176.0, -2]]"
6DA0,2.2,34406_30,2,A0A384E136,A,"[[""ANP"", [""A""], ""non-polymer"", 506.2, 0]]"
6DAI,1.63,785_30,0,P61964,A,"[[""G2V"", [""A""], ""non-polymer"", 239.3, 0]]"
6DDH,2.35,3519_30,1,P49902,A,"[[""IMP"", [""A""], ""non-polymer"", 348.2, 0]]"
6DFL,2.396,32117_30,3,P0A6A8;Q9HUF7,AB,"[[""G9S"", [""B""], ""non-polymer"", 596.8, 0]]"
6DHU,1.63,4155_30,2,Q9NUW8,AB,"[[""GHM"", [""A"", ""B""], ""non-polymer"", 210.1, 0]]"
6DKV,1.89,255_30,3,,A,"[[""6VP"", [""A""], ""non-polymer"", 164.1, 0]]"
6DLX,1.848,7835_30,4,P10121,AB,"[[""GXY"", [""A"", ""B""], ""non-polymer"", 232.1, 0]]"
6DQO,1.705,13859_30,2,P80644,A,"[[""FMN"", [""A""], ""non-polymer"", 456.3, 0]]"
6DS1,2.119,5558_30,3,Q0PB28,ABCD,"[[""NAP"", [""A"", ""B"", ""C"", ""D""], ""non-polymer"", 743.4, 0]]"
6DXQ,2.02,29137_30,4,G2IQQ5,ABCD,"[[""7QD"", [""A"", ""B"", ""C"", ""D""], ""non-polymer"", 220.1, 0]]"
6DXU,1.9,52523_30,2,,ABCD,"[[""BCN"", [""C"", ""D""], ""non-polymer"", 163.2, 0]]"
6DYS,2.3,32914_30,1,Q9VDC6,A,"[[""HJ1"", [""A""], ""non-polymer"", 224.3, 0]]"
6E0B,2.099,537_30,0,Q08210,A,"[[""ORO"", [""A""], ""non-polymer"", 156.1, 0], [""FMN"", [""A""], ""non-polymer"", 456.3, 0], [""JZ8"", [""A""], ""non-polymer"", 277.3, 2]]"
6E0X,1.974,23907_30,0,A0A0S3AFC9,ABCD,"[[""HEC"", [""A"", ""B"", ""C"", ""D""], ""non-polymer"", 620.5, 0]]"
6E2B,1.45,116_30,3,P62992,ACEGIP,"[[""PT7"", [""A"", ""C"", ""P""], ""non-polymer"", 647.0, 0]]"
6E2U,2.05,7444_30,2,Q9FD68,A,"[[""DP6"", [""A""], ""non-polymer"", 308.1, 0], [""ACP"", [""A""], ""non-polymer"", 505.2, 0]]"
6E4L,1.6,1844_30,2,Q00610,A,"[[""HRS"", [""A""], ""non-polymer"", 363.2, 0]]"
6E6T,1.6,62571_30,2,A0A1X9WEN9,AB,"[[""HVV"", [""A"", ""B""], ""non-polymer"", 225.3, 0]]"
6E7I,1.8,193589_30,2,Q10471;Q62605,AP,"[[""UDP"", [""A""], ""RNA linking"", 404.2, 0]]"
6E97,1.8,4415_30,3,Q47NR5,AB,"[[""J2J"", [""A"", ""B""], ""non-polymer"", 483.3, 0]]"
6EA3,1.65,21789_30,1,Q47NS0;Q47NS3,AB,"[[""SRP"", [""B""], ""non-polymer"", 434.3, 0]]"
6EE1,2.36,4079_30,1,Q8VJU4,ABCD,"[[""ACO"", [""A"", ""B"", ""C"", ""D""], ""non-polymer"", 809.6, 0]]"
6EKU,1.75,26599_30,0,P0C6E9,A,"[[""ZMR"", [""A""], ""D-saccharide"", 332.3, 0]]"
6EKX,1.13,5361_30,1,B9W4V6,A,"[[""HEM"", [""A""], ""non-polymer"", 616.5, 0]]"
6ELB,1.437,1864_30,1,P0A881,AB,"[[""IAC"", [""A"", ""B""], ""non-polymer"", 175.2, 0]]"
6EMU,2.29745444787,38352_30,4,Q5JD38,ABC,"[[""SAM"", [""A"", ""B"", ""C""], ""non-polymer"", 398.4, 0]]"
6EOP,2.4,4282_30,1,P63165;Q6V1X1,ABCDEF,"[[""F15"", [""D"", ""E"", ""F""], ""non-polymer"", 242.4, 0]]"
6EUN,2.45,6358_30,4,P0DV44,ABC,"[[""P4G"", [""A"", ""B""], ""non-polymer"", 162.2, 0]]"
6EUQ,2.2,6499_30,2,P0AEY8,A,"[[""DXC"", [""A""], ""non-polymer"", 392.6, 0], [""BNG"", [""A""], ""D-saccharide"", 306.4, 0]]"
6EUZ,1.95,6218_30,4,P22262,AB,"[[""C8Q"", [""B""], ""non-polymer"", 367.4, 0]]"
6EV0,2.3,6218_30,4,P22262,AB,"[[""BYK"", [""A"", ""B""], ""non-polymer"", 381.5, 1], [""C8N"", [""B""], ""non-polymer"", 381.5, 1]]"
6EVF,2.06,3194_30,1,Q03034,ABCD,"[[""4LU"", [""A"", ""B"", ""C"", ""D""], ""non-polymer"", 525.5, 1]]"
6EX8,1.6,7037_30,1,Q95PM0,AB,"[[""C2K"", [""A"", ""B""], ""non-polymer"", 521.9, 0]]"
6EZE,2.47,27_30,0,P0CE48,AB,"[[""GNP"", [""A"", ""B""], ""non-polymer"", 522.2, 0]]"
6EZL,2.07,1287_30,1,Q4D080,AB,"[[""PLP"", [""A"", ""B""], ""non-polymer"", 247.1, 0]]"
6F35,1.9,2596_30,2,P58350,AB,"[[""PLP"", [""A"", ""B""], ""non-polymer"", 247.1, 0]]"
6F4B,1.55,8978_30,2,A0A384E145,AB,"[[""GSH"", [""A"", ""B""], ""peptide-like"", 307.3, 0]]"
6F4L,2.3,676_30,4,Q9X1X7,A,"[[""NHE"", [""A""], ""non-polymer"", 207.3, 0], [""NTM"", [""A""], ""non-polymer"", 167.1, 0], [""SF4"", [""A""], ""non-polymer"", 351.6, 0]]"
6F5H,2.16,1523_30,1,Q93009,AB,"[[""CQ5"", [""A"", ""B""], ""non-polymer"", 467.6, 0]]"
6F5T,1.58,632_30,3,Q6B0I6,A,"[[""CQK"", [""A""], ""non-polymer"", 206.2, 0]]"
6F69,1.803,8978_30,2,A0A384E145,AB,"[[""CUH"", [""A"", ""B""], ""non-polymer"", 230.2, 0]]"
6F6R,1.8,1538_30,4,P29466,AB,"[[""CVE"", [""A""], ""non-polymer"", 561.5, 0]]"
6F9P,2.4,22288_30,3,J3BZS6,ABCD,"[[""RE"", [""A"", ""B"", ""C"", ""D""], ""non-polymer"", 186.2, 0]]"
6FCA,2.09,293_30,4,Q4FQF7,A,"[[""PRP"", [""A""], ""D-saccharide"", 390.1, 0]]"
6FCY,1.96,293_30,4,Q4FQF7,A,"[[""ADP"", [""A""], ""non-polymer"", 427.2, 0], [""PRP"", [""A""], ""D-saccharide"", 390.1, 0]]"
6FHO,1.75,38935_30,1,Q9HWJ1,A,"[[""FAD"", [""A""], ""non-polymer"", 785.5, 0]]"
6FKW,1.4,3917_30,0,I0JWN7,ABCD,"[[""PQQ"", [""A"", ""B"", ""C"", ""D""], ""non-polymer"", 330.2, 0], [""EU"", [""A"", ""B"", ""C"", ""D""], ""non-polymer"", 152.0, 2]]"
6FL2,1.27000110594,7919_30,0,A0A0W8ATM9,AB,"[[""HEM"", [""A"", ""B""], ""non-polymer"", 616.5, 0]]"
6FLU,1.78,7087_30,4,C7BLE4,AB,"[[""DTK"", [""A"", ""B""], ""non-polymer"", 322.4, 0]]"
6FM1,2.35,25950_30,1,G3FFN6,AB,"[[""DGP"", [""A"", ""B""], ""non-polymer"", 347.2, 0], [""ATP"", [""A"", ""B""], ""non-polymer"", 507.2, 0]]"
6FNS,1.85,9575_30,4,A0R5M8,AB,"[[""DY8"", [""A"", ""B""], ""non-polymer"", 227.3, 2]]"
6FOW,2.04,12322_30,2,Q9KHK2,ABCD,"[[""FAD"", [""A"", ""B"", ""C"", ""D""], ""non-polymer"", 785.5, 0]]"
6FQD,2.10000574506,7835_30,4,P10121,AB,"[[""GDP"", [""A"", ""B""], ""RNA linking"", 443.2, 0]]"
6FSA,2.33,4701_30,3,P85100;Q9BE39,ABDH,"[[""ADP"", [""A"", ""B""], ""non-polymer"", 427.2, 0]]"
6FU6,1.95,1155_30,1,P0A434,AB,"[[""TA8"", [""A"", ""B""], ""non-polymer"", 290.3, 0]]"
6FUM,1.76,299_30,2,,AB,"[[""P4G"", [""A""], ""non-polymer"", 162.2, 0]]"
6FV9,2.48,6046_30,4,Q8WQX9,AB,"[[""E8H"", [""A"", ""B""], ""non-polymer"", 508.6, 0]]"
6FWO,1.34,6675_30,0,D6D1V7,A,"[[""M96"", [""A""], ""non-polymer"", 178.2, 0]]"
6FXJ,1.79,3317_30,2,Q8Y5F1,ABCDE,"[[""FEC"", [""A"", ""B"", ""C"", ""D"", ""E""], ""non-polymer"", 708.5, 0]]"
6FYL,1.95,16970_30,2,P49760,A,"[[""3NG"", [""A""], ""non-polymer"", 349.8, 0]]"
6FYO,2.32,4371_30,0,P49759,A,"[[""EAQ"", [""A""], ""non-polymer"", 360.4, 0]]"
6FZQ,1.7,637_30,3,P15941,HP,"[[""EEN"", [""P""], ""D-saccharide, alpha linking"", 257.2, 0]]"
6G14,1.8,8718_30,1,A0A0H2XK72,AB,"[[""G4P"", [""A"", ""B""], ""RNA linking"", 603.2, 0]]"
6G24,2.1,7729_30,4,Q9BZ95,A,"[[""EH2"", [""A""], ""non-polymer"", 230.3, 0]]"
6G2N,1.4,5619_30,0,Q8TCD5,AB,"[[""O84"", [""A"", ""B""], ""non-polymer"", 516.3, 0]]"
6G36,1.46,4728_30,4,Q8TF76,A,"[[""EKH"", [""A""], ""non-polymer"", 300.7, 0]]"
6G4H,1.8,70198_30,0,Q9HZX3,A,"[[""EMC"", [""A""], ""non-polymer"", 229.7, 0]]"
6G9S,2.001,7779_30,3,P0AD65,A,"[[""ET5"", [""A""], ""non-polymer"", 334.3, 0]]"
6GDV,2.0,35277_30,4,Q31KX8,ABC,"[[""BTB"", [""A""], ""non-polymer"", 209.2, 0]]"
6GDW,1.8,35277_30,4,Q31KX8,ABC,"[[""BTB"", [""A"", ""C""], ""non-polymer"", 209.2, 0]]"
6GFK,2.3,14523_30,1,Q86W50,ABC,"[[""SAH"", [""A"", ""B"", ""C""], ""non-polymer"", 384.4, 0]]"
6GFU,2.0,27_30,0,,A,"[[""GDP"", [""A""], ""RNA linking"", 443.2, 0]]"
6GGJ,2.1,10647_30,1,C9K1X5,AB,"[[""AHD"", [""A"", ""B""], ""non-polymer"", 245.1, -4]]"
6GH3,1.82,70778_30,3,D7UT17,AB,"[[""M1P"", [""A"", ""B""], ""D-saccharide"", 260.1, 0]]"
6GI2,1.49,17354_30,3,Q9I0F2,AB,"[[""8SW"", [""A"", ""B""], ""non-polymer"", 692.6, 0]]"
6GJG,1.99,537_30,0,Q08210,AB,"[[""FMN"", [""A"", ""B""], ""non-polymer"", 456.3, 0], [""ORO"", [""A"", ""B""], ""non-polymer"", 156.1, 0], [""F1T"", [""A"", ""B""], ""non-polymer"", 308.3, 0]]"
6GJK,1.47,6192_30,4,Q70I53,AB,"[[""F0Z"", [""A"", ""B""], ""non-polymer"", 192.3, 0]]"
6GJQ,2.49,1775_30,1,P13569,ABCDEFGH,"[[""ATP"", [""A"", ""C"", ""E"", ""G""], ""non-polymer"", 507.2, 0]]"
6GLY,2.09,2121_30,2,P29166,AB,"[[""FES"", [""A"", ""B""], ""non-polymer"", 175.8, 0], [""SF4"", [""A"", ""B""], ""non-polymer"", 351.6, 0], [""402"", [""A"", ""B""], ""non-polymer"", 355.0, 0]]"
6GMR,1.75,1242_30,3,P40337;Q15369;Q15370;Q16665,BCHV,"[[""F4K"", [""V""], ""non-polymer"", 173.2, 0]]"
6GQK,2.31,1407_30,2,P10721,AB,"[[""F88"", [""A"", ""B""], ""non-polymer"", 433.5, 0]]"
6GW1,1.9,887_30,0,Q5F4T5,AB,"[[""CHO"", [""A"", ""B""], ""non-polymer"", 449.6, 0]]"
6GWB,1.9,4082_30,1,P84253;P84308,AB,"[[""ATP"", [""A""], ""non-polymer"", 507.2, 0]]"
6H00,1.66,685_30,2,Q9NVS9,A,"[[""FMN"", [""A""], ""non-polymer"", 456.3, 0]]"
6H0B,1.8,172500_30,1,Q8N4A0,ABF,"[[""UDP"", [""B""], ""RNA linking"", 404.2, 0]]"
6H1D,1.94,1960_30,0,Q9UI30;Q9Y5N5,AB,"[[""SAH"", [""A""], ""non-polymer"", 384.4, 0]]"
6H21,1.8,12954_30,4,A0A0H3JNB0,ABC,"[[""UD1"", [""A"", ""B"", ""C""], ""non-polymer"", 607.4, 0]]"
6H52,2.14,1344_30,4,Q9UGL1,A,"[[""FQN"", [""A""], ""non-polymer"", 364.4, 0]]"
6H7D,2.4,1904_30,0,Q9LT15,A,"[[""P33"", [""A""], ""non-polymer"", 326.4, 0]]"
6HDE,1.82,618_30,3,P06968,ABC,"[[""DUP"", [""A"", ""B""], ""non-polymer"", 467.2, 0]]"
6HDL,1.16,2588_30,4,P71447,A,"[[""BG6"", [""A""], ""D-saccharide, beta linking"", 260.1, 0]]"
6HF0,2.384,5260_30,0,P9WJF1,AB,"[[""FAD"", [""A"", ""B""], ""non-polymer"", 785.5, 0], [""G1H"", [""A"", ""B""], ""non-polymer"", 371.3, 0]]"
6HF7,1.96,4634_30,1,P43410,ABC,"[[""TB"", [""A"", ""C""], ""non-polymer"", 158.9, 3], [""7MT"", [""A"", ""B""], ""non-polymer"", 556.4, 1]]"
6HFN,1.44965143011,185_30,0,P27708,A,"[[""DOR"", [""A""], ""non-polymer"", 158.1, 0]]"
6HFS,1.34904510922,185_30,0,P27708,A,"[[""NCD"", [""A""], ""non-polymer"", 176.1, 0]]"
6HIU,1.36,42584_30,1,G1UBD9,AB,"[[""HEC"", [""A"", ""B""], ""non-polymer"", 620.5, 0]]"
6HJK,2.4,803_30,2,O14965,A,"[[""G7W"", [""A""], ""non-polymer"", 512.5, 0]]"
6HLO,2.4,6301_30,1,P25103;Q9V2J8,A,"[[""GBQ"", [""A""], ""non-polymer"", 534.4, 0]]"
6HLP,2.2,6301_30,1,P25103;Q9V2J8,A,"[[""GAW"", [""A""], ""non-polymer"", 578.6, 0]]"
6HLY,1.4,9061_30,3,A0ABF7PG02,A,"[[""G9Z"", [""A""], ""non-polymer"", 291.3, 0]]"
6HMK,2.06,4595_30,0,Q86W56,A,"[[""7JC"", [""A""], ""non-polymer"", 420.5, 0]]"
6HQH,1.8,37995_30,4,Q9WWF5,A,"[[""SNW"", [""A""], ""non-polymer"", 308.3, 0]]"
6HRH,2.3,4559_30,3,P22557,AB,"[[""PLP"", [""A"", ""B""], ""non-polymer"", 247.1, 0]]"
6HS0,1.45,13112_30,3,O53623,AB,"[[""GNW"", [""A"", ""B""], ""non-polymer"", 210.7, 0]]"
6HSX,1.56,172156_30,2,P00734;P09945,HIL,"[[""GOZ"", [""H""], ""non-polymer"", 382.5, 0]]"
6HT0,1.8,4022_30,2,Q03111,A,"[[""GQ8"", [""A""], ""non-polymer"", 414.5, 0]]"
6HU1,1.996,4707_30,2,A5H660,ABCD,"[[""GT2"", [""A"", ""B"", ""C"", ""D""], ""non-polymer"", 359.6, 0]]"
6HVE,1.9,478_30,3,P00523,AB,"[[""GUW"", [""A"", ""B""], ""non-polymer"", 294.3, 0]]"
6HVJ,2.28,3183_30,0,Q16875,A,"[[""F6P"", [""A""], ""D-saccharide, beta linking"", 260.1, 0], [""GV8"", [""A""], ""non-polymer"", 430.5, 0]]"
6HWJ,1.979,39834_30,1,A0A1H7TQR5,AB,"[[""BTB"", [""A""], ""non-polymer"", 209.2, 0]]"
6HXP,1.45,228039_30,0,Q75VX1,A,"[[""COA"", [""A""], ""non-polymer"", 767.5, 0]]"
6I0R,2.1,676_30,4,Q9X1X7,A,"[[""QAT"", [""A""], ""non-polymer"", 199.2, 0]]"
6I0Z,1.77,5159_30,1,Q16658,AB,"[[""GZQ"", [""A"", ""B""], ""non-polymer"", 218.1, 0]]"
6I12,1.65,5159_30,1,Q16658,A,"[[""H08"", [""A""], ""non-polymer"", 392.8, 0]]"
6I1H,1.78,52368_30,0,,AB,"[[""MER"", [""A"", ""B""], ""non-polymer"", 385.5, 0]]"
6I2U,2.5,803_30,2,O14965,A,"[[""COA"", [""A""], ""non-polymer"", 767.5, 0]]"
6I4G,2.0,53_30,0,P13020;Q8I4X0,ABGH,"[[""ATP"", [""A"", ""B""], ""non-polymer"", 507.2, 0]]"
6I5M,2.4,1048_30,2,Q980A5,A,"[[""GDP"", [""A""], ""RNA linking"", 443.2, 0]]"
6I6K,1.49,1196_30,0,I3V6A7,AB,"[[""SAH"", [""A"", ""B""], ""non-polymer"", 384.4, 0], [""SLX"", [""A"", ""B""], ""non-polymer"", 327.4, 0]]"
6I8E,1.78,2239_30,0,,AB,"[[""HEM"", [""A"", ""B""], ""non-polymer"", 616.5, 0]]"
6IFT,1.9,286_30,2,P37468,A,"[[""SAM"", [""A""], ""non-polymer"", 398.4, 0]]"
6IH7,2.25,21152_30,0,A0A0H3AJ04,AB,"[[""4BW"", [""A"", ""B""], ""non-polymer"", 674.4, 0]]"
6IIX,1.73,22635_30,0,Q70AY4,A,"[[""CO8"", [""A""], ""non-polymer"", 893.7, 0]]"
6IJP,1.85,6770_30,1,Q8LPL7,A,"[[""IMP"", [""A""], ""non-polymer"", 348.2, 0]]"
6IO1,1.803,2264_30,1,B9L0K9,AB,"[[""PMP"", [""B""], ""non-polymer"", 248.2, 0]]"
6IPL,1.64,1092_30,3,Q9NP87,A,"[[""DTP"", [""A""], ""non-polymer"", 491.2, 0]]"
6IUX,1.195,10732_30,1,P54922,A,"[[""AR6"", [""A""], ""non-polymer"", 559.3, 0]]"
6IX5,1.7,6601_30,4,B8NJH3,AB,"[[""SAM"", [""A"", ""B""], ""non-polymer"", 398.4, 0], [""B0L"", [""A"", ""B""], ""non-polymer"", 351.4, 0]]"
6IY1,2.11,466_30,1,P62491,ABCDEF,"[[""GDP"", [""A"", ""B"", ""C"", ""D"", ""E"", ""F""], ""RNA linking"", 443.2, 0]]"
6IY9,2.4,84131_30,2,P09979,AB,"[[""NHE"", [""A"", ""B""], ""non-polymer"", 207.3, 0], [""HY0"", [""A"", ""B""], ""non-polymer"", 527.5, 0]]"
6J1G,2.5,24251_30,4,O67224,A,"[[""COA"", [""A""], ""non-polymer"", 767.5, 0]]"
6J24,2.244,6601_30,4,B8NJH3,AB,"[[""SAM"", [""A"", ""B""], ""non-polymer"", 398.4, 0], [""BYO"", [""A"", ""B""], ""non-polymer"", 335.4, 0]]"
6J27,1.66,21167_30,3,Q72L89,ABCD,"[[""MTA"", [""A"", ""B"", ""C"", ""D""], ""non-polymer"", 297.3, 0], [""N4P"", [""A"", ""B"", ""C"", ""D""], ""non-polymer"", 202.3, 0]]"
6JC9,2.35,24015_30,1,H8Y6N2,ABCD,"[[""PLP"", [""A"", ""B"", ""C"", ""D""], ""non-polymer"", 247.1, 0]]"
6JF8,1.7,2405_30,3,A0A098SKQ8,ABCD,"[[""LHY"", [""A"", ""B"", ""C"", ""D""], ""non-polymer"", 224.2, 0]]"
6JFE,2.1,8173_30,2,A0A071LDC0,AB,"[[""K3U"", [""B""], ""non-polymer"", 366.4, 0]]"
6JIK,2.35,6263_30,4,A0A068C8U8,A,"[[""GSP"", [""A""], ""non-polymer"", 539.2, 0]]"
6JON,2.34,26071_30,4,M5AAG8,A,"[[""DTP"", [""A""], ""non-polymer"", 491.2, 0]]"
6JQ8,1.546,37904_30,3,Q8GJ95,A,"[[""GNH"", [""A""], ""non-polymer"", 442.2, 0]]"
6JT7,1.86,2111_30,0,P74881,A,"[[""ADP"", [""A""], ""non-polymer"", 427.2, 0]]"
6JU9,1.42,13726_30,0,A0A1S9DK56,AB,"[[""DAH"", [""A""], ""L-peptide linking"", 197.2, 0], [""TYR"", [""A"", ""B""], ""L-peptide linking"", 181.2, 0]]"
6JUZ,1.21,9280_30,4,P74535,A,"[[""ARG"", [""A""], ""L-peptide linking"", 175.2, 1]]"
6JW7,2.36,52629_30,0,Q6L737,AB,"[[""NAI"", [""A"", ""B""], ""non-polymer"", 665.4, 0], [""CJX"", [""A""], ""non-polymer"", 485.5, 0]]"
6JWY,2.5,13913_30,0,Q25704,AB,"[[""CKL"", [""A"", ""B""], ""non-polymer"", 487.5, 0], [""PH2"", [""A""], ""non-polymer"", 195.2, 0], [""ATP"", [""A"", ""B""], ""non-polymer"", 507.2, 0]]"
6JZM,1.88,2095_30,0,Q5AR53,B,"[[""CQ9"", [""B""], ""non-polymer"", 294.3, 0]]"
6K37,2.5,27528_30,4,Q55650,A,"[[""CWL"", [""A""], ""non-polymer"", 231.3, 0], [""NAD"", [""A""], ""non-polymer"", 663.4, 0]]"
6KA2,2.35,3089_30,0,A0A2U9GGW3,ABCD,"[[""D4R"", [""A"", ""B"", ""C""], ""non-polymer"", 311.4, 0]]"
6KDR,2.112,25348_30,2,P07199;Q5VVY1,ABDE,"[[""SAH"", [""A"", ""B""], ""non-polymer"", 384.4, 0]]"
6KEN,1.75,2197_30,1,Q7JYX0,AABA,"[[""GSH"", [""AA"", ""BA""], ""peptide-like"", 307.3, 0]]"
6KGS,2.309,19912_30,3,L0T911,A,"[[""MER"", [""A""], ""non-polymer"", 385.5, 0]]"
6KNI,1.97,28487_30,2,A0A0H3JPF2,ABC,"[[""PLP"", [""A"", ""B"", ""C""], ""non-polymer"", 247.1, 0]]"
6KO9,2.2,8139_30,1,Q8ZR43,ABCD,"[[""XZ1"", [""A"", ""B"", ""C"", ""D""], ""non-polymer"", 319.7, 0]]"
6KOJ,2.14,21107_30,2,Q9Y5W9,AB,"[[""I35"", [""A"", ""B""], ""non-polymer"", 634.4, 0]]"
6KRI,1.604,9211_30,4,Q3L887,AB,"[[""FAD"", [""A"", ""B""], ""non-polymer"", 785.5, 0]]"
6KSA,1.768,9211_30,4,Q3L887,AB,"[[""FAD"", [""A"", ""B""], ""non-polymer"", 785.5, 0]]"
6KSR,1.37,28997_30,1,U6KUE1,A,"[[""GLA"", [""A""], ""D-saccharide, alpha linking"", 180.2, 0]]"
6KTZ,2.0,11615_30,2,B3ECE3,A,"[[""AVJ"", [""A""], ""non-polymer"", 198.2, 1]]"
6KUM,1.4,2495_30,3,P07839,AB,"[[""FES"", [""A"", ""B""], ""non-polymer"", 175.8, 0]]"
6KUN,2.002,10408_30,2,Q01IX6,AB,"[[""IAC"", [""A"", ""B""], ""non-polymer"", 175.2, 0]]"
6KVW,2.25,11615_30,2,B3ECE3,AB,"[[""AVJ"", [""A"", ""B""], ""non-polymer"", 198.2, 1]]"
6KY3,1.34,2639_30,2,A0A0A7CK57,A,"[[""ARG"", [""A""], ""L-peptide linking"", 175.2, 1]]"
6KY9,1.7,27357_30,3,A0A2X0SE53,ABC,"[[""UMP"", [""B"", ""C""], ""non-polymer"", 308.2, 0]]"
6KZ6,2.187,27357_30,3,A0A2X0SE53,ABC,"[[""UMP"", [""A"", ""B"", ""C""], ""non-polymer"", 308.2, 0]]"
6L0P,1.79,18877_30,1,Q9YBL2,ABCD,"[[""E1U"", [""A"", ""B"", ""C"", ""D""], ""non-polymer"", 414.2, 0]]"
6L2U,1.5,38078_30,1,Q27RN2,AB,"[[""FAD"", [""A"", ""B""], ""non-polymer"", 785.5, 0]]"
6L8I,1.7,9427_30,0,Q93VK5,A,"[[""HEM"", [""A""], ""non-polymer"", 616.5, 0]]"
6LB4,1.5,169174_30,3,P19793;Q15596,AB,"[[""E8L"", [""A""], ""non-polymer"", 358.4, 0]]"
6LCY,2.301,15260_30,4,Q9R0N7,A,"[[""IHP"", [""A""], ""non-polymer"", 660.0, 0]]"
6LDD,2.205,2519_30,0,D2Q7B1,ABCD,"[[""CKX"", [""A"", ""B"", ""C"", ""D""], ""non-polymer"", 203.2, 0]]"
6LDF,2.35,2754_30,2,,AC,"[[""HEC"", [""A"", ""C""], ""non-polymer"", 620.5, 0]]"
6LGI,1.6,2359_30,1,A0A077JI83,AB,"[[""BDF"", [""A"", ""B""], ""D-saccharide, beta linking"", 180.2, 0]]"
6LGZ,2.428,6506_30,4,A0A380PV03,A,"[[""A6L"", [""A""], ""non-polymer"", 356.5, 0]]"
6LL4,2.2,6732_30,4,Q84II6,ABC,"[[""FES"", [""A"", ""B"", ""C""], ""non-polymer"", 175.8, 0], [""EHX"", [""A""], ""non-polymer"", 201.2, 0], [""9G0"", [""B"", ""C""], ""non-polymer"", 201.2, 0]]"
6LL5,1.75,3033_30,3,A0A0H3GRR0,A,"[[""GDP"", [""A""], ""RNA linking"", 443.2, 0]]"
6LL8,1.3,1892_30,3,L8AXY8,AB,"[[""2PN"", [""A"", ""B""], ""non-polymer"", 177.0, 0]]"
6LN3,2.0,80432_30,1,Q9YDD2,A,"[[""ATP"", [""A""], ""non-polymer"", 507.2, 0], [""AMP"", [""A""], ""non-polymer"", 347.2, 0]]"
6LPV,2.297,7521_30,4,O64470,A,"[[""COA"", [""A""], ""non-polymer"", 767.5, 0]]"
6M1J,1.701,248_30,4,Q9I7C2,AB,"[[""EZ6"", [""A"", ""B""], ""non-polymer"", 511.4, 0]]"
6M4J,1.8,32563_30,2,A0A6P3CW71,AB,"[[""PLP"", [""A"", ""B""], ""non-polymer"", 247.1, 0]]"
6M74,1.52,2404_30,3,I6SYK8,A,"[[""FNR"", [""A""], ""non-polymer"", 458.4, 0]]"
6M7H,1.6,367_30,1,P0DP23,A,"[[""KN9"", [""A""], ""non-polymer"", 501.0, 0]]"
6M7X,2.095,3639_30,2,P15538,AB,"[[""HEM"", [""A"", ""B""], ""non-polymer"", 616.5, 0], [""JD7"", [""A"", ""B""], ""non-polymer"", 223.3, 0]]"
6M8E,2.0,6820_30,3,Q8NFU5,A,"[[""J8G"", [""A""], ""non-polymer"", 316.3, 0]]"
6MAK,2.13,13553_30,3,O95251;O95696,AB,"[[""ACO"", [""A""], ""non-polymer"", 809.6, 0]]"
6MBL,2.197,31011_30,2,P60709;Q86TU7,AY,"[[""SAH"", [""A""], ""non-polymer"", 384.4, 0]]"
6MBP,1.947,6597_30,2,Q9H9B1,AB,"[[""SAH"", [""A"", ""B""], ""non-polymer"", 384.4, 0], [""JDG"", [""A"", ""B""], ""non-polymer"", 523.8, 0]]"
6MJG,2.123,4675_30,2,A0A4S8L4Q5,A,"[[""SAH"", [""A""], ""non-polymer"", 384.4, 0]]"
6MJT,1.893,1278_30,1,P00282,AB,"[[""REQ"", [""A"", ""B""], ""non-polymer"", 478.5, 0]]"
6MJW,2.405,1146_30,3,Q8N884,A,"[[""JUJ"", [""A""], ""non-polymer"", 391.3, 0]]"
6MLA,1.582,1411_30,0,P02911,E,"[[""ARG"", [""E""], ""L-peptide linking"", 175.2, 1]]"
6MM2,1.04,9130_30,0,,A,"[[""ATP"", [""A""], ""non-polymer"", 507.2, 0]]"
6MM6,2.39,357_30,2,E9Q401;P05132,CDEF,"[[""ANP"", [""C"", ""E""], ""non-polymer"", 506.2, 0]]"
6MMO,1.86,9130_30,0,,ABCDEF,"[[""AMP"", [""B"", ""C"", ""D"", ""E"", ""F""], ""non-polymer"", 347.2, 0]]"
6MQ2,2.5,108212_30,4,,ABCDE,"[[""C8E"", [""A"", ""E""], ""non-polymer"", 306.4, 0]]"
6MV2,2.05,15149_30,0,Q7L1T6,A,"[[""FAD"", [""A""], ""non-polymer"", 785.5, 0], [""NAP"", [""A""], ""non-polymer"", 743.4, 0]]"
6MWD,2.327,1584_30,0,A8EVM5,B,"[[""CPS"", [""B""], ""non-polymer"", 614.9, 0], [""PX4"", [""B""], ""non-polymer"", 678.9, 1]]"
6MYU,1.97,3374_30,4,A0A8V1A9B9;Q5ZIS0;Q9YHT1;Q9YHT2,ABCD,"[[""FAD"", [""A""], ""non-polymer"", 785.5, 0], [""3PE"", [""D""], ""non-polymer"", 748.1, 0], [""UMQ"", [""C""], ""non-polymer"", 496.6, 0], [""HEM"", [""C""], ""non-polymer"", 616.5, 0], [""F3S"", [""B""], ""non-polymer"", 295.8, 0], [""SF4"", [""B""], ""non-polymer"", 351.6, 0], [""FES"", [""B""], ""non-polymer"", 175.8, 0]]"
6MYZ,1.661,4155_30,2,Q9NUW8,AB,"[[""K7D"", [""A""], ""non-polymer"", 265.3, 0]]"
6N0X,1.44,7444_30,2,E8N6F3,ABCDEF,"[[""PMV"", [""A"", ""B"", ""C"", ""D"", ""E"", ""F""], ""non-polymer"", 228.1, 0]]"
6N12,2.23,8425_30,0,Q16181,AB,"[[""GDP"", [""A"", ""B""], ""RNA linking"", 443.2, 0]]"
6N87,1.588,173038_30,0,Q1PBJ5,AC,"[[""MTN"", [""C""], ""non-polymer"", 264.4, 0]]"
6N91,2.05,1575_30,1,Q9KNI7,AB,"[[""CXS"", [""A"", ""B""], ""non-polymer"", 221.3, 0], [""DCF"", [""A"", ""B""], ""non-polymer"", 268.3, 0]]"
6N9R,1.75,12625_30,4,A0A023DFE8,APX,"[[""OHN"", [""A"", ""P"", ""X""], ""non-polymer"", 297.4, 0]]"
6NA4,1.722,13306_30,0,E4N096,ABCD,"[[""NDP"", [""C""], ""non-polymer"", 745.4, 0], [""YAS"", [""C"", ""D""], ""non-polymer"", 837.6, 0], [""2EC"", [""A"", ""B""], ""non-polymer"", 163.2, 0], [""NAP"", [""A"", ""B"", ""D""], ""non-polymer"", 743.4, 0]]"
6NAB,2.0,2232_30,1,A0A4V8H034,AB,"[[""AMP"", [""A"", ""B""], ""non-polymer"", 347.2, 0]]"
6NBP,1.7,17279_30,1,A0A4P1LYI6,A,"[[""FON"", [""A""], ""non-polymer"", 473.4, 0], [""0FX"", [""A""], ""non-polymer"", 547.3, 0]]"
6NBT,2.4,3672_30,3,Q5HK91,AB,"[[""SM"", [""A"", ""B""], ""non-polymer"", 150.4, 3]]"
6NFT,1.65,4214_30,1,P45974,AB,"[[""KKG"", [""A"", ""B""], ""non-polymer"", 204.2, 0]]"
6NHZ,1.8,11729_30,1,,A,"[[""ATP"", [""A""], ""non-polymer"", 507.2, 0]]"
6NKK,2.299,12769_30,3,L0E2Z4,ABCDEF,"[[""PM7"", [""A"", ""B"", ""C"", ""D"", ""E"", ""F""], ""non-polymer"", 335.4, 0], [""NAP"", [""A"", ""B"", ""C"", ""D"", ""E"", ""F""], ""non-polymer"", 743.4, 0]]"
6NL5,2.314,4229_30,2,P9WPQ5,ABCD,"[[""DCP"", [""A"", ""B"", ""C"", ""D""], ""non-polymer"", 467.2, 0]]"
6NML,2.0,15330_30,1,P05057,AB,"[[""NMY"", [""A"", ""B""], ""non-polymer"", 614.6, 0], [""APC"", [""A"", ""B""], ""non-polymer"", 505.2, 0]]"
6NO1,2.44,3970_30,3,B3FHP0,AB,"[[""ADP"", [""A""], ""non-polymer"", 427.2, 0]]"
6NOO,2.5,40915_30,1,B7KMS4,AB,"[[""ATP"", [""B""], ""non-polymer"", 507.2, 0]]"
6NVD,2.44,4229_30,2,P9WPQ5,ABCD,"[[""L4S"", [""D""], ""non-polymer"", 523.5, 0]]"
6NVU,2.5,12459_30,4,Q9X6W1,A,"[[""J01"", [""A""], ""non-polymer"", 199.2, 0], [""L4A"", [""A""], ""non-polymer"", 201.2, 0], [""TEM"", [""A""], ""non-polymer"", 157.2, 0]]"
6NW2,2.0,5200_30,0,Q13546,AB,"[[""L4Y"", [""A"", ""B""], ""non-polymer"", 354.4, 0]]"
6NWL,1.595,144409_30,4,Q9UBK2,AB,"[[""HCY"", [""A""], ""non-polymer"", 362.5, 0]]"
6NXI,1.61,10055_30,2,A5F5Y3,A,"[[""FAD"", [""A""], ""non-polymer"", 785.5, 0]]"
6NYO,1.502,5372_30,1,P0CH08;Q712K3,AE,"[[""U94"", [""A""], ""non-polymer"", 442.3, 0]]"
6NZ6,1.95,23185_30,2,Q8EG04,AB,"[[""GDP"", [""A"", ""B""], ""RNA linking"", 443.2, 0]]"
6O08,1.798,653_30,1,A1E8I9,A,"[[""FMN"", [""A""], ""non-polymer"", 456.3, 0]]"
6O0P,1.8,2273_30,3,P10415;Q07817,A,"[[""LBM"", [""A""], ""non-polymer"", 868.4, 0]]"
6O3P,1.6,9554_30,1,Q9DCN1,AB,"[[""AMP"", [""A"", ""B""], ""non-polymer"", 347.2, 0]]"
6O5U,1.4,4668_30,2,Q47030,A,"[[""KAN"", [""A""], ""non-polymer"", 484.5, 0]]"
6O6L,2.25,37287_30,2,G2LET6,ABCD,"[[""AVJ"", [""A"", ""B"", ""C"", ""D""], ""non-polymer"", 198.2, 1]]"
6O6Z,2.1,22115_30,4,B6YWC3,AB,"[[""LQJ"", [""A"", ""B""], ""non-polymer"", 658.4, 0]]"
6O9F,2.48,4976_30,2,O59952,ABCDEF,"[[""LTV"", [""A"", ""B"", ""C"", ""D"", ""E"", ""F""], ""non-polymer"", 723.2, 0]]"
6O9U,2.0,7992_30,2,D9N164,A,"[[""PCW"", [""A""], ""non-polymer"", 787.1, 1], [""Z3P"", [""A""], ""non-polymer"", 266.2, 0]]"
6OFY,2.2,1987_30,1,Q05769,AB,"[[""COH"", [""A"", ""B""], ""non-polymer"", 619.6, 0], [""ACD"", [""A"", ""B""], ""non-polymer"", 304.5, 0]]"
6OHA,2.21,5346_30,4,Q07729,A,"[[""XAN"", [""A""], ""non-polymer"", 152.1, 0]]"
6OII,1.85,12115_30,1,Q1HRL7,AB,"[[""ACD"", [""A"", ""B""], ""non-polymer"", 304.5, 0]]"
6OKF,2.5,506_30,1,P0A6A8;P0A953,ABCD,"[[""MRJ"", [""A"", ""B""], ""non-polymer"", 523.6, 0]]"
6OMQ,1.86,61709_30,1,A0A0A0UVH9,AB,"[[""MZD"", [""B""], ""non-polymer"", 674.8, 0]]"
6OQY,2.23,219517_30,2,O00482;Q15596,AC,"[[""N2J"", [""A""], ""non-polymer"", 464.7, 0]]"
6OUV,1.937,240_30,4,Q9RUB5,AB,"[[""TDK"", [""A"", ""B""], ""non-polymer"", 563.4, 1]]"
6OWI,1.75,5119_30,1,Q9H7Z6,A,"[[""NB7"", [""A""], ""non-polymer"", 294.3, 0]]"
6OX2,2.089,31011_30,2,P60709;Q86TU7,ABYZ,"[[""SAH"", [""A"", ""B""], ""non-polymer"", 384.4, 0]]"
6OZV,2.18,3301_30,3,A0A0B5GUD2,A,"[[""AMP"", [""A""], ""non-polymer"", 347.2, 0]]"
6P0R,2.4,11400_30,2,Q9H5I1,AB,"[[""NM4"", [""A"", ""B""], ""non-polymer"", 464.0, 0]]"
6P11,2.15,5973_30,1,Q8I0P1,B,"[[""SKE"", [""B""], ""non-polymer"", 394.4, 0]]"
6P20,1.749,206833_30,4,L7T0L4;P16009;Q8SCZ8,ABCD,"[[""ELA"", [""A""], ""non-polymer"", 282.5, 0]]"
6P44,1.251,2211_30,0,K5BJ73,AB,"[[""DNX"", [""A"", ""B""], ""non-polymer"", 184.1, 0]]"
6P5X,1.97,1228_30,0,P25924,AB,"[[""SAH"", [""A"", ""B""], ""non-polymer"", 384.4, 0], [""SHN"", [""B""], ""non-polymer"", 862.8, 0]]"
6P9K,1.703,2664_30,2,P9WQD9,A,"[[""O6G"", [""A""], ""non-polymer"", 291.4, 0]]"
6P9M,2.256,2664_30,2,P9WQD9,A,"[[""O6J"", [""A""], ""non-polymer"", 305.4, 0]]"
6PBP,1.64,12250_30,2,Q9HUX5,AB,"[[""NAP"", [""A"", ""B""], ""non-polymer"", 743.4, 0], [""O7J"", [""A"", ""B""], ""non-polymer"", 386.4, 0]]"
6PD2,1.95,64887_30,3,Q73MU2,ABCD,"[[""0RC"", [""A"", ""B"", ""C"", ""D""], ""non-polymer"", 430.2, 0], [""PLP"", [""A"", ""B"", ""C"", ""D""], ""non-polymer"", 247.1, 0]]"
6PDN,2.4,214559_30,1,P11309,AB,"[[""OD4"", [""A""], ""non-polymer"", 360.5, 0]]"
6PEU,1.95,226461_30,1,Q58256;Q58494,ABCDMNPQ,"[[""ATP"", [""A"", ""B"", ""C"", ""D""], ""non-polymer"", 507.2, 0]]"
6PFL,2.1,5362_30,1,Q7Z6Z7,AB,"[[""APR"", [""A"", ""B""], ""non-polymer"", 559.3, 0]]"
6PHV,2.1,5695_30,4,A0A0H2URQ6,A,"[[""GLA"", [""A""], ""D-saccharide, alpha linking"", 180.2, 0]]"
6PI1,1.7,8551_30,0,A0A0J7JFD7,ABCD,"[[""B3N"", [""A"", ""B"", ""C"", ""D""], ""non-polymer"", 307.4, 0]]"
6PLF,1.7,6412_30,3,O43175,AB,"[[""ONV"", [""A"", ""B""], ""non-polymer"", 473.9, 0]]"
6PRN,2.04,21382_30,1,P39767,A,"[[""C8E"", [""A""], ""non-polymer"", 306.4, 0]]"
6PSM,1.95,13318_30,3,A0ABQ6RIL2,ABCDEF,"[[""G4S"", [""A"", ""B"", ""C"", ""D"", ""E"", ""F""], ""D-saccharide, beta linking"", 260.2, 0], [""9RN"", [""A"", ""B"", ""C"", ""D"", ""E"", ""F""], ""D-saccharide, alpha linking"", 162.1, 0]]"
6PUB,2.43,13389_30,4,Q9KMN1,A,"[[""CVI"", [""A""], ""non-polymer"", 372.5, 1]]"
6PUJ,1.92,1198_30,0,P61769;Q95460,ABCDEFGH,"[[""Q7S"", [""A"", ""C""], ""non-polymer"", 254.2, 0]]"
6PVI,2.093,5267_30,3,L0E4H0,A,"[[""FAD"", [""A""], ""non-polymer"", 785.5, 0], [""OZ7"", [""A""], ""non-polymer"", 447.6, 0]]"
6PZU,1.74,1729_30,0,F8W4B7,AB,"[[""A6I"", [""A"", ""B""], ""peptide-like"", 484.5, 0]]"
6Q1S,2.3,17361_30,0,Q79FW0,ABCD,"[[""PMP"", [""A"", ""B"", ""C"", ""D""], ""non-polymer"", 248.2, 0]]"
6Q32,1.39,4099_30,4,Q39054,A,"[[""NWS"", [""A""], ""non-polymer"", 868.5, 0]]"
6Q89,2.21,148_30,1,A0ACH0F9X2,A,"[[""LSS"", [""A""], ""non-polymer"", 459.5, 0]]"
6Q8F,1.9,4843_30,0,Q2TAY7,AB,"[[""BTB"", [""A""], ""non-polymer"", 209.2, 0]]"
6Q91,2.4,4978_30,2,P51570,ABCD,"[[""HR8"", [""A"", ""B"", ""C"", ""D""], ""non-polymer"", 241.7, 0], [""HFK"", [""A"", ""B"", ""C""], ""non-polymer"", 350.4, 0]]"
6QCH,2.1,4294_30,3,Q8N6T7,AB,"[[""AR6"", [""A"", ""B""], ""non-polymer"", 559.3, 0], [""HWB"", [""A"", ""B""], ""non-polymer"", 287.2, 1]]"
6QGT,1.988,14367_30,2,A0A0E3LP72;A0A0E3QWH3;A0A0E3QYL7,ABG,"[[""SF4"", [""B"", ""G""], ""non-polymer"", 351.6, 0], [""FES"", [""G""], ""non-polymer"", 175.8, 0], [""FAD"", [""B""], ""non-polymer"", 785.5, 0]]"
6QI4,1.78,1554_30,4,P62166,BC,"[[""FKW"", [""B""], ""non-polymer"", 338.3, 0]]"
6QII,2.28,14367_30,2,A0A0E3LP72;A0A0E3QWH3;A0A0E3QYL7,ABG,"[[""FAD"", [""B""], ""non-polymer"", 785.5, 0], [""FES"", [""G""], ""non-polymer"", 175.8, 0], [""SF4"", [""B"", ""G""], ""non-polymer"", 351.6, 0]]"
6QOY,1.9,3657_30,0,D2K8B3,ABCD,"[[""JAT"", [""B"", ""C"", ""D""], ""non-polymer"", 201.2, 0], [""AES"", [""A"", ""B"", ""C"", ""D""], ""non-polymer"", 203.2, 0]]"
6QP1,1.42,7502_30,4,A0A3S7GV73,AB,"[[""LCS"", [""A"", ""B""], ""non-polymer"", 331.2, 0]]"
6QP3,2.3,7502_30,4,Q08432,ABCD,"[[""PLP"", [""A"", ""B"", ""C"", ""D""], ""non-polymer"", 247.1, 0]]"
6QQN,2.301,12_30,3,A0A8V0Z8P0;P63043;P81947;Q6B856,ABCDEF,"[[""GDP"", [""B"", ""D""], ""RNA linking"", 443.2, 0], [""GTP"", [""A"", ""C""], ""non-polymer"", 523.2, 0], [""ACP"", [""F""], ""non-polymer"", 505.2, 0], [""2GE"", [""B""], ""non-polymer"", 295.2, 0]]"
6QTJ,2.48,3006_30,3,P24863;P49336,AB,"[[""JHK"", [""A""], ""non-polymer"", 357.4, 0]]"
6QXD,2.317,6128_30,3,B2ZB02,AB,"[[""JKB"", [""A""], ""non-polymer"", 388.4, 0]]"
6QXH,2.04,113_30,4,P04818,ABC,"[[""UMP"", [""A"", ""B"", ""C""], ""non-polymer"", 308.2, 0]]"
6QXQ,1.45,6231_30,3,B1MD73,A,"[[""COA"", [""A""], ""non-polymer"", 767.5, 0]]"
6QYG,1.6,6231_30,3,B1MD73,A,"[[""COA"", [""A""], ""non-polymer"", 767.5, 0]]"
6QZ6,1.9,1758_30,2,Q07820,A,"[[""JLE"", [""A""], ""non-polymer"", 442.5, 0]]"
6R1D,1.1,3576_30,3,A4TVL0,AB,"[[""JP5"", [""A"", ""B""], ""non-polymer"", 248.2, 0]]"
6R1N,2.03,158_30,0,P95689,A,"[[""SSA"", [""A""], ""non-polymer"", 433.4, 0]]"
6R1Q,1.95,3294_30,4,Q9ER97,A,"[[""HEM"", [""A""], ""non-polymer"", 616.5, 0]]"
6R4H,2.244,3055_30,4,Q06210,AB,"[[""G6Q"", [""A"", ""B""], ""non-polymer"", 260.1, 0]]"
6R4Q,1.9,4890_30,4,P33590,AB,"[[""6RP"", [""B""], ""non-polymer"", 192.2, 0], [""EDT"", [""A""], ""non-polymer"", 292.2, 0]]"
6R5D,1.95,5733_30,3,P49642,AE,"[[""DTP"", [""A"", ""E""], ""non-polymer"", 491.2, 0]]"
6R8C,1.92,15753_30,0,B6DRA0,A,"[[""5MY"", [""A""], ""non-polymer"", 580.1, 0]]"
6RBZ,2.318,1050_30,2,Q8Y8D7,A,"[[""JXK"", [""A""], ""non-polymer"", 271.1, 0]]"
6RCT,2.32,8288_30,4,P49761,AB,"[[""JWN"", [""A"", ""B""], ""non-polymer"", 482.6, 0]]"
6RD2,1.0,7798_30,2,Q8N8S7,ABCD,"[[""K1N"", [""C"", ""D""], ""non-polymer"", 678.2, 0]]"
6RFW,2.183,6046_30,4,Q8WQX9,AB,"[[""K1Q"", [""A"", ""B""], ""non-polymer"", 487.6, 0]]"
6RM2,2.5,25950_30,1,G3FFN6,AB,"[[""IMP"", [""A"", ""B""], ""non-polymer"", 348.2, 0], [""ATP"", [""A"", ""B""], ""non-polymer"", 507.2, 0]]"
6RNT,1.8,2723_30,3,P00651,A,"[[""2AM"", [""A""], ""non-polymer"", 347.2, 0]]"
6RR5,1.9,7919_30,0,A0A0W8ATM9,AB,"[[""HEM"", [""A"", ""B""], ""non-polymer"", 616.5, 0]]"
6RSX,1.6,3528_30,2,,A,"[[""CMP"", [""A""], ""non-polymer"", 329.2, 0]]"
6RT2,1.3,11920_30,4,Q38CL4,ABCD,"[[""CV5"", [""A"", ""B"", ""C"", ""D""], ""non-polymer"", 528.6, 0]]"
6RTD,2.36,55101_30,3,Q9I609,AB,"[[""DHE"", [""A"", ""B""], ""non-polymer"", 712.5, 0], [""HEC"", [""A"", ""B""], ""non-polymer"", 620.5, 0]]"
6RTU,1.9,112_30,3,O85725,AB,"[[""UN1"", [""A""], ""L-peptide linking"", 161.2, 0]]"
6RXE,1.84,32689_30,2,B7GTV0,AB,"[[""IHS"", [""A"", ""B""], ""non-polymer"", 660.5, 0]]"
6S20,1.98,18432_30,4,Q8A2H2,C,"[[""NG6"", [""C""], ""D-saccharide, beta linking"", 301.3, 0]]"
6S24,2.12,245401_30,4,H0ZAB5,AF,"[[""UDP"", [""A""], ""RNA linking"", 404.2, 0]]"
6S4J,1.5,162_30,1,P01308,AB,"[[""KUT"", [""B""], ""non-polymer"", 717.9, 0]]"
6S4N,1.9,612_30,1,P55055,ABCD,"[[""KUW"", [""A"", ""B"", ""C"", ""D""], ""non-polymer"", 519.0, 0]]"
6S5H,2.0,7662_30,0,P57729,A,"[[""GTP"", [""A""], ""non-polymer"", 523.2, 0]]"
6S5P,1.46,2604_30,0,Q9HYN5,ABCDEFH,"[[""ZDC"", [""A"", ""B"", ""C""], ""D-saccharide"", 206.2, 0]]"
6S5U,2.03,9562_30,0,Q94LW9,ABCDEF,"[[""KWK"", [""A"", ""B"", ""C"", ""D"", ""E"", ""F""], ""non-polymer"", 230.3, 0]]"
6S77,2.12,28052_30,3,Q86X55,ABCD,"[[""KXW"", [""A"", ""B"", ""C"", ""D""], ""non-polymer"", 501.5, 0]]"
6SEP,2.2,11504_30,2,O32323,AB,"[[""NAD"", [""A"", ""B""], ""non-polymer"", 663.4, 0]]"
6SI0,1.53,675_30,1,P04637,AB,"[[""LEK"", [""A"", ""B""], ""non-polymer"", 321.4, 0]]"
6SP0,1.77,19372_30,0,Q8CIB9,A,"[[""COA"", [""A""], ""non-polymer"", 767.5, 0]]"
6SQ4,1.7,4997_30,4,Q6NZB1,AB,"[[""GJV"", [""A"", ""B""], ""non-polymer"", 337.4, 1]]"
6SSD,1.18,161_30,0,A0A6I8WFW1,A,"[[""PLP"", [""A""], ""non-polymer"", 247.1, 0]]"
6SZ4,1.75,10652_30,4,B1ZMF4,A,"[[""BDP"", [""A""], ""D-saccharide, beta linking"", 194.1, 0]]"
6T00,2.1,3207_30,2,P32081,A,"[[""NHE"", [""A""], ""non-polymer"", 207.3, 0]]"
6T06,2.4,2631_30,2,Q96MU7,AB,"[[""M5H"", [""B""], ""non-polymer"", 188.2, 0]]"
6T3M,1.38,222592_30,4,P00734;P09945,HIL,"[[""MD8"", [""H""], ""non-polymer"", 367.4, 0]]"
6T4J,1.79,1137_30,0,P51449,A,"[[""L3E"", [""A""], ""non-polymer"", 459.8, 0], [""MHQ"", [""A""], ""non-polymer"", 384.6, 0]]"
6T54,1.57,234017_30,2,P00734;P09945,HIL,"[[""MJK"", [""H""], ""non-polymer"", 436.4, 0]]"
6T5X,1.5,585_30,2,P0A2C9,AB,"[[""NDP"", [""A"", ""B""], ""non-polymer"", 745.4, 0]]"
6T6K,1.37,4948_30,0,P74102,A,"[[""HIS"", [""A""], ""L-peptide linking"", 156.2, 1], [""ECH"", [""A""], ""non-polymer"", 550.9, 0]]"
6T7G,1.8,35781_30,4,I9SUA3,AAABBBCCCDDDEEEFFF,"[[""MVL"", [""AAA"", ""BBB"", ""CCC"", ""DDD"", ""EEE"", ""FFF""], ""non-polymer"", 200.2, 0]]"
6T9T,1.69,2983_30,1,Q9Y5Y6,A,"[[""MXH"", [""A""], ""non-polymer"", 652.8, 0]]"
6T9Y,1.92,8039_30,4,P29068,A,"[[""7B0"", [""A""], ""non-polymer"", 225.3, 0]]"
6TAK,1.25,922_30,4,P0A7E3,AAABBB,"[[""ORO"", [""AAA"", ""BBB""], ""non-polymer"", 156.1, 0]]"
6TBE,1.67008040045,2271_30,2,Q9H492,A,"[[""NOV"", [""A""], ""non-polymer"", 612.6, 0]]"
6TBI,1.46,11703_30,3,B3PBE0,ABCDEFGH,"[[""N8V"", [""A"", ""B"", ""C"", ""D"", ""E"", ""F"", ""G"", ""H""], ""non-polymer"", 287.4, 0]]"
6TBY,1.8,2665_30,2,P93527,AAA,"[[""CYC"", [""AAA""], ""non-polymer"", 588.7, 0]]"
6TCU,2.14,2392_30,2,P49841,A,"[[""N1Q"", [""A""], ""non-polymer"", 428.5, 0]]"
6TEF,1.8,2947_30,0,P75898,AAA,"[[""FMN"", [""AAA""], ""non-polymer"", 456.3, 0]]"
6TEK,1.8,7120_30,2,A0A100XEC2,AB,"[[""FAD"", [""A"", ""B""], ""non-polymer"", 785.5, 0]]"
6TFS,2.0,67486_30,3,O50271,AB,"[[""N7T"", [""A"", ""B""], ""non-polymer"", 309.3, 0]]"
6THW,2.44,1720_30,2,Q9NWZ3,AB,"[[""NBK"", [""A"", ""B""], ""non-polymer"", 489.5, 0]]"
6TI1,2.0,3334_30,4,Q5M0B4,AC,"[[""2BO"", [""A"", ""C""], ""non-polymer"", 350.3, 0]]"
6TI4,1.93,3334_30,4,Q5M4W1,AC,"[[""O3Z"", [""A"", ""C""], ""non-polymer"", 336.2, 0]]"
6TJ0,2.2,17508_30,0,P37657,AB,"[[""C2E"", [""B""], ""non-polymer"", 690.4, 0]]"
6TJR,1.43,106694_30,0,D8JT26,AB,"[[""FAD"", [""A"", ""B""], ""non-polymer"", 785.5, 0], [""SF4"", [""A"", ""B""], ""non-polymer"", 351.6, 0]]"
6TK6,1.6,2016_30,1,N0DKS8,A,"[[""LFA"", [""A""], ""non-polymer"", 282.5, 0], [""RET"", [""A""], ""non-polymer"", 284.4, 0]]"
6TNJ,1.85,70587_30,1,B2RHG5,A,"[[""MPO"", [""A""], ""non-polymer"", 209.3, 0]]"
6TOH,1.58,769_30,3,P41182,AB,"[[""NQK"", [""A""], ""non-polymer"", 313.7, 0]]"
6TR7,1.47,1378_30,0,Q6P988,A,"[[""HWH"", [""A""], ""non-polymer"", 220.2, 0]]"
6TTS,2.5,58826_30,4,A0A0H3CAN8,AB,"[[""C2E"", [""A"", ""B""], ""non-polymer"", 690.4, 0]]"
6TW4,1.73,2323_30,4,O74036,A,"[[""NZW"", [""A""], ""non-polymer"", 460.5, 0]]"
6TXM,2.198,2465_30,4,Q9X0L2,ABCDEFGH,"[[""LFA"", [""A"", ""C"", ""E"", ""G""], ""non-polymer"", 282.5, 0]]"
6TZX,1.529,9980_30,2,P43075,A,"[[""IDP"", [""A""], ""non-polymer"", 428.2, 0]]"
6U0J,1.9,4784_30,2,P0A6A8;P0AAI9,AB,"[[""9EF"", [""B""], ""non-polymer"", 383.3, 0]]"
6U3F,1.78,2848_30,4,Q5FBD2,A,"[[""PQJ"", [""A""], ""non-polymer"", 380.5, 0]]"
6U9M,2.05,7169_30,0,Q03164,AB,"[[""Q2M"", [""A"", ""B""], ""non-polymer"", 532.6, 0]]"
6UDE,1.95,249_30,1,A0A077EJ65,ABCD,"[[""ADP"", [""A"", ""B"", ""C"", ""D""], ""non-polymer"", 427.2, 0]]"
6UEE,2.1,550_30,0,A6V1E4,ABCDEF,"[[""Q5M"", [""A"", ""C"", ""D"", ""E""], ""non-polymer"", 228.2, 0]]"
6UI5,2.4,6364_30,0,Q1MX79,AB,"[[""FAD"", [""A"", ""B""], ""non-polymer"", 785.5, 0]]"
6UOC,1.40000794136,1729_30,0,F8W4B7,A,"[[""QCM"", [""A""], ""non-polymer"", 421.5, 0]]"
6UQB,1.951,5464_30,3,E9AE57,AB,"[[""SF4"", [""A"", ""B""], ""non-polymer"", 351.6, 0]]"
6UQT,1.25,1550_30,2,P24735,A,"[[""QFS"", [""A""], ""non-polymer"", 196.0, 0]]"
6UUY,1.37,6467_30,2,A0A094ZWQ2,AB,"[[""A3P"", [""A"", ""B""], ""RNA linking"", 427.2, 0], [""QHM"", [""A"", ""B""], ""non-polymer"", 356.5, 0], [""BCN"", [""B""], ""non-polymer"", 163.2, 0]]"
6UXM,2.49,4098_30,4,Q16611,ABCDEF,"[[""PEE"", [""A"", ""B"", ""C"", ""D"", ""E""], ""non-polymer"", 744.0, 0]]"
6V1R,1.64,17371_30,0,A0ABM5LRD5,A,"[[""NHE"", [""A""], ""non-polymer"", 207.3, 0]]"
6V2L,1.7,616_30,1,P22259,A,"[[""ATP"", [""A""], ""non-polymer"", 507.2, 0]]"
6V43,1.77,64609_30,0,A9D9D1,AB,"[[""LUZ"", [""A"", ""B""], ""non-polymer"", 164.1, 0], [""FAD"", [""A"", ""B""], ""non-polymer"", 785.5, 0]]"
6V89,2.45,5641_30,4,Q13363,A,"[[""AMP"", [""A""], ""non-polymer"", 347.2, 0]]"
6V8D,2.25,1402_30,1,P04181,ABC,"[[""PLP"", [""A"", ""B"", ""C""], ""non-polymer"", 247.1, 0]]"
6V9T,2.154,7827_30,2,Q9H7E2,AAABBB,"[[""36X"", [""AAA"", ""BBB""], ""non-polymer"", 188.3, 0]]"
6VD1,1.32,93_30,2,P17562,AB,"[[""PPK"", [""A"", ""B""], ""non-polymer"", 257.0, 0], [""SAM"", [""A"", ""B""], ""non-polymer"", 398.4, 0], [""MPO"", [""A"", ""B""], ""non-polymer"", 209.3, 0], [""PE8"", [""B""], ""non-polymer"", 370.4, 0]]"
6VD2,1.97,93_30,2,P17562,AB,"[[""PE8"", [""A""], ""non-polymer"", 370.4, 0], [""MPO"", [""A"", ""B""], ""non-polymer"", 209.3, 0], [""SAM"", [""A"", ""B""], ""non-polymer"", 398.4, 0]]"
6VEI,2.1,1107_30,3,O75874,AB,"[[""NDP"", [""A"", ""B""], ""non-polymer"", 745.4, 0], [""33O"", [""A""], ""non-polymer"", 590.7, 0], [""9UO"", [""B""], ""non-polymer"", 414.7, 0]]"
6VIK,1.7,12013_30,1,Q9D4V7,B,"[[""GSP"", [""B""], ""non-polymer"", 539.2, 0]]"
6VKE,2.1,1165_30,1,M1E1E4;P03420,F,"[[""NHE"", [""F""], ""non-polymer"", 207.3, 0], [""R0S"", [""F""], ""non-polymer"", 502.0, 0]]"
6VL1,2.1,33845_30,2,A0A386KZ50,A,"[[""R1V"", [""A""], ""non-polymer"", 283.4, 0]]"
6VNE,2.32,492_30,1,O60674,AB,"[[""2TA"", [""A"", ""B""], ""non-polymer"", 524.7, 0]]"
6VO2,1.59,235_30,0,Q2FWK4,AB,"[[""NDP"", [""A"", ""B""], ""non-polymer"", 745.4, 0], [""R67"", [""A"", ""B""], ""non-polymer"", 166.2, 0]]"
6VP5,1.97,7284_30,3,P32021,ABCD,"[[""B3P"", [""D""], ""non-polymer"", 282.3, 0], [""ARG"", [""A"", ""B"", ""C"", ""D""], ""L-peptide linking"", 175.2, 1]]"
6VTB,1.547,11929_30,2,D2W2Z5,A,"[[""ATP"", [""A""], ""non-polymer"", 507.2, 0]]"
6VUA,1.5,2253_30,2,P28907,AB,"[[""ROJ"", [""A"", ""B""], ""non-polymer"", 561.8, 0]]"
6W4Z,1.59,1939_30,1,O00214,AB,"[[""SZS"", [""A"", ""B""], ""non-polymer"", 370.4, 0]]"
6W56,1.9,2351_30,3,Q4DJ68,A,"[[""SZJ"", [""A""], ""non-polymer"", 454.4, 0]]"
6W80,1.4,161_30,0,B2FT35,A,"[[""PLP"", [""A""], ""non-polymer"", 247.1, 0]]"
6WF4,1.97,55332_30,2,A0A3B6UEU1,A,"[[""U07"", [""A""], ""non-polymer"", 294.3, 0]]"
6WF7,1.55,6468_30,4,Q9L2C2,A,"[[""MCA"", [""A""], ""non-polymer"", 867.6, 0], [""MC0"", [""A""], ""non-polymer"", 867.6, 0]]"
6WH5,1.866,6593_30,0,P9WP99,ABC,"[[""3PO"", [""A"", ""B"", ""C""], ""non-polymer"", 258.0, 0]]"
6WII,1.85,1068_30,2,A6T5R0,A,"[[""U2V"", [""A""], ""non-polymer"", 578.0, 0]]"
6WOP,1.85,2479_30,2,D0CCF6,AB,"[[""TAR"", [""A"", ""B""], ""non-polymer"", 150.1, 0]]"
6WPL,2.097,1392_30,2,,A,"[[""CAH"", [""A""], ""non-polymer"", 168.2, 0], [""HEM"", [""A""], ""non-polymer"", 616.5, 0]]"
6WQB,1.75,41310_30,1,A0A0A8UKD4,A,"[[""ACO"", [""A""], ""non-polymer"", 809.6, 0]]"
6WQC,2.34,41310_30,1,A0A0A8UKD4,A,"[[""COA"", [""A""], ""non-polymer"", 767.5, 0]]"
6WR1,1.85,4160_30,2,P05093,AB,"[[""HEM"", [""A"", ""B""], ""non-polymer"", 616.5, 0], [""AER"", [""A"", ""B""], ""non-polymer"", 349.5, 0]]"
6WTE,1.67,58374_30,1,E4N8S5,AB,"[[""SF4"", [""A"", ""B""], ""non-polymer"", 351.6, 0]]"
6WW0,2.01,4160_30,2,P05093,ABCD,"[[""UDJ"", [""A"", ""B"", ""C"", ""D""], ""non-polymer"", 349.5, 0], [""HEM"", [""A"", ""B"", ""C"", ""D""], ""non-polymer"", 616.5, 0]]"
6X1O,2.094,42760_30,4,I6U881;I6V2C3,ABCD,"[[""UKM"", [""A"", ""C""], ""non-polymer"", 154.2, 0], [""SF4"", [""A"", ""B"", ""C"", ""D""], ""non-polymer"", 351.6, 0]]"
6X1Y,2.35,13834_30,0,Q9X1X0,AB,"[[""UKV"", [""A"", ""B""], ""non-polymer"", 251.3, 0]]"
6X28,1.92,2526_30,0,P27540;Q99814,AB,"[[""ULG"", [""A""], ""non-polymer"", 330.2, 0]]"
6X37,1.94,2526_30,0,P27540;Q99814,AB,"[[""ULS"", [""A""], ""non-polymer"", 338.3, 0]]"
6X5G,1.85,2091_30,3,Q96NW7;Q9UQM7,AB,"[[""BCN"", [""A""], ""non-polymer"", 163.2, 0]]"
6X7T,1.0,12498_30,3,A1YIY3,A,"[[""VDV"", [""A""], ""non-polymer"", 180.2, 0], [""VDS"", [""A""], ""non-polymer"", 180.2, 0]]"
6X95,1.1,12498_30,3,A1YIY3,A,"[[""Z61"", [""A""], ""D-saccharide, alpha linking"", 164.2, 0]]"
6X9F,2.35,171_30,4,Q9HW02,ABCDEFGH,"[[""UXP"", [""A"", ""B"", ""C"", ""D"", ""E"", ""F"", ""G"", ""H""], ""non-polymer"", 354.4, 0]]"
6X9N,2.25,171_30,4,Q9HW02,ABCDEFGH,"[[""UYD"", [""A"", ""B"", ""C"", ""D"", ""E"", ""F"", ""G"", ""H""], ""non-polymer"", 406.5, 0]]"
6XBO,1.8,5875_30,3,Q61420,A,"[[""5MC"", [""A""], ""RNA linking"", 337.2, 0]]"
6XCE,2.5,833_30,0,P0DPI0,A,"[[""UZM"", [""A""], ""non-polymer"", 365.3, 0]]"
6XI3,2.0,264474_30,3,,AAA,"[[""EDT"", [""AAA""], ""non-polymer"", 292.2, 0]]"
6XLO,2.493,969_30,4,P15056,AB,"[[""V5J"", [""A"", ""B""], ""non-polymer"", 455.5, 0]]"
6XRK,1.419,5630_30,4,G5DDB8,AB,"[[""BTB"", [""A"", ""B""], ""non-polymer"", 209.2, 0]]"
6XT0,1.37,75_30,2,P00929;P0A2K1,AB,"[[""1GP"", [""A""], ""non-polymer"", 172.1, 0], [""X9D"", [""B""], ""non-polymer"", 465.4, 0], [""VE4"", [""B""], ""non-polymer"", 465.4, 0]]"
6XWK,1.17,1182_30,3,,AAABBB,"[[""CYC"", [""AAA"", ""BBB""], ""non-polymer"", 588.7, 0]]"
6Y1R,1.85,1909_30,4,,ABCDE,"[[""TB"", [""A"", ""B"", ""C"", ""D"", ""E""], ""non-polymer"", 158.9, 3]]"
6Y4I,1.16,742_30,0,P43133,E,"[[""0PK"", [""E""], ""peptide-like"", 519.5, 0]]"
6YAK,1.34,17082_30,1,,AAABBBCCCDDD,"[[""8EL"", [""AAA"", ""CCC""], ""non-polymer"", 426.3, 0]]"
6YCM,1.6,7165_30,2,P0DPQ7,A,"[[""V55"", [""A""], ""non-polymer"", 152.1, 0], [""HEM"", [""A""], ""non-polymer"", 616.5, 0]]"
6YCN,1.83,7165_30,2,P0DPQ7,A,"[[""OKE"", [""A""], ""non-polymer"", 154.2, 0], [""HEM"", [""A""], ""non-polymer"", 616.5, 0]]"
6YE0,1.63,3837_30,3,P31133,AB,"[[""ONW"", [""B""], ""non-polymer"", 191.3, 0]]"
6YGX,1.35,210_30,4,P28720,A,"[[""726"", [""A""], ""non-polymer"", 462.5, 0]]"
6YHJ,1.44,226976_30,2,P00734;P09945,HIL,"[[""OQZ"", [""H""], ""non-polymer"", 391.9, 0]]"
6YII,1.44,70885_30,3,P0DV40,A,"[[""ATP"", [""A""], ""non-polymer"", 507.2, 0]]"
6YKU,2.14,148_30,1,Q5FAJ3,A,"[[""OVB"", [""A""], ""non-polymer"", 609.6, 0]]"
6YQ2,1.4,118_30,0,P31947;Q04206,AP,"[[""P7T"", [""A""], ""non-polymer"", 283.3, 0]]"
6YQ3,1.57,1149_30,4,,AAABBB,"[[""NAP"", [""AAA"", ""BBB""], ""non-polymer"", 743.4, 0], [""P7Q"", [""AAA"", ""BBB""], ""non-polymer"", 352.3, 0]]"
6YR8,1.9,6358_30,4,P01116,AB,"[[""GDP"", [""A""], ""RNA linking"", 443.2, 0]]"
6YRV,1.94,1145_30,4,A0A248QE08,AAA,"[[""PJ8"", [""AAA""], ""non-polymer"", 240.5, 0], [""FAD"", [""AAA""], ""non-polymer"", 785.5, 0]]"
6YSP,1.38,4591_30,3,P49077,ABC,"[[""PAL"", [""C""], ""non-polymer"", 255.1, 0]]"
6YTG,1.95,4371_30,0,P49759,A,"[[""KHC"", [""A""], ""non-polymer"", 363.2, 0]]"
6YU3,2.25,10787_30,0,Q9KDT3,A,"[[""SOG"", [""A""], ""D-saccharide"", 308.4, 0], [""PHE"", [""A""], ""L-peptide linking"", 165.2, 0]]"
6YU7,2.3,10787_30,0,Q9KDT3,A,"[[""BNG"", [""A""], ""D-saccharide"", 306.4, 0], [""TYR"", [""A""], ""L-peptide linking"", 181.2, 0]]"
6YVJ,1.84,2320_30,3,O75530,AB,"[[""EJR"", [""B""], ""non-polymer"", 376.4, 0], [""L9W"", [""A""], ""non-polymer"", 421.5, 0]]"
6YVR,2.458,2492_30,2,P20789,AAABBBCCCDDD,"[[""BNG"", [""AAA"", ""BBB""], ""D-saccharide"", 306.4, 0]]"
6YW0,2.2,2770_30,3,Q9GZT9,A,"[[""2JP"", [""A""], ""non-polymer"", 244.2, 0]]"
6YWA,2.311,1382_30,4,Q86WV6,AB,"[[""PWB"", [""B""], ""non-polymer"", 680.5, 2]]"
6YWJ,2.4,4591_30,3,P49077,AB,"[[""U5P"", [""A"", ""B""], ""non-polymer"", 324.2, 0]]"
6YWN,1.45,39407_30,4,G2R014,A,"[[""2TM"", [""A""], ""non-polymer"", 481.2, 0]]"
6YWZ,2.12,7773_30,3,Q9Y566,AB,"[[""ARG"", [""A"", ""B""], ""L-peptide linking"", 175.2, 1], [""PWN"", [""A"", ""B""], ""non-polymer"", 248.2, 0]]"
6YX5,2.14,18297_30,4,P61006;Q29ST3,AB,"[[""LJN"", [""A""], ""non-polymer"", 352.2, 0], [""GNP"", [""A""], ""non-polymer"", 522.2, 0]]"
6YX6,1.5,2562_30,1,B8GAY9,AB,"[[""FMN"", [""A"", ""B""], ""non-polymer"", 456.3, 0]]"
6YXT,2.2,35791_30,4,Q8IM71,A,"[[""ADP"", [""A""], ""non-polymer"", 427.2, 0]]"
6Z1W,2.48,5246_30,1,P51659,A,"[[""OXN"", [""A""], ""non-polymer"", 646.8, 0]]"
6Z4J,1.55,818_30,2,P00441,AAABBB,"[[""Q7W"", [""AAA"", ""BBB""], ""non-polymer"", 324.7, 0]]"
6Z4N,1.2,1714_30,1,P0A1E3,AAABBB,"[[""Q7B"", [""AAA"", ""BBB""], ""non-polymer"", 266.3, 0], [""PLP"", [""AAA"", ""BBB""], ""non-polymer"", 247.1, 0]]"
6Z4O,1.4,818_30,2,P00441,AAABBB,"[[""Q7T"", [""AAA"", ""BBB""], ""non-polymer"", 290.2, 0]]"
6Z82,2.3,12248_30,3,Q67A25,A,"[[""QBW"", [""A""], ""non-polymer"", 243.3, 0]]"
6Z9V,2.01,29_30,2,A0A140T913;P61769,ABCDEF,"[[""PE8"", [""D""], ""non-polymer"", 370.4, 0], [""P4G"", [""C"", ""D""], ""non-polymer"", 162.2, 0]]"
6ZAY,2.4,1481_30,1,Q8C0J2;Q9H082,ABCD,"[[""GDP"", [""A"", ""B""], ""RNA linking"", 443.2, 0]]"
6ZBN,2.01,2770_30,3,Q9GZT9,ABCDEF,"[[""QEE"", [""A"", ""B"", ""C"", ""D"", ""E"", ""F""], ""non-polymer"", 328.3, 0]]"
6ZBZ,1.6,4191_30,1,Q92997,ABCD,"[[""QE5"", [""A"", ""B"", ""C"", ""D""], ""non-polymer"", 323.3, 0]]"
6ZCU,1.73,1862_30,2,P43405,A,"[[""5JG"", [""A""], ""non-polymer"", 419.9, 0]]"
6ZCW,1.65,3917_30,0,Q88JH0,A,"[[""PQQ"", [""A""], ""non-polymer"", 330.2, 0]]"
6ZGR,2.46,27786_30,3,A0LNN5,AB,"[[""1HN"", [""A"", ""B""], ""non-polymer"", 188.2, 0]]"
6ZGS,2.151,27786_30,3,A0LNN5,AB,"[[""HCI"", [""A"", ""B""], ""non-polymer"", 150.2, 0]]"
6ZH0,2.5,4978_30,2,P51570,ABDE,"[[""WNP"", [""A"", ""B"", ""D"", ""E""], ""non-polymer"", 223.6, 0], [""HFK"", [""A"", ""B"", ""E""], ""non-polymer"", 350.4, 0]]"
6ZHL,1.94,1078_30,2,Q9KX08,A,"[[""G4P"", [""A""], ""RNA linking"", 603.2, 0]]"
6ZHM,2.15,1078_30,2,Q9KX08,A,"[[""GDP"", [""A""], ""RNA linking"", 443.2, 0]]"
6ZJD,1.75,3330_30,1,Q9UIJ7,A,"[[""ATP"", [""A""], ""non-polymer"", 507.2, 0]]"
6ZK2,2.2,956_30,2,B6THD4,ABCD,"[[""IMH"", [""A"", ""B"", ""C"", ""D""], ""non-polymer"", 266.3, 0]]"
6ZLK,1.5,16736_30,0,A0ABU6PHJ6,ABCD,"[[""NAD"", [""A"", ""B"", ""C"", ""D""], ""non-polymer"", 663.4, 0], [""UGA"", [""A"", ""B"", ""C"", ""D""], ""non-polymer"", 580.3, 0], [""UGB"", [""A"", ""B"", ""C"", ""D""], ""non-polymer"", 580.3, 0]]"
6ZMZ,1.9,14318_30,1,F2L613,AAA,"[[""UPG"", [""AAA""], ""non-polymer"", 566.3, 0]]"
6ZRB,1.55,2695_30,2,Q9H7B4,A,"[[""QON"", [""A""], ""non-polymer"", 311.8, 0], [""SAM"", [""A""], ""non-polymer"", 398.4, 0]]"
6ZRJ,1.94,500_30,0,Q6XEC0,ABCDEFGH,"[[""2RG"", [""A"", ""B"", ""C"", ""D"", ""E"", ""F"", ""G"", ""H""], ""non-polymer"", 477.5, 0]]"
6ZRN,1.482,11353_30,4,P11234;Q15311,ABCD,"[[""GNP"", [""A"", ""B""], ""non-polymer"", 522.2, 0]]"
6ZUX,1.94,136291_30,1,P00734;P28504,HIL,"[[""QQE"", [""H""], ""non-polymer"", 473.9, 0]]"
6ZVX,1.4,4199_30,1,P0A3G3,A,"[[""OEH"", [""A""], ""non-polymer"", 637.2, 1]]"
6ZVY,1.4,4199_30,1,P0A3G3,AB,"[[""OEH"", [""A"", ""B""], ""non-polymer"", 637.2, 1]]"
6ZXW,2.19,48068_30,2,A0A117KMN5;O29011,GH,"[[""SFG"", [""G""], ""non-polymer"", 381.4, 0]]"
6ZYN,1.40001375561,424_30,4,Q9K2N0,AB,"[[""QT2"", [""A"", ""B""], ""non-polymer"", 279.4, 0]]"
6ZZ1,1.64,7437_30,3,Q8NB16,AB,"[[""QOK"", [""A"", ""B""], ""non-polymer"", 268.3, 0]]"
6ZZP,1.84,26841_30,3,Q4FRT2,ABCD,"[[""NAD"", [""A"", ""B"", ""C"", ""D""], ""non-polymer"", 663.4, 0]]"
7A0W,2.04,18_30,1,Q8ZRZ3,ABCDEF,"[[""3PH"", [""A"", ""B""], ""non-polymer"", 705.0, 0]]"
7A1P,1.76,25187_30,4,Q9NWT6,AB,"[[""QW2"", [""A""], ""non-polymer"", 188.2, 0]]"
7A1V,2.2,3896_30,3,Q9Y5A9,AB,"[[""M1A"", [""A""], ""non-polymer"", 150.2, 1]]"
7A3Z,2.095,16424_30,0,P46873,A,"[[""ADP"", [""A""], ""non-polymer"", 427.2, 0]]"
7A62,2.43796448682,1466_30,0,P14902,ABCD,"[[""HEM"", [""A"", ""B"", ""C"", ""D""], ""non-polymer"", 616.5, 0]]"
7A9I,2.1,79072_30,3,M4GWN4,A,"[[""R4Z"", [""A""], ""non-polymer"", 202.2, 0]]"
7A9J,1.72,79072_30,3,M4GWN4,A,"[[""R4Z"", [""A""], ""non-polymer"", 202.2, 0]]"
7ABA,1.85002316788,67127_30,0,A0A8I3AZT1;A0A8I3AZT2,AB,"[[""HEC"", [""A"", ""B""], ""non-polymer"", 620.5, 0]]"
7AED,1.753,241565_30,2,D1LHF8,AB,"[[""BTB"", [""A"", ""B""], ""non-polymer"", 209.2, 0]]"
7AG6,2.08,31181_30,1,P32143,AB,"[[""RB8"", [""A"", ""B""], ""non-polymer"", 244.2, 0], [""ADP"", [""A"", ""B""], ""non-polymer"", 427.2, 0]]"
7AHR,2.21,23956_30,0,Q9L0T8,AB,"[[""RDH"", [""A"", ""B""], ""non-polymer"", 208.2, 0]]"
7AJM,2.4,2123_30,2,Q13627,AB,"[[""RKW"", [""A"", ""B""], ""non-polymer"", 296.3, 0]]"
7AJV,2.1,2123_30,2,Q13627,AB,"[[""RKK"", [""A"", ""B""], ""non-polymer"", 338.4, 0]]"
7AMH,1.863,60801_30,1,A0A5K4ESD7,AB,"[[""RN5"", [""A"", ""B""], ""non-polymer"", 456.6, 0]]"
7ANC,1.66,3474_30,4,Q0P8I6,AB,"[[""NAP"", [""A"", ""B""], ""non-polymer"", 743.4, 0]]"
7AP1,2.18,158_30,0,A6T6Z0,A,"[[""RUZ"", [""A""], ""non-polymer"", 461.4, 0]]"
7APV,1.95,11376_30,0,Q96SD1,A,"[[""9F2"", [""A""], ""non-polymer"", 554.6, 0]]"
7AQ6,1.514,4844_30,1,P19573,AB,"[[""CUZ"", [""A"", ""B""], ""non-polymer"", 286.2, 0], [""B3P"", [""A"", ""B""], ""non-polymer"", 282.3, 0]]"
7AQ8,1.791,4844_30,1,P19573,AB,"[[""B3P"", [""A"", ""B""], ""non-polymer"", 282.3, 0], [""CUZ"", [""B""], ""non-polymer"", 286.2, 0]]"
7AS2,1.75,1039_30,4,C3W5X5,A,"[[""21G"", [""A""], ""non-polymer"", 399.4, 0]]"
7AUL,1.85,10260_30,1,Q99321,A,"[[""I7P"", [""A""], ""non-polymer"", 740.0, 0]]"
7AUR,1.65,10260_30,1,Q99321,A,"[[""ANP"", [""A""], ""non-polymer"", 506.2, 0]]"
7AVI,1.93,1986_30,4,Q07889,AB,"[[""S2Q"", [""A"", ""B""], ""non-polymer"", 388.4, 0]]"
7AXI,2.15,2261_30,4,O75469,A,"[[""S6H"", [""A""], ""non-polymer"", 409.8, 0], [""S6E"", [""A""], ""non-polymer"", 409.8, 0], [""EST"", [""A""], ""non-polymer"", 272.4, 0]]"
7B0E,1.4,52024_30,2,Q9A5E6,A,"[[""C2E"", [""A""], ""non-polymer"", 690.4, 0]]"
7B32,1.75,3328_30,2,Q9Y6E0,A,"[[""SQQ"", [""A""], ""non-polymer"", 585.1, 0]]"
7B4I,1.7,2264_30,1,,AAABBB,"[[""PLP"", [""AAA"", ""BBB""], ""non-polymer"", 247.1, 0]]"
7B9L,1.7,1311_30,3,Q02750,AB,"[[""T4N"", [""A"", ""B""], ""non-polymer"", 280.3, 0], [""ANP"", [""A"", ""B""], ""non-polymer"", 506.2, 0]]"
7B9Y,1.35,1100_30,2,Q13451,A,"[[""T5B"", [""A""], ""non-polymer"", 761.9, 0]]"
7BC1,1.5,12747_30,4,A9CEY6,A,"[[""NAP"", [""A""], ""non-polymer"", 743.4, 0]]"
7BEA,2.45,2245_30,0,Q9NZQ7,AB,"[[""TK2"", [""A""], ""non-polymer"", 462.6, 0]]"
7BGG,1.04,16562_30,4,P9WKL5,A,"[[""SAH"", [""A""], ""non-polymer"", 384.4, 0]]"
7BH0,2.1,1536_30,2,P02754,AAA,"[[""DAO"", [""AAA""], ""non-polymer"", 200.3, 0]]"
7BLF,2.15,2069_30,2,A0A384K246,AB,"[[""FMN"", [""A"", ""B""], ""non-polymer"", 456.3, 0]]"
7BLW,1.45,1378_30,0,Q6P988,A,"[[""AYR"", [""A""], ""non-polymer"", 285.3, 0]]"
7BMF,2.2,19258_30,0,O27473,AB,"[[""CTP"", [""A"", ""B""], ""non-polymer"", 483.2, 0]]"
7BNK,1.9,6331_30,3,Q1CVJ4,AB,"[[""CDP"", [""A"", ""B""], ""non-polymer"", 403.2, 0]]"
7BOR,1.901,5761_30,2,Q9HW71,AC,"[[""COA"", [""A"", ""C""], ""non-polymer"", 767.5, 0]]"
7BQ6,1.89,5481_30,0,,A,"[[""FAD"", [""A""], ""non-polymer"", 785.5, 0]]"
7BQK,1.99,27765_30,1,A0A1F8A906,AB,"[[""F56"", [""A"", ""B""], ""non-polymer"", 263.3, 0]]"
7BR4,1.95,19176_30,2,Q9WZL1,A,"[[""NAI"", [""A""], ""non-polymer"", 665.4, 0]]"
7BRF,2.15,19176_30,2,Q9WZL1,A,"[[""NAI"", [""A""], ""non-polymer"", 665.4, 0]]"
7BRN,2.231,1841_30,2,P38182;Q99325,A,"[[""ALE"", [""A""], ""non-polymer"", 183.2, 0]]"
7BTC,2.101,4351_30,3,Q15382,ABCD,"[[""GDP"", [""A"", ""B"", ""C"", ""D""], ""RNA linking"", 443.2, 0]]"
7BV3,1.85,5114_30,1,A0A346A6C4,AB,"[[""UDP"", [""A"", ""B""], ""RNA linking"", 404.2, 0]]"
7BWH,1.4,42712_30,3,A0A1D1VNB4,A,"[[""HEM"", [""A""], ""non-polymer"", 616.5, 0]]"
7C0R,1.77,11841_30,2,Q5SLB4,AB,"[[""FGO"", [""A"", ""B""], ""non-polymer"", 629.5, 0]]"
7C0T,1.77,11841_30,2,Q5SLB4,AB,"[[""FGO"", [""A"", ""B""], ""non-polymer"", 629.5, 0]]"
7C1R,1.698,14951_30,1,E5ATN9,A,"[[""CO8"", [""A""], ""non-polymer"", 893.7, 0]]"
7C39,1.85,33139_30,1,G1XA82,AB,"[[""MFU"", [""A"", ""B""], ""L-saccharide"", 178.2, 0]]"
7C3B,2.4,24241_30,1,Q84II0,ABC,"[[""FES"", [""A"", ""B"", ""C""], ""non-polymer"", 175.8, 0]]"
7C3S,1.66,17871_30,1,Q82Y41,AB,"[[""AZG"", [""B""], ""non-polymer"", 152.1, 0]]"
7C3V,2.20042955034,6318_30,1,A0A1B0UHJ2,A,"[[""NAP"", [""A""], ""non-polymer"", 743.4, 0]]"
7C3Y,1.632,6897_30,4,O15151,A,"[[""O4B"", [""A""], ""non-polymer"", 264.3, 0], [""NUT"", [""A""], ""non-polymer"", 581.5, 0]]"
7C4B,2.101,21340_30,1,Q38DE2,A,"[[""U5P"", [""A""], ""non-polymer"", 324.2, 0]]"
7C5M,1.8,862_30,1,P58072,OPQR,"[[""G3H"", [""P"", ""Q"", ""R""], ""non-polymer"", 170.1, 0], [""3PG"", [""O""], ""non-polymer"", 186.1, 0], [""NAD"", [""O"", ""P"", ""Q"", ""R""], ""non-polymer"", 663.4, 0]]"
7C8H,2.5,3085_30,1,Q6R2Q7,ABCDEFGH,"[[""TPP"", [""A"", ""B"", ""C"", ""D"", ""E"", ""F"", ""G"", ""H""], ""non-polymer"", 425.3, 1]]"
7C90,2.13,21671_30,1,F5SWR8,ABCD,"[[""HEC"", [""A"", ""B"", ""C"", ""D""], ""non-polymer"", 620.5, 0]]"
7CEO,2.43,2445_30,1,O32164,A,"[[""PMP"", [""A""], ""non-polymer"", 248.2, 0]]"
7CGQ,2.208,28352_30,3,Q53TZ2,ABCD,"[[""ARA"", [""A""], ""L-saccharide, alpha linking"", 150.1, 0], [""NAP"", [""A"", ""B"", ""C"", ""D""], ""non-polymer"", 743.4, 0]]"
7CIH,1.789,2645_30,1,A0A074MDU6,ABCD,"[[""D8F"", [""A"", ""B"", ""C"", ""D""], ""non-polymer"", 237.3, 0]]"
7CIL,2.3,2654_30,0,P33981,A,"[[""FZR"", [""A""], ""non-polymer"", 336.4, 0]]"
7CIV,1.848,16916_30,1,Q9W469,A,"[[""ACO"", [""A""], ""non-polymer"", 809.6, 0]]"
7CIX,1.748,16916_30,1,Q9W469,A,"[[""COA"", [""A""], ""non-polymer"", 767.5, 0]]"
7CKA,1.06,20912_30,4,I1JW65,A,"[[""HEM"", [""A""], ""non-polymer"", 616.5, 0]]"
7CKI,2.3,1221_30,1,P00953,A,"[[""ATP"", [""A""], ""non-polymer"", 507.2, 0], [""9E0"", [""A""], ""non-polymer"", 233.3, 0]]"
7CNS,1.902,10937_30,4,Q5JGJ6;Q5JGJ7,AB,"[[""PMV"", [""A""], ""non-polymer"", 228.1, 0], [""F3S"", [""A""], ""non-polymer"", 295.8, 0]]"
7CQM,1.8,344_30,4,O66905,AB,"[[""79M"", [""A"", ""B""], ""non-polymer"", 328.5, 0]]"
7CSH,1.59077503881,1490_30,3,Q9SVP6,A,"[[""GEC"", [""A""], ""non-polymer"", 358.4, 0], [""NDP"", [""A""], ""non-polymer"", 745.4, 0]]"
7CSJ,2.168,14549_30,2,P94968,AB,"[[""COA"", [""A"", ""B""], ""non-polymer"", 767.5, 0], [""51G"", [""A""], ""non-polymer"", 477.6, 0]]"
7CT7,2.0,4069_30,3,P22830,AB,"[[""GF9"", [""A"", ""B""], ""non-polymer"", 317.8, 0], [""FES"", [""A"", ""B""], ""non-polymer"", 175.8, 0]]"
7CVX,1.7,5874_30,2,G8T6H8,AB,"[[""SAH"", [""A"", ""B""], ""non-polymer"", 384.4, 0], [""DHB"", [""A"", ""B""], ""non-polymer"", 154.1, 0]]"
7D39,2.198,44680_30,4,G9YLX2,A,"[[""FMN"", [""A""], ""non-polymer"", 456.3, 0]]"
7D5C,1.895,1559_30,4,P09436,A,"[[""GVU"", [""A""], ""non-polymer"", 660.8, 0], [""GV6"", [""A""], ""non-polymer"", 460.4, 0]]"
7D5M,1.75,25819_30,1,C1DLC3,A,"[[""NAD"", [""A""], ""non-polymer"", 663.4, 0]]"
7D6Q,1.8,5795_30,1,Q7DJJ2;Q8XBV2,ABCDEF,"[[""1PS"", [""B"", ""C"", ""D"", ""F""], ""non-polymer"", 201.2, 0]]"
7D8M,2.0,7411_30,4,A0A2P1C6N4,A,"[[""HEM"", [""A""], ""non-polymer"", 616.5, 0]]"
7D8Q,1.5,2109_30,3,Q7A4T2,A,"[[""GZF"", [""A""], ""non-polymer"", 459.3, 0]]"
7D9F,1.85,33671_30,2,Q9HXS8,AB,"[[""HEM"", [""A"", ""B""], ""non-polymer"", 616.5, 0], [""FAD"", [""A"", ""B""], ""non-polymer"", 785.5, 0]]"
7DBJ,1.551,733_30,0,P07195,ABCD,"[[""NAI"", [""A"", ""B"", ""C"", ""D""], ""non-polymer"", 665.4, 0], [""H1U"", [""C"", ""D""], ""non-polymer"", 375.6, 0]]"
7DBS,2.33,36196_30,0,Q4Q6F6,A,"[[""BTN"", [""A""], ""non-polymer"", 244.3, 0]]"
7DF5,1.08,4581_30,0,P17931,A,"[[""H5O"", [""A""], ""non-polymer"", 636.6, 0]]"
7DIR,1.65,8793_30,0,Q9NLB2,A,"[[""MPO"", [""A""], ""non-polymer"", 209.3, 0]]"
7DKE,1.91,11813_30,0,B4SLK2,AB,"[[""PHE"", [""A"", ""B""], ""L-peptide linking"", 165.2, 0], [""TYR"", [""A"", ""B""], ""L-peptide linking"", 181.2, 0]]"
7DKT,1.65,3637_30,3,F6BL85,A,"[[""GLF"", [""A""], ""D-saccharide"", 182.1, 0]]"
7DM5,2.2,6269_30,0,Q94BU8,AD,"[[""4UO"", [""A"", ""D""], ""non-polymer"", 284.2, 0]]"
7DMB,2.1,9755_30,4,A0A679DLY7,AB,"[[""SAH"", [""A"", ""B""], ""non-polymer"", 384.4, 0]]"
7DQV,2.15,1220_30,0,M1VAN7,A,"[[""DMU"", [""A""], ""D-saccharide"", 482.6, 0], [""ANP"", [""A""], ""non-polymer"", 506.2, 0]]"
7DU9,2.31,5229_30,0,P07949,AB,"[[""Q4J"", [""A"", ""B""], ""non-polymer"", 533.6, 0]]"
7DVT,2.09,32039_30,0,Q8E4J9,A,"[[""HEM"", [""A""], ""non-polymer"", 616.5, 0]]"
7DWG,1.67,904_30,0,A0A4Y5R087,A,"[[""GSH"", [""A""], ""peptide-like"", 307.3, 0]]"
7DZ4,1.84,10251_30,0,C3KRA2,ABCD,"[[""TAG"", [""C"", ""D""], ""D-saccharide"", 180.2, 0]]"
7E1P,1.63,6908_30,4,Q973C7,A,"[[""J03"", [""A""], ""non-polymer"", 281.3, 0]]"
7E2W,1.8,29348_30,1,A0A096P8D3,ABCD,"[[""ICT"", [""A""], ""non-polymer"", 192.1, 0]]"
7E38,2.05,4779_30,1,A0A0N9HQ36,AB,"[[""YTN"", [""A"", ""B""], ""non-polymer"", 400.4, 0], [""YTC"", [""A"", ""B""], ""non-polymer"", 400.4, 0]]"
7E61,1.8,12929_30,4,A0AAD2UT50,A,"[[""HXF"", [""A""], ""non-polymer"", 394.4, 0]]"
7E7R,1.82,28584_30,4,A0A0S4WQH1,AB,"[[""R2F"", [""A"", ""B""], ""non-polymer"", 759.9, 0]]"
7E7U,2.1,28584_30,4,A0A0S4WQH1,AB,"[[""R2F"", [""A"", ""B""], ""non-polymer"", 759.9, 0]]"
7E8Q,2.3,20631_30,4,Q53008,ABCD,"[[""FDA"", [""A"", ""B"", ""C"", ""D""], ""non-polymer"", 787.6, 0]]"
7E9J,2.4,10318_30,0,Q5NDF2,AB,"[[""UDP"", [""A"", ""B""], ""RNA linking"", 404.2, 0]]"
7EAD,1.74,9673_30,1,Q746G4,A,"[[""HEC"", [""A""], ""non-polymer"", 620.5, 0]]"
7EBU,1.95,28577_30,1,A0A1S4FIB3,ABCD,"[[""ZF1"", [""A"", ""B"", ""C"", ""D""], ""non-polymer"", 254.2, 0], [""GSH"", [""A"", ""B"", ""C"", ""D""], ""peptide-like"", 307.3, 0]]"
7EC3,2.5,19753_30,1,Q2G0L2,ACDG,"[[""UDP"", [""A"", ""C""], ""RNA linking"", 404.2, 0]]"
7ECQ,1.381,11349_30,1,Q9D8T0,A,"[[""J0R"", [""A""], ""non-polymer"", 160.2, 1]]"
7ED6,1.92850331296,7572_30,3,Q5SLS9,AB,"[[""ADP"", [""A"", ""B""], ""non-polymer"", 427.2, 0]]"
7EEV,2.15,19508_30,1,X0Q560,AB,"[[""DUT"", [""A"", ""B""], ""non-polymer"", 468.1, 0]]"
7EJV,2.5,5199_30,3,Q92630,AB,"[[""YK2"", [""A"", ""B""], ""non-polymer"", 506.6, 0]]"
7EN7,1.22,6547_30,4,P77245,A,"[[""J79"", [""A""], ""non-polymer"", 373.2, 0]]"
7EOB,1.76,4801_30,1,P33173,A,"[[""ADP"", [""A""], ""non-polymer"", 427.2, 0]]"
7EPE,2.5,2687_30,1,P00323;Q14416,A,"[[""J9R"", [""A""], ""non-polymer"", 419.4, 0], [""FMN"", [""A""], ""non-polymer"", 456.3, 0]]"
7EPS,2.102,3544_30,3,,ABCD,"[[""NAD"", [""A"", ""B"", ""C"", ""D""], ""non-polymer"", 663.4, 0]]"
7ERA,1.35,6586_30,1,P30043,AB,"[[""JBC"", [""A"", ""B""], ""non-polymer"", 302.2, 0], [""NAP"", [""A"", ""B""], ""non-polymer"", 743.4, 0]]"
7ERI,1.813,262_30,4,P02766,AB,"[[""JA9"", [""A"", ""B""], ""non-polymer"", 359.7, 0]]"
7ERX,1.92,2319_30,2,Q0DPB7,A,"[[""UDP"", [""A""], ""RNA linking"", 404.2, 0], [""JC6"", [""A""], ""non-polymer"", 642.7, 0]]"
7ETE,1.9,1700_30,4,,ABC,"[[""JBU"", [""A"", ""B"", ""C""], ""non-polymer"", 178.1, 0]]"
7EVH,2.5,780_30,1,,A,"[[""GDP"", [""A""], ""RNA linking"", 443.2, 0]]"
7EZL,1.8,9437_30,0,Q2QQV2,A,"[[""NAD"", [""A""], ""non-polymer"", 663.4, 0]]"
7F30,2.0,13938_30,3,P82604,A,"[[""HEM"", [""A""], ""non-polymer"", 616.5, 0], [""0WQ"", [""A""], ""non-polymer"", 228.1, 0]]"
7F72,1.64,53244_30,2,O05773,A,"[[""FMN"", [""A""], ""non-polymer"", 456.3, 0], [""1JA"", [""A""], ""non-polymer"", 166.2, 0]]"
7F76,1.57,22467_30,0,A0A223KLJ1,AB,"[[""FMN"", [""A"", ""B""], ""non-polymer"", 456.3, 0]]"
7F7K,2.36,605_30,3,A0A5J6VLZ7,AB,"[[""NAP"", [""A"", ""B""], ""non-polymer"", 743.4, 0]]"
7F8B,2.248,34777_30,1,Q79N53,A,"[[""SAM"", [""A""], ""non-polymer"", 398.4, 0]]"
7FC9,2.2,1220_30,0,M1VAN7,A,"[[""ANP"", [""A""], ""non-polymer"", 506.2, 0]]"
7FE1,1.72,37767_30,1,Q832K9,ABCD,"[[""5II"", [""A"", ""B"", ""C"", ""D""], ""D-saccharide, alpha linking"", 192.2, 0]]"
7FEW,1.75,2968_30,4,P55222,AB,"[[""CMP"", [""A"", ""B""], ""non-polymer"", 329.2, 0]]"
7FHR,1.84,24369_30,2,Q1LBR9,A,"[[""FES"", [""A""], ""non-polymer"", 175.8, 0]]"
7FJ9,2.3,370_30,4,A6TDE9,AB,"[[""ANP"", [""A"", ""B""], ""non-polymer"", 506.2, 0]]"
7FPH,1.91,231_30,4,P32357;P33334,AB,"[[""VEX"", [""B""], ""non-polymer"", 198.2, 0]]"
7FT1,2.11,2617_30,2,O00560,ABCD,"[[""Q7L"", [""C"", ""D""], ""non-polymer"", 188.2, 0]]"
7FU5,2.18,1146_30,3,Q8N884,AB,"[[""YMO"", [""A"", ""B""], ""non-polymer"", 377.4, 0]]"
7FVD,1.36,1358_30,2,Q8WWQ0,A,"[[""ZM0"", [""A""], ""non-polymer"", 393.6, 0]]"
7G8N,2.32,1231_30,3,P61586;Q92974,AB,"[[""Z1L"", [""A""], ""non-polymer"", 177.2, 0]]"
7G94,1.47,1231_30,3,P61586;Q92974,AB,"[[""ZC9"", [""A"", ""B""], ""non-polymer"", 163.2, 0]]"
7GAJ,1.89,2271_30,2,Q9GZQ8,A,"[[""KB3"", [""A""], ""non-polymer"", 191.2, 0]]"
7GQZ,2.12,2078_30,4,Q9RZA4,AB,"[[""LBV"", [""A"", ""B""], ""non-polymer"", 585.7, 1]]"
7GR7,2.12,2078_30,4,Q9RZA4,AB,"[[""LBV"", [""A"", ""B""], ""non-polymer"", 585.7, 1]]"
7GY2,1.85,769_30,3,P41182,AD,"[[""A1ACC"", [""A""], ""non-polymer"", 324.7, 0]]"
7H6C,1.61,3756_30,0,P23946,A,"[[""A1AO5"", [""A""], ""non-polymer"", 359.4, 0]]"
7H6O,1.42,1109_30,3,Q8JUX6,ABCD,"[[""YX6"", [""A""], ""non-polymer"", 225.3, 0], [""A1AP2"", [""C""], ""non-polymer"", 225.3, 0]]"
7H8I,1.65,1109_30,3,Q8JUX6,ABCD,"[[""A1AQH"", [""A"", ""C"", ""D""], ""non-polymer"", 177.2, 0]]"
7HGW,1.59,2072_30,2,Q7Z4V5,ABC,"[[""A1A32"", [""B""], ""non-polymer"", 199.3, 0]]"
7HHI,2.11,2072_30,2,Q7Z4V5,ABC,"[[""A1H9V"", [""B""], ""non-polymer"", 175.2, 0]]"
7HJL,1.6,3877_30,1,,A,"[[""5RG"", [""A""], ""non-polymer"", 155.1, 0]]"
7HJY,1.58,3877_30,1,,A,"[[""FA0"", [""A""], ""non-polymer"", 155.1, 0]]"
7HLO,1.15,923_30,2,Q62191,B,"[[""A1BFA"", [""B""], ""non-polymer"", 171.2, 0]]"
7HMQ,1.43,923_30,2,Q62191,B,"[[""A1A36"", [""B""], ""non-polymer"", 156.2, 0]]"
7HQR,1.77,1345_30,0,Q42561,AB,"[[""5RG"", [""A"", ""B""], ""non-polymer"", 155.1, 0]]"
7HT4,1.763,1345_30,0,Q42561,AB,"[[""T9Q"", [""A"", ""B""], ""non-polymer"", 179.2, 0]]"
7HX9,1.691,297_30,2,Q65900,A,"[[""A1BPX"", [""A""], ""non-polymer"", 310.8, 0]]"
7HY0,1.23,297_30,2,Q65900,AC,"[[""A1BPD"", [""A""], ""non-polymer"", 303.4, 0]]"
7I0O,1.98,3642_30,4,P50870,ABC,"[[""A1BVE"", [""A"", ""B""], ""non-polymer"", 350.4, 0]]"
7I0V,2.02,3642_30,4,P50870,ABC,"[[""A1BUV"", [""B""], ""non-polymer"", 342.4, 0]]"
7I8C,1.57,477_30,3,P68400,A,"[[""A1B0H"", [""A""], ""non-polymer"", 563.0, 0]]"
7IFF,1.24,70_30,2,P11838,A,"[[""WQJ"", [""A""], ""non-polymer"", 150.2, 0]]"
7IM2,1.62,1272_30,1,P0DTC9,A,"[[""RXS"", [""A""], ""non-polymer"", 197.2, 0]]"
7IMY,1.77,1272_30,1,P0DTC9,A,"[[""Q7L"", [""A""], ""non-polymer"", 188.2, 0]]"
7JG0,1.984,222_30,0,P22102,A,"[[""GAR"", [""A""], ""non-polymer"", 284.2, -2], [""V97"", [""A""], ""non-polymer"", 478.5, 0]]"
7JJG,1.6,672_30,4,P21675,A,"[[""VCD"", [""A""], ""non-polymer"", 412.5, 0]]"
7JMK,2.5,2043_30,2,O19069;P53590,ABCD,"[[""GDP"", [""B""], ""RNA linking"", 443.2, 0]]"
7JU6,2.06,5229_30,0,P07949,AB,"[[""Q6G"", [""A"", ""B""], ""non-polymer"", 525.6, 0]]"
7JVN,1.917,1245_30,3,Q06124,AB,"[[""VKP"", [""A"", ""B""], ""non-polymer"", 384.3, 0]]"
7JXB,1.655,1988_30,1,Q2IU02,A,"[[""HEM"", [""A""], ""non-polymer"", 616.5, 0], [""VLG"", [""A""], ""non-polymer"", 228.2, 0]]"
7K09,2.313,59585_30,3,P13249,ABCDEF,"[[""ACO"", [""A"", ""B"", ""C"", ""D"", ""E"", ""F""], ""non-polymer"", 809.6, 0]]"
7K1O,2.4,2900_30,2,P0DTD1,ABC,"[[""VQV"", [""A"", ""B"", ""C""], ""non-polymer"", 404.2, 0]]"
7K27,1.5,3933_30,3,P21675,A,"[[""VCD"", [""A""], ""non-polymer"", 412.5, 0]]"
7K6R,1.6,4368_30,4,Q12830,A,"[[""9ST"", [""A""], ""non-polymer"", 377.3, 0]]"
7K9N,2.07,2808_30,3,A1A4T2;O08795,ABCD,"[[""W9G"", [""A"", ""C""], ""non-polymer"", 349.5, 0]]"
7KDY,1.939,48954_30,1,A0A6B9HEI0,AB,"[[""WCD"", [""A""], ""non-polymer"", 431.5, 0], [""5AD"", [""A"", ""B""], ""non-polymer"", 251.2, 0], [""SF4"", [""A"", ""B""], ""non-polymer"", 351.6, 0]]"
7KER,1.93,10382_30,0,,A,"[[""FYG"", [""A""], ""non-polymer"", 265.2, 0], [""NXL"", [""A""], ""non-polymer"", 267.3, 0]]"
7KH2,2.05,199586_30,0,Q15EG8,ABCD,"[[""PLP"", [""A"", ""B"", ""C"", ""D""], ""non-polymer"", 247.1, 0]]"
7KJQ,1.35,17032_30,1,C5CSP2,A,"[[""WOM"", [""A""], ""non-polymer"", 241.5, 0]]"
7KKC,1.5,17032_30,1,C5CSP2,A,"[[""HID"", [""A""], ""non-polymer"", 191.2, 0]]"
7KKO,1.56,2436_30,2,O95271,ABC,"[[""09L"", [""A"", ""B"", ""C""], ""non-polymer"", 434.5, 0]]"
7KL1,2.4,2091_30,3,Q13224;Q9UQM7,ABCD,"[[""ATP"", [""C"", ""D""], ""non-polymer"", 507.2, 0]]"
7KM1,1.84,194_30,2,Q9PPB4,ABCDEF,"[[""3VN"", [""A"", ""C"", ""F""], ""non-polymer"", 318.4, 0]]"
7KP6,1.79,9843_30,3,Q07912,AB,"[[""WTP"", [""A"", ""B""], ""non-polymer"", 402.9, 0]]"
7KQ8,2.15,5288_30,2,Q9Y316,ABCD,"[[""GSH"", [""A"", ""B"", ""C"", ""D""], ""peptide-like"", 307.3, 0]]"
7KQT,1.835,31940_30,4,,AB,"[[""HEM"", [""A"", ""B""], ""non-polymer"", 616.5, 0], [""YOF"", [""A"", ""B""], ""L-peptide linking"", 199.2, 0]]"
7KRM,1.9,1439_30,1,A0A077GFB1,ABCD,"[[""NAD"", [""A"", ""B"", ""C"", ""D""], ""non-polymer"", 663.4, 0]]"
7KSI,1.726,1338_30,4,P53779,A,"[[""X3S"", [""A""], ""non-polymer"", 449.9, 0]]"
7KUS,2.0,5767_30,2,F1QCV2,A,"[[""X54"", [""A""], ""non-polymer"", 205.3, 0]]"
7KVX,2.48,1382_30,4,Q86WV6,A,"[[""X5J"", [""A""], ""non-polymer"", 648.5, 0]]"
7KW2,2.0,9784_30,3,Q47NR9,AB,"[[""PNS"", [""A"", ""B""], ""non-polymer"", 358.3, 0]]"
7L99,1.9,17957_30,4,Q58F21,ABCD,"[[""JEF"", [""D""], ""non-polymer"", 597.8, 0], [""XWJ"", [""A"", ""B"", ""C"", ""D""], ""non-polymer"", 427.5, 0]]"
7L9H,1.85,5910_30,0,Q9NX46,ABCD,"[[""AR6"", [""A"", ""B"", ""C"", ""D""], ""non-polymer"", 559.3, 0]]"
7LEL,2.15,17957_30,4,Q58F21,ABCD,"[[""BMF"", [""A"", ""B"", ""C"", ""D""], ""non-polymer"", 404.4, 0]]"
7LFF,2.01,15764_30,4,A0A1D8PKA4,AB,"[[""ADP"", [""A"", ""B""], ""non-polymer"", 427.2, 0]]"
7LJX,1.31,1075_30,2,P62898,AB,"[[""FC6"", [""A""], ""non-polymer"", 211.9, 0], [""HEC"", [""A"", ""B""], ""non-polymer"", 620.5, 0]]"
7LNT,2.35,10853_30,2,M9SEQ1,AB,"[[""WZT"", [""A"", ""B""], ""non-polymer"", 188.1, 0], [""ADP"", [""A"", ""B""], ""non-polymer"", 427.2, 0]]"
7LSC,1.8,26492_30,1,,ABCD,"[[""JRA"", [""A"", ""B"", ""C"", ""D""], ""non-polymer"", 584.7, 0]]"
7LVY,1.85,26952_30,1,T1K1R5,A,"[[""UDP"", [""A""], ""RNA linking"", 404.2, 0]]"
7LX8,1.03,508_30,0,P00720,A,"[[""YGV"", [""A""], ""non-polymer"", 158.6, 0]]"
7M15,1.85,3462_30,0,Q0P8I4,ABCDEF,"[[""YO7"", [""A"", ""B"", ""C"", ""D"", ""E"", ""F""], ""non-polymer"", 635.4, 0]]"
7M1N,2.06,101075_30,2,Q75VV9,AB,"[[""SF4"", [""A"", ""B""], ""non-polymer"", 351.6, 0]]"
7M8H,1.75,5288_30,2,Q9Y316,ABCD,"[[""GSH"", [""A"", ""B"", ""C"", ""D""], ""peptide-like"", 307.3, 0]]"
7MEG,1.8,10382_30,0,A0A068ZXW8,A,"[[""NXL"", [""A""], ""non-polymer"", 267.3, 0]]"
7MES,1.37,3371_30,1,Q8CHT0,AB,"[[""NAD"", [""A"", ""B""], ""non-polymer"", 663.4, 0]]"
7MLO,1.65,809_30,4,P02879,AB,"[[""ZJ7"", [""A"", ""B""], ""non-polymer"", 246.3, 0]]"
7MO1,1.6,6833_30,1,P49791;P62826,AB,"[[""GDP"", [""A""], ""RNA linking"", 443.2, 0]]"
7MOG,1.8,13271_30,1,Q9ZVN4,AB,"[[""KDJ"", [""A"", ""B""], ""non-polymer"", 737.1, 0]]"
7MOT,1.54,2034_30,3,Q92769,ABC,"[[""V1P"", [""A"", ""B"", ""C""], ""non-polymer"", 457.6, 0]]"
7MQV,2.4,6561_30,1,Q81P63,ABCD,"[[""NAD"", [""A"", ""B"", ""C"", ""D""], ""non-polymer"", 663.4, 0]]"
7MXF,2.0,29_30,2,P29016;P29017;P61769,AB,"[[""ZP7"", [""A""], ""non-polymer"", 330.5, 0], [""D12"", [""A""], ""non-polymer"", 170.3, 0], [""ZQ4"", [""A""], ""non-polymer"", 707.0, 0], [""NHE"", [""A""], ""non-polymer"", 207.3, 0]]"
7MYA,1.56,1289_30,4,F7X6I3,AB,"[[""UJJ"", [""A"", ""B""], ""non-polymer"", 891.8, 0], [""NAD"", [""A"", ""B""], ""non-polymer"", 663.4, 0]]"
7N7J,2.1,2174_30,3,P48426,A,"[[""ANP"", [""A""], ""non-polymer"", 506.2, 0]]"
7N9D,2.1,10853_30,2,M9SEQ1,AB,"[[""ADP"", [""A"", ""B""], ""non-polymer"", 427.2, 0], [""0XI"", [""A"", ""B""], ""non-polymer"", 228.2, 0]]"
7NC6,2.1,7765_30,0,B0Y813,ABCDEF,"[[""U8B"", [""A"", ""B"", ""C"", ""D"", ""E"", ""F""], ""non-polymer"", 571.6, 0]]"
7NEY,1.74,3194_30,1,G9NLP8,AB,"[[""4LU"", [""A"", ""B""], ""non-polymer"", 525.5, 1]]"
7NFZ,1.551,2603_30,0,D4Z2G1,A,"[[""CXS"", [""A""], ""non-polymer"", 221.3, 0]]"
7NI7,2.5,2452_30,1,Q86U44;Q9HCE5,AB,"[[""UEH"", [""A""], ""non-polymer"", 615.8, 0]]"
7NIX,1.9,110749_30,4,O60343;P31947,AB,"[[""NHE"", [""A""], ""non-polymer"", 207.3, 0]]"
7NKE,2.35,118451_30,4,P19793;Q15596,ABCD,"[[""UGW"", [""A"", ""C""], ""non-polymer"", 206.3, 0]]"
7NL1,2.331,1144_30,4,A0A125YN40,ABCDEFGH,"[[""PLP"", [""A"", ""B"", ""C"", ""D"", ""E"", ""F"", ""G"", ""H""], ""non-polymer"", 247.1, 0]]"
7NLM,1.65,4982_30,2,Q02RJ6,A,"[[""UHE"", [""A""], ""non-polymer"", 253.4, 0]]"
7NLN,1.92,2246_30,0,P9WQ01,AB,"[[""NLG"", [""A"", ""B""], ""non-polymer"", 189.2, 0]]"
7NLT,2.225,2246_30,0,P9WQ01,A,"[[""14N"", [""A""], ""non-polymer"", 220.3, 0]]"
7NME,2.2,114_30,3,A0A5H2UYS3;P61769,ABCDE,"[[""BTB"", [""A""], ""non-polymer"", 209.2, 0]]"
7NRR,1.67,19290_30,2,Q1R0W5,AAABBB,"[[""DHC"", [""AAA"", ""BBB""], ""non-polymer"", 180.2, 0]]"
7NSF,2.0,25859_30,4,Q4JAT2,A,"[[""3PO"", [""A""], ""non-polymer"", 258.0, 0]]"
7NWS,1.2,118_30,0,P31947;Q04206,AP,"[[""UT8"", [""A""], ""non-polymer"", 333.4, 0]]"
7NY7,2.0,5852_30,4,A0A0D2UG83,A,"[[""APR"", [""A""], ""non-polymer"", 559.3, 0]]"
7NYB,2.5,1213_30,3,O34522,AB,"[[""SAM"", [""A"", ""B""], ""non-polymer"", 398.4, 0]]"
7O1Z,1.8,14326_30,4,,A,"[[""BCN"", [""A""], ""non-polymer"", 163.2, 0], [""HEM"", [""A""], ""non-polymer"", 616.5, 0]]"
7O25,1.34,7291_30,1,Q9X0Z6,A,"[[""SAM"", [""A""], ""non-polymer"", 398.4, 0], [""SF4"", [""A""], ""non-polymer"", 351.6, 0], [""5X8"", [""A""], ""L-peptide linking"", 370.4, 0], [""CPS"", [""A""], ""non-polymer"", 614.9, 0]]"
7O8S,2.5,2016_30,1,W8VZW3,A,"[[""RET"", [""A""], ""non-polymer"", 284.4, 0]]"
7OBZ,2.0,29807_30,2,M1E1F8,ABCDEF,"[[""FMN"", [""A"", ""B"", ""C"", ""D"", ""E"", ""F""], ""non-polymer"", 456.3, 0]]"
7OC4,2.03,39682_30,2,A0A2U8U2L5,AB,"[[""V8Z"", [""A"", ""B""], ""non-polymer"", 204.4, 0], [""PIS"", [""A"", ""B""], ""non-polymer"", 193.0, -1]]"
7ODJ,1.3,26156_30,0,Q6QT42,AAA,"[[""VEE"", [""AAA""], ""non-polymer"", 330.4, 0]]"
7OIL,1.95,592_30,1,O35904,AAA,"[[""VEN"", [""AAA""], ""non-polymer"", 551.7, 0]]"
7OJM,2.001,10993_30,3,O31266,AAABBB,"[[""SRT"", [""AAA"", ""BBB""], ""non-polymer"", 150.1, 0], [""VFH"", [""AAA"", ""BBB""], ""non-polymer"", 159.2, 0]]"
7OKV,1.85,12480_30,3,Q9UNN8,A,"[[""R16"", [""A""], ""non-polymer"", 226.4, 0]]"
7OMX,1.52,16994_30,0,A0A0B0SG80,AAA,"[[""CNA"", [""AAA""], ""non-polymer"", 662.5, 1]]"
7OO9,1.2,2562_30,1,A0A178LR65,AB,"[[""FMN"", [""A"", ""B""], ""non-polymer"", 456.3, 0]]"
7OR2,2.35,1804_30,2,Q9HZM7,A,"[[""9FH"", [""A""], ""non-polymer"", 202.2, 0], [""FAD"", [""A""], ""non-polymer"", 785.5, 0]]"
7OU9,2.42,10865_30,4,B8HNS6,AB,"[[""HEM"", [""A"", ""B""], ""non-polymer"", 616.5, 0]]"
7OUD,2.3,11140_30,1,Q8KSX7,AAA,"[[""FAD"", [""AAA""], ""non-polymer"", 785.5, 0], [""1J0"", [""AAA""], ""non-polymer"", 534.4, 0]]"
7OUJ,1.573,11140_30,1,Q8KY42,AAA,"[[""FAD"", [""AAA""], ""non-polymer"", 785.5, 0]]"
7OUY,1.5,10865_30,4,B8HNS6,ABCD,"[[""HEM"", [""A"", ""B"", ""C"", ""D""], ""non-polymer"", 616.5, 0]]"
7OYH,1.75,11323_30,2,A0LU48;A0LU49,AB,"[[""ADP"", [""A""], ""non-polymer"", 427.2, 0]]"
7P1D,1.69,10679_30,2,Q0CMX0,A,"[[""KDM"", [""A""], ""D-saccharide, alpha linking"", 268.2, 0]]"
7P1Q,0.91,10679_30,2,A0A178EUH2,A,"[[""KDM"", [""A""], ""D-saccharide, alpha linking"", 268.2, 0]]"
7P2C,2.04,738_30,4,Q3J170;Q3J1A5;Q3J1A6,HLM,"[[""MYS"", [""L"", ""M""], ""non-polymer"", 212.4, 0], [""BPH"", [""L"", ""M""], ""non-polymer"", 889.2, 0], [""NKP"", [""M""], ""non-polymer"", 436.5, 0], [""U10"", [""M""], ""non-polymer"", 863.3, 0], [""SPN"", [""M""], ""non-polymer"", 595.0, 0]]"
7P2I,1.489,3076_30,4,A0A0S4TLR1,ABC,"[[""MFU"", [""A"", ""B"", ""C""], ""L-saccharide"", 178.2, 0]]"
7P2S,2.2,4707_30,2,A5H660,A,"[[""4UI"", [""A""], ""non-polymer"", 424.5, 0]]"
7P3T,1.6,23120_30,2,B8KQT8,ABCDEF,"[[""PLP"", [""A"", ""B"", ""C"", ""D"", ""E"", ""F""], ""non-polymer"", 247.1, 0]]"
7P7X,2.0,13515_30,3,F4KWH0,A,"[[""PLP"", [""A""], ""non-polymer"", 247.1, 0]]"
7P87,1.3,2631_30,2,Q96MU7,AB,"[[""ID0"", [""A"", ""B""], ""non-polymer"", 179.2, 0]]"
7PCP,1.377,2851_30,3,P21589,A,"[[""IUR"", [""A""], ""non-polymer"", 238.0, 0]]"
7PD1,1.27,1930_30,1,A1HPQ5,AB,"[[""SF4"", [""A"", ""B""], ""non-polymer"", 351.6, 0], [""5AD"", [""A"", ""B""], ""non-polymer"", 251.2, 0], [""TYR"", [""A"", ""B""], ""L-peptide linking"", 181.2, 0]]"
7PDQ,1.58,154070_30,4,P28700;Q15596,AB,"[[""LG2"", [""A""], ""non-polymer"", 363.5, 0]]"
7PDR,2.33,2767_30,2,P58154,AaABaBCaCDaDEaE,"[[""7JI"", [""BaB"", ""CaC"", ""DaD"", ""EaE""], ""non-polymer"", 452.7, 0]]"
7PHE,2.32,7119_30,1,I2N5E8;Q06528;Q54527,AB,"[[""VAK"", [""A"", ""B""], ""non-polymer"", 412.4, 0]]"
7PLC,2.15,5077_30,2,Q9A9Z1,ABCD,"[[""XYP"", [""A"", ""B"", ""C"", ""D""], ""D-saccharide, beta linking"", 150.1, 0]]"
7PN0,1.85,2124_30,4,Q5SHU3,AB,"[[""ADP"", [""A"", ""B""], ""non-polymer"", 427.2, 0]]"
7PP9,2.34,1406_30,4,O43570,ABCD,"[[""7VZ"", [""A"", ""B"", ""C"", ""D""], ""non-polymer"", 363.9, 0]]"
7PQI,1.9,248_30,4,,A,"[[""NOV"", [""A""], ""non-polymer"", 612.6, 0]]"
7PRM,1.65,4868_30,1,Q99685,A,"[[""81I"", [""A""], ""non-polymer"", 433.5, 0]]"
7PSI,1.25,10583_30,1,C1F2K5,A,"[[""8I4"", [""A""], ""saccharide"", 208.2, 0]]"
7PWS,1.8,1976_30,4,Q460N3,AB,"[[""8BW"", [""A""], ""non-polymer"", 244.2, 0]]"
7PXO,1.95,31481_30,4,,ABCD,"[[""8IF"", [""A"", ""B"", ""D""], ""non-polymer"", 348.4, 0]]"
7Q1B,1.75,40852_30,3,A0A1B1JH81,A,"[[""GOK"", [""A""], ""non-polymer"", 394.5, 0]]"
7Q1C,2.3,40852_30,3,A0A1B1JH81,AB,"[[""T56"", [""A"", ""B""], ""non-polymer"", 253.3, 0]]"
7Q7Q,2.25,3659_30,0,P06008;P06009;P06010;P07173,CCCHHHLLLMMM,"[[""HEC"", [""CCC""], ""non-polymer"", 620.5, 0], [""DGA"", [""CCC""], ""non-polymer"", 625.0, 0], [""BPB"", [""LLL"", ""MMM""], ""non-polymer"", 887.2, 0], [""UQ2"", [""LLL"", ""MMM""], ""non-polymer"", 318.4, 0], [""NS5"", [""MMM""], ""non-polymer"", 540.9, 0], [""MQ9"", [""MMM""], ""non-polymer"", 785.2, 0]]"
7QBT,1.9,36147_30,4,Q8THG6,ABCD,"[[""SF4"", [""A"", ""B"", ""C"", ""D""], ""non-polymer"", 351.6, 0], [""MTA"", [""A"", ""B"", ""C"", ""D""], ""non-polymer"", 297.3, 0]]"
7QCJ,1.84,46_30,2,P0DTD1,A,"[[""A4O"", [""A""], ""non-polymer"", 211.2, 0]]"
7QEI,2.1,306_30,3,Q9H903,A,"[[""9L9"", [""A""], ""non-polymer"", 433.4, 0], [""ATR"", [""A""], ""non-polymer"", 507.2, 0]]"
7QI8,2.2,3879_30,3,P9WFU9,A,"[[""DD0"", [""A""], ""non-polymer"", 328.3, 0]]"
7QMS,1.79,70_30,2,P11838,A,"[[""U1H"", [""A""], ""non-polymer"", 175.2, 0]]"
7QOQ,1.93,4983_30,3,K5B7Z4,AB,"[[""U5P"", [""A"", ""B""], ""non-polymer"", 324.2, 0]]"
7QT1,2.1,152_30,1,,ABCDEFGH,"[[""CAP"", [""A"", ""C"", ""E"", ""G""], ""saccharide"", 356.1, 0]]"
7QU3,1.6,2295_30,1,Q02PF8,A,"[[""FAD"", [""A""], ""non-polymer"", 785.5, 0], [""RYM"", [""A""], ""non-polymer"", 233.3, 0]]"
7QY0,1.54,2837_30,3,P09958,A,"[[""I0T"", [""A""], ""non-polymer"", 629.6, 2]]"
7QYO,0.983,3149_30,3,Q9UIF9,A,"[[""GKI"", [""A""], ""non-polymer"", 360.5, 0]]"
7QZ0,2.1,3149_30,3,Q9UIF9,A,"[[""GQX"", [""A""], ""non-polymer"", 289.4, 0]]"
7QZ7,2.3,4757_30,3,A2RI36,AB,"[[""DM1"", [""B""], ""non-polymer"", 527.5, 0]]"
7QZJ,1.55,8776_30,4,A0ACH0CL42,AB,"[[""PMP"", [""A"", ""B""], ""non-polymer"", 248.2, 0]]"
7R2G,1.98,3201_30,4,Q9Y4E8,AB,"[[""MIX"", [""B""], ""non-polymer"", 444.5, 0]]"
7R49,1.88,1920_30,1,Q88VM8;Q88Z44,ABCEFH,"[[""PNS"", [""H""], ""non-polymer"", 358.3, 0]]"
7RBW,2.05,721_30,0,A0A7D7FB99,AB,"[[""BLA"", [""A"", ""B""], ""non-polymer"", 582.6, 0]]"
7RDP,1.96,1183_30,1,P17931,A,"[[""4IZ"", [""A""], ""non-polymer"", 405.3, 0]]"
7RKA,1.8,28577_30,1,A0A1P8PEY0,AB,"[[""GSH"", [""A""], ""peptide-like"", 307.3, 0]]"
7ROM,1.65,4088_30,0,P38626,A,"[[""FAD"", [""A""], ""non-polymer"", 785.5, 0]]"
7RPF,1.9,500_30,0,Q8RLA6,A,"[[""DRW"", [""A""], ""non-polymer"", 422.5, 0], [""4J6"", [""A""], ""non-polymer"", 422.5, 0]]"
7RSV,1.78,2995_30,2,Q8NEB9,AB,"[[""7IQ"", [""A"", ""B""], ""non-polymer"", 276.3, 0]]"
7RTK,2.5,3237_30,0,P0A6A8;Q9H1K1;Q9HD34;Q9Y697,ABCD,"[[""PLP"", [""A""], ""non-polymer"", 247.1, 0], [""P15"", [""A""], ""non-polymer"", 296.4, 0], [""EDT"", [""B""], ""non-polymer"", 292.2, 0], [""8Q1"", [""C""], ""non-polymer"", 540.7, 0]]"
7RUT,1.5,13956_30,1,Q96EY8,ABCDEF,"[[""ATP"", [""A"", ""B"", ""C"", ""D"", ""E"", ""F""], ""non-polymer"", 507.2, 0]]"
7RWQ,1.9,4368_30,4,Q12830,A,"[[""7XE"", [""A""], ""non-polymer"", 290.7, 0]]"
7RYA,2.1,1395_30,0,P10614,A,"[[""1YN"", [""A""], ""non-polymer"", 705.6, 0], [""HEM"", [""A""], ""non-polymer"", 616.5, 0]]"
7RZK,1.9,7572_30,3,Q2FZ58,A,"[[""ADP"", [""A""], ""non-polymer"", 427.2, 0]]"
7S0M,2.0,20395_30,3,A0A348FUE1,AB,"[[""IPE"", [""A"", ""B""], ""non-polymer"", 246.1, 0]]"
7S47,2.0,4505_30,2,O96013;P18084,AB,"[[""ANP"", [""A""], ""non-polymer"", 506.2, 0]]"
7S7Z,1.55,17371_30,0,,A,"[[""NHE"", [""A""], ""non-polymer"", 207.3, 0]]"
7SE7,1.75,18474_30,3,P22087,A,"[[""SAM"", [""A""], ""non-polymer"", 398.4, 0]]"
7SE8,1.75,18474_30,3,P22087,AB,"[[""8W1"", [""A"", ""B""], ""non-polymer"", 216.2, 0]]"
7SH5,1.83,6408_30,3,A0PUV7,ABCD,"[[""HEM"", [""A"", ""B"", ""C"", ""D""], ""non-polymer"", 616.5, 0], [""K2B"", [""A"", ""B"", ""C"", ""D""], ""non-polymer"", 384.6, 0]]"
7SQM,1.78,4728_30,4,Q8TF76,A,"[[""A5G"", [""A""], ""non-polymer"", 349.4, 0]]"
7SSF,1.45,157926_30,4,U5T8W0,ABCDEFGH,"[[""AX9"", [""B"", ""D"", ""F"", ""H""], ""non-polymer"", 588.7, 0], [""PEB"", [""A"", ""B"", ""C"", ""D"", ""E"", ""F"", ""G"", ""H""], ""non-polymer"", 588.7, 0]]"
7SU7,2.09,12022_30,1,Q8CZR7,ABCD,"[[""PH2"", [""B"", ""C"", ""D""], ""non-polymer"", 195.2, 0]]"
7SZB,2.02,5772_30,4,Q96S44;Q9Y3C4,ABCD,"[[""DQ4"", [""A"", ""C""], ""non-polymer"", 273.2, 0]]"
7SZT,2.32,6260_30,1,A0ABS1TD49,ABCDEFGH,"[[""9PD"", [""A"", ""F""], ""non-polymer"", 246.4, 0]]"
7T1G,2.0,18054_30,0,Q04430,AB,"[[""E66"", [""B""], ""non-polymer"", 423.6, 0]]"
7T36,1.65,3933_30,3,P21675,A,"[[""EIO"", [""A""], ""non-polymer"", 342.5, 1]]"
7T4U,1.99,6080_30,4,Q13976,AB,"[[""EX6"", [""A"", ""B""], ""non-polymer"", 515.4, 0]]"
7T60,2.0,550_30,0,A6V1E4,ABCDEF,"[[""F9H"", [""B"", ""C"", ""D"", ""E"", ""F""], ""non-polymer"", 515.4, 0]]"
7T68,2.32,5237_30,0,G0SFD1,AB,"[[""BTB"", [""B""], ""non-polymer"", 209.2, 0], [""GII"", [""A"", ""B""], ""non-polymer"", 424.5, 0]]"
7T9R,1.45,48468_30,0,A0A7G6KN55,ABCD,"[[""PA6"", [""A"", ""B"", ""C""], ""non-polymer"", 284.2, 0]]"
7TE8,1.998,13017_30,4,,ABCD,"[[""P0T"", [""C"", ""D""], ""non-polymer"", 314.5, 0]]"
7TEU,1.45,492_30,1,O60674,A,"[[""I6C"", [""A""], ""non-polymer"", 605.7, 0]]"
7TGM,2.5,10291_30,0,,ABCDE,"[[""I3U"", [""A"", ""B"", ""C"", ""D"", ""E""], ""non-polymer"", 218.2, 0], [""LMS"", [""A"", ""B"", ""C"", ""D"", ""E""], ""RNA linking"", 346.3, 0]]"
7THS,1.8,1303_30,3,P00747,AB,"[[""I5Y"", [""A"", ""B""], ""non-polymer"", 809.0, 0]]"
7TP6,1.655,1988_30,1,Q2IU02,A,"[[""4MI"", [""A""], ""non-polymer"", 168.2, 0], [""HEM"", [""A""], ""non-polymer"", 616.5, 0]]"
7TPN,1.38,548_30,2,P00459,A,"[[""SF4"", [""A""], ""non-polymer"", 351.6, 0], [""SFS"", [""A""], ""non-polymer"", 539.2, 0], [""ADP"", [""A""], ""non-polymer"", 427.2, 0]]"
7TPX,1.35,548_30,2,P00459,A,"[[""ADP"", [""A""], ""non-polymer"", 427.2, 0], [""SF4"", [""A""], ""non-polymer"", 351.6, 0]]"
7TW8,1.55,28628_30,3,P0DTD1;P41212,A,"[[""SAH"", [""A""], ""non-polymer"", 384.4, 0]]"
7TWC,1.85,8459_30,2,A0A2U2H2N4,A,"[[""CXS"", [""A""], ""non-polymer"", 221.3, 0]]"
7U0U,1.9,6008_30,2,Q4WLV6;Q4WUR1,AB,"[[""FK5"", [""B""], ""non-polymer"", 804.0, 0]]"
7U3F,2.3,5958_30,4,Q8IVV7,A,"[[""L5L"", [""A""], ""non-polymer"", 245.3, 0]]"
7UAW,1.72,24043_30,0,P0DW58,AB,"[[""MF6"", [""A"", ""B""], ""non-polymer"", 541.3, 0]]"
7UEV,1.8,4673_30,4,Q9H999,A,"[[""ANP"", [""A""], ""non-polymer"", 506.2, 0], [""N0I"", [""A""], ""non-polymer"", 423.9, 0]]"
7UEY,1.7,4673_30,4,Q9H999,A,"[[""N0R"", [""A""], ""non-polymer"", 389.8, 0], [""ANP"", [""A""], ""non-polymer"", 506.2, 0]]"
7UFP,2.0,45108_30,0,E3GZ29,I,"[[""UDP"", [""I""], ""RNA linking"", 404.2, 0]]"
7UHL,2.2,2393_30,1,B2FTM1,A,"[[""MX0"", [""A""], ""non-polymer"", 328.3, 0]]"
7ULK,2.34,2920_30,1,Q12931,AB,"[[""42C"", [""A"", ""B""], ""non-polymer"", 163.2, 0]]"
7UTC,1.85,8209_30,2,P14941,ABCD,"[[""NAP"", [""A"", ""B"", ""C"", ""D""], ""non-polymer"", 743.4, 0]]"
7UVA,1.98,104295_30,3,P59997;Q71DI3,ABCDEF,"[[""OH0"", [""A"", ""D""], ""non-polymer"", 217.3, 0]]"
7UXM,1.2,143663_30,0,P62937,ABCDEF,"[[""WHL"", [""D"", ""E"", ""F""], ""non-polymer"", 192.2, 0]]"
7V15,1.679,1250_30,4,P03951,A,"[[""OSX"", [""A""], ""non-polymer"", 523.0, 0]]"
7V3C,1.9,6839_30,1,P13699,AB,"[[""HGB"", [""B""], ""non-polymer"", 338.7, 0]]"
7V3E,2.12,23706_30,2,A0A9Y2YA87,ABC,"[[""5WI"", [""A"", ""B"", ""C""], ""non-polymer"", 256.3, 0]]"
7V4X,2.33,1745_30,1,A0ABF7PIJ0,A,"[[""NAP"", [""A""], ""non-polymer"", 743.4, 0], [""FAD"", [""A""], ""non-polymer"", 785.5, 0]]"
7VC1,1.892,2435_30,0,A0A7J6JUK2,AB,"[[""JE6"", [""A""], ""non-polymer"", 374.4, 0]]"
7VHE,1.9,5795_30,1,A7UQX3;Q7DI68,ABCDEFG,"[[""1PS"", [""B"", ""C"", ""D"", ""F""], ""non-polymer"", 201.2, 0]]"
7VHY,2.3,2451_30,1,Q09472,AB,"[[""6QI"", [""A""], ""non-polymer"", 433.5, 0]]"
7VIW,1.74,3188_30,2,Q8PYK9,A,"[[""FAD"", [""A""], ""non-polymer"", 785.5, 0]]"
7VKG,1.83,4022_30,2,P42568,A,"[[""7IV"", [""A""], ""non-polymer"", 275.7, 0]]"
7VM1,2.0,4258_30,0,G3XD33,ABCD,"[[""7OH"", [""A"", ""B"", ""C"", ""D""], ""non-polymer"", 672.5, 0]]"
7VOS,0.66,6389_30,0,P80176,A,"[[""SF4"", [""A""], ""non-polymer"", 351.6, 0]]"
7VT5,1.46,10900_30,2,A0A399DY85,A,"[[""TRP"", [""A""], ""L-peptide linking"", 204.2, 0]]"
7VT6,1.53,10900_30,2,A0A399DY85,A,"[[""TRP"", [""A""], ""L-peptide linking"", 204.2, 0]]"
7VTE,2.15296568597,16031_30,0,P30235,ABCD,"[[""URI"", [""A"", ""B"", ""C"", ""D""], ""non-polymer"", 244.2, 0]]"
7VUU,1.95,4795_30,2,P0DP23,ABCD,"[[""3NY"", [""A"", ""B"", ""C"", ""D""], ""non-polymer"", 164.1, 0]]"
7VYJ,1.98,7675_30,0,Q84G19,AB,"[[""CA0"", [""A"", ""B""], ""non-polymer"", 390.2, 0]]"
7W1Q,2.3,6269_30,0,Q94BU8,AD,"[[""OMG"", [""A"", ""D""], ""RNA linking"", 377.2, 0]]"
7W4Z,1.15,1120_30,2,P68139;Q94707,AB,"[[""ANP"", [""A""], ""non-polymer"", 506.2, 0]]"
7W5J,2.05,30104_30,0,A0A5S9I252,AB,"[[""FPP"", [""B""], ""non-polymer"", 382.3, 0], [""POP"", [""A""], ""non-polymer"", 176.0, -2], [""FAR"", [""A""], ""non-polymer"", 206.4, 0]]"
7W6A,2.21,4740_30,0,Q03164;Q15291;Q9UBL3,ACF,"[[""SAH"", [""C""], ""non-polymer"", 384.4, 0]]"
7W6Q,2.2,912_30,4,,AB,"[[""J1K"", [""A""], ""non-polymer"", 209.2, 0]]"
7W8V,1.61,17382_30,4,D6RT90,A,"[[""TRP"", [""A""], ""L-peptide linking"", 204.2, 0], [""DST"", [""A""], ""non-polymer"", 262.2, 0]]"
7W8W,1.8,17382_30,4,D6RT90,A,"[[""D0Q"", [""A""], ""L-peptide linking"", 218.3, 0], [""DST"", [""A""], ""non-polymer"", 262.2, 0]]"
7W9Y,1.93,10107_30,4,O05239,ABCD,"[[""NAP"", [""A"", ""B"", ""C"", ""D""], ""non-polymer"", 743.4, 0]]"
7WAJ,2.254,17767_30,3,Q8IDK7,A,"[[""ATP"", [""A""], ""non-polymer"", 507.2, 0]]"
7WBC,2.0,2751_30,4,A0A098BU97,AB,"[[""NAD"", [""A"", ""B""], ""non-polymer"", 663.4, 0]]"
7WDU,2.23,21306_30,1,D4QAP5,A,"[[""8R9"", [""A""], ""non-polymer"", 433.4, 0]]"
7WMI,2.0,6_30,4,V7II86,AB,"[[""9IC"", [""A"", ""B""], ""non-polymer"", 626.9, 0]]"
7WNN,1.53,2411_30,0,A0ABF7PJN2,AB,"[[""NAP"", [""A"", ""B""], ""non-polymer"", 743.4, 0]]"
7WRP,1.794,25766_30,4,Q6NES8,A,"[[""PNS"", [""A""], ""non-polymer"", 358.3, 0]]"
7WVS,2.35,14266_30,4,A0A1R3S1W7,AB,"[[""SAM"", [""A"", ""B""], ""non-polymer"", 398.4, 0]]"
7WZG,2.0,94481_30,2,E5KIC0,ABCDEF,"[[""SAH"", [""A"", ""B"", ""C"", ""D"", ""E"", ""F""], ""non-polymer"", 384.4, 0]]"
7WZL,2.27,13615_30,0,Q82D73,A,"[[""HEM"", [""A""], ""non-polymer"", 616.5, 0]]"
7WZX,1.98001304567,69036_30,1,A8WEZ7,A,"[[""7PK"", [""A""], ""non-polymer"", 334.4, 0], [""SAM"", [""A""], ""non-polymer"", 398.4, 0], [""SF4"", [""A""], ""non-polymer"", 351.6, 0]]"
7X3P,1.56,3533_30,3,Q9NXA8,A,"[[""8VG"", [""A""], ""peptide-like"", 674.7, 0]]"
7X3Z,2.25,5184_30,4,P14061,AB,"[[""J3Z"", [""B""], ""non-polymer"", 270.4, 0], [""NAD"", [""A"", ""B""], ""non-polymer"", 663.4, 0]]"
7X5B,2.16,151_30,4,Q51426,A,"[[""ADP"", [""A""], ""non-polymer"", 427.2, 0]]"
7XDV,1.97,1833_30,0,Q9SCZ4,AB,"[[""ATP"", [""A"", ""B""], ""non-polymer"", 507.2, 0]]"
7XEK,1.88,2445_30,1,O32164,A,"[[""9YX"", [""A""], ""non-polymer"", 350.3, 0]]"
7XEY,2.29,15769_30,1,Q9S745;Q9SU72,AB,"[[""RP5"", [""A""], ""D-saccharide, beta linking"", 230.1, 0], [""ADP"", [""A""], ""non-polymer"", 427.2, 0]]"
7XJE,1.33,706_30,3,P02945,A,"[[""RET"", [""A""], ""non-polymer"", 284.4, 0], [""L2P"", [""A""], ""non-polymer"", 653.2, 0]]"
7XMK,2.376,5200_30,0,Q13546,AB,"[[""GO4"", [""A"", ""B""], ""non-polymer"", 496.5, 0]]"
7XNG,2.35,1747_30,0,Q92793,AB,"[[""GI5"", [""A"", ""B""], ""non-polymer"", 436.5, 0]]"
7XSH,1.708,57178_30,4,K1KV82,AB,"[[""Z8T"", [""A"", ""B""], ""L-saccharide, beta linking"", 180.2, 0]]"
7XW8,2.28,1470_30,0,O60341,A,"[[""I00"", [""A""], ""non-polymer"", 267.3, 0], [""FA8"", [""A""], ""non-polymer"", 787.6, 0]]"
7XWH,2.31,12633_30,4,A0A888VSF1,ABCD,"[[""NAP"", [""A"", ""B"", ""C"", ""D""], ""non-polymer"", 743.4, 0]]"
7XWL,2.02,12633_30,4,A0A888VSF1,ABCD,"[[""NDP"", [""A"", ""B"", ""C"", ""D""], ""non-polymer"", 745.4, 0]]"
7Y08,1.25,809_30,4,P02879,A,"[[""RS8"", [""A""], ""peptide-like"", 411.4, 0]]"
7Y11,1.95,3345_30,4,Q8GXC6,AB,"[[""D21"", [""A"", ""B""], ""non-polymer"", 674.9, 0]]"
7Y4G,1.97,8140_30,0,Q8A028,ABC,"[[""715"", [""A"", ""B"", ""C""], ""non-polymer"", 407.3, 0]]"
7Y8B,2.0,7003_30,1,P07788,AB,"[[""IJP"", [""B""], ""non-polymer"", 198.2, 0]]"
7YAW,2.1,14569_30,3,Q9NYL2,ABCD,"[[""IGS"", [""A"", ""B"", ""C"", ""D""], ""non-polymer"", 658.7, 0]]"
7YF2,1.691,10998_30,2,Q6ZMH5;Q9H1A3,ABCD,"[[""SAH"", [""A"", ""B""], ""non-polymer"", 384.4, 0]]"
7YJ0,2.43,94122_30,1,A0AA82WP17,ABCD,"[[""FAD"", [""A"", ""B"", ""C"", ""D""], ""non-polymer"", 785.5, 0]]"
7YLR,1.68,16247_30,4,C5CSP5,A,"[[""FES"", [""A""], ""non-polymer"", 175.8, 0], [""FMN"", [""A""], ""non-polymer"", 456.3, 0]]"
7YOQ,2.265,19258_30,0,Q58241,AB,"[[""IY0"", [""A"", ""B""], ""non-polymer"", 319.2, 0]]"
7YRA,1.79,15071_30,3,D1MZ11,AB,"[[""FES"", [""A"", ""B""], ""non-polymer"", 175.8, 0]]"
7YSX,1.65,1437_30,4,Q08499,AB,"[[""JU3"", [""A"", ""B""], ""non-polymer"", 354.4, 0]]"
7YT0,1.76,19854_30,4,P9WN67,AB,"[[""GDU"", [""A"", ""B""], ""non-polymer"", 566.3, 0], [""NAD"", [""A"", ""B""], ""non-polymer"", 663.4, 0]]"
7YUA,2.5,24346_30,0,G8HX37,ABCD,"[[""GDP"", [""A"", ""B"", ""C"", ""D""], ""RNA linking"", 443.2, 0]]"
7YWP,2.2,5780_30,0,B3VI58,A,"[[""TCK"", [""A""], ""peptide-like"", 332.8, 0]]"
7YXF,1.85,2318_30,0,P9WPP1,ABC,"[[""I6Y"", [""A"", ""B"", ""C""], ""non-polymer"", 306.4, 0], [""HEM"", [""A"", ""B"", ""C""], ""non-polymer"", 616.5, 0]]"
7YZ0,2.2,12_30,3,P81947;Q6B856,ABF,"[[""VYT"", [""B""], ""non-polymer"", 318.3, 0], [""GDP"", [""B""], ""RNA linking"", 443.2, 0], [""GTP"", [""A""], ""non-polymer"", 523.2, 0]]"
7YZS,1.8,6914_30,4,A9CEY9,AAA,"[[""YZT"", [""AAA""], ""saccharide"", 244.2, 0]]"
7Z2S,1.72,7073_30,1,P07102,A,"[[""IHS"", [""A""], ""non-polymer"", 660.5, 0]]"
7Z2Y,1.86,7073_30,1,P07102,A,"[[""IHS"", [""A""], ""non-polymer"", 660.5, 0]]"
7Z3D,2.0,1774_30,4,Q81G55;Q81G57,AB,"[[""FMN"", [""B""], ""non-polymer"", 456.3, 0]]"
7Z4X,2.05,27108_30,4,E6V140,A,"[[""FAD"", [""A""], ""non-polymer"", 785.5, 0]]"
7Z8O,0.96,126098_30,4,P0DTC2,AB,"[[""KZ0"", [""B""], ""non-polymer"", 226.5, 0]]"
7Z9O,1.47,1552_30,3,Q6PL18,AAA,"[[""IK3"", [""AAA""], ""non-polymer"", 262.3, 0]]"
7ZCA,1.68,27108_30,4,E6V140,A,"[[""FAD"", [""A""], ""non-polymer"", 785.5, 0], [""IKF"", [""A""], ""non-polymer"", 216.3, 0]]"
7ZCY,1.54,110_30,0,P41020;P41021;P41022,ABC,"[[""IU9"", [""C""], ""non-polymer"", 328.6, 0]]"
7ZEJ,1.79,8522_30,2,Q8N4Q0,AB,"[[""NAP"", [""A"", ""B""], ""non-polymer"", 743.4, 0]]"
7ZG3,2.3,2680_30,2,O08760,ABC,"[[""IUX"", [""A"", ""B"", ""C""], ""non-polymer"", 243.3, 0]]"
7ZIF,1.86859719255,1693_30,0,P17752,A,"[[""IWA"", [""A""], ""non-polymer"", 548.6, 0]]"
7ZLO,2.22,722_30,2,O14508;Q15369;Q15370,ABC,"[[""JI0"", [""A""], ""non-polymer"", 532.5, 0]]"
7ZN0,1.7,11937_30,3,A0AA82WPB4,ABC,"[[""LFA"", [""A"", ""B"", ""C""], ""non-polymer"", 282.5, 0]]"
7ZS0,1.75,50867_30,3,Q1PZE6,A,"[[""HEC"", [""A""], ""non-polymer"", 620.5, 0]]"
7ZS1,1.7,50867_30,3,Q1PZE6,A,"[[""HEC"", [""A""], ""non-polymer"", 620.5, 0]]"
7ZS8,1.4,10556_30,4,A0A1D3HIT0,AB,"[[""HEC"", [""A"", ""B""], ""non-polymer"", 620.5, 0]]"
7ZSO,1.95,1484_30,2,P00491,ABC,"[[""JTC"", [""A"", ""B"", ""C""], ""non-polymer"", 531.3, 0]]"
7ZT7,1.84,1198_30,0,P61769;Q95460,ABDE,"[[""54G"", [""A""], ""non-polymer"", 152.1, 0]]"
7ZU1,1.68,1544_30,2,P10275,A,"[[""DHT"", [""A""], ""non-polymer"", 290.4, 0]]"
7ZUL,1.744,5560_30,3,Q7CRA4,AAA,"[[""JWL"", [""AAA""], ""non-polymer"", 389.4, 0]]"
7ZZJ,1.99,1050_30,2,Q8Y8D7,A,"[[""KIT"", [""A""], ""non-polymer"", 679.6, 0]]"
8A0S,1.4,1494_30,0,P36639,A,"[[""KOX"", [""A""], ""non-polymer"", 252.7, 0]]"
8A3Q,1.801,1250_30,4,P03952,A,"[[""A1J3F"", [""A""], ""non-polymer"", 491.5, 0]]"
8A5G,1.89,90925_30,4,Q9RVU4,A,"[[""SF4"", [""A""], ""non-polymer"", 351.6, 0]]"
8A7I,1.76,2760_30,0,Q9H8M2,AB,"[[""L8L"", [""A"", ""B""], ""non-polymer"", 594.8, 0]]"
8A7S,1.542,8623_30,3,A9WIU3,A,"[[""NAP"", [""A""], ""non-polymer"", 743.4, 0]]"
8A7U,1.55,690_30,0,M1JS91,AB,"[[""GPP"", [""A""], ""non-polymer"", 314.2, 0]]"
8ABR,2.1,2318_30,0,D5DF88,A,"[[""HEB"", [""A""], ""non-polymer"", 618.5, 0]]"
8ABT,1.39,24770_30,3,Q2G4I2,AB,"[[""STL"", [""A"", ""B""], ""non-polymer"", 228.2, 0]]"
8AD6,1.52,17457_30,1,O31698,AB,"[[""2BA"", [""A"", ""B""], ""non-polymer"", 658.4, 0]]"
8AGQ,1.093,3624_30,0,B9MWW0,A,"[[""M5O"", [""A""], ""non-polymer"", 290.3, 0], [""GSH"", [""A""], ""peptide-like"", 307.3, 0]]"
8AHH,2.037,4505_30,2,O96013,A,"[[""M4X"", [""A""], ""non-polymer"", 200.2, 0]]"
8AI4,1.75,213976_30,3,Q45595;Q45596,ABCD,"[[""SAH"", [""A"", ""B""], ""non-polymer"", 384.4, 0], [""SF4"", [""A"", ""B""], ""non-polymer"", 351.6, 0]]"
8AIZ,1.992,9_30,4,P0DTD1,AAA,"[[""MIJ"", [""AAA""], ""non-polymer"", 537.6, 0]]"
8AKH,1.4,39134_30,2,A0A0P7JVD2,AB,"[[""G3P"", [""A"", ""B""], ""non-polymer"", 172.1, 0]]"
8AMQ,1.6,13009_30,0,O53937;P9WPL3,A,"[[""HEM"", [""A""], ""non-polymer"", 616.5, 0], [""F3S"", [""A""], ""non-polymer"", 295.8, 0]]"
8AN6,1.9,7581_30,0,,ABCD,"[[""BTN"", [""A"", ""B"", ""C"", ""D""], ""non-polymer"", 244.3, 0]]"
8AR8,2.4,1012_30,3,A0A140T871,ABCDEF,"[[""ADP"", [""A"", ""B"", ""C"", ""D"", ""E"", ""F""], ""non-polymer"", 427.2, 0]]"
8AXP,1.83,607_30,3,B4RK78,AB,"[[""O0J"", [""A"", ""B""], ""non-polymer"", 233.3, 0]]"
8B10,1.95,9016_30,4,Q9UPX8,ABCDEF,"[[""BTB"", [""B""], ""non-polymer"", 209.2, 0]]"
8B2C,1.55,1154_30,3,P24670,AAA,"[[""OVU"", [""AAA""], ""non-polymer"", 190.2, 0]]"
8B5K,1.849,2603_30,0,B2HR89,ABCD,"[[""B3P"", [""D""], ""non-polymer"", 282.3, 0]]"
8B5S,1.95,18146_30,0,Q9HUF6,AB,"[[""UPG"", [""B""], ""non-polymer"", 566.3, 0], [""UDP"", [""A""], ""RNA linking"", 404.2, 0]]"
8B6N,2.3,5626_30,1,P0A3G3,A,"[[""NHE"", [""A""], ""non-polymer"", 207.3, 0]]"
8B9Y,1.8,1714_30,1,Q4CST7,ABCD,"[[""PLP"", [""A"", ""B"", ""C"", ""D""], ""non-polymer"", 247.1, 0]]"
8BAD,1.81,55810_30,0,A0A4V1G8Q1,AB,"[[""B3P"", [""A"", ""B""], ""non-polymer"", 282.3, 0]]"
8BAU,1.6,106810_30,2,W2PSB7,A,"[[""AR6"", [""A""], ""non-polymer"", 559.3, 0]]"
8BBV,2.19,2765_30,1,Q8Y565,A,"[[""HT9"", [""A""], ""non-polymer"", 654.7, 0]]"
8BCE,2.05,1352_30,2,O75643;Q6P2Q9,BJ,"[[""B09"", [""B""], ""non-polymer"", 187.2, 0]]"
8BEO,1.96,1956_30,3,P0AEP7,ABCDEF,"[[""FAD"", [""A"", ""B"", ""C"", ""D"", ""E"", ""F""], ""non-polymer"", 785.5, 0], [""TDK"", [""A"", ""B"", ""C"", ""D"", ""E"", ""F""], ""non-polymer"", 563.4, 1], [""UQ0"", [""A"", ""B"", ""C"", ""D"", ""E"", ""F""], ""non-polymer"", 182.2, 0], [""DTU"", [""E""], ""non-polymer"", 154.3, 0]]"
8BGT,2.15,14245_30,3,Q7MY08,AB,"[[""TRP"", [""A""], ""L-peptide linking"", 204.2, 0], [""SAM"", [""A"", ""B""], ""non-polymer"", 398.4, 0]]"
8BJI,1.75,4026_30,2,A0A9P1NJI6;P07737;P68135,AB,"[[""ADP"", [""A""], ""non-polymer"", 427.2, 0]]"
8BJT,2.188,1372_30,2,P53350,A,"[[""8X7"", [""A""], ""non-polymer"", 500.6, 0]]"
8BLS,2.1,4729_30,0,J7H3P9,ABCDEFGH,"[[""GCH"", [""A"", ""B"", ""C"", ""D"", ""E"", ""F"", ""G"", ""H""], ""non-polymer"", 465.6, 0]]"
8BLT,2.1,4729_30,0,J7H3P9,ABCDEFGH,"[[""TCH"", [""A"", ""B"", ""C"", ""D"", ""E"", ""F"", ""G"", ""H""], ""non-polymer"", 515.7, 0]]"
8BPD,1.8,98143_30,1,A0A0N8WFH1,A,"[[""3CX"", [""A""], ""non-polymer"", 237.3, 0]]"
8BRA,1.7,912_30,4,A0AA82WPD4,AB,"[[""UB7"", [""B""], ""non-polymer"", 166.1, 0]]"
8BSA,1.9,72750_30,0,Q9KSE4,AB,"[[""DAR"", [""A"", ""B""], ""D-peptide linking"", 175.2, 1]]"
8BWU,2.36,28628_30,3,P0DTD1;P41212,A,"[[""6NR"", [""A""], ""non-polymer"", 408.4, 0]]"
8BZ7,2.2,28891_30,0,A0A401AAP7,ABCDEF,"[[""TRH"", [""A"", ""B"", ""C"", ""D"", ""E"", ""F""], ""non-polymer"", 548.3, 0], [""TAR"", [""A"", ""B"", ""C"", ""D"", ""E"", ""F""], ""non-polymer"", 150.1, 0]]"
8C3U,1.945,2488_30,2,P01584,AB,"[[""T9C"", [""A"", ""B""], ""non-polymer"", 469.4, 0]]"
8C47,2.2,33359_30,2,P45520;Q4Q5N1,AB,"[[""ATP"", [""A""], ""non-polymer"", 507.2, 0]]"
8C4M,1.51,3458_30,2,Q8Y5E4,AB,"[[""ADN"", [""A""], ""non-polymer"", 267.2, 0]]"
8CCU,1.6,1925_30,4,Q8MNY2,AAA,"[[""U9X"", [""AAA""], ""non-polymer"", 636.9, 0]]"
8CEQ,2.5,7402_30,2,A0A7H0DN74,AB,"[[""UF9"", [""A"", ""B""], ""non-polymer"", 483.5, 0]]"
8CFE,1.8,376_30,1,Q9I685,ABCD,"[[""T9G"", [""A"", ""C""], ""non-polymer"", 151.2, 0], [""NAD"", [""A"", ""B"", ""C"", ""D""], ""non-polymer"", 663.4, 0]]"
8CGQ,2.04,6139_30,4,A0A096SRM5,A,"[[""UDP"", [""A""], ""RNA linking"", 404.2, 0]]"
8CHC,1.679,8182_30,1,B9JXG4,A,"[[""Y45"", [""A""], ""non-polymer"", 422.3, 0]]"
8CKQ,2.0,1962_30,2,E3T1W8,A,"[[""UZX"", [""A""], ""non-polymer"", 324.2, 0], [""FAD"", [""A""], ""non-polymer"", 785.5, 0]]"
8CLW,1.8,1962_30,2,E3T1W8,A,"[[""UZ3"", [""A""], ""non-polymer"", 354.2, 0], [""FAD"", [""A""], ""non-polymer"", 785.5, 0]]"
8CPB,1.7,636_30,0,Q9I5Q5,AB,"[[""ANP"", [""A"", ""B""], ""non-polymer"", 506.2, 0], [""AH0"", [""A"", ""B""], ""non-polymer"", 275.3, 0]]"
8CV9,1.79,1543_30,4,Q9XJ43,A,"[[""HYO"", [""A""], ""non-polymer"", 289.4, 0]]"
8CZK,1.91,6489_30,4,O43813,ABCD,"[[""GSH"", [""C"", ""D""], ""peptide-like"", 307.3, 0]]"
8D0I,2.0,3285_30,1,Q6SZW1,AB,"[[""PZ7"", [""A"", ""B""], ""non-polymer"", 827.6, 1]]"
8DJR,1.46,2982_30,2,C5WNL8,A,"[[""HEM"", [""A""], ""non-polymer"", 616.5, 0]]"
8DKY,1.61,11455_30,1,O67181,AB,"[[""U90"", [""A"", ""B""], ""non-polymer"", 194.2, 0]]"
8DL3,2.26,17262_30,3,Q5T6V5,AB,"[[""QEI"", [""A"", ""B""], ""non-polymer"", 277.3, 0]]"
8DO5,2.1,14981_30,3,Q51947,AB,"[[""KRN"", [""A"", ""B""], ""non-polymer"", 196.2, 0]]"
8DOR,1.35,4863_30,3,A6T5Y2,ABCD,"[[""FMN"", [""A"", ""B"", ""C"", ""D""], ""non-polymer"", 456.3, 0]]"
8DQD,1.78,45362_30,0,A0A0M4SVA9,A,"[[""UD2"", [""A""], ""non-polymer"", 607.4, 0]]"
8DSE,1.428,1839_30,2,P43490,AB,"[[""QCT"", [""A"", ""B""], ""non-polymer"", 448.4, 0]]"
8DSV,2.5,12978_30,4,F8G0P2,AB,"[[""TXU"", [""B""], ""non-polymer"", 160.2, 0], [""FDA"", [""A"", ""B""], ""non-polymer"", 787.6, 0]]"
8DTW,2.33,551_30,2,C6H0Y9,A,"[[""QQ4"", [""A""], ""non-polymer"", 668.9, 0], [""TLR"", [""A""], ""non-polymer"", 448.4, 0]]"
8DWR,2.1,335_30,1,P9WIE5,ABCD,"[[""HEM"", [""A"", ""B"", ""C"", ""D""], ""non-polymer"", 616.5, 0]]"
8DZO,1.8,1738_30,0,Q9NR31,AB,"[[""G4P"", [""A"", ""B""], ""RNA linking"", 603.2, 0]]"
8DZT,1.8,1738_30,0,Q9NR31,AB,"[[""G4P"", [""A"", ""B""], ""RNA linking"", 603.2, 0]]"
8E6O,2.37,3653_30,3,Q92830,ABC,"[[""UQ3"", [""A"", ""B"", ""C""], ""non-polymer"", 839.6, 0]]"
8E7X,2.1,11764_30,4,Q9RFC8,ABC,"[[""HEM"", [""B""], ""non-polymer"", 616.5, 0]]"
8EEF,2.21,21060_30,1,,AB,"[[""OTS"", [""A""], ""non-polymer"", 153.2, 0], [""FAD"", [""A"", ""B""], ""non-polymer"", 785.5, 0], [""OTR"", [""B""], ""non-polymer"", 153.2, 0]]"
8EFN,1.73,14080_30,4,A0A2B4SES9,AD,"[[""4BW"", [""D""], ""non-polymer"", 674.4, 0]]"
8EGD,2.047,1477_30,1,Q00972,A,"[[""ADP"", [""A""], ""non-polymer"", 427.2, 0], [""WIH"", [""A""], ""non-polymer"", 176.2, 0]]"
8EGV,2.09,5237_30,0,G0SFD1,AB,"[[""WJF"", [""A"", ""B""], ""non-polymer"", 489.0, 0], [""BTB"", [""B""], ""non-polymer"", 209.2, 0]]"
8EIM,2.1,14955_30,3,P09950,AB,"[[""PLP"", [""A"", ""B""], ""non-polymer"", 247.1, 0]]"
8EO6,2.35,55142_30,4,B5L5W7,AB,"[[""CAZ"", [""A"", ""B""], ""non-polymer"", 469.5, 0]]"
8EVZ,2.45,278_30,4,Q9LCT6,ABC,"[[""ADP"", [""A"", ""B"", ""C""], ""non-polymer"", 427.2, 0], [""DS0"", [""A"", ""B"", ""C""], ""non-polymer"", 182.1, 0]]"
8EWE,2.3,826_30,1,P08684,A,"[[""HEM"", [""A""], ""non-polymer"", 616.5, 0]]"
8F0W,1.52,5227_30,0,Q12888,AB,"[[""X9N"", [""A"", ""B""], ""non-polymer"", 278.4, 0]]"
8F57,2.42,4164_30,2,P9WFK7,A,"[[""XEL"", [""A""], ""non-polymer"", 248.7, 0]]"
8FBM,1.9,10458_30,4,Q5CV46,AB,"[[""XOF"", [""A"", ""B""], ""non-polymer"", 498.0, 0]]"
8FBQ,1.65,1126_30,0,A5K1A2,A,"[[""XOQ"", [""A""], ""non-polymer"", 391.5, 0]]"
8FET,2.202,1009_30,1,C5YGL7,AB,"[[""NAP"", [""A"", ""B""], ""non-polymer"", 743.4, 0]]"
8FIB,1.68,31221_30,3,A0A0M2KDV0,A,"[[""HEM"", [""A""], ""non-polymer"", 616.5, 0]]"
8FM5,1.88,127_30,0,C6G099,ABCD,"[[""Y2E"", [""A"", ""B"", ""C"", ""D""], ""non-polymer"", 588.0, 0]]"
8FO4,2.0,1_30,3,,ABCD,"[[""Y4Q"", [""A"", ""D""], ""non-polymer"", 301.3, 0]]"
8FP1,1.85,3360_30,1,P24723,A,"[[""XXF"", [""A""], ""non-polymer"", 422.9, 0]]"
8FQU,1.49,1550_30,2,A7Y407,AB,"[[""YDB"", [""A"", ""B""], ""non-polymer"", 373.2, 0]]"
8FR1,2.0,42_30,4,P00918,A,"[[""N84"", [""A""], ""non-polymer"", 322.3, 0]]"
8FSI,1.46,3979_30,4,P0A9N4,A,"[[""SF4"", [""A""], ""non-polymer"", 351.6, 0], [""SAM"", [""A""], ""non-polymer"", 398.4, 0]]"
8FUX,1.2,23827_30,3,A0A0H2Z2W8,AB,"[[""KDO"", [""A"", ""B""], ""D-saccharide, alpha linking"", 238.2, 0], [""PXV"", [""A"", ""B""], ""non-polymer"", 279.4, 0], [""C5P"", [""A""], ""non-polymer"", 323.2, 0], [""KD3"", [""A"", ""B""], ""non-polymer"", 238.2, 0]]"
8FW3,2.22,4961_30,3,P39897,ABCD,"[[""TES"", [""A"", ""B"", ""C"", ""D""], ""non-polymer"", 288.4, 0]]"
8FW8,2.31,4961_30,3,P39897,ABCD,"[[""CXS"", [""A""], ""non-polymer"", 221.3, 0], [""STR"", [""B"", ""C"", ""D""], ""non-polymer"", 314.5, 0]]"
8FWP,2.22,4529_30,4,P25342;P32457,AB,"[[""GTP"", [""B""], ""non-polymer"", 523.2, 0], [""GDP"", [""A""], ""RNA linking"", 443.2, 0]]"
8FXT,1.53,8687_30,0,P0AEE5,A,"[[""YDM"", [""A""], ""non-polymer"", 227.3, 0]]"
8FXU,1.59,8687_30,0,D9TSJ1,A,"[[""YDQ"", [""A""], ""non-polymer"", 292.2, 0]]"
8G1V,1.35,2983_30,1,Q9Y5Y6,A,"[[""YIL"", [""A""], ""non-polymer"", 611.8, 0]]"
8G2E,1.838,739_30,1,P14618,A,"[[""YII"", [""A""], ""non-polymer"", 366.4, 0]]"
8G64,1.6,127214_30,0,Q8RI14,A,"[[""HEM"", [""A""], ""non-polymer"", 616.5, 0], [""FMN"", [""A""], ""non-polymer"", 456.3, 0]]"
8G9E,1.75,6426_30,4,O43314,A,"[[""YUT"", [""A""], ""non-polymer"", 774.0, 0], [""ANP"", [""A""], ""non-polymer"", 506.2, 0]]"
8GCY,1.81,2336_30,1,Q13191,A,"[[""Z3N"", [""A""], ""non-polymer"", 537.6, 0]]"
8GER,2.4,2519_30,0,A0A174ZZA3,A,"[[""ZG5"", [""A""], ""non-polymer"", 471.5, 0]]"
8GFF,1.9,9303_30,4,Q0PA47,A,"[[""ZHE"", [""A""], ""non-polymer"", 317.4, 0]]"
8GJ8,2.3,6380_30,4,A0AAJ6N6A4,A,"[[""ADP"", [""A""], ""non-polymer"", 427.2, 0]]"
8H2F,1.448,8427_30,3,,A,"[[""TMP"", [""A""], ""non-polymer"", 322.2, 0]]"
8H4J,2.0,908_30,1,W8UQZ7,ABCDEFGH,"[[""FMN"", [""A"", ""B"", ""C"", ""D"", ""E"", ""F"", ""G"", ""H""], ""non-polymer"", 456.3, 0], [""1IE"", [""A"", ""B"", ""D"", ""E"", ""F"", ""G"", ""H""], ""non-polymer"", 304.4, 0]]"
8H7F,2.4501342407,1669_30,0,P00519,AB,"[[""QEW"", [""A"", ""B""], ""non-polymer"", 392.4, 0]]"
8H7I,2.4,449_30,4,,AB,"[[""WYN"", [""A"", ""B""], ""non-polymer"", 298.3, 0]]"
8HAP,2.2,9458_30,2,Q976X5,AB,"[[""ATR"", [""B""], ""non-polymer"", 507.2, 0], [""NA7"", [""A""], ""non-polymer"", 623.3, 0]]"
8HAQ,2.27,478_30,3,P12931,AB,"[[""L1N"", [""A"", ""B""], ""non-polymer"", 449.5, 0]]"
8HEH,1.4,231846_30,0,A0A3E2E808,AB,"[[""COA"", [""A"", ""B""], ""non-polymer"", 767.5, 0]]"
8HFN,1.98,2551_30,3,A0QZY0,A,"[[""XGC"", [""A""], ""non-polymer"", 367.4, 0]]"
8HGD,1.53,6408_30,3,A0A368UNN3,B,"[[""HEM"", [""B""], ""non-polymer"", 616.5, 0]]"
8HH0,2.35,1633_30,4,Q5JF30,AB,"[[""FL3"", [""A"", ""B""], ""non-polymer"", 170.2, 0]]"
8HI5,2.3,8623_30,3,A7NN59,A,"[[""NAP"", [""A""], ""non-polymer"", 743.4, 0]]"
8HJA,2.38,119234_30,4,P74113,AB,"[[""C2E"", [""A"", ""B""], ""non-polymer"", 690.4, 0]]"
8HKD,2.35,7197_30,0,O31440,AB,"[[""HEM"", [""A"", ""B""], ""non-polymer"", 616.5, 0], [""PAM"", [""A"", ""B""], ""non-polymer"", 254.4, 0]]"
8HOW,1.79,1529_30,2,P93836,A,"[[""9YI"", [""A""], ""non-polymer"", 432.5, 0]]"
8HRR,2.0,556_30,3,Q01651,AB,"[[""NAP"", [""A"", ""B""], ""non-polymer"", 743.4, 0]]"
8HTF,2.151,116_30,3,P62979;Q7NY09,AB,"[[""NAD"", [""A""], ""non-polymer"", 663.4, 0]]"
8HUG,2.15,1282_30,3,P30822;P41920;P62826,ABC,"[[""GTP"", [""A""], ""non-polymer"", 523.2, 0], [""N59"", [""C""], ""non-polymer"", 489.9, 0]]"
8I0C,2.33,640_30,4,P42330,AB,"[[""NAP"", [""A"", ""B""], ""non-polymer"", 743.4, 0], [""JTN"", [""A"", ""B""], ""non-polymer"", 325.2, 0]]"
8I4P,1.9,2429_30,0,A0A4D5XMK4,A,"[[""FAD"", [""A""], ""non-polymer"", 785.5, 0]]"
8I6I,1.49,17495_30,4,,AC,"[[""FAD"", [""A"", ""C""], ""non-polymer"", 785.5, 0]]"
8ICD,2.5,2296_30,3,P08200,A,"[[""ICT"", [""A""], ""non-polymer"", 192.1, 0]]"
8INJ,1.76,1013_30,1,W8JMV4,A,"[[""UDP"", [""A""], ""RNA linking"", 404.2, 0], [""DTX"", [""A""], ""non-polymer"", 374.5, 0]]"
8IPK,1.9,1113_30,3,A6NJ78,A,"[[""SAM"", [""A""], ""non-polymer"", 398.4, 0]]"
8IRY,2.35,28712_30,3,A0R5M7,ABCD,"[[""PLP"", [""A"", ""B"", ""C"", ""D""], ""non-polymer"", 247.1, 0]]"
8IXM,1.96,26597_30,0,Q9I2Y5,AB,"[[""NHE"", [""A""], ""non-polymer"", 207.3, 0], [""NAP"", [""A"", ""B""], ""non-polymer"", 743.4, 0]]"
8IYT,1.7,12408_30,4,A7BFV6,A,"[[""S5R"", [""A""], ""non-polymer"", 350.3, 0]]"
8J44,2.25,2411_30,0,D9X416,AB,"[[""NAP"", [""A"", ""B""], ""non-polymer"", 743.4, 0]]"
8J66,2.27,8064_30,4,P0DO67,A,"[[""UDP"", [""A""], ""RNA linking"", 404.2, 0]]"
8J7G,1.63,10116_30,1,G9I933,AB,"[[""60G"", [""A"", ""B""], ""non-polymer"", 410.4, 0]]"
8J7K,1.36,10116_30,1,G9I933,AB,"[[""R4O"", [""A"", ""B""], ""non-polymer"", 387.4, 0]]"
8JBR,2.5,8031_30,4,A8YJV7,A,"[[""PNS"", [""A""], ""non-polymer"", 358.3, 0], [""ATP"", [""A""], ""non-polymer"", 507.2, 0]]"
8JDV,1.96,5225_30,2,Q7TNG8,A,"[[""FAD"", [""A""], ""non-polymer"", 785.5, 0]]"
8JE7,2.14,2232_30,1,A0A182M1F8,AB,"[[""HFG"", [""A"", ""B""], ""non-polymer"", 414.7, 0], [""JE6"", [""A"", ""B""], ""non-polymer"", 374.4, 0]]"
8JGQ,2.5,33780_30,3,Q9RYW9,A,"[[""UG3"", [""A""], ""non-polymer"", 417.9, 0]]"
8JI6,1.9,19954_30,4,A0A861B387,AB,"[[""TRP"", [""A"", ""B""], ""L-peptide linking"", 204.2, 0]]"
8JM3,1.9,3311_30,4,Q7XJE8,A,"[[""FAD"", [""A""], ""non-polymer"", 785.5, 0], [""FQ6"", [""A""], ""non-polymer"", 164.2, 0]]"
8JM5,1.9,3311_30,4,Q7XJE8,B,"[[""FAD"", [""B""], ""non-polymer"", 785.5, 0]]"
8JML,2.0,3131_30,3,O25759,AB,"[[""ATP"", [""A"", ""B""], ""non-polymer"", 507.2, 0]]"
8JTN,1.8,64989_30,2,Q9H7E2,A,"[[""F5W"", [""A""], ""non-polymer"", 217.3, 1]]"
8JUP,1.98,371_30,4,Q0JA29,A,"[[""ATP"", [""A""], ""non-polymer"", 507.2, 0]]"
8JUS,1.73,3211_30,4,A0AAF0BGE9,AB,"[[""A2P"", [""A"", ""B""], ""non-polymer"", 427.2, 0]]"
8JWN,2.25,8906_30,4,A0A3R7J519,ABCDEFGH,"[[""NDP"", [""A"", ""B"", ""C"", ""D"", ""E"", ""F"", ""G"", ""H""], ""non-polymer"", 745.4, 0]]"
8K2I,2.5,26316_30,2,Q7Y231,AB,"[[""NGT"", [""A"", ""B""], ""non-polymer"", 219.3, 0]]"
8K2M,1.65,55599_30,3,A0AAT8XUB3,A,"[[""GNL"", [""A""], ""non-polymer"", 219.3, 0]]"
8K5W,2.0,3884_30,1,P14780,AB,"[[""VOO"", [""A"", ""B""], ""non-polymer"", 459.5, 0]]"
8K6Y,2.0,4331_30,3,P82543;Q5SJ79;Q5SJ80,ABC,"[[""HEM"", [""A""], ""non-polymer"", 616.5, 0]]"
8K7P,2.19,3511_30,2,A0A0U1MWF9,AB,"[[""4I1"", [""A"", ""B""], ""non-polymer"", 282.5, 0], [""DAO"", [""A"", ""B""], ""non-polymer"", 200.3, 0]]"
8KA4,2.3,23195_30,3,P45951,ABCD,"[[""DGP"", [""B"", ""C""], ""non-polymer"", 347.2, 0]]"
8KBE,2.16,24043_30,0,P0DW58,AB,"[[""OJC"", [""A"", ""B""], ""non-polymer"", 541.3, 0]]"
8KE5,1.90007300134,2809_30,1,Q8PWY1,A,"[[""ANP"", [""A""], ""non-polymer"", 506.2, 0], [""FXL"", [""A""], ""D-peptide linking"", 199.6, 0]]"
8ODP,2.3,3592_30,0,Q8IWT0;Q9Y3I0,ABCDEFGH,"[[""G2P"", [""A"", ""C"", ""E"", ""G""], ""non-polymer"", 521.2, 0]]"
8OFG,2.4,3458_30,2,Q8DP14,ABC,"[[""AMP"", [""A""], ""non-polymer"", 347.2, 0]]"
8OG6,2.245,3834_30,1,Q9Y4B6,A,"[[""LQH"", [""A""], ""non-polymer"", 264.3, 0]]"
8OGH,1.6,240_30,4,P9WNS3,AB,"[[""VMI"", [""A"", ""B""], ""non-polymer"", 605.5, 1]]"
8OLP,1.27,2239_30,0,A0A7U9DT46,AB,"[[""HEM"", [""A"", ""B""], ""non-polymer"", 616.5, 0]]"
8OMK,2.48,4457_30,0,P50053,AB,"[[""ADP"", [""A"", ""B""], ""non-polymer"", 427.2, 0], [""F1X"", [""A""], ""D-saccharide, beta linking"", 260.1, 0]]"
8OQ2,1.91,8993_30,4,D7A8L2,ABCDEF,"[[""NAP"", [""A"", ""B"", ""C"", ""D"", ""E"", ""F""], ""non-polymer"", 743.4, 0]]"
8OSC,1.42,5055_30,2,O43598,AB,"[[""UMP"", [""B""], ""non-polymer"", 308.2, 0]]"
8OU8,2.05,6_30,4,P0A8M3,AD,"[[""W0U"", [""A"", ""D""], ""non-polymer"", 431.3, 0]]"
8OU9,1.75,3576_30,3,A4TVL0,ABC,"[[""W1B"", [""A"", ""B"", ""C""], ""non-polymer"", 263.2, 0]]"
8OUS,2.2,10484_30,1,Q12852,A,"[[""W3I"", [""A""], ""non-polymer"", 467.5, 0]]"
8OW3,2.27,1161_30,1,P08581,A,"[[""W40"", [""A""], ""non-polymer"", 328.3, 0]]"
8OWO,1.8,2695_30,2,Q9H7B4,A,"[[""SAM"", [""A""], ""non-polymer"", 398.4, 0]]"
8OXG,1.731,4692_30,2,P50579,AB,"[[""W5N"", [""A"", ""B""], ""non-polymer"", 424.6, 0]]"
8P3C,2.02,6211_30,0,Q63J95,B,"[[""WRX"", [""B""], ""non-polymer"", 556.6, 0]]"
8P7O,1.7,2039_30,0,P05326,A,"[[""X5L"", [""A""], ""non-polymer"", 399.5, 0]]"
8P84,1.5,2098_30,1,A0ACD6BAS7,AB,"[[""FAD"", [""A"", ""B""], ""non-polymer"", 785.5, 0]]"
8PA6,1.58,2622_30,2,P49773,AB,"[[""XKB"", [""A""], ""non-polymer"", 492.5, 0]]"
8PB6,0.93,5057_30,3,P0DPA9,A,"[[""SAH"", [""A""], ""non-polymer"", 384.4, 0], [""XPN"", [""A""], ""non-polymer"", 270.2, 0]]"
8PFL,1.8,3515_30,3,Q14191,A,"[[""YH8"", [""A""], ""non-polymer"", 666.6, 0]]"
8PLW,1.78,1674_30,1,Q962Y6,AB,"[[""Q4L"", [""A"", ""B""], ""non-polymer"", 238.3, 0], [""FAD"", [""A"", ""B""], ""non-polymer"", 785.5, 0]]"
8PP0,1.9,182445_30,1,P19793;Q15596,AB,"[[""7QJ"", [""A""], ""non-polymer"", 381.3, 0]]"
8PPZ,1.85,1241_30,0,P42345;P62942,AB,"[[""0AN"", [""A""], ""non-polymer"", 590.9, 0]]"
8PQQ,2.23,21000_30,2,K9TVX3,ABCD,"[[""CFB"", [""A"", ""B"", ""C"", ""D""], ""non-polymer"", 303.7, 0]]"
8PRN,2.3,21382_30,1,P39767,A,"[[""C8E"", [""A""], ""non-polymer"", 306.4, 0]]"
8PSW,2.0,501_30,0,P28482,A,"[[""D2I"", [""A""], ""non-polymer"", 346.4, 0], [""AN2"", [""A""], ""non-polymer"", 426.2, 0]]"
8PWY,1.8,3594_30,0,A0A7U9HFU5,ABCDEF,"[[""HEM"", [""A"", ""B"", ""C"", ""D"", ""E"", ""F""], ""non-polymer"", 616.5, 0]]"
8PYX,2.02,24623_30,0,A0A1M5ABR5,AB,"[[""ADN"", [""A"", ""B""], ""non-polymer"", 267.2, 0]]"
8Q1F,1.01,2588_30,4,P71447,AB,"[[""B16"", [""A"", ""B""], ""D-saccharide"", 340.1, 0]]"
8Q1V,1.4,188175_30,3,C5BNC6,A,"[[""HEC"", [""A""], ""non-polymer"", 620.5, 0]]"
8Q5P,1.814,235983_30,4,Q07912;Q9BYW2,AB,"[[""SAM"", [""A""], ""non-polymer"", 398.4, 0]]"
8Q83,1.699,7087_30,4,Q7N8I5,ABCD,"[[""MFU"", [""A"", ""B"", ""C"", ""D""], ""L-saccharide"", 178.2, 0]]"
8QB6,1.51,59846_30,2,,A,"[[""GC2"", [""A""], ""non-polymer"", 230.3, 0]]"
8QBZ,1.9,19697_30,2,Q8EG34,A,"[[""HEC"", [""A""], ""non-polymer"", 620.5, 0]]"
8QCE,1.05,192008_30,4,A0AAD0TQY4,AB,"[[""GC2"", [""A"", ""B""], ""non-polymer"", 230.3, 0]]"
8QD8,1.65,12739_30,4,Q6BCB5,AB,"[[""QPI"", [""A"", ""B""], ""non-polymer"", 160.2, 0]]"
8QF6,2.2,37287_30,2,G2LET6,ABCD,"[[""UCQ"", [""A"", ""B"", ""C"", ""D""], ""non-polymer"", 197.2, 0]]"
8QJ6,1.55,70980_30,2,Q74CB3,A,"[[""HEC"", [""A""], ""non-polymer"", 620.5, 0]]"
8QM1,1.91,980_30,4,G3XDA2,AB,"[[""CER"", [""A"", ""B""], ""non-polymer"", 225.3, 0]]"
8QNB,2.1,14276_30,2,,A,"[[""X8X"", [""A""], ""non-polymer"", 178.1, 0], [""FAD"", [""A""], ""non-polymer"", 785.5, 0]]"
8QOO,1.55,136717_30,2,Q8IXJ6,AB,"[[""WGN"", [""B""], ""non-polymer"", 302.5, 0], [""WH8"", [""B""], ""non-polymer"", 302.5, 0]]"
8QUW,2.02,418_30,4,P12493,A,"[[""WZR"", [""A""], ""non-polymer"", 239.3, 0]]"
8QYG,1.15,6960_30,1,A0A6H0WK49,AB,"[[""FMN"", [""A"", ""B""], ""non-polymer"", 456.3, 0]]"
8QZB,1.16,15837_30,2,Q2VEQ7,ABCD,"[[""NAD"", [""A"", ""B"", ""C"", ""D""], ""non-polymer"", 663.4, 0]]"
8R1P,2.45,146688_30,1,P11309,AC,"[[""XIP"", [""A""], ""non-polymer"", 239.3, 0]]"
8R1T,2.0,147304_30,1,P11309,AD,"[[""XIJ"", [""A""], ""non-polymer"", 241.3, 0]]"
8R2A,2.4,1080_30,0,A0A7S7RG57,ABCD,"[[""XLQ"", [""A"", ""B"", ""C"", ""D""], ""non-polymer"", 382.3, 0]]"
8R2X,1.573,5906_30,3,Q0SFL8,AB,"[[""PTY"", [""A"", ""B""], ""non-polymer"", 734.0, 0]]"
8R3A,1.894,12348_30,1,L0NMC5;Q6VAL8,ABCDEFGH,"[[""F3S"", [""A"", ""C"", ""E"", ""G""], ""non-polymer"", 295.8, 0], [""MGD"", [""A"", ""C"", ""E"", ""G""], ""non-polymer"", 740.6, 0], [""P33"", [""A"", ""C"", ""E"", ""G""], ""non-polymer"", 326.4, 0], [""FES"", [""B"", ""D"", ""F"", ""H""], ""non-polymer"", 175.8, 0]]"
8R45,1.86,2665_30,2,B4YB07,AB,"[[""O6E"", [""A"", ""B""], ""non-polymer"", 586.7, 0]]"
8R6B,2.5,8775_30,2,Q86Y01,A,"[[""ADP"", [""A""], ""non-polymer"", 427.2, 0]]"
8R6J,1.82,29328_30,2,Q6FWV7,AB,"[[""Y7F"", [""A"", ""B""], ""non-polymer"", 371.4, 0]]"
8R8I,1.4,180_30,2,P68082,A,"[[""HEM"", [""A""], ""non-polymer"", 616.5, 0]]"
8RDC,1.7,1868_30,3,P09382,AB,"[[""YNO"", [""A"", ""B""], ""non-polymer"", 559.8, 0]]"
8RDM,1.75,18477_30,1,A0A8T8HXW2,A,"[[""SAH"", [""A""], ""non-polymer"", 384.4, 0]]"
8RE3,1.51,7411_30,4,Q9RZ08,AB,"[[""HEM"", [""A"", ""B""], ""non-polymer"", 616.5, 0]]"
8RFA,1.76,1018_30,3,P78540,ABC,"[[""A1HZ9"", [""A""], ""non-polymer"", 221.0, -1]]"
8RFC,1.1,608_30,4,P0DTD1,A,"[[""A1H0N"", [""A""], ""non-polymer"", 200.1, 0]]"
8RHO,1.45,14155_30,4,Q44501,AB,"[[""FES"", [""A"", ""B""], ""non-polymer"", 175.8, 0]]"
8RLO,1.55,2227_30,3,P00915,AAABBB,"[[""A1H1P"", [""AAA"", ""BBB""], ""non-polymer"", 383.5, 0]]"
8ROF,1.65,18308_30,1,O60216;Q14683,AB,"[[""ADP"", [""A""], ""non-polymer"", 427.2, 0]]"
8ROI,2.45,18274_30,2,O60216;Q9UQE7,AB,"[[""ADP"", [""A""], ""non-polymer"", 427.2, 0]]"
8RP1,1.86,844_30,0,P00903;P05041,AAABBBCCCDDD,"[[""TRP"", [""CCC"", ""DDD""], ""L-peptide linking"", 204.2, 0]]"
8RPJ,1.9,55003_30,1,A0AAT8XUE4,ABCDEF,"[[""TPP"", [""A"", ""B"", ""C"", ""D"", ""E"", ""F""], ""non-polymer"", 425.3, 1], [""FAD"", [""A"", ""B"", ""C"", ""D"", ""E"", ""F""], ""non-polymer"", 785.5, 0]]"
8RS5,1.95,7678_30,1,Q8TWG5,AB,"[[""NDP"", [""A"", ""B""], ""non-polymer"", 745.4, 0]]"
8RTL,1.89,12348_30,1,Q7SIF3;Q7SIF4,ABCDEFGH,"[[""MGD"", [""A"", ""C"", ""E"", ""G""], ""non-polymer"", 740.6, 0], [""F3S"", [""A"", ""C"", ""E"", ""G""], ""non-polymer"", 295.8, 0], [""P4G"", [""C""], ""non-polymer"", 162.2, 0], [""FES"", [""B"", ""D"", ""F"", ""H""], ""non-polymer"", 175.8, 0]]"
8RV8,1.7,2157_30,1,P0DTC1;P0DTD1,AB,"[[""A1H28"", [""A""], ""non-polymer"", 437.9, 0]]"
8RVC,1.969,30300_30,1,D5FKJ3,AB,"[[""NWG"", [""A"", ""B""], ""non-polymer"", 173.2, 0]]"
8RVF,1.43,4868_30,1,Q99685,A,"[[""A1H35"", [""A""], ""non-polymer"", 531.4, 1]]"
8RXV,2.05,1400_30,3,Q15562,AB,"[[""A1H3W"", [""A"", ""B""], ""non-polymer"", 344.4, 0]]"
8S01,2.17,1245_30,3,Q06124,AB,"[[""A1H4J"", [""A"", ""B""], ""non-polymer"", 178.6, 0]]"
8S38,1.89,1012_30,3,G7JYL4,ABC,"[[""NAD"", [""A"", ""C""], ""non-polymer"", 663.4, 0]]"
8S7F,1.6,1068_30,2,Q8FK47,A,"[[""A1H5P"", [""A""], ""non-polymer"", 597.5, 0]]"
8SA8,1.3,1339_30,1,A0A0H3FMF8,ABCD,"[[""PLP"", [""A"", ""B"", ""C"", ""D""], ""non-polymer"", 247.1, 0]]"
8SBQ,1.5,9290_30,0,Q2FDS6,AB,"[[""ZUV"", [""A"", ""B""], ""non-polymer"", 363.4, 0]]"
8SBV,1.55,3855_30,0,A0A0H3FXS4,AB,"[[""ADP"", [""B""], ""non-polymer"", 427.2, 0]]"
8SE6,1.36,15056_30,4,P26718,AB,"[[""ZWA"", [""B""], ""non-polymer"", 563.5, 0]]"
8SFU,1.8,26952_30,1,T1KUK4,AB,"[[""ZWN"", [""A"", ""B""], ""non-polymer"", 580.5, 0], [""UDP"", [""A"", ""B""], ""RNA linking"", 404.2, 0]]"
8SMF,1.75,15663_30,0,B6V311,ABCDEFGH,"[[""OJC"", [""A"", ""C"", ""F"", ""H""], ""non-polymer"", 541.3, 0]]"
8SRL,2.01,4551_30,1,Q7S860,ABCD,"[[""PIT"", [""A"", ""B"", ""C"", ""D""], ""non-polymer"", 244.2, 0]]"
8SU3,1.29,7147_30,1,Q9K499,A,"[[""BTM"", [""A""], ""non-polymer"", 192.3, 1], [""POP"", [""A""], ""non-polymer"", 176.0, -2]]"
8SYE,1.9,14176_30,0,Q72KY0,AB,"[[""UDP"", [""A"", ""B""], ""RNA linking"", 404.2, 0], [""MJL"", [""A"", ""B""], ""non-polymer"", 662.4, 0]]"
8SYH,2.0,14176_30,0,Q72KY0,AB,"[[""MJL"", [""A"", ""B""], ""non-polymer"", 662.4, 0], [""UDP"", [""A"", ""B""], ""RNA linking"", 404.2, 0]]"
8SZO,2.5,1153_30,4,,A,"[[""MMA"", [""A""], ""D-saccharide"", 194.2, 0]]"
8T55,2.2,10512_30,4,A4D1P6,ABC,"[[""ZI3"", [""A"", ""B"", ""C""], ""non-polymer"", 398.9, 0]]"
8T5L,2.01,11004_30,3,Q86WV6,B,"[[""1SY"", [""B""], ""non-polymer"", 674.4, 0]]"
8T7V,2.25,1893_30,2,O00522;P61224,AB,"[[""GNP"", [""B""], ""non-polymer"", 522.2, 0], [""ZTA"", [""A""], ""non-polymer"", 238.2, 0]]"
8T8U,2.01,16006_30,2,A0A3G4ZNY6,A,"[[""ADP"", [""A""], ""non-polymer"", 427.2, 0]]"
8TCU,2.0,2001_30,2,P32322,ABCDE,"[[""ZR3"", [""A"", ""B"", ""C"", ""D"", ""E""], ""non-polymer"", 240.6, 0]]"
8TD4,1.76,2001_30,2,P32322,ABCDE,"[[""UJD"", [""A"", ""B"", ""C"", ""D"", ""E""], ""non-polymer"", 150.2, 0], [""NAI"", [""A"", ""B"", ""C"", ""D"", ""E""], ""non-polymer"", 665.4, 0]]"
8TDQ,1.65,2353_30,0,P9WPP7,A,"[[""YTT"", [""A""], ""non-polymer"", 326.3, 0], [""HEM"", [""A""], ""non-polymer"", 616.5, 0]]"
8TK5,1.9,12417_30,0,P51452,AB,"[[""PE8"", [""A""], ""non-polymer"", 370.4, 0]]"
8TN6,1.36,39486_30,0,,ABC,"[[""RPB"", [""A"", ""B"", ""C""], ""non-polymer"", 323.4, 0]]"
8TPV,2.27,3005_30,0,P00492,ABCD,"[[""JEI"", [""A"", ""B"", ""C"", ""D""], ""non-polymer"", 494.3, 0]]"
8TQV,2.0,5110_30,2,I6X8D2,AB,"[[""JS9"", [""A"", ""B""], ""non-polymer"", 541.6, 0]]"
8TSK,1.58,4085_30,0,O43766,AB,"[[""5AD"", [""B""], ""non-polymer"", 251.2, 0], [""SF4"", [""A"", ""B""], ""non-polymer"", 351.6, 0]]"
8TWO,2.09,17341_30,0,P13835;Q8GYN5,AB,"[[""RAM"", [""A""], ""L-saccharide, alpha linking"", 164.2, 0], [""UDP"", [""A""], ""RNA linking"", 404.2, 0]]"
8U0I,1.541,78862_30,3,Q9I7B4,A,"[[""C2E"", [""A""], ""non-polymer"", 690.4, 0]]"
8U2W,2.35,1487_30,3,,AB,"[[""NAP"", [""A"", ""B""], ""non-polymer"", 743.4, 0]]"
8U93,1.9,1621_30,2,A0A0H3FJT8,A,"[[""1PG"", [""A""], ""non-polymer"", 252.3, 0]]"
8UAP,2.5,2632_30,1,P34947,A,"[[""W2T"", [""A""], ""non-polymer"", 494.9, 0]]"
8UBQ,2.001,601_30,2,P0AEG4,AB,"[[""SW0"", [""B""], ""non-polymer"", 220.2, 0], [""W9H"", [""A""], ""non-polymer"", 295.4, 0]]"
8UIQ,2.17,4053_30,1,Q88FY2,A,"[[""FAD"", [""A""], ""non-polymer"", 785.5, 0]]"
8UKE,2.4,2148_30,3,A0A077EWA5,ABCDEF,"[[""SAH"", [""A"", ""B"", ""C"", ""D"", ""E"", ""F""], ""non-polymer"", 384.4, 0]]"
8UM3,1.925,51_30,0,Q32ZE1,A,"[[""W41"", [""A""], ""non-polymer"", 155.5, 0]]"
8UUB,1.5,3878_30,0,A0A0H2ZMK9,A,"[[""FAD"", [""A""], ""non-polymer"", 785.5, 0]]"
8V42,2.3,7431_30,4,Q99986,ABCD,"[[""YD9"", [""B"", ""D""], ""non-polymer"", 426.4, 0]]"
8V76,1.9,6820_30,3,Q8NFU5,A,"[[""YIU"", [""A""], ""non-polymer"", 374.4, 0]]"
8VGY,2.3,5470_30,2,O95831;Q8N4Q1,AC,"[[""FAD"", [""A"", ""C""], ""non-polymer"", 785.5, 0]]"
8VL7,1.88,3392_30,1,Q9NSU2,ABCDEFGH,"[[""A1ACJ"", [""A"", ""B"", ""C"", ""D"", ""E"", ""F"", ""G"", ""H""], ""non-polymer"", 451.2, 0]]"
8VQW,2.2,2112_30,0,A0A0H3FPU4,ABCD,"[[""COA"", [""C"", ""D""], ""non-polymer"", 767.5, 0]]"
8VR1,2.05,2112_30,0,A0A0H3FPU4,ABCD,"[[""CTP"", [""A"", ""B"", ""C"", ""D""], ""non-polymer"", 483.2, 0]]"
8VR3,2.0,54461_30,1,Q1QD52,AB,"[[""A1ADI"", [""B""], ""non-polymer"", 316.4, 0]]"
8VW1,1.7,1170_30,0,P14900,A,"[[""ADP"", [""A""], ""non-polymer"", 427.2, 0]]"
8VWK,2.05,7197_30,0,A0A0B0D9P4,A,"[[""HEM"", [""A""], ""non-polymer"", 616.5, 0]]"
8VZD,2.2,3702_30,0,,AB,"[[""TPP"", [""A"", ""B""], ""non-polymer"", 425.3, 1], [""FYN"", [""A"", ""B""], ""non-polymer"", 795.5, 0], [""ADP"", [""A"", ""B""], ""non-polymer"", 427.2, 0]]"
8VZH,2.25,3702_30,0,,ABCD,"[[""ADP"", [""A"", ""B"", ""C"", ""D""], ""non-polymer"", 427.2, 0], [""TPP"", [""A"", ""B"", ""C"", ""D""], ""non-polymer"", 425.3, 1]]"
8VZR,1.64,1932_30,0,Q9NAV8,AB,"[[""MWJ"", [""A"", ""B""], ""non-polymer"", 187.0, 0], [""HEM"", [""A"", ""B""], ""non-polymer"", 616.5, 0]]"
8W4R,1.37,1437_30,4,Q08499,AB,"[[""AJR"", [""A"", ""B""], ""non-polymer"", 400.5, 0]]"
8W8L,1.824,174_30,3,Q9I502,AB,"[[""W20"", [""A"", ""B""], ""non-polymer"", 433.4, 0]]"
8W9I,2.45,174_30,3,Q9I502,AB,"[[""W2H"", [""A"", ""B""], ""non-polymer"", 397.5, 0]]"
8WDX,1.65,220_30,4,P15090,A,"[[""W6K"", [""A""], ""non-polymer"", 337.8, 0]]"
8WJZ,1.606,1529_30,2,P93836,A,"[[""94L"", [""A""], ""non-polymer"", 418.4, 0]]"
8WO2,2.34,300_30,1,P56456,A,"[[""WN9"", [""A""], ""non-polymer"", 446.4, 0]]"
8WRJ,1.85,1013_30,1,W8JMV4,A,"[[""UDP"", [""A""], ""RNA linking"", 404.2, 0], [""6JI"", [""A""], ""non-polymer"", 384.5, 0]]"
8WWG,1.921,376_30,1,Q5ZTY7,A,"[[""NAD"", [""A""], ""non-polymer"", 663.4, 0]]"
8X35,1.92,1404_30,3,C1K5M2,AB,"[[""DPO"", [""B""], ""non-polymer"", 173.9, -4], [""DST"", [""A""], ""non-polymer"", 262.2, 0], [""IPE"", [""A""], ""non-polymer"", 246.1, 0]]"
8X4K,1.9,35202_30,2,Q5ZU30,A,"[[""UDP"", [""A""], ""RNA linking"", 404.2, 0]]"
8XDX,1.26,6184_30,1,A0A1H4DB11,A,"[[""B3P"", [""A""], ""non-polymer"", 282.3, 0]]"
8XIY,2.09,5909_30,1,Q0C8G1,AB,"[[""PLP"", [""A"", ""B""], ""non-polymer"", 247.1, 0]]"
8XR4,1.94,8906_30,4,A0A3R7J519,ABCDEFGH,"[[""NAP"", [""A"", ""B"", ""C"", ""D"", ""E"", ""F"", ""G"", ""H""], ""non-polymer"", 743.4, 0]]"
8Y9P,1.64,88622_30,2,,A,"[[""A3P"", [""A""], ""RNA linking"", 427.2, 0]]"
8Y9X,2.0,1002_30,1,P80025,A,"[[""HEM"", [""A""], ""non-polymer"", 616.5, 0]]"
8YL3,1.2,11935_30,1,Q9ULC3,A,"[[""GDP"", [""A""], ""RNA linking"", 443.2, 0]]"
8YLA,1.3,24062_30,2,A1DN30,AB,"[[""BTM"", [""A"", ""B""], ""non-polymer"", 192.3, 1], [""PPV"", [""A"", ""B""], ""non-polymer"", 178.0, 0]]"
8YOQ,1.79,9478_30,0,Q9BRQ8,A,"[[""6FA"", [""A""], ""non-polymer"", 801.5, 0], [""NDP"", [""A""], ""non-polymer"", 745.4, 0]]"
8YP3,2.12,2788_30,3,A0A2H1VI03,ABCD,"[[""UD1"", [""A"", ""B"", ""C"", ""D""], ""non-polymer"", 607.4, 0]]"
8YP5,2.5,9623_30,0,P45985,A,"[[""1FM"", [""A""], ""non-polymer"", 362.4, 0]]"
8YSD,1.61,15253_30,0,A0A345ILN6,A,"[[""ATP"", [""A""], ""non-polymer"", 507.2, 0]]"
8YSU,1.944,15253_30,0,A0A345ILN6,A,"[[""CTP"", [""A""], ""non-polymer"", 483.2, 0]]"
8YYO,1.7,1276_30,3,I3VTR8,AB,"[[""XYP"", [""A"", ""B""], ""D-saccharide, beta linking"", 150.1, 0]]"
8YZA,2.0,2353_30,0,A0ABP4H5I1,A,"[[""UYM"", [""A""], ""non-polymer"", 372.4, 0], [""GUN"", [""A""], ""non-polymer"", 151.1, 0], [""HEM"", [""A""], ""non-polymer"", 616.5, 0]]"
8Z1T,2.0,4581_30,0,P17931,A,"[[""A1L0Q"", [""A""], ""non-polymer"", 621.3, 0]]"
8Z3G,1.95,1993_30,0,A8J8W0,A,"[[""FAD"", [""A""], ""non-polymer"", 785.5, 0]]"
8Z3J,1.52,5277_30,0,O95433,A,"[[""R75"", [""A""], ""non-polymer"", 424.1, 0]]"
8Z55,1.83,3533_30,3,Q06830;Q9NXA8,AB,"[[""ADP"", [""A""], ""non-polymer"", 427.2, 0]]"
8Z5E,2.2,10942_30,4,Q5EDC8;V6LC02,ABCDEF,"[[""PN7"", [""C"", ""F""], ""non-polymer"", 358.3, 0]]"
8Z9F,1.6,5319_30,2,A0A6S6PLJ6,ABCDEFGH,"[[""NAI"", [""A"", ""C"", ""D"", ""E"", ""H""], ""non-polymer"", 665.4, 0]]"
8ZA8,2.1,1993_30,0,A8J8W0,A,"[[""FAD"", [""A""], ""non-polymer"", 785.5, 0]]"
8ZEI,2.3,9331_30,2,Q8IYS1,A,"[[""HIS"", [""A""], ""L-peptide linking"", 156.2, 1]]"
8ZI7,2.1,3485_30,0,Q6VAB4,A,"[[""AQ9"", [""A""], ""non-polymer"", 642.7, 0]]"
8ZN9,1.8,36309_30,4,Q167F5,ABCDEF,"[[""NAD"", [""A"", ""B"", ""C"", ""D"", ""E"", ""F""], ""non-polymer"", 663.4, 0]]"
8ZVG,1.89,19954_30,4,A0A861B387,AB,"[[""TYR"", [""A"", ""B""], ""L-peptide linking"", 181.2, 0]]"
8ZVT,2.05,1438_30,2,O75390,A,"[[""COA"", [""A""], ""non-polymer"", 767.5, 0]]"
8ZVX,1.5,49808_30,1,,AB,"[[""PMS"", [""A"", ""B""], ""non-polymer"", 172.2, 0]]"
8ZXR,1.6,198653_30,1,P00004;P73129,AB,"[[""HEC"", [""B""], ""non-polymer"", 620.5, 0]]"
9AV7,2.1,12510_30,4,A2F9N1,A,"[[""ANP"", [""A""], ""non-polymer"", 506.2, 0]]"
9AWT,2.3,38992_30,0,P0DTR5,ABCDE,"[[""A1AHC"", [""A"", ""B"", ""C"", ""D"", ""E""], ""non-polymer"", 300.3, 0]]"
9B10,1.28,20904_30,4,P9WPC1,AB,"[[""TYR"", [""A"", ""B""], ""L-peptide linking"", 181.2, 0], [""ARG"", [""A"", ""B""], ""L-peptide linking"", 175.2, 1]]"
9B1U,1.46,66808_30,4,B7KXB5,A,"[[""PQQ"", [""A""], ""non-polymer"", 330.2, 0]]"
9B22,1.3,6815_30,2,A0A0H3GVQ7,AB,"[[""AMP"", [""B""], ""non-polymer"", 347.2, 0], [""AR6"", [""A"", ""B""], ""non-polymer"", 559.3, 0]]"
9B2G,2.0,1089_30,0,Q58NB6,AB,"[[""NAI"", [""A"", ""B""], ""non-polymer"", 665.4, 0]]"
9BCA,1.7,9852_30,4,Q9Y2U9,AB,"[[""NCO"", [""A""], ""non-polymer"", 161.1, 0], [""A1APS"", [""A"", ""B""], ""non-polymer"", 326.4, 0]]"
9BEZ,1.9,1251_30,4,Q9UKV8,ABC,"[[""A1ANT"", [""A"", ""B"", ""C""], ""non-polymer"", 468.1, 0]]"
9BFY,1.26,419_30,0,P01116;P62937,ABCD,"[[""GNP"", [""A"", ""B""], ""non-polymer"", 522.2, 0]]"
9BKZ,2.35,1073_30,4,A0A0H3FR62,AB,"[[""COA"", [""A""], ""non-polymer"", 767.5, 0], [""ADP"", [""A"", ""B""], ""non-polymer"", 427.2, 0]]"
9BOX,2.1,103_30,4,P34897,ABCD,"[[""FFO"", [""A"", ""B"", ""C"", ""D""], ""non-polymer"", 473.4, 0], [""A1AQW"", [""A"", ""B"", ""C"", ""D""], ""non-polymer"", 304.2, 0]]"
9BW8,1.86,16534_30,3,,ABCE,"[[""HEM"", [""A"", ""B"", ""C""], ""non-polymer"", 616.5, 0]]"
9BXG,1.79,127_30,0,A0A0M3KKW9,A,"[[""A1ATA"", [""A""], ""non-polymer"", 508.0, 0]]"
9C56,2.43,11567_30,0,P17706,A,"[[""FRJ"", [""A""], ""non-polymer"", 741.4, 0]]"
9CDV,2.0,91212_30,1,A0A0D5YFQ2,AB,"[[""BTB"", [""B""], ""non-polymer"", 209.2, 0]]"
9CG2,1.96,209979_30,4,Q8U2I5,A,"[[""SAH"", [""A""], ""non-polymer"", 384.4, 0], [""SF4"", [""A""], ""non-polymer"", 351.6, 0], [""5AD"", [""A""], ""non-polymer"", 251.2, 0]]"
9CLY,2.16,11338_30,3,Q8E0R2,AB,"[[""NDP"", [""A"", ""B""], ""non-polymer"", 745.4, 0]]"
9CSK,2.253,27331_30,2,P11802;P24385,ABCD,"[[""A1AZ4"", [""B"", ""D""], ""non-polymer"", 463.9, 0]]"
9CSL,2.1,9943_30,2,O95749,AB,"[[""IPE"", [""A""], ""non-polymer"", 246.1, 0]]"
9CUD,1.53,11004_30,3,Q86WV6,AB,"[[""A1A4W"", [""A""], ""non-polymer"", 869.0, 0]]"
9CXM,1.76,10598_30,4,Q9H479,AB,"[[""A1A0O"", [""B""], ""non-polymer"", 249.3, 0], [""ATP"", [""B""], ""non-polymer"", 507.2, 0], [""ADP"", [""A""], ""non-polymer"", 427.2, 0]]"
9CZT,1.69,1442_30,1,Q92918,AB,"[[""A1A1E"", [""A"", ""B""], ""non-polymer"", 348.4, 0]]"
9D3H,2.28,8770_30,1,Q9WZV6,AB,"[[""DPO"", [""A"", ""B""], ""non-polymer"", 173.9, -4], [""U6A"", [""A"", ""B""], ""L-peptide NH3 amino terminus"", 163.1, 0]]"
9D40,1.76,2244_30,3,O00187,A,"[[""A1A1Z"", [""A""], ""non-polymer"", 461.5, 0]]"
9D4D,2.36,2244_30,3,O00187,A,"[[""A1A10"", [""A""], ""non-polymer"", 357.4, 0]]"
9D5E,1.5,4610_30,1,Q13418;Q9NVD7,AB,"[[""B3P"", [""B""], ""non-polymer"", 282.3, 0], [""IRE"", [""A""], ""non-polymer"", 446.9, 0]]"
9D7J,1.39,10394_30,2,Q97TU5,AB,"[[""NAP"", [""A"", ""B""], ""non-polymer"", 743.4, 0]]"
9D8A,1.65,65181_30,1,A0A367K070,A,"[[""GDP"", [""A""], ""RNA linking"", 443.2, 0]]"
9DCW,1.721,1241_30,0,P62942,A,"[[""A1AZI"", [""A""], ""non-polymer"", 761.9, 0]]"
9DON,2.091,1948_30,3,P06730,AB,"[[""M7G"", [""A""], ""non-polymer"", 458.2, 1], [""A1A8P"", [""B""], ""non-polymer"", 514.9, 1]]"
9DPG,2.5,5693_30,1,P13702,AB,"[[""NAI"", [""B""], ""non-polymer"", 665.4, 0], [""COA"", [""A""], ""non-polymer"", 767.5, 0]]"
9DRA,1.62,4734_30,3,A0A0H3KXJ8,AB,"[[""A1BA2"", [""A"", ""B""], ""non-polymer"", 181.0, 0]]"
9DRI,1.85,16765_30,3,A0A8H4HX52,BC,"[[""A1BC7"", [""B"", ""C""], ""non-polymer"", 330.2, 0]]"
9DTA,2.1,10512_30,4,A4D1P6,AB,"[[""A1BBV"", [""A"", ""B""], ""non-polymer"", 425.5, 0]]"
9DTV,2.42,5203_30,2,P9WK11,ABCD,"[[""DNA"", [""C"", ""D""], ""non-polymer"", 204.2, 0], [""TPP"", [""C"", ""D""], ""non-polymer"", 425.3, 1]]"
9DTX,2.11,1242_30,3,P40337;P51532;Q15369;Q15370,ABCD,"[[""A1BB4"", [""C""], ""non-polymer"", 891.1, 0]]"
9DVH,1.656,15160_30,3,Q6ZZJ2;Q70AZ9,ABCD,"[[""GHP"", [""A"", ""B""], ""D-peptide linking"", 167.2, 0]]"
9DZ7,2.487,14955_30,3,P09950,ABCDEF,"[[""PLG"", [""A"", ""B"", ""C"", ""D"", ""E"", ""F""], ""non-polymer"", 306.2, 0]]"
9EEZ,1.6,12537_30,1,P54829,A,"[[""A1BHT"", [""A""], ""non-polymer"", 273.1, 0]]"
9EFP,1.83,9012_30,3,P24280,AB,"[[""POV"", [""A"", ""B""], ""non-polymer"", 760.1, 0]]"
9EID,1.38,16260_30,3,E8QWZ4,A,"[[""4EY"", [""A""], ""non-polymer"", 396.4, 1]]"
9EJQ,1.87,715_30,4,Q16531,A,"[[""A1BIX"", [""A""], ""non-polymer"", 389.4, 0]]"
9EM1,1.5,4687_30,3,Q96GD0,A,"[[""UK9"", [""A""], ""non-polymer"", 254.2, 0]]"
9EMU,1.4,47382_30,2,K4R812,ABCD,"[[""RS3"", [""A"", ""B"", ""C"", ""D""], ""non-polymer"", 405.4, 0]]"
9END,1.95,7678_30,1,Q8TWG5,AB,"[[""NDP"", [""A"", ""B""], ""non-polymer"", 745.4, 0]]"
9ETD,2.3,2149_30,1,P80226,AB,"[[""IU5"", [""A"", ""B""], ""non-polymer"", 392.6, 0]]"
9EU1,1.92,6959_30,3,Q64QR8,AB,"[[""BTB"", [""B""], ""non-polymer"", 209.2, 0]]"
9EV4,1.474,6285_30,2,Q8NMG5,A,"[[""FAD"", [""A""], ""non-polymer"", 785.5, 0]]"
9EVQ,1.75,35284_30,1,Q38AU6,AB,"[[""ACO"", [""A"", ""B""], ""non-polymer"", 809.6, 0]]"
9EZ1,1.95,153252_30,0,Q15596;Q9PTN2,AB,"[[""A1H9P"", [""A""], ""non-polymer"", 430.6, 0]]"
9F1O,2.1,32518_30,4,Q88HV5,AB,"[[""HEM"", [""A"", ""B""], ""non-polymer"", 616.5, 0]]"
9F1X,1.8,8530_30,2,K9TLZ5,A,"[[""FMN"", [""A""], ""non-polymer"", 456.3, 0]]"
9F23,1.59,2969_30,0,P42212,ABCD,"[[""A1H87"", [""A"", ""C""], ""non-polymer"", 310.4, 0], [""PXN"", [""C""], ""non-polymer"", 368.5, 0]]"
9F4T,1.42,3041_30,3,P09651,A,"[[""WZY"", [""A""], ""non-polymer"", 180.2, 0]]"
9F8V,2.4,2680_30,2,O08760,ABC,"[[""A1IBL"", [""A"", ""B"", ""C""], ""non-polymer"", 209.3, 0]]"
9FD4,1.14,30195_30,0,A0A1B1V585,ABCD,"[[""FAD"", [""A"", ""B"", ""C"", ""D""], ""non-polymer"", 785.5, 0]]"
9FD6,1.43,30195_30,0,A0A1B1V585,ABCD,"[[""NAI"", [""A"", ""B"", ""C"", ""D""], ""non-polymer"", 665.4, 0], [""FAD"", [""A"", ""B"", ""C"", ""D""], ""non-polymer"", 785.5, 0]]"
9FD8,1.58,1741_30,2,P0A6L0,AB,"[[""A1ICA"", [""A"", ""B""], ""non-polymer"", 168.6, 0]]"
9FDS,1.4,2434_30,1,Q8IXJ6,A,"[[""3TE"", [""A""], ""non-polymer"", 420.6, 0]]"
9FE8,2.34,3822_30,3,O66841;O66842,ABCD,"[[""FES"", [""A"", ""C""], ""non-polymer"", 175.8, 0], [""MPO"", [""D""], ""non-polymer"", 209.3, 0], [""FNR"", [""B"", ""D""], ""non-polymer"", 458.4, 0], [""SF4"", [""B"", ""D""], ""non-polymer"", 351.6, 0]]"
9FHF,1.8,317_30,2,P06744,ABCD,"[[""13P"", [""A"", ""B"", ""C"", ""D""], ""non-polymer"", 170.1, 0]]"
9FIJ,2.35,3822_30,3,O66841;O66842,ABCD,"[[""FNR"", [""B"", ""D""], ""non-polymer"", 458.4, 0], [""SF4"", [""B"", ""D""], ""non-polymer"", 351.6, 0], [""FES"", [""A"", ""C""], ""non-polymer"", 175.8, 0]]"
9FJT,1.4,2098_30,1,P27338,AAABBB,"[[""FAD"", [""AAA"", ""BBB""], ""non-polymer"", 785.5, 0], [""C15"", [""AAA"", ""BBB""], ""non-polymer"", 336.6, 1], [""A1IDI"", [""AAA"", ""BBB""], ""non-polymer"", 441.5, 0]]"
9FPE,1.35,363_30,2,P0ABP8,ABC,"[[""A1IEC"", [""A"", ""B"", ""C""], ""non-polymer"", 159.1, 0]]"
9FPN,1.16,1685_30,1,Q9F8A8,X,"[[""XCC"", [""X""], ""non-polymer"", 410.3, 0], [""FES"", [""X""], ""non-polymer"", 175.8, 0], [""SF4"", [""X""], ""non-polymer"", 351.6, 0]]"
9FPV,1.7,2227_30,3,Q8N1Q1,AB,"[[""A1IEL"", [""A"", ""B""], ""non-polymer"", 337.4, 0]]"
9FQJ,1.563,2336_30,1,Q13191,AB,"[[""A1IE5"", [""A"", ""B""], ""non-polymer"", 366.4, 0]]"
9FR5,2.3,3957_30,0,P49841,AB,"[[""A1IE8"", [""A"", ""B""], ""non-polymer"", 361.4, 0]]"
9FUK,1.09,711_30,0,B2UHR8,A,"[[""HEC"", [""A""], ""non-polymer"", 620.5, 0]]"
9FW1,2.18,15884_30,3,A0A7H0LPJ3,AB,"[[""PMS"", [""A"", ""B""], ""non-polymer"", 172.2, 0]]"
9FXZ,1.3,1939_30,1,O00214,AB,"[[""V19"", [""A"", ""B""], ""non-polymer"", 459.3, 0]]"
9FZF,2.444,697_30,0,P0A8D0,AB,"[[""ADP"", [""A"", ""B""], ""non-polymer"", 427.2, 0], [""DTP"", [""A"", ""B""], ""non-polymer"", 491.2, 0]]"
9G0J,1.55,7475_30,1,A4INY2,AB,"[[""BCN"", [""A"", ""B""], ""non-polymer"", 163.2, 0]]"
9G14,2.24,11343_30,3,Q16873,A,"[[""GSH"", [""A""], ""peptide-like"", 307.3, 0], [""A1IHS"", [""A""], ""non-polymer"", 386.5, 0], [""PAM"", [""A""], ""non-polymer"", 254.4, 0]]"
9G4C,2.5,42101_30,0,A0A7Z7MWD0,ABCD,"[[""A1IIL"", [""B"", ""D""], ""non-polymer"", 380.6, 0]]"
9G7J,1.59,18172_30,1,A0A3M0S906,AB,"[[""SF4"", [""A"", ""B""], ""non-polymer"", 351.6, 0]]"
9GIB,1.948,2328_30,3,Q00959;Q05586,AB,"[[""A1ILP"", [""B""], ""non-polymer"", 321.3, 0]]"
9GIP,1.463,6050_30,2,Q16548,A,"[[""A1ILY"", [""A""], ""non-polymer"", 386.9, 0]]"
9GIR,1.075,6050_30,2,Q16548,A,"[[""A1ILX"", [""A""], ""non-polymer"", 582.5, 0]]"
9GM4,1.51,4982_30,2,P14756,A,"[[""A1IM0"", [""A""], ""non-polymer"", 333.4, 0]]"
9GQI,1.5,1100_30,2,Q13451,AB,"[[""A1IOF"", [""A"", ""B""], ""non-polymer"", 559.7, 0]]"
9GR6,0.93,5057_30,3,P0DPA9,A,"[[""SAH"", [""A""], ""non-polymer"", 384.4, 0]]"
9GWA,2.0,2200_30,3,P40261,AB,"[[""SAH"", [""A"", ""B""], ""non-polymer"", 384.4, 0]]"
9GYJ,1.9,234486_30,1,Q15596;Q9PTN2,AB,"[[""A1IQN"", [""A""], ""non-polymer"", 426.7, 0]]"
9GZ5,1.55,26648_30,3,Q8F254,A,"[[""A1IRB"", [""A""], ""non-polymer"", 198.3, 0]]"
9H0J,1.96,2289_30,4,A0A067E666;Q9CAJ0,AB,"[[""A1IRN"", [""A""], ""non-polymer"", 326.4, 0]]"
9H44,1.74,7567_30,4,O94953,A,"[[""O4B"", [""A""], ""non-polymer"", 264.3, 0]]"
9H7T,1.85,15202_30,3,O75030,ABC,"[[""A1IS7"", [""A""], ""non-polymer"", 373.4, 0]]"
9H9C,2.4,1674_30,1,Q8IS93,AAABBBCCCDDD,"[[""FAD"", [""AAA"", ""BBB"", ""CCC"", ""DDD""], ""non-polymer"", 785.5, 0]]"
9HCT,1.7,3469_30,2,P54274,A,"[[""B0V"", [""A""], ""non-polymer"", 207.3, 0]]"
9HDG,1.26,20542_30,3,Q4WEH3,A,"[[""ASC"", [""A""], ""L-saccharide"", 176.1, 0]]"
9HDT,1.3,968_30,0,P11172,A,"[[""DU"", [""A""], ""DNA linking"", 308.2, 0]]"
9HFI,2.44,3469_30,2,P54274,A,"[[""A1BGH"", [""A""], ""non-polymer"", 233.2, 0]]"
9HH6,2.0,2900_30,2,A0A8B6RWT5,AB,"[[""A1IUV"", [""A"", ""B""], ""non-polymer"", 333.4, 0]]"
9HJ4,1.06,2851_30,3,P21589,A,"[[""A1IVB"", [""A""], ""non-polymer"", 435.4, 0]]"
9HMC,1.65,3115_30,2,O43924,AB,"[[""A1IWC"", [""A"", ""B""], ""non-polymer"", 584.8, 0]]"
9HMR,1.5,91_30,1,P01116,ABCD,"[[""A1IWE"", [""A"", ""B"", ""C"", ""D""], ""non-polymer"", 368.3, 0], [""GDP"", [""A"", ""B"", ""C"", ""D""], ""RNA linking"", 443.2, 0]]"
9HOO,0.83,968_30,0,P11172,A,"[[""U5P"", [""A""], ""non-polymer"", 324.2, 0]]"
9HPQ,2.17,2784_30,2,P13674,ABCDEFG,"[[""MPO"", [""A"", ""C"", ""D"", ""F""], ""non-polymer"", 209.3, 0]]"
9HQL,1.75,3041_30,3,P09651,A,"[[""VZM"", [""A""], ""non-polymer"", 249.3, 0]]"
9HRV,1.04,3076_30,4,A0AAP7ZHZ3,A,"[[""BDF"", [""A""], ""D-saccharide, beta linking"", 180.2, 0], [""A1IXG"", [""A""], ""non-polymer"", 636.4, 0]]"
9IDO,1.39,962_30,2,P49366,AB,"[[""NAD"", [""A"", ""B""], ""non-polymer"", 663.4, 0], [""A1I2R"", [""A"", ""B""], ""non-polymer"", 163.1, 0]]"
9IFJ,1.62,812_30,2,Q389T8,ABCD,"[[""A1BE9"", [""A""], ""non-polymer"", 201.3, 0], [""FAD"", [""A"", ""B"", ""C"", ""D""], ""non-polymer"", 785.5, 0]]"
9IFT,1.45,9478_30,0,,A,"[[""NAD"", [""A""], ""non-polymer"", 663.4, 0], [""FAD"", [""A""], ""non-polymer"", 785.5, 0]]"
9IIL,2.2,512_30,1,A0A0D5YKI8,ABCD,"[[""NAD"", [""A"", ""B"", ""C"", ""D""], ""non-polymer"", 663.4, 0]]"
9ILR,2.25,13904_30,0,Q99Q00;Q99Q62,AB,"[[""ACO"", [""A""], ""non-polymer"", 809.6, 0]]"
9IM9,1.81,9505_30,4,A0A977K7H6,AB,"[[""A1D9Q"", [""A"", ""B""], ""non-polymer"", 242.1, 0]]"
9IQJ,1.64,9011_30,4,Q2G1P3,ABC,"[[""EIC"", [""A"", ""B"", ""C""], ""non-polymer"", 280.4, 0]]"
9IT3,2.06,306_30,3,P13995,AB,"[[""A1L23"", [""A"", ""B""], ""non-polymer"", 467.8, 0], [""NAD"", [""A"", ""B""], ""non-polymer"", 663.4, 0]]"
9IVY,2.33,447_30,3,Q9HVW9,AB,"[[""NAI"", [""B""], ""non-polymer"", 665.4, 0]]"
9IX1,2.31,8559_30,2,Q9QZL0,AB,"[[""PP2"", [""A"", ""B""], ""non-polymer"", 302.8, 1]]"
9IX3,2.07,8559_30,2,Q9QZL0,AB,"[[""A1EAA"", [""A"", ""B""], ""non-polymer"", 512.5, 0]]"
9IXT,2.5,1400_30,3,Q99594,ABC,"[[""A1L3M"", [""A"", ""B"", ""C""], ""non-polymer"", 481.5, 0]]"
9IYV,2.5,1685_30,1,Q9F8A8,A,"[[""SF4"", [""A""], ""non-polymer"", 351.6, 0]]"
9J5B,1.6,2645_30,1,G8TV28,A,"[[""TIK"", [""A""], ""non-polymer"", 194.2, 0]]"
9JAG,1.9,4357_30,3,Q16774,A,"[[""ADP"", [""A""], ""non-polymer"", 427.2, 0]]"
9JC7,1.9000034846,245_30,3,A0AA91DFF9,AB,"[[""ATP"", [""A"", ""B""], ""non-polymer"", 507.2, 0]]"
9JDN,2.18006661821,245_30,3,A0AA91DFF9,AB,"[[""ATP"", [""A"", ""B""], ""non-polymer"", 507.2, 0]]"
9JGC,2.01,8144_30,2,O50087,A,"[[""ADN"", [""A""], ""non-polymer"", 267.2, 0]]"
9JHZ,2.2,5063_30,4,C7H5K9,ABC,"[[""NAD"", [""B""], ""non-polymer"", 663.4, 0], [""CAA"", [""B""], ""non-polymer"", 851.6, 0]]"
9JN3,2.4,83856_30,0,,AB,"[[""RAB"", [""A"", ""B""], ""non-polymer"", 267.2, 0], [""UPG"", [""A"", ""B""], ""non-polymer"", 566.3, 0]]"
9JN6,1.72,9971_30,3,A8CF72,ABCD,"[[""HEM"", [""A"", ""B"", ""C"", ""D""], ""non-polymer"", 616.5, 0]]"
9JQI,2.1,895_30,4,P0DP23,ABC,"[[""KN9"", [""A"", ""B"", ""C""], ""non-polymer"", 501.0, 0]]"
9JRZ,1.69,2870_30,2,Q9YAQ8,A,"[[""MTA"", [""A""], ""non-polymer"", 297.3, 0]]"
9JV5,2.098,7535_30,3,Q0INZ4,AB,"[[""A1EDE"", [""B""], ""non-polymer"", 304.7, 0]]"
9JVI,1.677,7535_30,3,Q0INZ4,AB,"[[""A1EDG"", [""B""], ""non-polymer"", 308.7, 0]]"
9JWT,1.6,4563_30,3,,A,"[[""ALL"", [""A""], ""D-saccharide, beta linking"", 180.2, 0]]"
9JYS,1.75,999_30,3,Q13526,A,"[[""PE8"", [""A""], ""non-polymer"", 370.4, 0], [""A1ED1"", [""A""], ""non-polymer"", 150.2, 0]]"
9JZZ,2.05,6156_30,3,O58054,A,"[[""AMP"", [""A""], ""non-polymer"", 347.2, 0]]"
9K05,1.8,6156_30,3,Q9UY56,AB,"[[""AMP"", [""A"", ""B""], ""non-polymer"", 347.2, 0], [""FGR"", [""A"", ""B""], ""non-polymer"", 314.2, 0]]"
9KE8,1.86,27964_30,2,G1U9V7,AB,"[[""NMN"", [""A"", ""B""], ""non-polymer"", 335.2, 1]]"
9KEH,1.72,6125_30,0,Q04760,AB,"[[""A1L5R"", [""A"", ""B""], ""non-polymer"", 286.3, 0], [""GSH"", [""B""], ""peptide-like"", 307.3, 0]]"
9KHP,1.73006100024,57825_30,1,A0A3R7FZU3,A,"[[""SAH"", [""A""], ""non-polymer"", 384.4, 0]]"
9KHU,2.2,3485_30,0,,A,"[[""UDP"", [""A""], ""RNA linking"", 404.2, 0]]"
9KJS,1.7,3392_30,1,Q91XB0,AB,"[[""A1L50"", [""B""], ""non-polymer"", 462.5, 0]]"
9KKG,1.15,2838_30,1,B4G043,A,"[[""FAD"", [""A""], ""non-polymer"", 785.5, 0]]"
9KNG,1.5,141484_30,3,P48552;P62508,AC,"[[""A1EGD"", [""A""], ""non-polymer"", 179.2, 0]]"
9KPP,1.85,457_30,2,A0A239NBQ6,A,"[[""HEM"", [""A""], ""non-polymer"", 616.5, 0]]"
9KQW,1.99,83911_30,3,A0A0A2JK86,AB,"[[""BTM"", [""A"", ""B""], ""non-polymer"", 192.3, 1], [""POP"", [""A"", ""B""], ""non-polymer"", 176.0, -2]]"
9KRY,2.25,3316_30,0,Q12866,AB,"[[""A1L6J"", [""A"", ""B""], ""non-polymer"", 616.6, 0]]"
9KSW,2.05,2319_30,2,A0A1S2XDD2,A,"[[""RUT"", [""A""], ""non-polymer"", 610.5, 0], [""U5P"", [""A""], ""non-polymer"", 324.2, 0]]"
9KXE,1.61,999_30,3,Q13526,A,"[[""PE8"", [""A""], ""non-polymer"", 370.4, 0]]"
9L29,2.05,680_30,3,A0A2T1ME41,A,"[[""NAD"", [""A""], ""non-polymer"", 663.4, 0]]"
9L4V,2.3,88294_30,0,Q2T3H2,A,"[[""A1LUD"", [""A""], ""L-peptide linking"", 164.2, 1], [""SAM"", [""A""], ""non-polymer"", 398.4, 0]]"
9L8Q,2.35,845_30,0,Q14145,A,"[[""A1EJB"", [""A""], ""non-polymer"", 790.9, 0]]"
9LF9,1.68,13688_30,4,A1U5Q9,A,"[[""1GP"", [""A""], ""non-polymer"", 172.1, 0]]"
9LG0,1.81,2230_30,0,Q06830,AB,"[[""A1LXC"", [""A""], ""non-polymer"", 720.6, 0]]"
9LPV,1.32,1125_30,4,,A,"[[""NHE"", [""A""], ""non-polymer"", 207.3, 0], [""G2F"", [""A""], ""D-saccharide, alpha linking"", 182.1, 0]]"
9LQC,2.37,44459_30,4,A0A2M9V7I2,ABCD,"[[""A1EL0"", [""A"", ""B"", ""C"", ""D""], ""non-polymer"", 713.6, 0]]"
9LT6,1.8,18014_30,2,A0A0B2E3F3,A,"[[""A1ELF"", [""A""], ""non-polymer"", 424.5, 0], [""SF4"", [""A""], ""non-polymer"", 351.6, 0], [""FMN"", [""A""], ""non-polymer"", 456.3, 0]]"
9LTQ,1.6,4857_30,3,Q86YS6,AB,"[[""GNP"", [""A"", ""B""], ""non-polymer"", 522.2, 0]]"
9LXQ,1.37,2870_30,2,Q9YAQ8,A,"[[""MTA"", [""A""], ""non-polymer"", 297.3, 0]]"
9M11,2.05,107399_30,4,P13053;Q15648,AC,"[[""A1L7Y"", [""A""], ""non-polymer"", 529.5, 0]]"
9M15,2.18,103528_30,2,P13053;Q15648,AC,"[[""A1L73"", [""A""], ""non-polymer"", 488.7, 0]]"
9M23,2.16,2926_30,3,Q9NWT6,A,"[[""A1L8D"", [""A""], ""non-polymer"", 330.3, 0]]"
9M37,1.9,57461_30,4,,AB,"[[""NAD"", [""A"", ""B""], ""non-polymer"", 663.4, 0], [""H9R"", [""A""], ""non-polymer"", 448.4, 0]]"
9M5G,2.1,6505_30,2,,A,"[[""ZER"", [""A""], ""non-polymer"", 318.4, 0]]"
9M5O,1.839,3322_30,0,A5K9Y2,AB,"[[""DSZ"", [""A"", ""B""], ""non-polymer"", 461.4, 0]]"
9M6G,1.7,18230_30,0,O14936;O35430;P0DP29,ABC,"[[""ANP"", [""A""], ""non-polymer"", 506.2, 0]]"
9MAW,2.45,6189_30,0,Q92547,A,"[[""A1ENP"", [""A""], ""non-polymer"", 194.3, 0]]"
9MPY,1.58,259233_30,1,Q2G771,AB,"[[""I75"", [""A"", ""B""], ""non-polymer"", 166.2, 0]]"
9MS2,2.25,826_30,1,P20815,AB,"[[""A1BNX"", [""A"", ""B""], ""non-polymer"", 486.9, 0], [""HEM"", [""A"", ""B""], ""non-polymer"", 616.5, 0]]"
9MS3,2.25,43450_30,1,F2K081,A,"[[""Y8I"", [""A""], ""non-polymer"", 251.9, 0], [""HEM"", [""A""], ""non-polymer"", 616.5, 0]]"
9MVA,1.8,34056_30,2,A0A1M9A4M7,ABCDEF,"[[""SOP"", [""A"", ""B"", ""C"", ""D"", ""E"", ""F""], ""non-polymer"", 823.6, 0]]"
9N27,2.15,8147_30,0,D6N7U3,AB,"[[""A1BWR"", [""A"", ""B""], ""non-polymer"", 310.4, 0], [""A1BVK"", [""A"", ""B""], ""non-polymer"", 310.4, 0]]"
9N3L,1.9,1197_30,0,P12004,A,"[[""E0G"", [""A""], ""non-polymer"", 464.5, 0]]"
9NC2,1.5,1442_30,1,Q92918,AB,"[[""F97"", [""A"", ""B""], ""non-polymer"", 428.5, 0]]"
9NCS,1.83,340_30,0,P61823,AB,"[[""URI"", [""B""], ""non-polymer"", 244.2, 0]]"
9NJW,2.4,3639_30,2,,A,"[[""CLR"", [""A""], ""non-polymer"", 386.7, 0], [""HEM"", [""A""], ""non-polymer"", 616.5, 0]]"
9NNI,1.7,2231_30,0,Q9Y6A2,A,"[[""HEM"", [""A""], ""non-polymer"", 616.5, 0], [""A1BZC"", [""A""], ""non-polymer"", 320.3, 0]]"
9NS3,2.05,13467_30,1,Q9UTQ0,A,"[[""CTP"", [""A""], ""non-polymer"", 483.2, 0]]"
9NT4,2.4,1177_30,2,,ABCDEFGH,"[[""FCB"", [""A"", ""B"", ""C"", ""D"", ""E"", ""F"", ""G"", ""H""], ""D-saccharide, beta linking"", 164.2, 0]]"
9NTB,1.8,2034_30,3,Q92769,ABC,"[[""A1B1V"", [""A"", ""B"", ""C""], ""non-polymer"", 383.4, 0], [""NHE"", [""A"", ""B""], ""non-polymer"", 207.3, 0]]"
9NXW,1.33,2197_30,1,G8XWV6,AB,"[[""GSH"", [""A"", ""B""], ""peptide-like"", 307.3, 0]]"
9NZG,2.21,75426_30,3,,AC,"[[""A1B7L"", [""A"", ""C""], ""non-polymer"", 435.4, 0]]"
9NZK,1.7,15214_30,2,A0A8H6C375,A,"[[""PY1"", [""A""], ""non-polymer"", 272.3, 0]]"
9O2C,1.7,1653_30,2,Q9Y251,AB,"[[""GGB"", [""A""], ""L-peptide linking"", 176.2, 0]]"
9O2H,1.75,1653_30,2,Q9Y251,AB,"[[""DNC"", [""A""], ""non-polymer"", 200.1, 0]]"
9OER,1.72,17450_30,2,A0A561WR11,ABCDEFGH,"[[""A1CA1"", [""E""], ""non-polymer"", 180.1, 0], [""YL0"", [""C"", ""D"", ""G""], ""non-polymer"", 180.6, 0]]"
9OHL,1.286,1960_30,0,Q9NRN9;Q9UI30,CD,"[[""A1CBE"", [""D""], ""non-polymer"", 426.9, 0], [""SAM"", [""C""], ""non-polymer"", 398.4, 0]]"
9OOH,2.05,5119_30,1,Q9H7Z6,A,"[[""A1CDF"", [""A""], ""non-polymer"", 398.4, 0]]"
9OT5,2.5,9_30,4,P0DTD1,AB,"[[""A1CD8"", [""A"", ""B""], ""non-polymer"", 247.7, 0]]"
9P25,0.89,10817_30,0,,A,"[[""P4G"", [""A""], ""non-polymer"", 162.2, 0]]"
9P3B,1.83,63117_30,4,E5DUI5,AB,"[[""SAM"", [""A"", ""B""], ""non-polymer"", 398.4, 0], [""SF4"", [""A"", ""B""], ""non-polymer"", 351.6, 0]]"
9PDO,1.8,8049_30,0,Q8WTX7,ABCD,"[[""ARG"", [""A"", ""B"", ""C"", ""D""], ""L-peptide linking"", 175.2, 1]]"
9PGW,1.46,10226_30,1,Q8NFT2,A,"[[""NDP"", [""A""], ""non-polymer"", 745.4, 0]]"
9PHR,1.801,845_30,0,Q14145,A,"[[""9UM"", [""A""], ""non-polymer"", 271.1, 0]]"
9PNK,2.19,72575_30,0,A0A1B1Y5Q3,AB,"[[""FUL"", [""A"", ""B""], ""L-saccharide, beta linking"", 164.2, 0]]"
9PRM,2.1,601_30,2,P0AEG4,AB,"[[""A1CJQ"", [""A"", ""B""], ""non-polymer"", 527.5, 0]]"
9PSQ,2.31,3902_30,0,Q96GM5,A,"[[""A1CLC"", [""A""], ""non-polymer"", 450.3, 0]]"
9PTQ,1.56,158465_30,1,,ABCDEF,"[[""OJC"", [""A"", ""B""], ""non-polymer"", 541.3, 0]]"
9PVN,1.82,4126_30,0,Q16798,AB,"[[""NAP"", [""A"", ""B""], ""non-polymer"", 743.4, 0], [""A1AE5"", [""A"", ""B""], ""non-polymer"", 352.3, 0]]"
9Q1T,1.87,18172_30,1,,A,"[[""SF4"", [""A""], ""non-polymer"", 351.6, 0]]"
9Q5Y,1.49,1501_30,1,P48147,ABC,"[[""A1CQR"", [""A"", ""B"", ""C""], ""non-polymer"", 368.9, 0], [""B3P"", [""A""], ""non-polymer"", 282.3, 0]]"
9Q9X,1.78,4417_30,0,,AB,"[[""A1I5B"", [""A""], ""non-polymer"", 517.6, 0]]"
9QCH,2.198,613_30,4,P14639,A,"[[""CSC"", [""A""], ""non-polymer"", 416.4, 1]]"
9QD6,1.18,2121_30,2,P07598;P07603,AB,"[[""SF4"", [""A""], ""non-polymer"", 351.6, 0], [""402"", [""A""], ""non-polymer"", 355.0, 0]]"
9QDZ,1.8,5958_30,4,Q8IVV7,A,"[[""A1I6F"", [""A""], ""non-polymer"", 440.6, 0]]"
9QFL,1.7,3896_30,3,Q9Y5A9,AB,"[[""A1I5U"", [""A""], ""non-polymer"", 168.2, 0]]"
9QFT,1.82,801_30,3,Q9KN16,DG,"[[""BB2"", [""D"", ""G""], ""non-polymer"", 385.5, 0]]"
9QGC,1.239,653_30,1,A0ACD6B956,D,"[[""FMN"", [""D""], ""non-polymer"", 456.3, 0]]"
9QLA,1.28,1248_30,1,K7PQ54,AB,"[[""FAD"", [""A"", ""B""], ""non-polymer"", 785.5, 0], [""A1I65"", [""A""], ""peptide-like"", 448.6, 0]]"
9QME,2.25,9673_30,1,G1UBD5,AB,"[[""HEC"", [""A"", ""B""], ""non-polymer"", 620.5, 0]]"
9QMI,2.1,9107_30,2,A0A1L5PRA6,AB,"[[""5BQ"", [""A"", ""B""], ""non-polymer"", 328.8, 0]]"
9QNS,2.0,3873_30,0,O68183,AB,"[[""A1I74"", [""A"", ""B""], ""non-polymer"", 209.6, 0]]"
9QP3,2.0,3873_30,0,O68183,AB,"[[""A1I8Y"", [""A"", ""B""], ""non-polymer"", 291.7, 0]]"
9QR1,0.98,4059_30,4,A0A1Q1NAL3;P07964,ABCDEF,"[[""TP7"", [""A"", ""D""], ""non-polymer"", 343.3, 0]]"
9QSG,1.91,2011_30,3,I7FW12,B,"[[""A1I95"", [""B""], ""non-polymer"", 331.8, 0], [""FAD"", [""B""], ""non-polymer"", 785.5, 0]]"
9QSP,1.4,51_30,0,Q32ZE1,AB,"[[""A1JAB"", [""B""], ""non-polymer"", 164.2, 0]]"
9QSW,1.68,1490_30,3,B6VRE6,A,"[[""NAP"", [""A""], ""non-polymer"", 743.4, 0]]"
9QW4,1.85,2994_30,0,P35247,ABC,"[[""GMH"", [""C""], ""D-saccharide, alpha linking"", 210.2, 0], [""A1JBS"", [""B""], ""non-polymer"", 697.5, 0]]"
9QWG,1.6,2837_30,3,P09958,A,"[[""A1JA4"", [""A""], ""non-polymer"", 561.5, 0]]"
9QYW,1.76,16723_30,0,Q89YI8,AB,"[[""IHS"", [""A"", ""B""], ""non-polymer"", 660.5, 0]]"
9QYX,1.54,16723_30,0,Q89YI8,AB,"[[""IHS"", [""A"", ""B""], ""non-polymer"", 660.5, 0]]"
9R5F,1.19,3356_30,1,P19784,A,"[[""A1JCX"", [""A""], ""non-polymer"", 312.9, 0]]"
9R8Q,1.8,147560_30,3,P00734;P09945,HIL,"[[""A1JDJ"", [""H""], ""non-polymer"", 624.1, 0]]"
9RBL,2.05,1406_30,4,Q16790,ABCD,"[[""A1H92"", [""A"", ""B"", ""C"", ""D""], ""non-polymer"", 484.6, 0]]"
9RFR,1.4,24311_30,3,A0A1V0M4F6,AB,"[[""SAH"", [""A"", ""B""], ""non-polymer"", 384.4, 0]]"
9RJY,2.219,4072_30,0,Q72EJ0;Q72EJ1,AB,"[[""MGD"", [""A""], ""non-polymer"", 740.6, 0], [""SF4"", [""A"", ""B""], ""non-polymer"", 351.6, 0], [""W"", [""A""], ""non-polymer"", 183.8, 6]]"
9RKF,2.45,315_30,2,P00720;P07550,A,"[[""A1JHU"", [""A""], ""non-polymer"", 370.4, 0], [""CLR"", [""A""], ""non-polymer"", 386.7, 0]]"
9RMG,2.1,1167_30,3,P34913,AB,"[[""A1JH2"", [""A"", ""B""], ""non-polymer"", 395.5, 0]]"
9RPY,1.16,1308_30,2,A0A086IRG1,AB,"[[""UIS"", [""A""], ""non-polymer"", 206.3, 0]]"
9RV7,1.8,23429_30,1,Q8DNS0,AB,"[[""ANP"", [""A"", ""B""], ""non-polymer"", 506.2, 0]]"
9RVH,2.23,3260_30,4,,A,"[[""FAD"", [""A""], ""non-polymer"", 785.5, 0]]"
9S09,2.3,7527_30,0,Q746J7,ABCD,"[[""5AD"", [""A"", ""B"", ""C"", ""D""], ""non-polymer"", 251.2, 0]]"
9S0B,2.35,7527_30,0,Q746J7,ABCD,"[[""5AD"", [""A"", ""B"", ""C"", ""D""], ""non-polymer"", 251.2, 0]]"
9S0K,2.362,100460_30,2,O14965,AB,"[[""ADP"", [""B""], ""non-polymer"", 427.2, 0]]"
9S1Q,2.0,8417_30,3,A0ABU2HCR3,ABCD,"[[""PMP"", [""A"", ""B"", ""C"", ""D""], ""non-polymer"", 248.2, 0]]"
9S2Q,1.371,162_30,1,P01308;P01318,AB,"[[""A1JLG"", [""A"", ""B""], ""non-polymer"", 155.2, 0]]"
9S43,2.03,613_30,4,P35747,A,"[[""A1JLX"", [""A""], ""non-polymer"", 401.4, 0]]"
9S61,2.369,100460_30,2,O14965,AB,"[[""ADP"", [""B""], ""non-polymer"", 427.2, 0]]"
9S7K,1.771,6585_30,2,A0A1W6WPG2,AB,"[[""ZIZ"", [""A"", ""B""], ""non-polymer"", 762.1, 0]]"
9S89,2.0,5680_30,3,P54278,A,"[[""A1JMJ"", [""A""], ""non-polymer"", 509.6, 0]]"
9SDD,2.2,27177_30,4,Q94FB6;Q94FB7,BC,"[[""FMN"", [""B"", ""C""], ""non-polymer"", 456.3, 0]]"
9SN7,1.4,3624_30,0,B9MWW0,A,"[[""GSH"", [""A""], ""peptide-like"", 307.3, 0], [""QUE"", [""A""], ""non-polymer"", 302.2, 0]]"
9SOD,1.45,20390_30,2,,A,"[[""97N"", [""A""], ""non-polymer"", 328.5, 0], [""LFA"", [""A""], ""non-polymer"", 282.5, 0], [""RET"", [""A""], ""non-polymer"", 284.4, 0]]"
9SOG,1.52,20390_30,2,,A,"[[""LFA"", [""A""], ""non-polymer"", 282.5, 0], [""97N"", [""A""], ""non-polymer"", 328.5, 0], [""RET"", [""A""], ""non-polymer"", 284.4, 0]]"
9SQ1,2.11,3179_30,1,Q5JF22,ABCD,"[[""PPK"", [""A"", ""B"", ""C"", ""D""], ""non-polymer"", 257.0, 0], [""A1JV3"", [""A"", ""B""], ""non-polymer"", 399.4, 1]]"
9SQF,2.1,14620_30,4,Q9I5U0,ABC,"[[""UTP"", [""A"", ""B"", ""C""], ""non-polymer"", 484.1, 0]]"
9SSG,1.642,5560_30,3,O70038,A,"[[""A1JXD"", [""A""], ""non-polymer"", 349.4, 0]]"
9SUV,1.5,2747_30,3,P36897,A,"[[""A1JQO"", [""A""], ""non-polymer"", 546.1, 0]]"
9SVZ,2.4,233630_30,0,P09616,ABCD,"[[""R06"", [""C"", ""D""], ""non-polymer"", 316.6, 0]]"
9SZM,1.8,5152_30,2,P16930,AB,"[[""A1JSI"", [""A"", ""B""], ""non-polymer"", 295.3, 0]]"
9T3C,2.03,2907_30,4,Q8RW50,AB,"[[""GDP"", [""A"", ""B""], ""RNA linking"", 443.2, 0]]"
9T3E,2.3,193990_30,1,F2D8Y4;Q8RW50,AB,"[[""GSP"", [""A""], ""non-polymer"", 539.2, 0]]"
9T43,2.18,1614_30,2,O14744;Q9BQA1,AB,"[[""A1JTI"", [""A""], ""non-polymer"", 435.4, 0], [""MTA"", [""A""], ""non-polymer"", 297.3, 0]]"
9T4D,1.5,3504_30,0,O95989,A,"[[""I7P"", [""A""], ""non-polymer"", 740.0, 0]]"
9TF9,2.2,1407_30,2,P16234,A,"[[""9JI"", [""A""], ""non-polymer"", 498.6, 0]]"
9TM1,1.8,32399_30,1,Q8IB67,ABC,"[[""A1JWP"", [""A"", ""B"", ""C""], ""non-polymer"", 387.4, 0]]"
9TPM,2.1,75809_30,4,Q7MVT4,A,"[[""P4G"", [""A""], ""non-polymer"", 162.2, 0]]"
9TZD,1.2,75293_30,1,,A,"[[""6NT"", [""A""], ""non-polymer"", 164.1, 0]]"
9U3D,1.35,2000_30,1,P40859,AB,"[[""FAD"", [""A"", ""B""], ""non-polymer"", 785.5, 0]]"
9U3F,1.45,2000_30,1,P40859,AB,"[[""FAD"", [""A"", ""B""], ""non-polymer"", 785.5, 0]]"
9U46,1.992,23455_30,2,Q9HJN6,A,"[[""MTA"", [""A""], ""non-polymer"", 297.3, 0]]"
9UAD,2.44,2095_30,0,A0A2Z5U507,ABCD,"[[""A1EMZ"", [""A""], ""non-polymer"", 520.6, 0]]"
9UB2,1.9,784_30,0,Q02127,A,"[[""A1EOU"", [""A""], ""non-polymer"", 393.5, 0], [""FMN"", [""A""], ""non-polymer"", 456.3, 0], [""ORO"", [""A""], ""non-polymer"", 156.1, 0]]"
9UDB,2.0,13232_30,4,Q846W9,AB,"[[""Y7R"", [""A""], ""non-polymer"", 264.4, 0], [""FAD"", [""A"", ""B""], ""non-polymer"", 785.5, 0]]"
9UDD,2.1,13232_30,4,Q846W9,AB,"[[""YGK"", [""A""], ""non-polymer"", 280.4, 0], [""FAD"", [""A"", ""B""], ""non-polymer"", 785.5, 0]]"
9UHI,1.76,758_30,0,P11362,AB,"[[""A1EPF"", [""A"", ""B""], ""non-polymer"", 509.6, 0]]"
9ULI,1.659,34475_30,0,Q9VDU7,A,"[[""A1EPM"", [""A""], ""non-polymer"", 165.2, 0]]"
9UOA,1.96,78_30,4,Q72547,A,"[[""A1L9C"", [""A""], ""non-polymer"", 435.5, 0]]"
9V5K,2.37,5157_30,0,P22736,AB,"[[""A1D6A"", [""B""], ""non-polymer"", 400.5, 0]]"
9V6A,0.94,1581_30,1,P83686,A,"[[""FAD"", [""A""], ""non-polymer"", 785.5, 0], [""NAI"", [""A""], ""non-polymer"", 665.4, 0]]"
9V73,2.27,4448_30,1,A0A0P0XII1,A,"[[""ANP"", [""A""], ""non-polymer"", 506.2, 0]]"
9VEX,1.66,12134_30,3,F5HN72,A,"[[""FAD"", [""A""], ""non-polymer"", 785.5, 0], [""A1MAH"", [""A""], ""non-polymer"", 338.4, 0]]"
9VLF,1.61,1346_30,1,Q8RDM9,B,"[[""AMP"", [""B""], ""non-polymer"", 347.2, 0]]"
9VN8,1.65,8503_30,0,A0A086T4F9,A,"[[""FAD"", [""A""], ""non-polymer"", 785.5, 0]]"
9VQ4,2.00001206517,51575_30,2,A0A516ELE7,AB,"[[""AMP"", [""A"", ""B""], ""non-polymer"", 347.2, 0]]"
9VRF,1.45,745_30,2,,A,"[[""A1ES9"", [""A""], ""non-polymer"", 201.2, 0]]"
9VTA,1.57,100115_30,1,,AB,"[[""GST"", [""A"", ""B""], ""non-polymer"", 330.3, 0]]"
9VY5,1.58,24671_30,3,Q1H2G7,AB,"[[""TB"", [""A"", ""B""], ""non-polymer"", 158.9, 3]]"
9W6X,2.38,55956_30,1,I3NN71,A,"[[""SAM"", [""A""], ""non-polymer"", 398.4, 0]]"
9WEK,2.01,3322_30,0,A0A1G4H6Y1,AB,"[[""DSZ"", [""A"", ""B""], ""non-polymer"", 461.4, 0]]"
9WF1,1.93,5909_30,1,,ADFH,"[[""A1EVZ"", [""A"", ""D"", ""F"", ""H""], ""non-polymer"", 213.3, 0]]"
9WGE,2.07,19832_30,4,A7NL89,A,"[[""WO4"", [""A""], ""non-polymer"", 247.8, 0]]"
9WJ9,2.5,4500_30,3,,ABCD,"[[""SAH"", [""A"", ""B"", ""C"", ""D""], ""non-polymer"", 384.4, 0], [""A1EW0"", [""A"", ""B"", ""C"", ""D""], ""non-polymer"", 332.4, 0]]"
9WJE,1.74,4500_30,3,,AB,"[[""A1EW0"", [""A"", ""B""], ""non-polymer"", 332.4, 0], [""SAH"", [""A"", ""B""], ""non-polymer"", 384.4, 0]]"
9WLV,1.9,98516_30,2,A0A1H2MDS2,AAABBB,"[[""4HP"", [""AAA"", ""BBB""], ""non-polymer"", 152.1, 0]]"
9WMA,1.57,786_30,3,P14779,AB,"[[""HEM"", [""A"", ""B""], ""non-polymer"", 616.5, 0]]"
9WNW,2.0,1536_30,2,P02754,A,"[[""A1BLY"", [""A""], ""non-polymer"", 514.1, 0]]"
9WQ1,2.09,6548_30,1,Q96LI5,A,"[[""A1EX4"", [""A""], ""non-polymer"", 488.5, 0]]"
9WZL,2.1,5731_30,2,Q67UF5,AB,"[[""BTB"", [""A"", ""B""], ""non-polymer"", 209.2, 0]]"
9X2I,1.86,1963_30,4,P49588,A,"[[""A1EYY"", [""A""], ""non-polymer"", 190.7, 0]]"
9X2K,1.71,1963_30,4,P49588,A,"[[""G5A"", [""A""], ""non-polymer"", 403.4, 0], [""A1EYX"", [""A""], ""non-polymer"", 176.6, 0]]"
9X43,2.081,1127_30,3,Q9ZQ99,A,"[[""UDP"", [""A""], ""RNA linking"", 404.2, 0], [""QUE"", [""A""], ""non-polymer"", 302.2, 0]]"
9X4W,1.86,18418_30,2,A0A1C3YKE0,AB,"[[""EQJ"", [""A"", ""B""], ""non-polymer"", 403.3, 0]]"
9X55,2.37,2704_30,0,P52566,A,"[[""A1EY4"", [""A""], ""non-polymer"", 376.5, 0]]"
9X56,1.7,2704_30,0,P52566,A,"[[""A1EY3"", [""A""], ""non-polymer"", 284.4, 0]]"
9XPI,2.161,4258_30,0,Q54450,A,"[[""HEM"", [""A""], ""non-polymer"", 616.5, 0]]"
9Y6L,1.29,5814_30,1,Q82RR7,A,"[[""BTM"", [""A""], ""non-polymer"", 192.3, 1], [""DPO"", [""A""], ""non-polymer"", 173.9, -4]]"
9Y8K,1.27,7501_30,1,Q53G59,A,"[[""A1CTR"", [""A""], ""non-polymer"", 383.7, 0]]"
9Y91,1.95,659_30,2,A0A9X9ZA84,A,"[[""A1CTW"", [""A""], ""non-polymer"", 359.4, 0]]"
9Y9N,1.81,4664_30,0,O00444,A,"[[""A1CTV"", [""A""], ""non-polymer"", 503.4, 0]]"
9YBF,2.45,659_30,2,P31226,AB,"[[""A1CTG"", [""A"", ""B""], ""non-polymer"", 360.4, 0]]"
9YBT,1.44,6718_30,2,Q8NFD5,A,"[[""A1CT7"", [""A""], ""non-polymer"", 189.3, 0]]"
9YFK,1.68,2458_30,3,Q7VTV0,AB,"[[""UPG"", [""A"", ""B""], ""non-polymer"", 566.3, 0]]"
9YKR,1.38,6597_30,2,Q9H9B1,AB,"[[""SAM"", [""A"", ""B""], ""non-polymer"", 398.4, 0], [""A1CXM"", [""A"", ""B""], ""non-polymer"", 369.4, 0]]"
9YKS,1.79,5524_30,1,Q96KQ7,ABCD,"[[""SAM"", [""A"", ""B"", ""C"", ""D""], ""non-polymer"", 398.4, 0], [""A1CXM"", [""A"", ""B"", ""C"", ""D""], ""non-polymer"", 369.4, 0]]"
9YS1,2.34,3646_30,4,Q8IJP3,AB,"[[""AMP"", [""A"", ""B""], ""non-polymer"", 347.2, 0]]"
9YVV,2.32,43450_30,1,F2K081,A,"[[""Y8I"", [""A""], ""non-polymer"", 251.9, 0], [""HEM"", [""A""], ""non-polymer"", 616.5, 0]]"
9Z28,2.15,4457_30,0,P50053,AB,"[[""A1C0G"", [""A"", ""B""], ""non-polymer"", 203.3, 0]]"
9ZAX,2.1,279_30,0,A2DUN8,ABCD,"[[""3PG"", [""A"", ""B"", ""D""], ""non-polymer"", 186.1, 0]]"
9ZK6,1.7,20114_30,0,A2EZR3,AB,"[[""PPV"", [""A"", ""B""], ""non-polymer"", 178.0, 0]]"
9ZXM,2.195,715_30,4,Q16531,A,"[[""A1C4E"", [""A""], ""non-polymer"", 536.6, 0]]"
