tree
version=v4
num_class=1
num_tree_per_iteration=1
label_index=0
max_feature_idx=31
objective=lambdarank
feature_names=nat_score nat_rank nat_rel nat_npts nat_mean_bur nat_max_bur nat_cavity_npts nat_tier cav_volume ax1 ax2 ax3 buried_mean vol_rank centrality depth n_atoms f_C f_N f_O f_S f_backbone n_res r_hydrophobic r_aromatic r_polar r_pos r_neg r_gly r_pro prot_n_res n_cands
feature_infos=[132:4878] [1:30] [0.041546093427035899:1] [12:267] [10.25925925925926:25.866666666666667] [11:26] [12:11122] [1:2] [2:973] [0:15.936805060306751] [0:15.803235670667217] [0:14.715892971596713] [9.0727272727272723:26] [1:30] [0.0046641270534897002:1.9724039840800021] [2.0812349670560919:5.8472184200841895] [26:130] [0.43478260869565211:0.90909090909090917] [0.0147058823529411:0.38554216867469882] [0.021739130434782601:0.38554216867469882] [0:0.10000000000000001] [0:0.86764705882352944] [4:32] [0:1] [0:0.75] [0:0.8571428571428571] [0:0.7142857142857143] [0:0.625] [0:0.5] [0:0.5714285714285714] [30:6090] [22:30]
tree_sizes=1731 1735 1752 1754 1739 1757 1747 1748 1752 1748 1753 1746 1753 1763 1753 1755 1759 1749 1757 1753 1753 1754 1762 1755 1757 1747 1745 1765 1749 1757 1761 1764 1756 1756 1763 1751 1751 1752 1761 1758 1760 1757 1769 1774 1756 1771 1758 1765 1768 1757 1762 1768 1766 1764 1766 1770 1755 1754 1769 1764 1765 1757 1754 1762 1767 1765 1758 1764 1758 1764 1757 1768 1757 1773 1760 1756 1761 1760 1774 1753 1758 1760 1772 1751 1761 1757 1757 1749 1772 1752 1776 1757 1776 1758 1768 1752 1759 1785 1773 1755 1764 1761 1760 1762 1764 1761 1769 1764 1764 1748 1758 1766 1762 1769 1765 1779 1756 1756 1750 1766 1764 1761 1762 1762 1773 1757 1766 1746 1761 1774 1758 1761 1773 1764 1755 1760 1756 1779 1766 1756 1770 1746 1749 1769 1767 1751 1762 1756 1749 1752 1763 1756 1765 1782 1764 1758 1767 1770 1771 1759 1753 1757 1758 1762 1772 1761 1765 1752 1748 1753 1735 1760 1759 1767 1753 1761 1761 1770 1758 1752 1750 1766 1754 1750 1767 1767 1748 1766 1766 1762 1760 1756 1736 1737 1727 1759 1777 1753 1749 1747 1753 1758 1756 1765 1754 1746 1744 1750 1757 1759 1760 1748 1754 1757 1742 1770 1756 1758 1766 1758 1752 1772 1755 1757 1767 1737 1736 1754 1747 1760 1760 1764 1757 1762 1755 1763 1771 1760 1765 1751 1731 1766 1744 1762 1750 1765 1758 1731 1746 1747 1771 1763 1778 1760 1762 1756 1748 1739 1749 1765 1744 1755 1746 1758 1748 1734 1755 1754 1762 1752 1750 1768 1745 1740 1757 1755 1755 1764 1753 1748 1766 1751 1759 1740 1753 1752 1760 1758 1753 1765 1756 1763 1756 1753 1757 1751 1743 1765 1750 1761

Tree=0
num_leaves=15
num_cat=0
split_feature=1 12 30 12 14 8 12 4 29 1 29 21 29 12
split_gain=2335.42 425.699 144.8 112.83 53.882 36.9456 67.0941 32.6782 32.3865 28.7102 21.4384 20.7244 16.898 15.4764
threshold=5.5000000000000009 13.890035460992911 769.00000000000011 13.975000000000003 0.54768143730298158 24.500000000000004 18.654648318042813 18.270710784313728 0.10818713450292396 2.5000000000000004 0.093073593073593072 0.40089285714285722 0.081666666666666665 18.198333333333334
decision_type=2 2 2 2 2 2 2 2 2 2 2 2 2 2
left_child=2 -2 3 8 -4 -3 -7 12 9 -1 13 -11 -5 -6
right_child=1 5 4 7 10 6 -8 -9 -10 11 -12 -13 -14 -15
leaf_value=0.054866212144969208 -0.084210408836929776 -0.081500077104577379 -0.03664888594735817 0.052842448059956318 0.016385698071953985 -0.019508994939600996 0.039436093091958627 0.08088386275872271 -0.050335906489222475 0.059531062977629959 -0.018521716458392783 -0.0071956036518494018 -0.022455462980355067 0.053693898585376487
leaf_weight=72.525705663487315 574.78946921869647 12.436843936447984 38.357845577411354 71.467763157561421 49.676840742118657 119.3953291947837 79.604521124740131 493.84541134070605 11.65242535015568 14.243258603848515 19.038325653411448 48.476506967563182 7.7510765618644646 65.831344955135137
leaf_count=334 19606 412 335 476 384 4835 2637 2015 232 126 163 943 93 359
internal_value=0.000868478 -0.0619296 0.0561737 0.0660319 0.0149809 -0.00124822 0.00414968 0.0760505 0.0266984 0.0336562 0.0298618 0.00865405 0.0452869 0.037927
internal_weight=1679.09 786.226 892.867 719.962 172.904 211.437 199 573.064 146.898 135.245 134.547 62.7198 79.2188 115.508
internal_count=32950 27490 5460 4219 1241 7884 7472 2584 1635 1403 906 1069 569 743
is_linear=0
shrinkage=0.05


Tree=1
num_leaves=15
num_cat=0
split_feature=1 4 1 6 6 19 28 30 21 4 11 28 17 24
split_gain=1987.66 475.278 290.107 197.176 174.028 120.174 118.926 113.878 99.0873 73.6971 70.6854 68.8786 88.4416 66.3148
threshold=8.5000000000000018 18.975998463901693 2.5000000000000004 123.50000000000001 98.500000000000014 0.16477052359405298 0.12771739130434781 389.50000000000006 0.36240942028985507 19.556258790436008 8.5275407706117274 0.13484848484848483 0.70162346163917266 0.042572463768115909
decision_type=2 2 2 2 2 2 2 2 2 2 2 2 2 2
left_child=2 10 7 8 -3 -5 -7 9 -4 -1 -2 12 13 -9
right_child=1 4 3 5 -6 6 -8 11 -10 -11 -12 -13 -14 -15
leaf_value=0.044430642272442492 -0.078696729354962969 -0.057913750599044224 0.043626876772172314 0.04815144378235689 0.01365595882509546 -0.0098909547783430397 0.0500301298332399 -0.094633434785943438 -0.034463352738466679 0.0791770603996306 -0.050309244409827508 0.06210006555660548 0.062317189990319183 0.012230605053260573
leaf_weight=317.20369848236442 552.14605961507186 112.7741076303646 47.042076419573277 312.67972123483196 334.18293094704859 293.65799551503733 114.19659506983589 14.257786951959131 265.56826875451952 304.0224249958992 377.96553169935942 126.27894980553538 93.389062114059925 300.03358124569058
leaf_count=631 11454 1717 181 1457 2893 1777 627 53 2519 365 8032 236 166 748
internal_value=0.000158919 -0.0468831 0.0297693 0.0105034 -0.00449115 0.0248817 0.00696788 0.0469758 -0.0226106 0.0615351 -0.0672274 0.0299537 0.0198688 0.00709796
internal_weight=3565.4 1377.07 2188.33 1033.14 446.957 720.534 407.855 1155.19 312.61 621.226 930.112 533.959 407.68 314.291
internal_count=32856 24096 8760 6561 4610 3861 2404 2199 2700 996 19486 1203 967 801
is_linear=0
shrinkage=0.05


Tree=2
num_leaves=15
num_cat=0
split_feature=12 1 1 12 30 12 28 21 30 14 29 11 28 14
split_gain=1975.21 473.417 249.513 162.057 146.118 111.644 77.5173 103.175 67.7864 76.2942 61.3264 49.9031 48.3495 45.4743
threshold=13.081829573934838 10.500000000000002 6.5000000000000009 17.497232011747432 304.50000000000006 18.654648318042813 0.15894736842105264 0.35329985652797707 483.00000000000006 0.44566339709762071 0.08514492753623186 2.0966028131458949 0.046536796536796508 0.76398480498029586
decision_type=2 2 2 2 2 2 2 2 2 2 2 2 2 2
left_child=2 3 13 4 -2 -3 7 -6 -5 -10 11 -7 -9 -1
right_child=1 5 -4 8 6 10 -8 12 9 -11 -12 -13 -14 -15
leaf_value=0.021779738622547097 0.050935308243478951 -0.043067820224138798 -0.073871249003606032 0.066995126291263529 0.036711327032618576 -0.072832063149107742 0.044313541911974536 -0.044345150626878466 -0.0087511396140221576 0.047156221556476419 -0.046715534439460138 0.021558386074515878 -0.0036035140822978581 -0.027996994318849819
leaf_weight=67.552940892055631 281.6598456101492 231.50954549643211 746.14748543594033 409.27408605488017 124.16966497153044 14.03896885877475 110.89188790274784 105.32290819752961 70.211105531081557 451.29240969056264 47.580101505853236 207.85242576990277 231.74520164169371 138.2479009530507
leaf_count=334 885 5035 16708 1024 505 291 456 945 400 1559 363 1496 1615 1152
internal_value=3.54237e-05 0.0252402 -0.0604421 0.0372928 0.0215225 -0.0176818 0.00697899 -0.00207352 0.0517201 0.039627 0.00420657 0.0152864 -0.0164275 -0.0116318
internal_weight=3237.5 2285.55 951.948 1784.57 853.79 500.981 572.13 461.238 930.778 521.504 269.471 221.891 337.068 205.801
internal_count=32768 14574 18194 7389 4406 7185 3521 3065 2983 1959 2150 1787 2560 1486
is_linear=0
shrinkage=0.05


Tree=3
num_leaves=15
num_cat=0
split_feature=12 30 12 12 30 28 17 10 28 21 21 29 28 30
split_gain=1648.26 212.787 192.762 129.32 127.21 111.862 140.813 89.4078 54.2435 59.1423 53.7006 50.0543 49.388 45.8414
threshold=13.681666666666668 382.50000000000006 15.872921646746351 12.52687123947052 322.00000000000006 0.14907407407407408 0.63296945767042168 3.2353568243047701 0.060661764705882353 0.35665362035225051 0.30816714150047486 0.060661764705882353 0.14907407407407408 202.00000000000003
decision_type=2 2 2 2 2 2 2 2 2 2 2 2 2 2
left_child=3 7 11 13 -5 6 8 -2 9 -4 -8 -3 -6 -1
right_child=1 2 5 4 12 -7 10 -9 -10 -11 -12 -13 -14 -15
leaf_value=-0.042716744391423492 -0.073815108561391368 -0.0076732719680450007 0.016258374327178398 0.01247664977887384 -0.06357220112689578 0.05272307222909961 0.05639378948737226 0.052173333939529692 0.0083906147421973064 -0.056048210851725046 0.020486011976523281 -0.052830363683496799 0.0065189881578713695 -0.071690829940394385
leaf_weight=193.84072900097817 13.559234028682111 213.47709801793098 39.002949977759272 130.71342918323353 151.62729325098917 265.88749356335029 145.97545952210203 639.13535043084994 142.05014965892769 98.356897891964763 364.91642793337815 85.373335976852104 29.876464480068535 514.00592691358179
leaf_count=3288 210 2319 230 986 3464 1132 513 2174 1005 1014 2243 1478 398 12311
internal_value=-0.000280731 0.0260125 0.0146963 -0.0520069 -0.0250887 0.0247237 0.015249 0.0494471 -0.0132596 -0.0355478 0.0308359 -0.0207066 -0.0520623 -0.0638279
internal_weight=3027.8 2007.73 1355.04 1020.06 312.217 1056.19 790.302 652.695 279.41 137.36 510.892 298.85 181.504 707.847
internal_count=32765 12318 9934 20447 4848 6137 5005 2384 2249 1244 2756 3797 3862 15599
is_linear=0
shrinkage=0.05


Tree=4
num_leaves=15
num_cat=0
split_feature=1 4 4 6 6 18 28 20 19 30 2 29 24 26
split_gain=1258.01 354.266 204.363 78.4228 76.6658 75.6699 116.273 50.3752 50.2333 37.8727 34.2135 32.4938 32.2838 36.5863
threshold=9.5000000000000018 19.9780193236715 18.6488857278331 68.500000000000014 96.500000000000014 0.16081691297208536 0.07275132275132272 0.012422839506172801 0.17555713608345183 777.50000000000011 0.4557896577988102 0.11324786324786322 0.21583850931677012 0.20942982456140347
decision_type=2 2 2 2 2 2 2 2 2 2 2 2 2 2
left_child=2 -2 3 -1 -3 12 8 -5 9 -7 -6 -8 13 -4
right_child=1 4 5 7 10 6 11 -9 -10 -11 -12 -13 -14 -15
leaf_value=-0.034372245319280008 -0.059515439572404696 -0.050869426401796904 0.043113173744683805 -0.00039268933596513011 0.0019543586112570656 0.030185924819635085 0.046657304035543933 0.032366520471959828 -0.026314368738338395 -0.029648980796773035 0.040907610264293924 -0.025782864078380971 0.06381593888257156 -0.040271644250512439
leaf_weight=117.11550708860159 808.39055735198781 49.339083057828248 253.35823711659759 345.41236322745681 145.53499571094289 128.43916576728225 364.83451076922938 176.71848585782573 104.50165306637064 32.378990155644715 91.118003853131086 15.559337115846573 267.50031476374716 13.113277064636348
leaf_count=1733 20177 861 869 2618 1211 482 1233 996 831 214 686 85 730 69
internal_value=-0.000276338 -0.0426127 0.0252053 0.00243063 0.00520568 0.0375339 0.0259516 0.0107355 0.00053086 0.01803 0.0170615 0.0436344 0.0514652 0.0388745
internal_weight=2913.31 1094.38 1818.93 639.246 285.992 1179.69 645.714 522.131 265.32 160.818 236.653 380.394 533.972 266.472
internal_count=32795 22935 9860 5347 2758 4513 2845 3614 1527 696 1897 1318 1668 938
is_linear=0
shrinkage=0.05


Tree=5
num_leaves=15
num_cat=0
split_feature=12 20 12 30 17 28 6 21 8 30 12 24 22 17
split_gain=1300.12 180.47 106.431 101.487 98.5738 125.34 60.9792 49.4414 49.7331 45.0524 89.7663 43.711 43.9253 36.0956
threshold=13.797526881720433 0.0095695970695970512 12.784400230680507 323.50000000000006 0.69871265885459655 0.13484848484848483 520.50000000000011 0.4377976190476191 67.500000000000014 215.50000000000003 11.340040485829961 0.18898809523809523 17.500000000000004 0.64624765478424029
decision_type=2 2 2 2 2 2 2 2 2 2 2 2 2 2
left_child=2 4 9 -4 5 6 7 -2 -9 10 -1 12 -3 -10
right_child=1 11 3 -5 -6 -7 -8 8 13 -11 -12 -13 -14 -15
leaf_value=-0.061081114477999257 0.018443884968001353 0.0088401400830847039 0.018498778495544103 -0.045362138238801378 0.042965165095042918 0.032196477714278492 -0.037078816560454135 -0.08438085338912861 -0.02316278104826261 -0.064413261891616294 0.0061734928197000258 0.056678475402831101 0.043402321128929278 0.020189478052507009
leaf_weight=135.66988716833293 200.08405783120543 134.42550552589819 106.76305570011027 146.65190716087818 200.36655946262181 267.84536927985027 144.95690314657986 22.532152811065316 132.61631148541346 506.41543404012918 77.623473748099059 345.57771197310649 294.00428062491119 74.020472236676142
leaf_count=3016 1306 1121 735 3185 982 1394 1889 341 1462 13183 734 1484 1472 488
internal_value=0.00015477 0.0251361 -0.0464532 -0.0184907 0.0115375 0.00401726 -0.00916031 0.000331914 -0.0154928 -0.0562597 -0.0366907 0.0434119 0.0326038 -0.00761089
internal_weight=2789.55 1816.43 973.124 253.415 1042.42 842.055 574.21 429.253 229.169 719.709 213.293 774.007 428.43 206.637
internal_count=32792 11939 20853 3920 7862 6880 5486 3597 2291 16933 3750 4077 2593 1950
is_linear=0
shrinkage=0.05


Tree=6
num_leaves=15
num_cat=0
split_feature=12 12 2 8 19 6 29 14 2 20 17 6 29 6
split_gain=1149.13 184.535 118.922 76.4302 59.3001 51.4821 47.6915 44.0585 39.7489 39.51 33.8323 27.7121 26.9148 21.7029
threshold=13.081829573934838 17.497232011747432 0.72094776597614862 24.500000000000004 0.16912242686890575 877.00000000000011 0.05131578947368421 0.78550366243934511 0.50121261432590614 0.010582306830907001 0.59216913643331637 484.50000000000006 0.093073593073593072 126.50000000000001
decision_type=2 2 2 2 2 2 2 2 2 2 2 2 2 2
left_child=7 2 6 -3 -5 12 11 8 -1 10 -4 -2 -6 -8
right_child=1 3 9 4 5 -7 13 -9 -10 -11 -12 -13 -14 -15
leaf_value=-0.043545004374519462 0.0084286891389353299 -0.056822339932675325 -0.032574928883181128 0.047698101732475288 0.033650637434435998 -0.017954219830626672 -0.05785667291447312 -0.058293220272062032 0.012342822708439904 0.043039860046395546 0.019406229421724222 -0.029472265666413346 -0.014931763334023004 -0.020423546187338819
leaf_weight=115.93478919100016 251.59081327030435 21.487394534982741 36.22044807812199 558.9819947774522 382.59850821038708 63.844118827488273 50.247656714636832 595.25016895728186 43.191733391955495 168.19974900316447 197.73913727095351 58.612507414771244 30.243515521287918 168.11105236015283
leaf_count=2830 2760 428 239 2373 1853 617 915 14886 534 525 954 1003 245 2693
internal_value=0.000468767 0.0204084 0.00416421 0.0346923 0.036644 0.0236088 -0.0114184 -0.0520321 -0.028393 0.0246222 0.0112544 0.00119566 0.0300642 -0.029262
internal_weight=2742.25 1987.88 930.721 1057.16 1035.67 476.686 528.562 754.377 159.127 402.159 233.96 310.203 412.842 218.359
internal_count=32855 14605 9089 5516 5088 2715 7371 18250 3364 1718 1193 3763 2098 3608
is_linear=0
shrinkage=0.05


Tree=7
num_leaves=15
num_cat=0
split_feature=12 1 1 12 12 26 8 6 19 28 15 21 24 13
split_gain=986.254 254.957 179.826 77.3355 62.9737 48.5015 46.3129 45.3184 42.3386 39.7261 39.0302 38.1836 30.0243 35.9388
threshold=13.681666666666668 6.5000000000000009 10.500000000000002 15.872921646746351 18.654648318042813 0.18634259259259259 98.500000000000014 484.50000000000006 0.17195900537634409 0.15587044534412953 4.5000684524064054 0.44136745607333844 0.21980676328502413 24.500000000000004
decision_type=2 2 2 2 2 2 2 2 2 2 2 2 2 2
left_child=1 9 3 7 -4 8 -6 10 -5 11 12 -1 13 -2
right_child=2 -3 4 5 6 -7 -8 -9 -10 -11 -12 -13 -14 -15
leaf_value=0.024866139205545396 0.016004309496677305 -0.059089593212202043 -0.0340605085856431 0.053155429310722882 -0.026631136445006726 0.017118921607706641 0.022724897513572588 -0.045323759191439592 0.029510570941412524 0.047601641546594464 -0.032182496056500677 -0.022301590712968514 0.044651008246074209 -0.071424353665783924
leaf_weight=61.647968161851168 189.80802072770894 651.9000383685343 150.5010127259884 443.99474369408563 67.411507956683636 238.45496712299064 154.97051297081634 32.527091795112938 338.64017366152257 38.190787462517619 36.957338043488562 135.41770596895367 95.606447605416179 11.542724231258033
leaf_count=400 1189 18575 3630 1390 799 1259 1355 420 1515 162 264 1435 399 97
internal_value=-4.90179e-05 -0.0430088 0.0216126 0.0298923 -0.00919449 0.0369596 0.00771117 0.0101522 0.0429752 0.00161277 0.0156754 -0.00749508 0.0217195 0.0106641
internal_weight=2647.57 887.156 1760.41 1387.53 372.883 1021.09 222.382 366.442 782.635 235.256 333.915 197.066 296.957 201.351
internal_count=32889 20572 12317 6533 5784 4164 2154 2369 2905 1997 1949 1835 1685 1286
is_linear=0
shrinkage=0.05


Tree=8
num_leaves=15
num_cat=0
split_feature=12 1 12 1 4 19 28 21 29 11 19 28 24 26
split_gain=919.845 219.683 104.222 96.4097 85.2158 41.3464 66.1159 37.9778 31.4349 31.4275 28.0727 28.6008 26.875 24.9091
threshold=12.81420091324201 10.500000000000002 18.654648318042813 6.5000000000000009 18.667892156862749 0.16740412979351033 0.037749287749287708 0.27970588235294119 0.054093567251461951 2.0966028131458949 0.13259159085320879 0.13484848484848483 0.20942982456140347 0.067816091954022953
decision_type=2 2 2 2 2 2 2 2 2 2 2 2 2 2
left_child=3 4 -3 -1 10 -6 7 -7 -8 -4 -2 12 -12 -9
right_child=1 2 9 -5 5 6 8 13 -10 -11 11 -13 -14 -15
leaf_value=-0.011136263901772516 0.037830000272240101 -0.039165056858580072 -0.059643544948835447 -0.060391989020620956 0.043679892052564263 0.052877946066551641 0.038824035268872237 0.017296039998106066 0.0040137587818606631 0.015262611220428116 -0.017012738810679367 0.025486539372640466 0.015387046078560299 -0.049750470323749969
leaf_weight=123.19134803325869 67.380463614594191 207.66559307998978 14.047639571595935 523.5669578590896 565.6932230675593 15.248968113213776 333.06865690974519 18.303041478618979 80.784020335879177 204.56760684913024 176.89905725186691 102.05172113887966 99.037265109363943 51.014356018975377
leaf_count=1294 370 5848 358 15803 1907 48 1315 111 540 1813 1831 564 667 508
internal_value=0.000537066 0.0177875 -0.0138841 -0.0510417 0.0267349 0.0344157 0.0238347 -0.0162992 0.0320551 0.0101997 0.00834735 0.00300579 -0.00537045 -0.0320528
internal_weight=2582.52 1935.76 426.281 646.758 1509.48 1064.11 498.419 84.5664 413.853 218.615 445.369 377.988 275.936 69.3174
internal_count=32977 15880 8019 17097 7861 4429 2522 667 1855 2171 3432 3062 2498 619
is_linear=0
shrinkage=0.05


Tree=9
num_leaves=15
num_cat=0
split_feature=1 22 6 22 24 1 19 6 23 15 28 19 28 20
split_gain=737.391 164.535 144.516 84.3784 106.531 71.6953 45.1902 42.9213 36.5359 34.0215 33.8161 32.0867 25.329 24.6576
threshold=10.500000000000002 18.500000000000004 86.500000000000014 17.500000000000004 0.18634259259259259 2.5000000000000004 0.13367697594501718 115.50000000000001 0.41042780748663105 4.5000684524064054 0.16333333333333333 0.14686274509803918 0.13714733542319749 0.012270400481782552
decision_type=2 2 2 2 2 2 2 2 2 2 2 2 2 2
left_child=2 6 5 4 8 -1 -2 -3 12 -5 -7 -6 13 -4
right_child=1 7 3 9 11 10 -8 -9 -10 -11 -12 -13 -14 -15
leaf_value=0.027534639060414669 -0.0075361514543989608 -0.038347774400352461 -0.050032152206883208 0.041240889115413876 0.0464765023999196 -0.038167745291442901 -0.054411621255883863 0.016708436381693986 0.01178832045455647 0.010700178693955445 0.025740467843108544 0.015978919551027728 0.0041320933115379854 -0.0003067933212863702
leaf_weight=72.880260019563138 56.77706049173139 46.143669647630304 88.315316806081682 661.51146223163232 174.27565466240048 168.61027592909522 581.46994927851483 141.15326661081053 122.89976637624204 106.71963347215205 22.869545683730394 172.9318619039841 56.687419841531664 34.601463781204075
leaf_count=243 1384 1036 1189 2594 711 2853 17902 1511 888 529 186 1107 343 263
internal_value=0.000491778 -0.0381846 0.0194826 0.025808 0.0125168 -0.0144142 -0.05026 0.00301282 -0.00916172 0.0370177 -0.0304407 0.0313762 -0.0234833 -0.0361497
internal_weight=2507.85 825.544 1682.3 1417.94 649.711 264.36 638.247 187.297 302.504 768.231 191.48 347.208 179.604 122.917
internal_count=32739 21833 10906 7624 4501 3282 19286 2547 2683 3123 3039 1818 1795 1452
is_linear=0
shrinkage=0.05


Tree=10
num_leaves=15
num_cat=0
split_feature=12 1 1 20 26 30 14 29 12 10 19 1 27 30
split_gain=758.027 218.93 104.778 55.377 41.2126 47.1427 33.4579 32.7342 32.3273 36.303 27.7259 25.4984 23.1119 22.2934
threshold=13.975000000000003 5.5000000000000009 10.500000000000002 0.0091326105087572527 0.18634259259259259 551.50000000000011 0.44566339709762071 0.093073593073593072 18.654648318042813 6.1583807198638958 0.13853769992383855 2.5000000000000004 0.20942982456140347 602.50000000000011
decision_type=2 2 2 2 2 2 2 2 2 2 2 2 2 2
left_child=1 10 3 4 7 -6 -4 12 -8 -10 -1 -12 -2 -5
right_child=2 -3 6 13 5 -7 8 -9 9 -11 11 -13 -14 -15
leaf_value=0.042232552880189615 0.035135426872703678 -0.052368111655463616 -0.039366127005214094 0.046838906135332051 0.022222734308222792 -0.025023752332464858 -0.021627807464536859 -0.005470604192649828 -0.029538386982205778 0.029843093088846168 0.016336365876097304 -0.019682731389214957 -0.004247669779539792 0.026435207326136134
leaf_weight=38.732239821925759 376.22205127216876 628.63276227866299 57.965614380780607 352.60683227656409 108.47400130145252 100.98303937679157 85.09673172980547 70.648745465092361 32.128170951269567 116.00821899762377 88.109220238402486 108.57578739477322 41.10961407981813 224.02931742276996
leaf_count=160 1670 19730 995 1188 570 909 2501 489 547 1210 345 1209 271 1024
internal_value=0.000579916 -0.0369871 0.0213278 0.0275083 0.0179885 -0.000566323 -0.00571528 0.0259377 0.00278035 0.0168526 0.00413237 -0.0035462 0.0312551 0.0389713
internal_weight=2429.32 864.05 1565.27 1274.07 697.437 209.457 291.199 487.98 233.233 148.136 235.417 196.685 417.332 576.636
internal_count=32818 21444 11374 6121 3909 1479 5253 2430 4258 1757 1714 1554 1941 2212
is_linear=0
shrinkage=0.05


Tree=11
num_leaves=15
num_cat=0
split_feature=1 4 4 1 6 21 28 30 21 2 6 2 28 27
split_gain=601.011 136.581 126.007 71.0376 60.2725 38.7665 36.6724 42.8086 35.0846 29.6809 31.3441 29.0581 26.1319 26.1243
threshold=10.500000000000002 19.9780193236715 19.600699300699304 3.5000000000000004 132.50000000000003 0.30816714150047486 0.15894736842105264 665.50000000000011 0.36873433583959903 0.79286399290385823 196.50000000000003 0.50397584367050785 0.12250000000000001 0.097619047619047619
decision_type=2 2 2 2 2 2 2 2 2 2 2 2 2 2
left_child=2 -2 3 -1 -5 -4 7 9 -3 10 -7 12 -10 -9
right_child=1 8 5 4 -6 6 -8 13 11 -11 -12 -13 -14 -15
leaf_value=0.01886003312993444 -0.049597241167222042 0.043654197887502993 0.057530626777307692 -0.034612595475634826 0.0039462094734914865 -0.0072115504217979132 0.05092416382222173 0.016496216687432144 -0.036889338132771211 0.046695217253247559 0.033846897302029486 0.030132908768955104 0.013396114762263668 -0.031273374219670545
leaf_weight=447.87865769676864 555.43987122341059 35.38177823042497 131.46308073960245 153.09813883597963 295.55106871831231 80.494891217444092 127.48213272355497 59.768038128037006 86.331070611951873 142.42998129688203 108.05419254489243 33.055157488677651 36.077503161504865 53.159028997644782
leaf_count=2159 19236 294 350 3120 2882 483 407 328 1524 391 467 361 401 374
internal_value=-5.65997e-05 -0.0370787 0.0172306 0.00479359 -0.0092594 0.0330655 0.0273459 0.0204754 -0.000575946 0.0295228 0.0163728 -0.0108569 -0.0220802 -0.00606785
internal_weight=2345.66 746.285 1599.38 896.528 448.649 702.851 571.388 443.906 190.846 330.979 188.549 155.464 122.409 112.927
internal_count=32777 21816 10961 8161 6002 2800 2450 2043 2580 1341 950 2286 1925 702
is_linear=0
shrinkage=0.05


Tree=12
num_leaves=15
num_cat=0
split_feature=12 1 12 17 22 1 15 21 30 28 14 24 28 30
split_gain=606.007 116.326 92.4897 59.9687 70.8142 56.7329 41.2451 38.1937 34.2373 33.8676 30.8411 28.808 27.8603 32.7978
threshold=12.844874857792949 8.5000000000000018 19.53166666666667 0.70750469043151976 17.500000000000004 6.5000000000000009 4.5000684524064054 0.41445993031358891 219.50000000000003 0.11651583710407236 0.60112414186600438 0.15192307692307691 0.13714733542319749 765.00000000000011
decision_type=2 2 2 2 2 2 2 2 2 2 2 2 2 2
left_child=5 3 -3 4 8 -1 12 -4 -2 11 -9 -10 13 -6
right_child=1 2 7 -5 6 -7 -8 10 9 -11 -12 -13 -14 -15
leaf_value=-0.013695390031557881 0.040262675496865602 -0.029156512403736887 0.046616548203281372 0.044098406170916149 0.031273745534191821 -0.053993465854562508 -0.005807946370459738 -0.027196801631106785 -0.035796544639565137 0.015652099091613487 0.020715910914470864 -0.00082070273147907954 0.047697050708916874 -0.0082611699658269658
leaf_weight=109.90492119872943 47.929955707862973 236.31773667316884 69.021412706468254 244.48409587657079 273.95267548365518 440.49141736980528 80.587639697827399 55.643687028437853 100.09197178343311 136.46923782629892 81.516274652443826 141.08506327774376 192.63378197140992 64.37852807668969
leaf_count=1280 189 6781 552 872 1082 15848 472 678 1131 817 964 985 631 420
internal_value=-0.000356153 0.0142287 -0.00786096 0.0218557 0.016575 -0.045986 0.0274598 0.0165702 0.000905771 -0.00418245 0.0012223 -0.0154241 0.0325105 0.0237488
internal_weight=2274.51 1724.11 442.499 1281.61 1037.13 550.396 611.553 206.181 425.576 377.646 137.16 241.177 530.965 338.331
internal_count=32702 15574 8975 6599 5727 17128 2605 2194 3122 2933 1642 2116 2133 1502
is_linear=0
shrinkage=0.05


Tree=13
num_leaves=15
num_cat=0
split_feature=12 20 17 29 26 30 29 4 13 12 30 30 19 24
split_gain=579.922 106.69 68.7899 53.4457 35.0376 33.2268 31.2514 28.5199 25.9677 25.4691 34.8081 24.4718 22.8006 22.7902
threshold=13.050423728813561 0.0096620612397311009 0.69871265885459655 0.054093567251461951 0.13188405797101446 508.00000000000006 0.067816091954022953 18.921458471028867 3.5000000000000004 15.117857142857146 556.50000000000011 213.50000000000003 0.15419580419580417 0.25462962962962965
decision_type=2 2 2 2 2 2 2 2 2 2 2 2 2 2
left_child=8 2 3 4 -2 -6 -3 -7 11 -5 -11 -1 -8 -4
right_child=1 6 13 9 5 7 12 -9 -10 10 -12 -13 -14 -15
leaf_value=0.025122170670070589 0.021563166447633921 0.034143759712671029 0.011653405447116816 -0.043589454636333617 0.013436247795572688 -0.046133380593882757 0.031034344619615989 -0.00355286605249917 -0.046935378365126151 0.018687221194620122 -0.030318363473276995 -0.040729097225512184 -0.017581126561655457 0.047498641443495138
leaf_weight=25.244122468400747 219.485770650208 602.74594789301045 80.142440342810005 87.109967865748331 139.06307014357299 62.030970197636634 41.443307372042909 105.05170733318664 513.00393143016845 62.268071564845741 84.008099540136755 29.627667552093044 54.885114367119968 100.65464094071649
leaf_count=335 1879 3717 597 1927 1095 1296 327 952 16742 470 1273 1003 612 523
internal_value=5.69746e-05 0.0151467 0.00413477 -0.00247888 0.00636436 -0.00456688 0.0299237 -0.0195417 -0.043442 -0.0223378 -0.00947201 -0.0105264 0.00343864 0.0317609
internal_weight=2206.76 1638.89 939.815 759.018 525.632 306.146 699.074 167.083 567.876 233.386 146.276 54.8718 96.3284 180.797
internal_count=32748 14668 10012 8892 5222 3343 4656 2248 18080 3670 1743 1338 939 1120
is_linear=0
shrinkage=0.05


Tree=14
num_leaves=15
num_cat=0
split_feature=12 1 1 28 21 4 28 20 21 4 18 14 14 6
split_gain=507.132 144.57 63.76 47.1352 71.9521 34.4826 28.9037 33.016 27.1729 25.8357 22.5391 21.7516 20.6342 20.5975
threshold=13.797526881720433 5.5000000000000009 6.5000000000000009 0.13714733542319749 0.38972044904248299 19.600699300699304 0.075498575498575457 0.014599317988064752 0.43256237006237014 18.975998463901693 0.15949737897008942 0.95360185772074602 0.34423945013994001 86.500000000000014
decision_type=2 2 2 2 2 2 2 2 2 2 2 2 2 2
left_child=1 8 5 4 9 6 7 -2 -1 -4 13 -10 -5 -6
right_child=2 -3 3 12 10 -7 -8 -9 11 -11 -12 -13 -14 -15
leaf_value=0.031763830473850646 -0.0081965400056906376 -0.047639653848081755 -0.012732850906464642 -0.027966191109923738 -0.062824674316212706 0.034544854961508657 0.028280790487319647 0.033844949605917878 0.0042608769422954789 0.03842738384408325 -0.03045268054846282 -0.037534180834680297 0.036535653289249959 0.0091009000075594395
leaf_weight=55.998211592435837 172.31940066209063 517.16341020492837 32.538269777782261 13.150007353164254 10.345496791414915 488.16956934938207 222.12103435210884 62.932736762799323 97.208781480789185 96.027218107366934 173.96688584890217 44.677595423534513 114.85762077569962 80.144026933936402
leaf_count=296 1282 19283 762 152 183 1812 1075 280 743 713 3400 528 1195 1060
internal_value=0.000740864 -0.0337556 0.0175717 0.00351737 -0.0050785 0.0253042 0.0153875 0.00314571 0.00258676 0.025481 -0.019975 -0.00907025 0.0297441 0.000280978
internal_weight=2181.62 715.048 1466.57 521.03 393.022 945.543 457.373 235.252 197.885 128.565 264.456 141.886 128.008 90.4895
internal_count=32764 20850 11914 7465 6118 4449 2637 1562 1567 1475 4643 1271 1347 1243
is_linear=0
shrinkage=0.05


Tree=15
num_leaves=15
num_cat=0
split_feature=12 20 1 24 22 6 30 19 29 29 30 27 30 26
split_gain=450.923 82.8854 76.0429 64.1208 61.4285 41.4113 40.091 30.2549 27.7282 24.8733 23.9803 22.5912 22.3994 21.6727
threshold=13.050423728813561 0.0095695970695970512 5.5000000000000009 0.28869047619047622 17.500000000000004 84.500000000000014 298.50000000000006 0.1491882691804137 0.067816091954022953 0.16333333333333333 446.00000000000006 0.093073593073593072 909.00000000000011 0.088932806324110672
decision_type=2 2 2 2 2 2 2 2 2 2 2 2 2 2
left_child=2 3 -1 4 6 -6 -2 -3 13 11 -10 -7 -13 -9
right_child=1 7 -4 -5 5 9 -8 8 10 -11 -12 12 -14 -15
leaf_value=-0.0022491664351792255 0.016294524802048797 0.04072906515416224 -0.049204417826224311 0.032562752065784489 -0.043086487112761501 0.029881269006028013 -0.028173454206323036 0.039095267490855783 0.02100144129880448 -0.065826127624673464 -0.041521232872836884 0.014548862133930043 -0.022422952121079143 0.014500411875907374
leaf_weight=108.32035026699305 62.605995974969119 242.42203287826851 423.59119237982668 155.65769828669727 33.296518324874341 167.90863312920555 253.17611583252437 142.25207904190756 27.639462646096945 8.5161634534597379 32.207316228654236 166.66375848371536 53.252834582235664 244.68773863860406
leaf_count=1032 494 1346 17070 1109 567 1089 4942 835 190 120 504 1057 680 1807
internal_value=0.000143615 0.013475 -0.0396644 0.00348362 -0.00262413 0.00967375 -0.0193338 0.0265138 0.018727 0.0142034 -0.0127753 0.0161255 0.00553516 0.0236198
internal_weight=2122.2 1590.29 531.912 901.078 745.42 429.638 315.782 689.209 446.787 396.341 59.8468 387.825 219.917 386.94
internal_count=32842 14740 18102 10058 8949 3513 5436 4682 3336 2946 694 2826 1737 2642
is_linear=0
shrinkage=0.05


Tree=16
num_leaves=15
num_cat=0
split_feature=12 19 28 12 30 21 30 29 28 6 29 26 14 26
split_gain=463.425 60.729 74.1716 54.9122 68.9379 51.7454 41.8919 38.0327 32.6302 24.5928 28.087 26.3311 24.201 24.0918
threshold=13.975000000000003 0.16912242686890575 0.07275132275132272 12.013355629877372 323.50000000000006 0.29449472096530921 652.50000000000011 0.05131578947368421 0.16333333333333333 74.500000000000014 0.17519181585677748 0.18634259259259259 0.93676499951761549 0.10912698412698411
decision_type=2 2 2 2 2 2 2 2 2 2 2 2 2 2
left_child=3 9 5 -1 12 -3 13 -4 -6 -2 11 -11 -5 -7
right_child=1 2 7 4 8 6 -8 -9 -10 10 -12 -13 -14 -15
leaf_value=-0.047984914621845114 -0.016876512550214169 0.038320813472668885 0.028396617290601722 0.015931279926925217 -0.047124285960727194 0.018243012416247411 -0.045911612525876333 -0.0083480030219746128 0.010930016479983233 0.036882667885677928 -0.054005511615654284 0.013985977405175721 -0.029965547702298458 -0.021312059269379305
leaf_weight=332.41194104333408 29.361905348021537 42.104598524048924 318.29389547044411 120.49073527520522 172.40056759491563 65.794525334844366 100.46830777544528 89.851302274269983 27.741310601355508 467.20134963816963 9.0617335783317667 173.94719251268543 36.634946829872206 89.933721180306748
leaf_count=12568 256 255 2074 1320 6224 507 2030 1040 584 2662 124 1467 731 1017
internal_value=9.31867e-05 0.0167566 0.00647712 -0.0333704 -0.0196766 -0.0124497 -0.0209102 0.0203068 -0.0390631 0.0274174 0.0294405 0.0307021 0.00510829 -0.00459044
internal_weight=2075.7 1386.02 706.446 689.68 357.268 298.301 256.197 408.145 200.142 679.572 650.21 641.149 157.126 155.728
internal_count=32859 11432 6923 21427 8859 3809 3554 3114 6808 4509 4253 4129 2051 1524
is_linear=0
shrinkage=0.05


Tree=17
num_leaves=15
num_cat=0
split_feature=12 1 21 28 30 18 8 21 19 27 30 11 30 11
split_gain=411.904 100.056 60.755 86.0293 69.1218 38.1358 31.0854 26.0063 25.2508 25.0882 27.327 24.8268 24.3377 24.1104
threshold=13.841666666666669 7.5000000000000009 0.35329985652797707 0.078461538461538458 348.50000000000006 0.14483218916857357 49.500000000000007 0.34299719887955188 0.17731727235606373 0.097619047619047619 357.50000000000006 6.7007570489395993 1012.0000000000001 2.0966028131458949
decision_type=2 2 2 2 2 2 2 2 2 2 2 2 2 2
left_child=1 7 11 4 13 12 -5 -1 -7 -8 -11 -2 -6 -4
right_child=2 -3 3 6 5 8 9 -9 -10 10 -12 -13 -14 -15
leaf_value=0.03933967093401438 0.053987198105208127 -0.047477002698805948 -0.065556442207482302 -0.036923173030579889 0.021250765201858837 -0.014796239593518713 0.034170659132491767 -0.012518275256203465 -0.047915827712763738 0.036757723208359787 0.001466021894575965 0.024576243906011486 -0.042042134754025989 0.026543217984734503
leaf_weight=26.42450382001698 102.43664633948356 417.6421264486853 6.5512481192126861 20.564066065475345 71.608949842862785 125.8924812420737 301.66621333593503 204.21178650390357 107.11150535428897 79.57845759857446 172.07340557919815 247.46440538088791 18.231629505753517 138.11684557190165
leaf_count=132 408 18264 113 249 563 1584 2023 2547 2264 336 1620 1609 259 756
internal_value=-1.92957e-05 -0.0329071 0.0153175 0.00924405 -0.00667165 -0.0195258 0.0221988 -0.00643261 -0.030161 0.0244587 0.0127274 0.0333159 0.00808512 0.0219511
internal_weight=2039.57 648.278 1391.3 1041.39 467.513 322.845 573.882 230.636 233.004 553.318 251.652 349.901 89.8406 144.668
internal_count=32727 20943 11784 9767 5539 4670 4228 2679 3848 3979 1956 2017 822 869
is_linear=0
shrinkage=0.05


Tree=18
num_leaves=15
num_cat=0
split_feature=12 1 20 24 28 1 24 28 29 18 18 27 25 30
split_gain=376.12 89.4696 54.624 36.7464 55.0051 27.8258 19.8037 25.2339 17.7903 17.1757 16.1683 17.7878 15.7819 14.9809
threshold=13.935000000000002 4.5000000000000009 0.0095695970695970512 0.28869047619047622 0.13484848484848483 3.5000000000000004 0.18898809523809523 0.13714733542319749 0.10263157894736842 0.1822134387351779 0.15484574111334673 0.04880952380952381 0.15192307692307691 600.50000000000011
decision_type=2 2 2 2 2 2 2 2 2 2 2 2 2 2
left_child=1 8 3 4 5 13 7 9 12 -4 -7 -12 -1 -2
right_child=2 -3 6 -5 -6 10 -8 -9 -10 -11 11 -13 -14 -15
leaf_value=-0.018270308761387629 0.015720732360739842 -0.042893097304505141 0.01732538603205357 0.028757321184424187 0.021667029184837358 -0.00055825532260960658 0.036022731853104742 0.03848209433919525 -0.051555918107691584 -0.011956138474760399 0.0064534384484716033 -0.03655204774703491 0.017443799087632075 -0.01665297486632018
leaf_weight=44.304118017666042 110.01797866169363 483.22547770245001 166.05984661215916 133.97806362109259 193.9491144255735 66.92167158308439 258.52159163402393 99.908974437974393 13.724325947463511 70.694606628268957 28.47162250848487 144.64828084385954 96.808124393224716 51.755817205645144
leaf_count=388 537 20076 1243 892 1371 896 1438 558 198 673 361 2954 612 492
internal_value=-0.000804856 -0.032314 0.0143823 0.00520135 -0.000135324 -0.0106866 0.0256113 0.0175334 0.000765539 0.00856844 -0.0214547 -0.0294828 0.00618121 0.00532483
internal_weight=1962.99 638.062 1324.93 729.743 595.764 401.815 595.185 336.663 154.837 236.754 240.042 173.12 141.112 161.774
internal_count=32689 21274 11415 7503 6611 5240 3912 2474 1198 1916 4211 3315 1000 1029
is_linear=0
shrinkage=0.05


Tree=19
num_leaves=15
num_cat=0
split_feature=12 1 17 28 1 24 22 30 14 4 26 6 2 29
split_gain=340.439 65.827 63.4704 70.7128 44.6129 35.166 27.8196 23.605 31.4918 26.5029 21.0364 20.6822 18.3374 18.2177
threshold=13.294814814814815 3.5000000000000004 0.69362104039523409 0.13484848484848483 4.5000000000000009 0.20416666666666669 19.500000000000004 596.50000000000011 0.49527246089393401 18.73427610759494 0.18634259259259259 50.500000000000007 0.56654756347510238 0.11324786324786322
decision_type=2 2 2 2 2 2 2 2 2 2 2 2 2 2
left_child=1 -1 3 4 7 6 -6 9 -9 -2 13 -4 -8 -5
right_child=2 -3 11 10 5 -7 12 8 -10 -11 -12 -13 -14 -15
leaf_value=0.006835656831504635 -0.0070405166843617506 -0.042952378832775716 -0.053794823134746123 0.033295687568742648 -0.036633615429829319 0.0076533382114391136 -0.017199103700110754 -0.062217385339529502 0.0041125098207956809 0.028914551462906165 -0.0028532286159454858 0.032605594016484114 0.030686697878859311 -0.032171733507964713
leaf_weight=78.167260617017746 70.927934956038371 430.34158440574538 6.2031162194907656 272.05566932423972 167.65699054440483 124.67512585432269 63.370314820669591 21.081852548755705 93.819323820527643 180.63656099513173 55.332162105944008 339.621274915291 28.004061313346028 10.295644517056642
leaf_count=515 502 18630 83 1652 4289 1733 922 249 692 716 503 2057 200 142
internal_value=-0.000191451 -0.0353006 0.0122773 0.00633261 -0.00222606 -0.0141244 -0.0245954 0.0102366 -0.00848939 0.0187894 0.0252963 0.0309052 -0.00234992 0.0308034
internal_weight=1942.19 508.509 1433.68 1087.86 750.172 383.706 259.031 366.466 114.901 251.564 337.683 345.824 91.3744 282.351
internal_count=32885 19145 13740 11600 9303 7144 5411 2159 941 1218 2297 2140 1122 1794
is_linear=0
shrinkage=0.05


Tree=20
num_leaves=15
num_cat=0
split_feature=1 4 4 28 21 21 28 6 23 24 8 30 6 26
split_gain=225.701 91.906 67.841 40.9263 54.3558 36.2534 35.8764 34.2766 32.2458 25.9391 23.536 16.9718 20.5297 20.0505
threshold=10.500000000000002 19.066946778711486 19.600699300699304 0.088932806324110672 0.37161172161172168 0.43090185676392573 0.14907407407407408 100.50000000000001 0.47213622291021667 0.26201372997711675 300.50000000000006 215.50000000000003 123.50000000000001 0.10912698412698411
decision_type=2 2 2 2 2 2 2 2 2 2 2 2 2 2
left_child=2 -2 3 4 9 -4 8 -3 -7 -1 -5 -6 -13 -14
right_child=1 7 5 10 11 6 -8 -9 -10 -11 -12 12 13 -15
leaf_value=-0.0059117162573633746 -0.040857126990020406 -0.038553982059541039 0.038162883122174397 -0.067686481191682399 0.0014418008596748487 -0.019664829848315232 0.034981028746756543 0.010655467306369855 0.021704757257521329 0.035877750424672207 0.017529941541004814 -0.049619851841780645 0.0060665433887310176 -0.031236070941389017
leaf_weight=70.529789342544973 379.4524940547999 43.826448903884739 254.7806053981185 7.363401237409561 63.856110081542283 102.63341998541728 109.97430761251599 167.04133128072135 85.353070106357336 76.850840643513948 296.25323130073957 71.885418518213555 57.567611043341458 94.012156506069005
leaf_count=659 18123 1421 1089 174 808 848 425 2362 426 400 2319 1910 481 1314
internal_value=-0.000596469 -0.0261819 0.0111133 0.00118952 -0.00864194 0.0243429 0.0124375 0.00029415 -0.000865994 0.0159741 0.0152478 -0.0212803 -0.0277507 -0.0171222
internal_weight=1881.38 590.32 1291.06 738.319 434.702 552.741 297.961 210.868 187.986 147.381 303.617 287.321 223.465 151.58
internal_count=32759 21906 10853 8065 5572 2788 1699 3783 1274 1059 2493 4513 3705 1795
is_linear=0
shrinkage=0.05


Tree=21
num_leaves=15
num_cat=0
split_feature=12 12 30 8 17 28 21 29 29 15 30 26 27 29
split_gain=321.829 64.9343 69.5474 36.3807 35.4677 47.4266 25.0108 23.1742 21.7834 21.6695 20.9176 16.6617 13.8418 13.314
threshold=12.844874857792949 15.872921646746351 333.50000000000006 49.500000000000007 0.63903207331042389 0.067816091954022953 0.37161172161172168 0.10818713450292396 0.05131578947368421 3.7106112094261383 348.50000000000006 0.2752525252525253 0.05131578947368421 0.13484848484848483
decision_type=2 2 2 2 2 2 2 2 2 2 2 2 2 2
left_child=-1 2 -2 9 5 6 -5 -6 -4 -3 -8 13 -10 -7
right_child=1 3 8 4 7 11 10 -9 12 -11 -12 -13 -14 -15
leaf_value=-0.039813959018635159 0.019535166474692056 -0.046879062998945384 -0.0070229865790700082 0.014414486571815391 0.032617568409788168 0.025728355466345415 0.016247210276511416 -0.0052463898510130801 0.0014318806972208487 0.02040098965978026 -0.046555949864341861 -0.032919094488608948 -0.041399664035413314 -0.053208317456214821
leaf_weight=396.70060492528137 199.47574635106139 31.841627523303032 182.62914599617943 41.368127389810979 476.24221087922342 244.09015074605122 16.289104835595936 43.868858443340287 22.818865221226588 18.104174169711769 61.369149186648428 12.671286753611637 106.02893583849072 4.5576994474977246
leaf_count=17202 1485 549 3294 375 2914 1575 99 442 476 129 1191 123 2903 59
internal_value=6.72462e-05 0.0109133 -0.00345765 0.0186348 0.0209428 0.0093038 -0.0167633 0.02942 -0.0181981 -0.0225699 -0.0333437 0.0211956 -0.0338616 0.0240741
internal_weight=1858.06 1461.36 510.953 950.402 900.457 380.346 119.026 520.111 311.477 49.9458 77.6583 261.319 128.848 248.648
internal_count=32816 15614 8158 7456 6778 3422 1665 3356 6673 678 1290 1757 3379 1634
is_linear=0
shrinkage=0.05


Tree=22
num_leaves=15
num_cat=0
split_feature=12 20 26 21 1 29 28 24 28 6 30 6 25 28
split_gain=281.926 59.1513 38.4373 41.4579 37.3352 27.0951 23.3463 20.8561 23.1229 19.7748 16.697 15.9817 17.5206 15.8869
threshold=12.844874857792949 0.009756329716352501 0.13188405797101446 0.40336728919071874 3.5000000000000004 0.05131578947368421 0.081666666666666665 0.20416666666666669 0.15894736842105264 315.50000000000006 172.50000000000003 839.50000000000011 0.13484848484848483 0.13714733542319749
decision_type=2 2 2 2 2 2 2 2 2 2 2 2 2 2
left_child=4 2 5 9 -1 13 10 8 -3 -4 -5 12 -8 -2
right_child=1 7 3 6 -6 -7 11 -9 -10 -11 -12 -13 -14 -15
leaf_value=0.0050724058206940313 0.013132309654677453 0.008197483661988577 0.025745042255400769 0.027448362230518913 -0.043325807464406736 -0.0041716462215306482 -0.028993825764145734 0.034298533651437223 0.036958287896047506 -0.0072654207557912567 -0.041672863810502364 -0.058295215196451013 0.012389022979279542 0.039510472040461729
leaf_weight=44.893124314025044 151.12881682720035 293.34711025771685 93.113227126188576 8.762426389846949 340.19616127701011 142.07132518850267 36.169978707330301 225.52782091009431 91.114948865724728 86.923624267335981 116.95363759633619 12.334935849299653 81.007574086077511 92.360809966456145
leaf_count=328 1626 2897 862 39 16878 2062 529 1444 545 1069 2905 227 813 620
internal_value=0.000233552 0.0104582 0.00168803 -0.00848664 -0.0376851 0.0131666 -0.0214128 0.0222375 0.0150918 0.00985516 -0.0366765 -0.00642903 -0.000522148 0.0232588
internal_weight=1815.91 1430.82 820.826 435.265 385.089 385.561 255.229 609.99 384.462 180.037 125.716 129.512 117.178 243.49
internal_count=32844 15638 10752 6444 17206 4308 4513 4886 3442 1931 2944 1569 1342 2246
is_linear=0
shrinkage=0.05


Tree=23
num_leaves=15
num_cat=0
split_feature=12 12 30 1 3 30 21 22 30 21 29 1 8 29
split_gain=248.131 53.3541 43.5282 40.6437 31.7381 27.276 21.7657 25.2199 18.6967 17.2354 16.4674 14.9211 14.6814 13.6641
threshold=13.081829573934838 16.221498257839723 333.50000000000006 2.5000000000000004 28.500000000000004 477.50000000000006 0.26256313131313136 19.500000000000004 963.00000000000011 0.36523199023199021 0.064583333333333312 8.5000000000000018 49.500000000000007 0.042572463768115909
decision_type=2 2 2 2 2 2 2 2 2 2 2 2 2 2
left_child=3 2 -2 -1 12 -6 -7 8 -8 -5 11 -4 -3 -9
right_child=1 4 10 9 5 6 7 13 -10 -11 -12 -13 -14 -15
leaf_value=0.01346876426991203 0.016607793561403433 -0.04689401571277025 0.00086596384494715389 -0.0031395106978220171 0.033246251870888942 0.040383718983882905 0.0096200482762851623 0.03284831280545928 -0.018521564162186727 -0.042745110458679764 -0.034754177713300985 -0.024720098165330318 0.0023447107869450094 0.0078885759356427197
leaf_weight=39.446201483719051 176.92381887708325 23.804200140526518 164.8465909124352 30.019849920179695 259.00279967510141 64.84476370876655 149.5027437149547 123.22220772970468 96.106418392853811 344.741589591722 73.795164394308813 86.031009268481284 38.62165498919785 99.617901036050171
leaf_count=202 1287 491 1392 1098 1257 362 1289 830 1481 17072 2116 2880 414 812
internal_value=-0.000692792 0.00965439 -0.00328757 -0.0345162 0.0172444 0.0199505 0.0134431 0.00963576 -0.00142217 -0.0395893 -0.0141468 -0.00797132 -0.0168743 0.0217755
internal_weight=1770.53 1356.32 501.597 414.208 854.723 792.297 533.294 468.449 245.609 374.761 324.673 250.878 62.4259 222.84
internal_count=32983 14611 7675 18372 6936 6031 4774 4412 2770 18170 6388 4272 905 1642
is_linear=0
shrinkage=0.05


Tree=24
num_leaves=15
num_cat=0
split_feature=12 12 26 27 21 28 8 20 14 20 21 21 28 28
split_gain=237.145 54.7041 35.1504 28.043 27.6235 45.4697 25.1328 23.8265 23.153 22.0665 21.7822 21.4342 18.8936 18.2267
threshold=12.784400230680507 15.318385093167704 0.18634259259259259 0.04880952380952381 0.44387170675830473 0.14907407407407408 109.50000000000001 0.013245614035087701 0.40500290836527614 0.035346173867777157 0.30173704702006593 0.28642149929278643 0.16333333333333333 0.10172413793103446
decision_type=2 2 2 2 2 2 2 2 2 2 2 2 2 2
left_child=13 3 4 -2 -3 6 9 10 -8 -6 -5 -4 -12 -1
right_child=1 2 11 7 5 -7 8 -9 -10 -11 12 -13 -14 -15
leaf_value=-0.043429940188009691 0.023181056400018024 0.031696010996422545 0.025475975566508498 0.022836091947974903 -0.045270264323185615 0.032865152547893683 -0.031857135231273002 0.010291604697561726 0.014406016849404527 0.045053483444965098 -0.029931966584779531 -0.010268427423791679 0.0064839558510016429 -0.016821012170605491
leaf_weight=265.37757970800158 69.27432157471776 327.06912969774567 54.330836137756705 27.428399172844365 44.17581242066808 159.58189578936435 31.349775302689523 94.153655240312219 164.72752939467318 7.1242183092981568 201.4698771527037 172.3362026263494 42.836315931519493 87.227052425732836
leaf_count=13321 970 2152 324 230 615 999 389 1244 1553 23 4633 2233 496 3694
internal_value=-0.000336021 0.00892358 0.0155804 -0.0057744 0.0208888 0.0121467 -0.0012972 -0.0113048 0.00688513 -0.0321051 -0.0187981 -0.00162642 -0.0235464 -0.0369136
internal_weight=1748.46 1395.86 960.695 435.163 734.028 406.959 247.377 365.888 196.077 51.3 271.735 226.667 244.306 352.605
internal_count=32876 15861 8288 7573 5731 3579 2580 6603 1942 638 5359 2557 5129 17015
is_linear=0
shrinkage=0.05


Tree=25
num_leaves=15
num_cat=0
split_feature=12 12 28 1 8 6 26 1 29 12 15 17 28 0
split_gain=215.134 54.7461 30.6096 30.0673 27.3089 29.2978 23.6949 21.3091 21.1933 19.5345 18.7472 18.3738 27.332 15.876
threshold=12.52687123947052 15.466239316239319 0.16333333333333333 4.5000000000000009 49.500000000000007 1053.5000000000002 0.18634259259259259 5.5000000000000009 0.17519181585677748 19.318055555555556 3.7061769112253176 0.63958726168028501 0.07275132275132272 829.50000000000011
decision_type=2 2 2 2 2 2 2 2 2 2 2 2 2 2
left_child=7 2 3 -2 10 6 8 -1 11 -8 -3 12 -6 -5
right_child=1 4 -4 13 5 -7 9 -9 -10 -11 -12 -13 -14 -15
leaf_value=-0.0097129663977601876 0.0040341012255955015 -0.045022099795489129 0.022469968189182555 -0.0067337635955021652 -0.015491397848301737 -0.012461306917225948 -0.010427413887203738 -0.043336210403728488 -0.055793213825684709 0.021445737332045762 0.016988854577420082 0.033225898179655058 0.02458024074665436 -0.034173824281137827
leaf_weight=58.599002470262349 190.42351172794588 29.326464546145871 84.031215775525197 89.241599322878756 54.647964156232774 72.839236256666481 98.098918141331524 254.76983752264641 7.0620962386019519 92.455306364689022 19.673184369690716 372.4732306341175 182.50252377311699 129.89915887231473
leaf_count=727 1271 569 921 2900 751 1072 1186 14920 116 693 146 2365 1170 4129
internal_value=0.000335707 0.00860177 -0.00484865 -0.0104947 0.0157452 0.0177718 0.0205119 -0.0370997 0.0252679 0.0050684 -0.0202831 0.0262968 0.01532 -0.0230806
internal_weight=1736.04 1422.67 493.595 409.564 929.079 880.079 807.24 313.369 616.686 190.554 48.9996 609.624 237.15 219.141
internal_count=32936 17289 9221 8300 8068 7353 6281 15647 4402 1879 715 4286 1921 7029
is_linear=0
shrinkage=0.05


Tree=26
num_leaves=15
num_cat=0
split_feature=12 12 30 3 27 14 6 21 1 18 2 9 8 4
split_gain=203.733 53.4928 41.2048 28.3204 24.8611 24.0976 20.9416 20.8987 19.694 16.0116 14.9195 21.2402 13.6858 12.9522
threshold=12.784400230680507 17.378333333333334 384.50000000000006 28.500000000000004 0.05131578947368421 0.93676499951761549 1167.0000000000002 0.38972044904248299 7.5000000000000009 0.15919147224456962 0.68352842869802954 14.147364261398286 119.50000000000001 18.21010186757216
decision_type=2 2 2 2 2 2 2 2 2 2 2 2 2 2
left_child=8 2 5 12 -4 10 9 13 -1 -5 11 -2 -3 -6
right_child=1 3 4 6 7 -7 -8 -9 -10 -11 -12 -13 -14 -15
leaf_value=-0.014739065226712931 -0.039435996104606241 -0.033320098617006681 0.014198842554092209 0.032217752961724279 -0.022272451033132305 -0.021094870221018511 -0.012037834274098526 -0.026576655800010857 -0.042416795119957357 0.015814364398670202 0.03323379870422552 0.016665950720173513 0.016729384320396168 0.016510885047503799
leaf_weight=89.215390086639673 19.187254621647298 36.755287651438266 71.34329492575489 281.96444614697248 33.471610643202439 42.347457213327289 43.872614975785837 221.76315673801582 243.08791351132095 321.94997167517431 106.16746904607862 102.37534464127384 20.628814237657934 56.348360426258296
leaf_count=1669 184 613 1061 1674 729 529 620 5579 15325 2544 471 1155 220 576
internal_value=-2.11764e-05 0.00856939 -0.00174324 0.0181081 -0.0122784 0.0131841 0.021091 -0.0183669 -0.0350525 0.0235136 0.0196228 0.00756139 -0.0153496 0.00197209
internal_weight=1690.48 1358.18 653.004 705.171 382.926 270.078 647.787 311.583 332.303 603.914 227.73 121.563 57.3841 89.82
internal_count=32949 15955 10284 5671 7945 2339 4838 6884 16994 4218 1810 1339 833 1305
is_linear=0
shrinkage=0.05


Tree=27
num_leaves=15
num_cat=0
split_feature=12 12 30 29 8 21 28 21 28 24 29 22 24 28
split_gain=206.285 46.6894 37.6662 22.9626 23.0042 22.2205 22.0098 24.4739 17.2702 23.7661 16.3639 16.2577 16.5593 15.9347
threshold=13.050423728813561 18.198333333333334 314.50000000000006 0.093073593073593072 49.500000000000007 0.34299719887955188 0.16333333333333333 0.4377976190476191 0.1188235294117647 0.23669467787114842 0.04880952380952381 18.500000000000004 0.2124060150375939 0.046536796536796508
decision_type=2 2 2 2 2 2 2 2 2 2 2 2 2 2
left_child=5 2 -2 4 -3 -1 7 11 9 -6 13 12 -4 -9
right_child=1 3 6 -5 8 -7 -8 10 -10 -11 -12 -13 -14 -15
leaf_value=0.013768077789360459 0.020610391854027688 -0.012785119829867481 -0.021060660380472718 -0.0091469328524269432 0.0090297233837524638 -0.036222236640520988 0.015924766788626817 -0.046615396941952041 0.038991734316122371 0.036480250458333495 -0.038231826406510981 0.03921340415416838 0.0098312398084727144 -0.00032444569026524435
leaf_weight=23.324415185605176 180.70090785739012 40.169107118854299 76.791784577304497 59.647881792159751 208.15968745551072 330.36364755860996 92.331071781925857 22.466803706018254 174.93474108865485 126.86080102901906 94.538926872075535 24.058439454762265 97.145787080517039 89.535706500522792
leaf_count=765 1281 597 1564 701 1789 17278 977 659 1004 806 2637 162 1126 1454
internal_value=0.000870011 0.0101653 0.00112658 0.0201908 0.0233826 -0.032896 -0.00598645 -0.0110144 0.0262509 0.0195019 -0.0230119 0.00155367 -0.00384967 -0.00994038
internal_weight=1641.03 1287.34 677.569 609.772 550.124 353.688 496.869 404.537 509.955 335.02 206.541 197.996 173.938 112.003
internal_count=32800 14757 9860 4897 4196 18043 8579 7602 3599 2595 4750 2852 2690 2113
is_linear=0
shrinkage=0.05


Tree=28
num_leaves=15
num_cat=0
split_feature=12 1 19 22 30 24 29 9 21 8 3 16 21 25
split_gain=177.479 39.995 35.296 33.525 24.2959 17.3817 17.2587 15.2084 14.1954 14.013 16.9533 13.6606 14.1477 12.4449
threshold=13.935000000000002 8.5000000000000018 0.16912242686890575 19.500000000000004 780.50000000000011 0.38278388278388281 0.088932806324110672 15.72657833224199 0.25137362637362642 514.50000000000011 27.500000000000004 100.50000000000001 0.4377976190476191 0.17519181585677748
decision_type=2 2 2 2 2 2 2 2 2 2 2 2 2 2
left_child=1 5 7 4 -4 13 11 9 -6 10 -2 -5 -13 -1
right_child=2 -3 3 6 8 -7 -8 -9 -10 -11 -12 12 -14 -15
leaf_value=-0.02837010367272777 -0.020079625420066843 -0.038401480775216774 0.00029912252158271834 0.02409398460654523 0.036221150797196032 0.045493467349268679 -0.025680018496449426 -0.027218018532999894 -0.034362232201917552 -0.0094623175348844887 0.025133899220110729 0.048029404416197033 -0.033825018814398179 -0.0026930515205016866
leaf_weight=78.332602378213778 20.983228496508673 276.36995256447699 220.19017683551647 198.15776308672503 6.8995645525865248 12.568149112164972 22.341106688836589 16.086301695089787 94.002144853584468 34.80485537298955 465.73851612093858 6.0766474734991816 20.213200339581817 117.05189456488006
leaf_count=1516 344 17899 2603 1365 67 74 328 197 2231 492 3494 32 270 1765
internal_value=-0.000759229 -0.0259678 0.0102983 0.00159834 -0.00904149 -0.00933863 0.0154222 0.019468 -0.0292277 0.0209573 0.0231475 0.0196092 -0.0138385 -0.0130794
internal_weight=1589.82 484.323 1105.49 567.881 321.092 207.953 246.789 537.613 100.902 521.527 486.722 224.448 26.2898 195.384
internal_count=32677 21254 11423 6896 4901 3355 1995 4527 2298 4330 3838 1667 302 3281
is_linear=0
shrinkage=0.05


Tree=29
num_leaves=15
num_cat=0
split_feature=12 20 28 17 24 30 2 28 28 24 12 12 12 30
split_gain=160.169 47.8394 36.9249 49.3667 22.0621 19.1176 18.968 17.8252 17.0547 15.6594 17.691 15.0828 14.3085 14.2447
threshold=12.52687123947052 0.0093898783283371014 0.13484848484848483 0.69586530264279634 0.23303167420814477 190.50000000000003 0.79286399290385823 0.16333333333333333 0.039230769230769208 0.17519181585677748 21.114888010540188 14.88921487603306 20.466087811271301 495.50000000000006
decision_type=2 2 2 2 2 2 2 2 2 2 2 2 2 2
left_child=-1 2 3 4 5 -2 7 9 -7 10 -3 -10 -4 -5
right_child=1 6 12 13 -6 8 -8 -9 11 -11 -12 -13 -14 -15
leaf_value=-0.03404585405188422 0.031458372946235602 -0.015968945916127738 0.0079821392748773493 0.035607933090227903 0.0033293161385525246 -0.04306038360807625 0.032161551048161249 0.035501462354542546 -0.036303854741207786 0.018354044972675142 0.021003828616882922 -0.0066431713467807775 0.035069223362178686 0.0029212196658680127
leaf_weight=270.81918754632352 14.644946061540393 101.339619403705 142.49891154340003 66.130864175502211 111.37088698963635 93.285410926444456 186.9282971539069 68.300081753870472 64.613341225893237 155.98527457180899 46.340003599412739 125.31484792963602 73.781578025780618 66.587435317924246
leaf_count=15583 81 1831 1573 492 1566 2766 997 513 2236 1519 452 1950 456 752
internal_value=0.000901444 0.00810749 -7.77663e-05 -0.00704857 -0.0156372 -0.0227163 0.0191924 0.0126061 -0.0256185 0.00735687 -0.00430412 -0.016871 0.0173415 0.0193528
internal_weight=1587.94 1317.12 758.228 541.948 409.229 297.859 558.893 371.965 283.214 303.665 147.68 189.928 216.28 132.718
internal_count=32767 17184 11872 9843 8599 7033 5312 4315 6952 3802 2283 4186 2029 1244
is_linear=0
shrinkage=0.05


Tree=30
num_leaves=15
num_cat=0
split_feature=12 21 28 30 29 22 24 23 8 18 27 27 22 30
split_gain=158.318 43.0253 48.5142 34.4118 26.4201 23.8465 21.8748 21.8195 19.6546 14.4587 14.3849 14.2034 13.7715 21.5361
threshold=12.52687123947052 0.41103500761035011 0.08514492753623186 245.50000000000003 0.060661764705882353 18.500000000000004 0.29289215686274511 0.44222222222222224 67.500000000000014 0.16477052359405298 0.11651583710407236 0.12771739130434781 19.500000000000004 680.50000000000011
decision_type=2 2 2 2 2 2 2 2 2 2 2 2 2 2
left_child=-1 5 3 -3 8 6 10 11 -4 -9 -2 -5 13 -10
right_child=1 2 4 7 -6 -7 -8 9 12 -11 -12 -13 -14 -15
leaf_value=-0.035510038824111273 0.014974884229364238 0.02105019519942335 -0.043901781747107869 -0.019114299647197752 -0.015225129412647224 0.035460525545290132 0.027605334000701212 0.0061163264264401662 0.020454769540412667 -0.026715375125948928 -0.011919859465535389 -0.04879653515795121 0.029425623003786462 -0.015146708185941278
leaf_weight=262.15937571803806 94.11269559408538 60.319696850143373 12.065920528257264 94.252013022196479 78.224269019323401 149.93385166767985 124.82779577071778 92.915552195627242 141.001727098017 51.228436956880614 103.17489576165099 72.462473456631415 163.46435169642791 59.764267475344241
leaf_count=15753 1011 439 183 2305 1299 883 975 1158 1398 1211 1713 2461 1091 1073
internal_value=-0.000146156 0.00701958 0.000131125 -0.0132611 0.0110728 0.019043 0.0113151 -0.0199651 0.0165655 -0.00565565 0.00092064 -0.0322297 0.0186833 0.00983433
internal_weight=1559.91 1297.75 825.699 371.178 454.521 472.049 322.115 310.858 376.296 144.144 197.288 166.714 364.23 200.766
internal_count=32953 17200 12618 7574 5044 4582 3699 7135 3745 2369 2724 4766 3562 2471
is_linear=0
shrinkage=0.05


Tree=31
num_leaves=15
num_cat=0
split_feature=12 19 28 11 21 8 25 24 13 28 27 24 23 29
split_gain=131.582 38.3293 42.7971 28.194 20.8208 28.9293 18.3843 18.0313 17.0466 15.6397 15.5874 13.9818 13.3947 12.5091
threshold=12.784400230680507 0.1491882691804137 0.15894736842105264 7.1846759363985813 0.44387170675830473 98.500000000000014 0.27097902097902099 0.18634259259259259 3.5000000000000004 0.037749287749287708 0.11651583710407236 0.08514492753623186 0.49074074074074076 0.057189542483660101
decision_type=2 2 2 2 2 2 2 2 2 2 2 2 2 2
left_child=8 11 3 4 -3 -6 -7 9 -1 -5 -4 -2 -11 -12
right_child=1 2 10 7 5 6 -8 -9 -10 12 13 -13 -14 -15
leaf_value=0.0047249526298760967 -0.013385541842529332 0.028861287758289139 0.03121738961084396 -0.037823808830350643 -0.039506089311608553 0.024333266161645911 -0.035543126404520294 0.00039502240114020371 -0.035441631818664672 -0.017759185187589163 0.0097907373112463524 0.02367571803601886 0.015117748283331456 -0.053761165079728945
leaf_weight=29.208552506286651 27.075402767397463 87.48367738421075 131.79915169463493 81.262959531508386 36.637075036996976 67.771808886434883 14.830409122630952 192.45243560010567 255.03194649517536 176.67573245160747 62.018310670275241 311.19409263506532 36.719944785581902 7.8289013402536503
leaf_count=1178 369 626 1057 2305 651 638 161 2718 15802 3393 526 2832 502 156
internal_value=-0.000704699 0.00636649 0.000943033 -0.00495453 0.0104834 -0.00312804 0.0132865 -0.0115142 -0.031312 -0.0192676 0.0211599 0.0206786 -0.0120578 0.00200916
internal_weight=1517.99 1233.75 895.48 693.834 206.723 119.239 82.6022 487.111 284.24 294.659 201.646 338.269 213.396 69.8472
internal_count=32914 15934 12733 10994 2076 1450 799 8918 16980 6200 1739 3201 3895 682
is_linear=0
shrinkage=0.05


Tree=32
num_leaves=15
num_cat=0
split_feature=12 14 30 12 30 21 28 30 26 17 28 27 27 6
split_gain=140.734 30.5343 36.2683 24.2866 42.3154 24.0121 27.7192 24.5948 17.8468 15.5479 13.4347 12.2973 12.0016 14.8596
threshold=13.890035460992911 0.43765805864163937 531.00000000000011 11.396680440771354 248.50000000000003 0.26256313131313136 0.081666666666666665 1069.5000000000002 0.18634259259259259 0.66321160042964566 0.13188405797101446 0.097619047619047619 0.088932806324110672 76.500000000000014
decision_type=2 2 2 2 2 2 2 2 2 2 2 2 2 2
left_child=3 2 11 -1 -5 -3 7 9 12 -7 -6 -2 13 -8
right_child=1 5 -4 4 10 6 8 -9 -10 -11 -12 -13 -14 -15
leaf_value=-0.041951543930741179 0.0243348532530023 0.03892226705479708 -0.032212961079289011 0.013114311881931873 -0.033732197819240445 -0.0046972202049997041 -0.047566428304431238 -0.02563299983881543 -0.0017280356414574015 0.01812681532988266 -0.0036693151632234454 -0.0073093126696634307 0.01648892652558483 0.038891792536007962
leaf_weight=124.99012464680709 68.284053741022944 89.362924273125827 83.128784255357459 89.445127462502569 176.72393221093807 135.49956583394669 4.3281918864231548 66.210085715167224 71.097898209700361 164.15097156679258 47.320723678567447 54.475034187315032 165.37444398750085 147.13010368263349
leaf_count=8194 490 565 1385 1380 9875 2211 74 1533 837 1381 1634 459 1442 1188
internal_value=0.00038427 0.0103269 -0.00690956 -0.0233723 -0.0158549 0.014539 0.0116006 0.00171645 0.0208941 0.00782467 -0.0274271 0.010347 0.02596 0.0361253
internal_weight=1487.52 1049.04 205.888 438.48 313.49 843.154 753.791 365.861 387.931 299.651 224.045 122.759 316.833 151.458
internal_count=32648 11565 2334 21083 12889 9231 8666 5125 3541 3592 11509 949 2704 1262
is_linear=0
shrinkage=0.05


Tree=33
num_leaves=15
num_cat=0
split_feature=12 20 24 28 13 29 26 1 27 12 11 20 24 28
split_gain=121.881 41.6789 24.6741 35.8917 17.0421 16.6907 16.609 14.7508 12.9315 12 11.9604 11.9082 11.6183 13.8739
threshold=12.52687123947052 0.0099504950495049507 0.28869047619047622 0.1188235294117647 1.5000000000000002 0.067816091954022953 0.18634259259259259 2.5000000000000004 0.088932806324110672 18.654648318042813 6.6280738511941921 0.032697790449037756 0.18634259259259259 0.078461538461538458
decision_type=2 2 2 2 2 2 2 2 2 2 2 2 2 2
left_child=4 2 3 7 -1 12 8 10 -5 -8 -2 -7 13 -3
right_child=1 5 -4 6 -6 11 9 -9 -10 -11 -12 -13 -14 -15
leaf_value=0.029976761332520158 0.037830653293958773 -3.8177029300288904e-05 0.018696743101505733 0.031806595242673583 -0.034832414113610349 -0.014154665574469927 -0.033822174161152484 -0.021031925704111096 0.004494496714808934 0.018836502559959476 -0.0065922780221997768 0.044299298309210582 0.030420109517641371 0.023840836888841879
leaf_weight=9.8715619891881925 17.407535467296839 103.81375366903376 128.31246995355468 82.853513106587343 232.32486993103521 57.775812306208536 30.384975754423067 268.26954685105011 90.498234099592082 15.717591253109275 84.701759307645261 9.2414316823706013 191.08193233935162 145.8959443308413
leaf_count=326 91 1457 1254 860 15310 995 651 7313 986 139 718 92 1516 1160
internal_value=0.000258126 0.0066674 -0.00108797 -0.0054163 -0.0320785 0.0176157 0.0105769 -0.0148955 0.0176559 -0.0158507 0.00127437 -0.00556129 0.0211441 0.0139529
internal_weight=1468.15 1225.95 718.146 589.833 242.196 507.809 219.454 370.379 173.352 46.1026 102.109 67.0172 440.792 249.71
internal_count=32868 17232 12012 10758 15636 5220 2636 8122 1846 790 809 1087 4133 2617
is_linear=0
shrinkage=0.05


Tree=34
num_leaves=15
num_cat=0
split_feature=1 22 17 21 29 28 28 15 22 3 6 21 27 6
split_gain=83.9158 40.7791 42.4223 25.8611 22.9762 24.5293 20.2803 16.7446 15.1644 14.7742 14.1365 12.8417 11.1488 10.2005
threshold=13.500000000000002 19.500000000000004 0.69586530264279634 0.41707119741100329 0.11324786324786322 0.11651583710407236 0.10172413793103446 4.5539457359661517 14.500000000000002 27.500000000000004 100.50000000000001 0.44651525658807217 0.057189542483660101 413.50000000000006
decision_type=2 2 2 2 2 2 2 2 2 2 2 2 2 2
left_child=1 2 4 8 5 10 -5 9 -2 -3 -1 -9 -7 -12
right_child=3 7 -4 6 -6 12 -8 11 -10 -11 13 -13 -14 -15
leaf_value=-0.026404545539369509 -0.023253364019717671 -0.025531555257683736 0.022541703662276064 -0.038269424310885453 -0.038299755408291468 0.03054054462222161 -0.0091606849211060982 0.0234184435709862 0.016775507358377264 0.029301441660048305 0.0032376301744121887 -0.051609411289315066 0.0044480587591980798 -0.017087355712352977
leaf_weight=93.685593754053116 37.151504756708164 12.160629634046925 182.446812856826 175.61667559720809 46.446600938797928 56.822421547258273 91.67642421182245 9.4760546218603867 61.301170648774132 256.80574036564212 174.73094196722377 11.80663926899433 141.71972579299472 94.245661061489955
leaf_count=3084 2228 173 1624 11272 1403 514 3971 62 1176 1691 2134 123 1754 1758
internal_value=0.000354181 0.00736355 0.00146643 -0.0203138 -0.00488805 -0.00205961 -0.028357 0.0233562 0.00158852 0.0267369 -0.00978566 -0.0186517 0.0120313 -0.00392088
internal_weight=1446.09 1080.35 790.098 365.746 607.651 561.204 267.293 290.249 98.4527 268.966 362.662 21.2827 198.542 268.977
internal_count=32967 14320 12271 18647 10647 9244 15243 2049 3404 1864 6976 185 2268 3892
is_linear=0
shrinkage=0.05


Tree=35
num_leaves=15
num_cat=0
split_feature=12 1 20 26 9 15 2 29 30 27 29 12 21 27
split_gain=107.083 37.9643 19.7187 19.1975 17.3262 15.2986 18.7484 15.2544 17.4406 13.8206 12.7075 12.619 12.3754 11.4567
threshold=14.88921487603306 9.5000000000000018 0.010050505050505051 0.28285714285714292 9.1673702594856348 4.454089401362709 0.54209288249374099 0.093073593073593072 449.50000000000006 0.08514492753623186 0.13188405797101446 20.466087811271301 0.35329985652797707 0.12250000000000001
decision_type=2 2 2 2 2 2 2 2 2 2 2 2 2 2
left_child=1 5 3 4 -2 6 -1 8 -6 -9 -8 12 -10 -13
right_child=2 -3 -4 -5 7 -7 10 9 11 -11 -12 13 -14 -15
leaf_value=-0.015214913423955935 -0.027655933946654665 -0.030615234702960986 0.020339714914021999 -0.031751039955294963 0.030985322622277597 -0.04273229129780106 0.013097323349971442 0.0071050103166222719 0.022444447548817002 -0.043944693556624531 -0.054109357811845921 0.031742896128649029 -0.0099301835377267524 -0.004125080506446924
leaf_weight=134.11098977946676 31.244699910166673 253.85055551724508 372.10305984690785 32.1145040076226 106.40766306780279 23.377010219846852 152.75272365415003 30.886623473605141 38.202829923597164 21.92747985268943 6.3952855146490029 70.155527424998581 118.54583645786624 32.094099805690348
leaf_count=3134 565 18568 3228 611 804 333 1431 407 404 488 141 566 1832 297
internal_value=0.000506288 -0.016249 0.0117092 0.00501231 0.00770373 -0.00467136 -0.00150244 0.0104051 0.0140363 -0.0145127 0.0100756 0.00698059 -0.00194757 0.0205537
internal_weight=1424.17 570.487 853.682 481.579 449.465 316.636 293.259 418.22 365.406 52.8141 159.148 258.998 156.749 102.25
internal_count=32809 23607 9202 5974 5363 5039 4706 4798 3903 895 1572 3099 2236 863
is_linear=0
shrinkage=0.05


Tree=36
num_leaves=15
num_cat=0
split_feature=12 1 20 28 21 9 23 21 25 13 3 4 23 11
split_gain=100.416 36.2 24.5679 19.1151 20.3432 17.1708 21.9703 12.3446 14.3042 13.6871 12.606 12.1106 11.8127 11.7195
threshold=13.890035460992911 8.5000000000000018 0.0095695970695970512 0.14907407407407408 0.42237871674491395 9.6753276119773322 0.41042780748663105 0.42407773386034259 0.23669467787114842 7.5000000000000009 69.500000000000014 21.90230782578519 0.19139194139194138 6.654135656014593
decision_type=2 2 2 2 2 2 2 2 2 2 2 2 2 2
left_child=1 7 3 4 13 -6 11 10 9 -9 -1 -7 -5 -2
right_child=2 -3 -4 12 5 6 -8 8 -10 -11 -12 -13 -14 -15
leaf_value=0.028742694593686353 0.028181883156446749 -0.034718783124312966 0.017627853262090733 -0.013318507005328365 -0.059322618477218828 -0.032078933282226871 0.0090633169556096002 0.0013625932125225202 0.0069551873470417693 -0.039888393899806536 -0.033274109912947852 0.013997432945130589 0.023421483192630533 0.00056093286292906728
leaf_weight=39.775947593501769 50.202335352776572 215.96307492605411 433.2873744063545 25.837120848707855 18.576707274303772 90.500905142514966 83.842809922993183 31.296013738261536 57.479519378277473 54.93089682480786 9.36368151870556 16.304248265456408 123.93875257042237 153.80346470337827
leaf_count=415 385 17851 3973 267 465 2218 1107 484 872 1432 133 231 1001 2049
internal_value=0.00013014 -0.0207067 0.00869229 0.00179646 -0.00375542 -0.0146768 -0.0100397 -0.0049167 -0.0123025 -0.0250724 0.0164973 -0.0249806 0.0170373 0.00746229
internal_weight=1405.1 408.809 996.294 563.006 413.23 209.225 190.648 192.846 143.706 86.2269 49.1396 106.805 149.776 204.006
internal_count=32883 21187 11696 7723 6455 4021 3556 3336 2788 1916 548 2449 1268 2434
is_linear=0
shrinkage=0.05


Tree=37
num_leaves=15
num_cat=0
split_feature=12 29 21 28 14 30 3 23 11 24 30 12 3 24
split_gain=113.599 26.2942 23.2514 25.2652 20.8907 31.1804 18.3087 17.7472 13.2975 12.777 12.5256 20.2845 10.5267 10.1727
threshold=14.947291666666668 0.08514492753623186 0.34930196978389755 0.10172413793103446 0.46824758543985529 410.50000000000006 27.500000000000004 0.31414473684210531 7.0278561064215603 0.29289215686274511 184.50000000000003 11.340040485829961 69.500000000000014 0.31414473684210531
decision_type=2 2 2 2 2 2 2 2 2 2 2 2 2 2
left_child=2 4 9 10 5 -2 -6 -3 -8 -1 11 -4 -11 -10
right_child=1 7 3 -5 6 -7 8 -9 13 12 -12 -13 -14 -15
leaf_value=-0.010784825427986984 0.025125696313770748 -0.042252021060116697 -0.039919796863221363 -0.005399935265192001 -0.015691036860171502 -0.018118208847256911 0.032608750954495329 0.0025907263926367077 0.012178450810968307 0.053088838822693545 -0.034588003702080768 0.014524321650297543 -0.0082668905166843522 0.03622288915511146
leaf_weight=32.178924820269458 70.612772817024961 31.685778823681176 30.120115230791271 169.08116023015464 33.108049451373518 98.741410956368782 195.52309154905379 67.573572223656811 277.56252877949737 20.846995921689089 247.16180845035706 37.163521160837263 9.9240383557043952 51.867119876202196
leaf_count=990 516 641 1738 5448 572 1313 1472 895 3246 247 14710 475 159 390
internal_value=0.000357514 0.0120451 -0.0173125 -0.0210305 0.0153385 -4.58746e-05 0.019999 -0.0120027 0.0222754 0.0111289 -0.0293916 -0.0100758 0.0336635 0.0160623
internal_weight=1373.15 826.674 546.477 483.527 727.415 169.354 558.061 99.2594 524.953 62.95 314.445 67.2836 30.771 329.43
internal_count=32812 9045 23767 22371 7509 1829 5680 1536 5108 1396 16923 2213 406 3636
is_linear=0
shrinkage=0.05


Tree=38
num_leaves=15
num_cat=0
split_feature=4 8 21 6 26 20 29 21 30 14 19 14 26 26
split_gain=66.5289 37.5321 33.6775 32.5536 23.7138 20.5319 18.0128 15.842 14.952 20.5555 13.5771 11.6873 11.7928 11.0157
threshold=18.550872522922216 401.50000000000006 0.35329985652797707 123.50000000000001 0.18019480519480516 0.013986697965571152 0.093073593073593072 0.45729483282674771 355.50000000000006 0.95040783408456631 0.17574992574992573 0.308796040230084 0.088932806324110672 0.13188405797101446
decision_type=2 2 2 2 2 2 2 2 2 2 2 2 2 2
left_child=1 -1 -2 5 6 7 10 -4 9 -3 -5 -12 -13 -10
right_child=2 8 3 4 -6 -7 -8 -9 13 -11 11 12 -14 -15
leaf_value=-0.032606482850537098 0.026814373588061054 0.016937819668080258 0.0021603380460967813 0.029289654089902487 -0.013504484436604874 0.018633873771693382 -0.0157885659035631 -0.039128020615026515 -0.0001362966519374054 -0.034338027142250885 -0.030687654333732453 0.027649176404321865 0.001177700802090557 -0.023155886643549763
leaf_weight=182.11301713017747 190.57785637374036 113.76920910534682 32.149867403379176 155.49335011397488 92.426550783682615 29.653105504927225 42.552283579367213 81.82319502485916 93.338446189532988 22.594520936370827 15.799834235105662 75.532218008069322 93.648857851978391 116.29517628112808
leaf_count=12261 1323 2159 631 1332 1486 349 706 2608 2596 1187 178 682 999 4262
internal_value=-0.00050824 -0.0142992 0.00849365 0.00281964 0.00912221 -0.0179629 0.0146031 -0.0275638 -0.0045971 0.00825364 0.0184366 0.0092051 0.0130891 -0.0129558
internal_weight=1337.77 528.11 809.657 619.079 475.453 143.626 383.027 113.973 345.997 136.364 340.474 184.981 169.181 209.634
internal_count=32759 22465 10294 8971 5383 3588 3897 3239 10204 3346 3191 1859 1681 6858
is_linear=0
shrinkage=0.05


Tree=39
num_leaves=15
num_cat=0
split_feature=12 27 21 1 29 3 9 23 22 25 28 19 8 19
split_gain=71.7866 25.6085 27.0773 25.3582 21.8266 16.6975 16.5635 15.1326 18.0728 14.6711 14.2843 11.6611 10.7436 10.0581
threshold=13.975000000000003 0.097619047619047619 0.29449472096530921 9.5000000000000018 0.081666666666666665 28.500000000000004 13.747646441275444 0.54772727272727284 22.500000000000004 0.15192307692307691 0.10912698412698411 0.15643825301204822 484.50000000000006 0.1317235396182764
decision_type=2 2 2 2 2 2 2 2 2 2 2 2 2 2
left_child=3 5 6 9 7 -2 -3 8 -4 -1 11 -7 -12 -11
right_child=1 2 4 -5 -6 10 -8 -9 -10 13 12 -13 -14 -15
leaf_value=-0.024204757261668975 -0.020283132432494282 0.04862892741906763 -0.0091665560725737727 -0.030685649823521528 -0.040079285664617374 0.01945914545749941 0.00024559246404151977 0.029089765563490206 0.032076694642353146 0.051452545930922723 0.033874483260098696 -0.0023894042316466649 -0.001139903144384659 0.00031631054431955692
leaf_weight=67.135030376259238 28.95711175177712 39.48030479811132 282.39620093430858 192.63379785366124 40.738282296108082 150.27617493609432 31.435622684657574 34.614018954336643 28.329116689041257 9.420927462866528 157.5074899608735 102.08483279391658 25.347015220439062 124.67207130952738
leaf_count=1656 580 199 4121 17343 986 1513 339 302 232 85 1242 1499 340 2346
internal_value=7.34912e-05 0.00771201 -0.000692899 -0.0177658 -0.005926 0.0159706 0.0274832 -0.00179299 -0.00531553 -0.00530716 0.0184237 0.0106464 0.029041 0.00426325
internal_weight=1315.03 921.166 456.994 393.862 386.078 464.173 70.9159 345.339 310.725 201.228 435.216 252.361 182.855 134.093
internal_count=32783 11353 6179 21430 5641 5174 538 4655 4353 4087 4594 3012 1582 2431
is_linear=0
shrinkage=0.05


Tree=40
num_leaves=15
num_cat=0
split_feature=6 6 11 28 24 21 23 1 30 6 29 15 21 20
split_gain=53.1662 42.942 25.4194 24.062 27.4417 19.2331 15.1053 13.367 12.2465 10.4793 10.0764 9.83824 9.01042 8.53217
threshold=84.500000000000014 1053.5000000000002 6.5517220618161049 0.1188235294117647 0.18634259259259259 0.34930196978389755 0.38675213675213677 7.5000000000000009 345.50000000000006 26.500000000000004 0.12250000000000001 4.5841392325092123 0.36523199023199021 0.016530054644808705
decision_type=2 2 2 2 2 2 2 2 2 2 2 2 2 2
left_child=5 2 11 4 8 -1 -5 9 -4 -7 -6 -2 13 -10
right_child=1 -3 3 6 10 7 -8 -9 12 -11 -12 -13 -14 -15
leaf_value=0.020874497880442593 0.024737945950092793 -0.022930260977613526 0.0012781758456904052 0.0073427205484469793 0.011515692990025094 -0.059682798698713936 0.034283536334594002 -0.039128315231008619 -0.014352988601824636 -0.0077754855457447042 -0.03006248926028714 -0.036908357097740499 -0.028698666054642271 0.039182166980432261
leaf_weight=22.334729597321711 205.64535173738841 129.69567048980389 79.769620937528089 158.00661794177722 225.24209101754241 9.9987160470336658 77.141153678763658 110.28497416421305 28.439184551592916 88.200227118446492 14.626716908533124 5.8274599011056116 129.54278646694729 8.9611526378430408
leaf_count=442 1863 6394 1045 1983 3032 290 841 10243 484 1520 347 62 4110 83
internal_value=-0.000809097 0.00391932 0.0076714 0.00319158 -0.00315814 -0.022506 0.0162885 -0.0272307 -0.0148374 -0.0136091 0.00886606 0.0228735 -0.0224995 -0.000839595
internal_weight=1293.72 1062.9 933.202 721.729 486.582 230.819 235.148 208.484 246.713 98.1989 239.869 211.473 166.943 37.4003
internal_count=32739 20244 13850 11925 9101 12495 2824 12053 5722 1810 3379 1925 4677 567
is_linear=0
shrinkage=0.05


Tree=41
num_leaves=15
num_cat=0
split_feature=4 6 13 21 29 30 27 18 30 20 27 11 8 8
split_gain=51.9816 29.8373 28.9889 28.8589 19.7235 18.3348 16.2526 14.5461 12.2052 12.061 11.8814 11.6501 10.8032 9.91938
threshold=18.303898734177221 123.50000000000001 6.5000000000000009 0.46697819314641748 0.12250000000000001 316.50000000000006 0.097619047619047619 0.17749472414832682 1094.0000000000002 0.030848532910388502 0.064583333333333312 6.6280738511941921 295.50000000000006 185.50000000000003
decision_type=2 2 2 2 2 2 2 2 2 2 2 2 2 2
left_child=2 3 5 -2 6 -1 -3 11 -9 -5 -4 -8 -13 -10
right_child=1 4 10 9 -6 -7 7 8 13 -11 -12 12 -14 -15
leaf_value=0.015860185100448832 0.012394668723290231 0.021880407737043021 -0.0060637295362950608 -0.032741676871083022 -0.030401173038651037 -0.013526418693676507 0.033089311982884784 0.0016815221466525568 0.016577004211808924 0.030083213218395619 -0.032390203174499213 -0.015905560189027345 0.016485523896630862 -0.049516463514821411
leaf_weight=95.762284390861169 77.545505285728723 327.75576696265489 57.622504084836692 94.604325055610389 24.980621006339788 116.57147098251153 60.28579531237483 108.7254708976252 6.9157713577151325 7.5334423237945876 172.49838466924848 37.097579358844087 78.704058739356697 22.698616002453491
leaf_count=2151 1234 3132 2996 3322 566 3910 438 1338 85 56 11636 394 883 538
internal_value=0.000271927 0.00752688 -0.0135995 -0.0105156 0.0123946 -0.000260874 0.014104 0.00595433 -0.00615578 -0.0278611 -0.0258528 0.0154495 0.00606156 -0.0340445
internal_weight=1289.3 846.847 442.455 179.683 667.164 212.334 642.183 314.427 138.34 102.138 230.121 176.087 115.802 29.6144
internal_count=32679 11986 20693 4612 7374 6061 6808 3676 1961 3378 14632 1715 1277 623
is_linear=0
shrinkage=0.05


Tree=42
num_leaves=15
num_cat=0
split_feature=12 20 27 29 1 26 21 22 17 23 28 21 26 10
split_gain=74.9203 23.2155 18.6472 18.0256 14.1749 13.2053 12.9472 12.8736 12.1506 13.5868 12.0323 18.9792 13.9733 11.4591
threshold=13.050423728813561 0.010050505050505051 0.088932806324110672 0.093073593073593072 2.5000000000000004 0.067816091954022953 0.43503836317135552 24.500000000000004 0.65291950113378694 0.45643939393939398 0.14907407407407408 0.41445993031358891 0.17028985507246372 12.478684625771379
decision_type=2 2 2 2 2 2 2 2 2 2 2 2 2 2
left_child=4 2 10 7 -1 -3 -7 8 -4 -10 11 -2 -12 -8
right_child=1 5 3 -5 -6 6 13 -9 9 -11 12 -13 -14 -15
leaf_value=0.0088920642572947062 0.021488501806243423 0.028252999350722965 -0.013535187184903409 -0.042058704743221278 -0.028355362871201828 0.019985579265460365 -0.0089495307905323087 0.046472091935335018 -0.005581963436974112 0.031114108585325786 0.035884868899592616 -0.010652396278589578 -0.019745287176055129 0.023013243390001464
leaf_weight=28.422796307597309 79.466089771711268 135.44484223425388 185.74470469122753 33.114896205603145 219.46607400666107 143.90018728317227 111.98870317079127 11.276214472018181 70.515595961129293 38.066338281147182 64.872391611337662 106.06832477357239 12.95000819978304 36.300033042789437
leaf_count=191 891 1346 4015 992 17886 1296 1407 76 857 403 556 2112 194 578
internal_value=0.000555003 0.00649979 0.000167976 -0.00758169 -0.024066 0.0153933 0.00935613 -0.00372079 -0.00579463 0.00744937 0.0101262 0.00315524 0.0264947 -0.00102353
internal_weight=1277.6 1029.71 602.075 338.718 247.889 427.634 292.189 305.603 294.327 108.582 263.357 185.534 77.8224 148.289
internal_count=32800 14723 10096 6343 18077 4627 3281 5351 5275 1260 3753 3003 750 1985
is_linear=0
shrinkage=0.05


Tree=43
num_leaves=15
num_cat=0
split_feature=12 22 19 28 21 11 26 14 27 28 24 2 21 17
split_gain=61.4724 23.7167 25.7418 15.4192 22.1249 18.3275 15.4449 14.2553 12.5679 11.6065 12.7191 13.4868 10.7299 10.2605
threshold=12.576870882740449 18.500000000000004 0.14721362229102161 0.21583850931677012 0.43503836317135552 4.0629168900522297 0.13484848484848483 0.46093821042877936 0.060661764705882353 0.11651583710407236 0.17519181585677748 0.85656954508856697 0.36873433583959903 0.59914529914529924
decision_type=2 2 2 2 2 2 2 2 2 2 2 2 2 2
left_child=8 2 -2 4 -3 -6 13 -4 -1 10 11 -9 -10 -7
right_child=1 3 7 -5 5 6 -8 9 12 -11 -12 -13 -14 -15
leaf_value=-0.0013553791192159462 0.013706076242670506 0.025802843599201177 -0.026291322995767825 0.040548765305318098 -0.03280794920011823 -0.0065992719699239357 -0.010420073956480326 -0.032095812453030052 0.0072015506607421209 0.0087746533433703811 0.0017868511929325292 0.0070186481745357762 -0.036388354574640139 0.025098327458232608
leaf_weight=42.553995362890419 192.66666054393863 145.78247193433344 86.255645227676723 46.845451784553006 33.029240148840472 33.723362680990249 81.328203366952948 84.312003880622797 15.361106844211461 120.98515595635399 109.31577794929035 29.288931236835197 139.50944300022093 99.685624963371083
leaf_count=2803 2453 1094 1775 373 575 451 1136 3458 865 2066 2113 306 12257 1029
internal_value=7.8651e-05 0.00484237 -0.00143908 0.013709 0.0104195 0.0013008 0.00667491 -0.00823862 -0.0254712 -0.00364763 -0.0103987 -0.022038 -0.0320463 0.0170963
internal_weight=1260.64 1063.22 622.824 440.394 393.549 247.766 214.737 430.158 197.425 343.902 222.917 113.601 154.871 133.409
internal_count=32754 16829 12171 4658 4285 3191 2616 9718 15925 7943 5877 3764 13122 1480
is_linear=0
shrinkage=0.05


Tree=44
num_leaves=15
num_cat=0
split_feature=12 12 11 29 30 28 21 28 17 21 30 14 30 13
split_gain=62.4269 25.1901 20.3914 19.647 17.9297 17.3214 24.3647 14.2739 27.2938 11.746 10.0229 19.8025 11.5866 10.2469
threshold=14.947291666666668 11.340040485829961 3.1349094243706026 0.093073593073593072 202.00000000000003 0.08514492753623186 0.34680272108843541 0.037749287749287708 0.66804407713498637 0.4377976190476191 449.50000000000006 0.54768143730298158 842.00000000000011 28.500000000000004
decision_type=2 2 2 2 2 2 2 2 2 2 2 2 2 2
left_child=1 -1 9 7 -3 6 -6 8 -4 -2 -9 12 -12 -14
right_child=2 4 3 -5 5 -7 -8 10 -10 -11 11 -13 13 -15
leaf_value=-0.038040187236788814 0.0053017694336605602 0.016195996545497679 -0.022423252745024207 -0.014052782835122311 0.012730226339497325 0.0011709562021980423 -0.030097867620782565 0.029791457112728501 0.018276450660734782 -0.053279547891618179 0.005903112956988062 0.020844491080214828 -0.045653751266034659 0.027143959986632479
leaf_weight=86.900306859111879 14.676304430933667 61.536124484380707 70.068632668815553 69.760712043615058 40.607699021406006 133.49257956433576 170.03833815007238 133.1802559774369 96.994208821561188 18.978427971713245 61.951990134548396 247.92769956612028 23.69273971486837 5.3002467826008788
leaf_count=7832 118 820 1336 1294 818 4039 10349 1100 857 563 602 2717 433 42
internal_value=2.55241e-05 -0.0137601 0.00917673 0.0109942 -0.00847826 -0.0129245 -0.0218205 0.0137458 0.00117454 -0.0283173 0.018183 0.0135465 -0.00635913 -0.0318842
internal_weight=1235.11 492.575 742.531 708.876 405.675 344.139 210.646 639.116 167.063 33.6547 472.053 338.873 90.945 28.993
internal_count=32920 23858 9062 8381 16026 15206 11167 7087 2193 681 4894 3794 1077 475
is_linear=0
shrinkage=0.05


Tree=45
num_leaves=15
num_cat=0
split_feature=12 29 27 21 26 25 28 21 9 28 13 26 28 22
split_gain=52.14 22.799 21.0342 15.5739 22.1439 14.5729 12.7868 14.2513 17.2426 11.7637 10.7565 13.1929 10.1183 10.0992
threshold=12.704927536231885 0.12250000000000001 0.097619047619047619 0.32315462315462323 0.11651583710407236 0.18898809523809523 0.13484848484848483 0.42923898531375165 13.835072222417201 0.057189542483660101 3.5000000000000004 0.057189542483660101 0.039230769230769208 13.500000000000002
decision_type=2 2 2 2 2 2 2 2 2 2 2 2 2 2
left_child=10 2 6 13 5 -5 7 -2 -9 -6 -1 -12 -7 -4
right_child=1 -3 3 4 9 12 -8 8 -10 -11 11 -13 -14 -15
leaf_value=0.0069295806004008934 0.017651684926267973 -0.027562111232584598 -0.021812756405185721 0.021521030762240597 -0.0300305363646746 -0.044796373011946507 0.025522695783550382 -0.022294096338684254 0.010818721757446291 -0.0068723206890805759 0.0070595302889403218 -0.033238639485253511 0.0010448102466764041 0.024243010571356943
leaf_weight=24.785767027933616 174.48835348419379 52.956612536334433 13.261187252122907 91.64599586231634 86.811950897332281 14.067858968744984 146.56965815497097 66.313322273781523 93.56277564226184 148.24487393139862 23.014755505369976 153.79311052354751 59.640900727943517 76.389788981061429
leaf_count=1085 1843 1670 200 1071 2463 340 1399 1006 2044 2728 1458 13942 875 658
internal_value=-0.000499823 0.00408198 0.00583438 -0.00145685 -0.00568117 0.00830881 0.0132516 0.00781247 -0.002969 -0.0155162 -0.0236774 -0.0279829 -0.00818682 0.017265
internal_weight=1225.55 1023.95 970.997 490.063 400.412 165.355 480.934 334.364 159.876 235.057 201.594 176.808 73.7088 89.651
internal_count=32782 16297 14627 8335 7477 2286 6292 4893 3050 5191 16485 15400 1215 858
is_linear=0
shrinkage=0.05


Tree=46
num_leaves=15
num_cat=0
split_feature=12 27 13 14 30 29 3 24 12 30 8 15 24 21
split_gain=64.4019 22.7776 20.5491 20.3734 17.6615 16.0796 14.8447 14.3405 12.9986 14.869 11.9574 11.4739 11.2585 10.5035
threshold=15.318385093167704 0.064583333333333312 6.5000000000000009 0.43765805864163937 531.00000000000011 0.04880952380952381 26.500000000000004 0.23303167420814477 20.466087811271301 1248.5000000000002 293.50000000000006 3.6622713333647101 0.23303167420814477 0.34299719887955188
decision_type=2 2 2 2 2 2 2 2 2 2 2 2 2 2
left_child=1 5 -3 4 -2 -1 11 -4 9 10 12 -5 -8 -9
right_child=3 2 7 6 -6 -7 8 13 -10 -11 -12 -13 -14 -15
leaf_value=0.015954361922716511 0.007491244193441559 -0.0038266729192451623 -0.035657051661910098 -0.038909825780833067 -0.028549041762503554 -0.01623293893279135 -0.015902693849190269 0.027139932592410543 0.025117584699410583 -0.014974051984803212 0.021174656143440357 0.026489062038448776 0.0276415712401132 -0.021044840440251161
leaf_weight=86.665885858295951 79.026057000039145 115.56944324332289 191.57820695597911 21.610725884325806 58.239395197480917 68.621067125757691 50.065013498533517 15.859193153213708 211.65332709485665 52.863482522312552 171.44463311275467 8.7166967419907433 19.939019935205579 33.469592396402732
leaf_count=2461 752 4039 13023 509 1073 2948 511 277 2065 1129 1951 132 184 1755
internal_value=-0.000904785 -0.0142604 -0.0212061 0.00924876 -0.00789592 0.00171799 0.0136435 -0.0294932 0.0156874 0.00884358 0.0140985 -0.0198674 -0.0032855 -0.005322
internal_weight=1185.32 511.763 356.476 673.558 137.265 155.287 536.293 240.907 505.965 294.312 241.449 30.3274 70.004 49.3288
internal_count=32809 24503 19094 8306 1825 5409 6481 15055 5840 3775 2646 641 695 2032
is_linear=0
shrinkage=0.05


Tree=47
num_leaves=15
num_cat=0
split_feature=22 19 6 14 15 19 28 29 18 21 20 15 26 21
split_gain=41.4623 27.4598 22.8873 19.412 17.9644 15.4536 16.9551 14.1186 14.0286 13.3081 13.2111 12.5438 12.2661 12.1437
threshold=16.500000000000004 0.13614298323036181 100.50000000000001 0.95040783408456631 3.4915025002353413 0.17320512820512818 0.054093567251461951 0.05131578947368421 0.15266007532956685 0.44494949494949493 0.014599317988064752 4.6037085385153054 0.18019480519480516 0.38729838709677428
decision_type=2 2 2 2 2 2 2 2 2 2 2 2 2 2
left_child=1 12 4 -3 -2 -4 8 11 -7 -6 -11 -8 -1 -10
right_child=2 3 5 -5 9 6 7 -9 13 10 -12 -13 -14 -15
leaf_value=0.026521783601727234 -0.049568260471394274 -0.0087636657679741169 0.021073363480349244 -0.032429447416464689 0.026996962193991888 0.014220434600145618 0.022670043100076018 -0.009856789387546562 0.0047467591116404717 -0.028436477986704668 0.023864580753268527 -0.023555968567863687 -0.0087404715782040451 -0.045179419978620031
leaf_weight=61.45669573493069 24.149937878595665 271.20986687886762 270.44181231252151 127.14328588964418 26.984083707793616 27.302735348115675 161.95120042015333 57.17414862359874 17.709289916791022 44.339780639507808 15.600472288555464 15.322097514988853 40.103422116779257 36.799199882429093
leaf_count=1068 1263 9526 2689 10273 304 267 1670 1135 169 2064 214 154 1078 989
internal_value=0.000510294 -0.0104688 0.00837989 -0.0163794 -0.0123516 0.0123191 0.00479028 0.0116214 -0.0146896 -0.00156561 -0.014656 0.0185649 0.0126482 -0.0291656
internal_weight=1197.69 499.913 697.775 398.353 111.074 586.7 316.259 234.447 81.8112 86.9243 59.9403 177.273 101.56 54.5085
internal_count=32863 21945 10918 19799 3845 7073 4384 2959 1425 2582 2278 1824 2146 1158
is_linear=0
shrinkage=0.05


Tree=48
num_leaves=15
num_cat=0
split_feature=12 12 28 17 21 28 24 27 13 29 20 9 22 21
split_gain=43.1828 18.3941 15.5952 21.8888 14.9927 13.9456 18.2413 12.3386 13.6687 12.8452 11.6582 12.2338 11.5713 10.997
threshold=15.79455399061033 11.340040485829961 0.13714733542319749 0.61437177280550792 0.45084230875448777 0.16333333333333333 0.2124060150375939 0.070197044334975353 6.5000000000000009 0.04880952380952381 0.022100122100122053 6.5817079622275587 22.500000000000004 0.26256313131313136
decision_type=2 2 2 2 2 2 2 2 2 2 2 2 2 2
left_child=1 -1 3 4 12 6 7 9 -9 -3 11 -5 -2 -8
right_child=2 5 -4 10 -6 -7 13 8 -10 -11 -12 -13 -14 -15
leaf_value=-0.032951330811025782 -0.0088786068462074434 0.014366173223676244 0.021917011104108153 -0.044266224611619429 -0.036884341154050905 0.011681252663228715 0.041067335045613371 -0.0072152450452902432 -0.036416262604594921 -0.023863449200240073 0.028972754275884541 0.0073030373662870286 0.054519257344270058 -0.0012203215397913047
leaf_weight=78.207481297373306 38.0250416432973 47.72583401936572 160.95927918981761 10.97579119983129 47.792537982808426 82.555592865333892 16.845241003145929 63.062000249745324 111.83530275995145 39.037495267228223 61.938795505324379 295.72236822464038 7.8279531318694344 110.64795017300639
leaf_count=7824 685 1210 1486 312 1107 1541 179 2295 6769 1858 544 3445 39 3574
internal_value=-0.000441925 -0.0106441 0.00856263 0.00387558 -0.0175906 -0.00688382 -0.0108421 -0.0183762 -0.0259882 -0.00291043 0.00936151 0.00531967 0.0028772 0.00464313
internal_weight=1173.16 549.917 623.242 462.282 93.6455 471.709 389.154 261.661 174.897 86.7633 368.637 306.698 45.853 127.493
internal_count=32868 25250 7618 6132 1831 17426 15885 12132 9064 3068 4301 3757 724 3753
is_linear=0
shrinkage=0.05


Tree=49
num_leaves=15
num_cat=0
split_feature=12 12 6 26 27 21 29 3 28 28 21 26 27 6
split_gain=39.5573 18.0683 14.8953 14.0281 13.7983 12.3999 12.1584 12.3895 11.5489 9.9331 10.8304 9.38224 8.29286 7.98904
threshold=14.947291666666668 11.340040485829961 1205.0000000000002 0.18350168350168347 0.04880952380952381 0.33493589743589747 0.17519181585677748 27.500000000000004 0.16333333333333333 0.15192307692307691 0.58987179487179497 0.054093567251461951 0.097619047619047619 181.50000000000003
decision_type=2 2 2 2 2 2 2 2 2 2 2 2 2 2
left_child=1 -1 3 6 -3 -6 7 -2 11 10 -9 -7 -11 -10
right_child=2 4 -4 -5 5 8 -8 9 13 12 -12 -13 -14 -15
leaf_value=-0.034367714375374975 -0.014061648589319809 0.013901922622158436 -0.023158792942899603 -0.0043112526372626712 0.014364759036396689 0.0097167113061045474 -0.053662686229061431 0.013455007657841285 0.021514379392854305 0.038993515570884339 -0.028202481496906653 -0.023532198814155803 0.010987666333827462 -0.019309466508971421
leaf_weight=74.996531720214989 36.805228683981113 61.489585336763412 38.198168967617676 159.63416616513859 38.906095445854589 23.079057825380005 5.8542163469828656 330.13760835432913 31.110164277488366 70.891582320909947 15.458056065370327 207.29455617215717 43.437975517474115 18.181007744860835
leaf_count=7786 709 1941 907 2442 710 805 147 3638 661 571 256 11435 397 395
internal_value=-0.000634623 -0.0120973 0.00681925 0.00858076 -0.00762409 -0.0118095 0.012676 0.0135641 -0.015489 0.0158006 0.0115157 -0.0201737 0.0285406 0.006372
internal_weight=1155.47 455.057 700.417 662.219 380.06 318.571 502.585 496.73 279.665 459.925 345.596 230.374 114.33 49.2912
internal_count=32800 23733 9067 8160 15947 14006 5718 5571 13296 4862 3894 12240 968 1056
is_linear=0
shrinkage=0.05


Tree=50
num_leaves=15
num_cat=0
split_feature=12 29 24 13 27 20 23 8 12 8 2 30 24 18
split_gain=41.9563 15.6778 14.7397 14.426 12.9081 12.1837 11.144 11.0148 13.4002 10.186 9.278 9.06776 8.66047 8.63756
threshold=14.061007751937986 0.088932806324110672 0.38675213675213677 4.5000000000000009 0.064583333333333312 0.0095695970695970512 0.31414473684210531 67.500000000000014 20.466087811271301 210.50000000000003 0.31090713071134918 1341.0000000000002 0.26794871794871794 0.23420877659574468
decision_type=2 2 2 2 2 2 2 2 2 2 2 2 2 2
left_child=2 5 3 -1 -5 7 -3 -2 9 12 -7 -11 -9 -12
right_child=1 6 -4 4 -6 10 -8 8 -10 11 13 -13 -14 -15
leaf_value=0.0043666374735530913 -0.030128905043388277 -0.036965150945929441 0.0383237306397071 -0.0035292153682516636 -0.02827694989004529 -0.006981948236632742 -0.0004218871959361973 -0.052955303539946354 0.020169013895915133 0.0053454349249714254 0.021191784174003091 -0.026586248886940098 0.020309728236419446 -0.028183046997432938
leaf_weight=67.780399765644688 22.118812279193662 30.090245169005357 11.972156008356249 73.198942712624557 189.98182633431861 36.577771592186764 63.489000313915312 14.559023743495347 108.38393929274753 222.83127224107739 271.48395205079578 23.690553272143006 4.8393965349532655 8.3236136543564481
leaf_count=2581 474 852 309 3814 14832 563 1079 188 1071 3318 2630 844 39 104
internal_value=0.000480204 0.00670949 -0.0141445 -0.0161522 -0.0214332 0.00923724 -0.0124389 0.00338262 0.00543793 -0.000619249 0.0165392 0.00218181 -0.034578 0.0196279
internal_weight=1149.32 806.388 342.933 330.961 263.181 712.808 93.5792 396.423 374.304 265.92 316.385 246.522 19.3984 279.808
internal_count=32698 11162 21536 21227 18646 9231 1931 5934 5460 4389 3297 4162 227 2734
is_linear=0
shrinkage=0.05


Tree=51
num_leaves=15
num_cat=0
split_feature=12 28 21 27 26 9 28 24 14 20 24 9 28 14
split_gain=39.8079 23.091 31.1148 18.9451 14.2487 10.6185 10.0098 8.7312 10.1546 8.49734 8.03594 6.91626 6.53783 6.32588
threshold=11.340040485829961 0.16333333333333333 0.37161172161172168 0.088932806324110672 0.057189542483660101 15.732744016998049 0.075498575498575457 0.22902097902097898 0.46824758543985529 0.016530054644808705 0.088932806324110672 10.578458374623466 0.10172413793103446 0.6056307269057718
decision_type=2 2 2 2 2 2 2 2 2 2 2 2 2 2
left_child=-1 2 5 10 -5 7 -6 8 -2 12 13 -12 -10 -4
right_child=1 -3 3 4 6 -7 -8 -9 9 -11 11 -13 -14 -15
leaf_value=-0.036129896931970655 -0.028329958560946829 0.01773385286189811 -0.039549121744692266 0.00768129203849154 -0.02781951973396839 -0.043908155279870929 -0.0082054997611345805 0.022834007149032276 -0.0057809589307867247 0.039301709629512932 -0.019493767996590017 0.0098354570704851426 0.037808393802345804 -0.0033884959824880241
leaf_weight=71.751549395732582 19.072912024334073 192.0423265179852 16.324060065671802 54.274551469832659 168.01351978036109 6.9069614858599371 107.57272129022749 146.18245321628638 48.869845028326381 19.393841021461412 21.538781326962635 189.43992320250254 9.3977841881569457 40.7860890411539
leaf_count=7771 301 2596 477 1108 7756 146 2850 1584 957 209 377 4836 124 1575
internal_value=-0.000373096 0.00212661 -0.00142555 -0.00761539 -0.0156204 0.013361 -0.0202207 0.0151627 0.00345504 0.011522 0.00225559 0.00676341 0.00176872 -0.0142272
internal_weight=1111.57 1039.82 847.773 597.95 329.861 249.824 275.586 242.917 96.7344 77.6615 268.089 210.979 58.2676 57.1101
internal_count=32667 24896 22300 18979 11714 3321 10606 3175 1591 1290 7265 5213 1081 2052
is_linear=0
shrinkage=0.05


Tree=52
num_leaves=15
num_cat=0
split_feature=12 12 30 27 21 28 11 28 21 30 21 24 0 18
split_gain=36.2194 17.9791 14.4214 14.7915 13.9564 15.4221 13.539 11.1135 13.4399 11.3559 12.8455 10.7497 8.915 8.39497
threshold=15.79455399061033 11.340040485829961 196.50000000000003 0.04880952380952381 0.37567204301075274 0.093073593073593072 2.0966028131458949 0.1188235294117647 0.59197099892588623 483.00000000000006 0.35665362035225051 0.23303167420814477 787.50000000000011 0.1843382728666326
decision_type=2 2 2 2 2 2 2 2 2 2 2 2 2 2
left_child=1 -1 -3 -4 11 -6 -2 8 9 -8 -11 -5 -9 -7
right_child=6 2 3 4 5 13 7 12 -10 10 -12 -13 -14 -15
leaf_value=-0.033025436346150377 -0.045790986179520834 0.015978163724563055 0.011410349908126449 -0.016316594636716239 -0.030431216652707416 0.0064104741623544348 0.018269130219724622 -0.01260828401617207 -0.044299637531648221 0.013135498692592635 -0.0094026130863925916 0.023236272240272998 0.02268143179467642 -0.020214017581908085
leaf_weight=71.105487884196918 10.445857261423951 62.64406578883063 68.014039991074242 29.581959926465061 141.43931823072489 63.436282434791792 127.11329517536797 19.331016726791859 12.703347099828532 107.91570137324743 149.68735615571495 38.313191476045176 171.41660131094977 53.941717322042678
leaf_count=7811 432 795 1997 928 9577 1623 1309 212 254 1027 2775 562 1586 1942
internal_value=-0.00028108 -0.00981074 -0.00613748 -0.00967879 -0.0140905 -0.0193679 0.00813436 0.00916817 0.00438551 0.00610377 5.33913e-05 0.00601637 0.0190579 -0.00589236
internal_weight=1127.09 528.476 457.371 394.727 326.712 258.817 598.613 588.167 397.42 384.716 257.603 67.8952 190.748 117.378
internal_count=32830 25235 17424 16629 14632 13142 7595 7163 5365 5111 3802 1490 1798 3565
is_linear=0
shrinkage=0.05


Tree=53
num_leaves=15
num_cat=0
split_feature=12 14 14 30 6 28 19 28 19 9 30 30 30 20
split_gain=33.9392 16.6219 15.7407 14.5006 14.4483 12.8623 12.7233 14.202 11.3442 11.6971 9.12947 8.91216 8.71409 9.38672
threshold=13.145000000000001 1.1043331340667157 0.46824758543985529 531.00000000000011 100.50000000000001 0.07275132275132272 0.13259159085320879 0.17914438502673799 0.18832054560954811 15.744030577485209 202.00000000000003 659.50000000000011 312.00000000000006 0.023122159850307352
decision_type=2 2 2 2 2 2 2 2 2 2 2 2 2 2
left_child=1 6 3 -2 -4 8 -1 10 9 12 -8 -10 -6 -14
right_child=2 -3 4 -5 5 -7 7 -9 11 -11 -12 -13 13 -15
leaf_value=0.030716055397170944 0.0041338524025068867 -0.038003806826033944 -0.012859155507453169 -0.024463094148715989 0.030241870683723901 0.018244987422887278 -0.0006271601801941893 0.030123156070751184 0.0027491334107786394 -0.050495462712546818 -0.028191971116435906 -0.03156689620397015 0.0015525627273871518 0.031264335496537461
leaf_weight=18.045990286220331 105.9530341575155 62.585581150138751 69.167413794435561 74.922238163184375 46.864306218689308 314.96090576378629 46.888672854634933 16.207587618613616 41.284404631238431 6.981699203606694 82.816628772765398 33.70068833330879 164.12371386750601 30.748183981282637
leaf_count=661 1212 7216 1582 1807 475 3942 1518 660 831 141 8465 1328 2697 355
internal_value=0.000945481 -0.0162875 0.00535178 -0.00778096 0.00871389 0.0110667 -0.00781786 -0.0127602 0.00404761 0.00918403 -0.0183083 -0.012886 0.0111086 0.00637637
internal_weight=1115.25 226.544 888.707 180.875 707.831 638.664 163.959 145.913 323.703 248.718 129.705 74.9851 241.736 194.872
internal_count=32890 18520 14370 3019 11351 9769 11304 10643 5827 3668 9983 2159 3527 3052
is_linear=0
shrinkage=0.05


Tree=54
num_leaves=15
num_cat=0
split_feature=4 13 6 14 29 30 15 20 27 29 28 30 19 19
split_gain=36.6338 19.8665 19.6743 15.528 13.5647 11.5397 11.018 10.5231 9.32652 8.92505 8.34987 8.23045 7.61361 7.47353
threshold=18.321633825944176 6.5000000000000009 110.50000000000001 0.46824758543985529 0.10263157894736842 477.50000000000006 3.4266232332771698 0.0096620612397311009 0.044466403162055308 0.081666666666666665 0.16333333333333333 316.50000000000006 0.15815528921313182 0.13853769992383855
decision_type=2 2 2 2 2 2 2 2 2 2 2 2 2 2
left_child=1 9 6 5 13 -4 -2 -8 -3 10 11 -1 -7 -5
right_child=2 8 3 4 -6 12 7 -9 -10 -11 -12 -13 -14 -15
leaf_value=0.010871132573341533 -0.043479959949767791 -0.0015092518974578739 0.010302557799141134 0.029508859624947616 -0.015139598732957522 0.0065708295088017779 -0.017385986216868234 0.014595965622527416 -0.029762471242082152 -0.02658889242949046 0.024484168142476646 -0.014055217574835806 -0.030717885361827898 0.013469830784826884
leaf_weight=59.795398805523291 21.017861313011963 36.406740795995574 60.96029951039236 93.046821779105812 34.82156208640663 18.963472138741054 62.764848129067104 42.16418750473531 149.05574029358104 28.890630437934306 34.808040609816089 71.797010037640575 45.502218982495833 340.63988414185587
leaf_count=1435 1220 2093 597 935 808 239 2302 776 12699 1372 609 2714 857 4305
internal_value=-5.71032e-05 -0.0125808 0.00657511 0.0103806 0.0145572 -0.00521193 -0.0113112 -0.00451804 -0.0242541 -0.00142794 0.00307327 -0.00273215 -0.0198161 0.0169709
internal_weight=1100.63 380.754 719.881 593.934 468.508 125.426 125.947 104.929 185.462 195.291 166.4 131.592 64.4657 433.687
internal_count=32961 20922 12039 7741 6048 1693 4298 3078 14792 6130 4758 4149 1096 5240
is_linear=0
shrinkage=0.05


Tree=55
num_leaves=15
num_cat=0
split_feature=12 26 29 20 24 25 6 28 27 14 28 3 30 15
split_gain=28.4285 17.7968 15.5999 15.4774 11.3764 15.6217 12.112 11.9387 9.90256 9.25995 8.75391 9.41815 8.30711 8.01938
threshold=11.340040485829961 0.13188405797101446 0.05131578947368421 0.013245614035087701 0.23303167420814477 0.21583850931677012 55.500000000000007 0.037749287749287708 0.093073593073593072 0.60112414186600438 0.060661764705882353 26.500000000000004 273.50000000000006 4.1955311976117118
decision_type=2 2 2 2 2 2 2 2 2 2 2 2 2 2
left_child=-1 2 10 4 5 -3 -6 -7 -4 -8 -2 -12 -10 -11
right_child=1 3 8 -5 6 7 9 -9 12 13 11 -13 -14 -15
leaf_value=-0.03220783555015691 0.0036326409651021674 -0.025269251909972625 0.0062892686986113673 0.010399658019426831 -0.050702753872359133 -0.025608694546186774 -0.01370079791258399 0.011814792112518013 0.015200011052224696 0.028044514916337034 -0.015140340043839179 0.023414089863426309 -0.025400906396808028 -0.0060526462706648083
leaf_weight=64.887254587782081 120.7330805612728 162.9827166487521 104.57878359075403 122.21232069202233 8.7917093417490815 30.079421845031902 35.220964783569798 66.806372679944616 15.083425116725264 51.661732964683324 16.514316592540126 201.45217446528841 61.156230379332555 25.182480329531245
leaf_count=7794 2214 6337 2415 2638 632 1470 565 1661 293 900 539 2554 2360 387
internal_value=-0.000373613 0.00167615 0.00815905 -0.00502336 -0.00998841 -0.0158643 0.00267262 5.32741e-05 -0.00368688 0.00727141 0.0144754 0.0204372 -0.0172755 0.0169364
internal_weight=1087.34 1022.46 519.518 502.938 380.725 259.869 120.857 96.8858 180.818 112.065 338.7 217.966 76.2397 76.8442
internal_count=32759 24965 10375 14590 11952 9468 2484 3131 5068 1852 5307 3093 2653 1287
is_linear=0
shrinkage=0.05


Tree=56
num_leaves=15
num_cat=0
split_feature=12 12 30 26 8 14 30 19 21 13 27 28 12 8
split_gain=29.9497 14.3876 17.0014 12.2427 12.5603 11.0526 14.1918 13.3996 9.56594 11.8806 11.9085 9.11846 10.6931 12.0541
threshold=15.707265917602999 11.340040485829961 333.50000000000006 0.3550420168067227 24.500000000000004 0.33393680213323734 531.00000000000011 0.17257053291536054 0.36523199023199021 20.500000000000004 0.13714733542319749 0.13188405797101446 20.466087811271301 219.50000000000003
decision_type=2 2 2 2 2 2 2 2 2 2 2 2 2 2
left_child=1 -1 8 4 -2 6 7 -6 -3 10 -10 -7 13 -13
right_child=3 2 -4 -5 5 11 -8 -9 9 -11 -12 12 -14 -15
leaf_value=-0.03159474680963132 -0.049458473021692519 0.029912526148432463 -0.015270147411971522 -0.041662990794673421 0.044583443721812263 0.0074325091113200794 -0.034428454365743287 -0.01584397963282469 0.015592265763381101 -0.032491139133539078 -0.016099198223390239 -0.039276507258618303 0.037877609296266469 0.017407291956660041
leaf_weight=63.062709607620491 8.2806507471250352 30.935282903141342 228.58774790502503 11.537573966663329 15.693302022293208 358.80059409141541 30.406778908800334 19.543565358500928 93.009404693148099 23.041691809718031 42.360030240961351 9.7590359281748515 61.917957390891388 74.208067818777636
leaf_count=7776 427 405 12378 216 163 4762 565 206 2123 949 1420 80 533 766
internal_value=-0.000268529 -0.00951874 -0.00612019 0.00727416 0.00832017 0.00924416 -0.00994144 0.011556 0.00494825 -8.39593e-05 0.00562999 0.0117543 0.0222608 0.0104345
internal_weight=1071.14 480.997 417.934 590.148 578.61 570.329 65.6436 35.2369 189.346 158.411 135.369 504.686 145.885 83.9671
internal_count=32769 25051 17275 7718 7502 7075 934 369 4897 4492 3543 6141 1379 846
is_linear=0
shrinkage=0.05


Tree=57
num_leaves=15
num_cat=0
split_feature=12 14 30 11 28 15 12 30 8 21 30 8 21 23
split_gain=27.6698 15.8526 15.7925 15.0072 11.2404 9.57531 9.11453 11.3032 10.5364 9.21642 8.35388 8.28257 11.4363 8.2131
threshold=13.681666666666668 0.46824758543985529 477.50000000000006 8.9637652548689335 0.2124060150375939 3.3159361125977385 20.466087811271301 293.50000000000006 129.50000000000003 0.35665362035225051 154.50000000000003 289.50000000000006 0.31357916300848704 0.17914438502673799
decision_type=2 2 2 2 2 2 2 2 2 2 2 2 2 2
left_child=3 2 -2 4 -1 -3 7 -7 9 -8 -5 12 -9 -13
right_child=1 5 -4 10 -6 6 8 11 -10 -11 -12 13 -14 -15
leaf_value=-0.027977786047455763 0.0059264919530189752 -0.018467451696976136 -0.024665410540620988 0.03250208794318573 0.030521750233589114 0.025799049517348901 0.034266520327644968 0.039324695850546126 0.027628337681564738 -0.0076525276589489563 -0.0060337203403379594 -0.022690020839350629 -0.022053654613041249 0.0080077842344198086
leaf_weight=140.36189970813575 84.701494911802001 31.412714668433182 82.437662476790138 15.205660044215618 7.917176012415438 57.062274941708893 16.500390706583858 7.8124878089874974 117.83974365051836 51.368809503270313 105.43722485442413 22.719984373194166 56.493508932646364 271.65287535986863
leaf_count=14191 914 685 1864 224 427 584 107 65 1362 701 5607 526 847 4704
internal_value=-0.000227166 0.00443853 -0.00921924 -0.0140719 -0.0246707 0.0080544 0.00946795 0.00533112 0.0186508 0.00288843 -0.000949457 0.0020122 -0.0141089 0.0055697
internal_weight=1068.92 800.002 167.139 268.922 148.279 632.863 601.45 415.741 185.709 67.8692 120.643 358.679 64.306 294.373
internal_count=32808 12359 2778 20449 14618 9581 8896 6726 2170 808 5831 6142 912 5230
is_linear=0
shrinkage=0.05


Tree=58
num_leaves=15
num_cat=0
split_feature=28 24 19 21 21 22 15 13 0 22 28 21 14 26
split_gain=19.2136 29.0023 16.3163 13.7465 13.118 12.7954 13.2499 12.5652 12.3915 9.26438 8.35185 10.0705 8.15393 7.68048
threshold=0.07275132275132272 0.20942982456140347 0.16477052359405298 0.34930196978389755 0.44651525658807217 17.500000000000004 4.6216317488714953 8.5000000000000018 1303.5000000000002 22.500000000000004 0.037749287749287708 0.48342490842490843 1.0897508067524304 0.18898809523809523
decision_type=2 2 2 2 2 2 2 2 2 2 2 2 2 2
left_child=1 2 12 -3 9 7 8 -6 -7 -2 -4 -12 -1 -10
right_child=4 3 10 -5 5 6 -8 -9 13 -11 11 -13 -14 -15
leaf_value=0.0031239822750199616 0.015286284816958085 0.018889430866051497 -0.035130582473312875 -0.0048760097472831275 0.0064291849760207964 -0.0010298558965163422 -0.038853763972324568 -0.023469897763095514 0.028984313119667229 0.05393523550444887 0.0042868821050782392 -0.027915992493334055 -0.038766701679771906 -0.011122447940862533
leaf_weight=106.85177312610904 123.57473742720322 119.87155331682879 98.318127060425468 121.87252252845792 65.747378274914809 85.786710674525239 12.042137974873183 73.64561175351264 97.928751787170768 17.068703963421285 41.705599162261933 56.322269851778401 12.019998379080787 13.044051969540304
leaf_count=2650 2174 1446 7110 4292 2064 1793 156 4364 937 106 1234 3251 996 202
internal_value=0.000268541 -0.00607566 -0.0160461 0.00693762 0.00749451 0.00226885 0.0100813 -0.00942208 0.0132575 0.0203244 -0.0248611 -0.0143105 -0.00139996 0.0242128
internal_weight=1045.8 556.962 315.218 241.744 488.838 348.195 208.802 139.393 196.76 140.643 196.346 98.0279 118.872 110.973
internal_count=32775 20979 15241 5738 11796 9516 3088 6428 2932 2280 11595 4485 3646 1139
is_linear=0
shrinkage=0.05


Tree=59
num_leaves=15
num_cat=0
split_feature=4 15 28 19 29 26 21 6 17 25 30 29 27 14
split_gain=26.4225 17.7895 11.372 11.6029 9.27861 8.97542 9.6016 14.094 8.94208 7.93269 7.59902 9.72911 8.57161 8.91899
threshold=18.303898734177221 3.3159361125977385 0.16333333333333333 0.16405676535356004 0.18634259259259259 0.067816091954022953 0.41103500761035011 132.50000000000003 0.67403517342452379 0.12771739130434781 523.00000000000011 0.078461538461538458 0.097619047619047619 0.6056307269057718
decision_type=2 2 2 2 2 2 2 2 2 2 2 2 2 2
left_child=2 -2 3 -1 5 -3 -7 8 9 -8 -9 12 13 -12
right_child=1 4 -4 -5 -6 6 7 10 -10 -11 11 -13 -14 -15
leaf_value=-0.001378462877986267 -0.025208598461744631 0.018215240185175636 0.0081994777227081799 -0.022167121918776872 -0.052524806726370311 0.013732021530915926 -0.045511949720173472 0.017392278912178285 -0.069663355463400106 -0.0031770663162441846 -0.013483151179900827 -0.036493824172085278 -0.011134501804810451 0.029843879522873096
leaf_weight=103.8488271352835 41.589533226011554 179.0892731960048 64.80870108390809 189.50174611480907 5.2540630025905548 185.22652958665276 13.809856657695489 79.89296091941651 7.3330623820656902 44.448141049186233 16.272500920109451 16.83853657101281 51.631359425606206 38.623437091009691
leaf_count=4861 1373 2397 2010 13818 206 2183 757 964 274 1640 239 461 1092 502
internal_value=0.000315933 0.00610288 -0.0106577 -0.0148374 0.00817888 0.00876464 0.00500545 -0.00103541 -0.0210077 -0.0138111 0.0054809 -0.00231085 0.00338152 0.0169892
internal_weight=1038.17 680.009 358.159 293.351 638.42 633.166 454.076 268.85 65.5911 58.258 203.259 123.366 106.527 54.8959
internal_count=32777 12088 20689 18679 10715 10509 8112 5929 2671 2397 3258 2294 1833 741
is_linear=0
shrinkage=0.05


Tree=60
num_leaves=15
num_cat=0
split_feature=12 24 28 27 24 26 30 15 15 15 13 8 28 12
split_gain=28.0261 14.9708 13.8832 13.2812 10.4882 10.0159 9.32102 8.41799 7.92592 9.26988 9.15591 7.70245 7.59111 7.39811
threshold=14.947291666666668 0.32666666666666672 0.07275132275132272 0.057189542483660101 0.20942982456140347 0.067816091954022953 1062.5000000000002 3.6119450777081101 4.454089401362709 3.3159361125977385 25.500000000000004 152.50000000000003 0.18634259259259259 13.841666666666669
decision_type=2 2 2 2 2 2 2 2 2 2 2 2 2 2
left_child=3 2 6 -1 12 13 7 11 9 -4 -10 -2 -5 -6
right_child=1 -3 8 4 5 -7 -8 -9 10 -11 -12 -13 -14 -15
leaf_value=0.0057802147925136091 -0.041377637279166747 0.026949108558620552 -0.023924371689073461 -0.025132772851187198 0.048991114607492024 -0.0097252917869584139 -0.025384183634278325 0.0046257168364915507 0.00024818535375510046 0.016211678298825794 -0.064329618348099971 0.00029220459780900684 0.0039476848006376629 -0.019365106092603668
leaf_weight=93.592284027137794 20.610894733224995 75.348903965903446 14.425281225237994 190.16918262044783 13.278313993068879 77.055348312249407 46.40052020654548 158.36603503394872 38.297026098240167 242.16510170639958 5.4055545823648563 22.750623028026894 25.141828163905302 4.8490776066901153
leaf_count=3842 459 806 259 14887 382 3737 1405 2293 525 2833 54 459 851 77
internal_value=-0.000439839 0.00620226 0.00330794 -0.010683 -0.0156481 -0.00179729 -0.00543218 -0.000740331 0.0105238 0.0138711 -0.00899979 -0.0200008 -0.0217345 0.0306494
internal_weight=1027.86 623.77 548.421 404.086 310.494 95.1827 248.128 201.728 300.293 256.59 43.7026 43.3615 215.311 18.1274
internal_count=32869 9093 8287 23776 19934 4196 4616 3211 3671 3092 579 918 15738 459
is_linear=0
shrinkage=0.05


Tree=61
num_leaves=15
num_cat=0
split_feature=12 14 11 15 12 24 15 12 8 8 6 21 24 4
split_gain=27.7506 11.7766 10.7611 10.4255 9.75195 9.7661 7.90275 8.51132 15.9708 10.2872 10.0747 9.73997 9.67489 8.98682
threshold=13.975000000000003 0.34423945013994001 8.6952577276565606 4.3923529830720556 14.658333333333335 0.31698564593301443 3.3408952768318101 19.53166666666667 289.50000000000006 145.50000000000003 426.50000000000006 0.32799692622950821 0.23669467787114842 22.004587155963307
decision_type=2 2 2 2 2 2 2 2 2 2 2 2 2 2
left_child=2 -2 -1 6 -5 -6 -3 8 12 13 -10 -12 -8 -9
right_child=1 3 -4 4 5 -7 7 9 10 -11 11 -13 -14 -15
leaf_value=-0.023350827238128882 -0.012444036655255369 -0.012238361355569121 -0.0039505760029957772 -0.049174480927129449 -0.0061752043105539516 0.038258902858477967 -0.031436951684943711 -0.046700448597883401 0.019601344465505023 0.029916336755853947 -0.044334400708266261 0.0049892729036159836 0.015742216216902284 0.011797277782065884
leaf_weight=131.21315059662447 80.560112477629445 33.900960807455704 156.69256791248336 10.469907163293099 101.17025691550225 13.069168837275354 37.101792119909078 6.1343346934299907 155.32142611884046 116.35028675571084 10.880784997949375 62.655242565087974 14.487340331077574 83.8637700160034
leaf_count=13762 1367 825 7595 220 1519 149 597 86 2279 1402 208 1567 162 1003
internal_value=0.000266678 0.00547606 -0.0128425 0.00772866 -0.00522378 -0.000803989 0.0108349 0.0124635 0.00675431 0.0201529 0.0124206 -0.00280581 -0.0181406 0.00734065
internal_weight=1013.87 725.965 287.906 645.405 124.709 114.239 520.696 486.795 280.447 206.348 228.857 73.536 51.5891 89.9981
internal_count=32741 11384 21357 10017 1888 1668 8129 7304 4813 2491 4054 1775 759 1089
is_linear=0
shrinkage=0.05


Tree=62
num_leaves=15
num_cat=0
split_feature=6 6 21 12 8 14 30 28 9 30 27 14 21 11
split_gain=20.0211 18.4753 14.7315 13.7355 14.8322 11.9611 11.3188 10.9773 10.821 10.598 10.5684 9.15788 10.9906 8.76972
threshold=129.50000000000003 997.00000000000011 0.51869322152341024 20.024514504914894 289.50000000000006 0.65863549304723423 237.50000000000003 0.039230769230769208 13.924598721471726 1264.0000000000002 0.10620300751879695 0.82510764914711954 0.31843156843156845 10.587899479160798
decision_type=2 2 2 2 2 2 2 2 2 2 2 2 2 2
left_child=2 3 6 4 -2 -6 -1 -8 -5 -7 -4 -9 -13 -3
right_child=1 13 10 8 5 9 7 11 -10 -11 -12 12 -14 -15
leaf_value=0.021452506863157039 -0.019332199057871164 -0.020162267587513213 -0.01173590897944351 0.010882600620918829 -0.003560344543431323 0.01914955586457142 -0.027208649351539479 0.017716958416409089 0.036451475513386025 -0.010929688574937098 -0.043853894924405654 0.046790588446779177 -0.035189733064070937 0.01966542509165449
leaf_weight=38.276384749100544 63.860806845128536 94.141501703823451 59.046251101681264 139.83413739723619 165.21028769537224 179.91655819490552 49.300246881408384 42.043727020092774 58.655720613896847 34.260689248621929 45.67998163055745 4.1411387596745071 20.419793513661716 15.349565823329611
leaf_count=690 932 6041 3335 1593 3256 3735 3604 1185 757 945 4234 50 1791 621
internal_value=0.000311958 0.00444525 -0.0116519 0.00768679 0.00277641 0.0065389 -0.00178257 -0.00957357 0.0185833 0.0143095 -0.0260276 0.00368915 -0.0200775 -0.0144514
internal_weight=1010.14 751.229 258.908 641.738 443.248 379.388 154.181 115.905 198.49 214.177 104.726 66.6047 24.5609 109.491
internal_count=32769 17880 14889 11218 8868 7936 7320 6630 2350 4680 7569 3026 1841 6662
is_linear=0
shrinkage=0.05


Tree=63
num_leaves=15
num_cat=0
split_feature=6 29 19 6 14 21 28 20 27 4 30 27 8 25
split_gain=21.353 15.7321 15.9573 20.6171 15.3833 12.178 10.3495 13.168 9.64243 8.21572 7.12005 7.1948 7.59005 6.49813
threshold=123.50000000000001 0.16333333333333333 0.17574992574992573 856.50000000000011 0.32150485174358195 0.42923898531375165 0.040833333333333312 0.013986697965571152 0.10620300751879695 20.70051546391753 1094.0000000000002 0.05131578947368421 454.50000000000006 0.18634259259259259
decision_type=2 2 2 2 2 2 2 2 2 2 2 2 2 2
left_child=5 2 -2 4 -4 -1 7 -6 -7 10 -8 -12 -13 -10
right_child=1 -3 3 -5 6 8 9 -9 13 -11 11 12 -14 -15
leaf_value=0.0049924623116311692 0.011950883511373689 -0.044784324415310661 -0.033938337994205196 -0.027465283633548762 -0.029179837684180417 -0.0083977012579253257 0.0095803705182100369 0.03024965100693118 -0.044013423560131881 0.025953895357620826 0.031874769774109905 -0.056545290215873067 0.0067102153375919824 -0.016326535806366095
leaf_weight=68.072390711546177 383.98237687529763 15.282942294201346 24.531260454270523 67.201812899322249 35.618164829502348 93.618845507444348 124.36697827395983 11.605143619177396 47.317908515920863 65.881999276112765 4.5304105356335667 11.723690160899425 7.2513485059607765 41.008145009691361
leaf_count=2264 7146 877 499 4268 1336 5152 2396 217 4235 707 68 378 239 3026
internal_value=-0.000367252 0.00384325 0.00491138 -0.00276437 0.00312519 -0.012996 0.00672532 -0.0142506 -0.0197167 0.0114042 0.00479099 -0.0199064 -0.0332463 -0.0314856
internal_weight=1001.99 751.976 736.693 352.711 285.509 250.017 260.978 47.2233 181.945 213.754 147.872 23.5054 18.975 88.3261
internal_count=32808 18131 17254 10108 5840 14677 5341 1553 12413 3788 3081 685 617 7261
is_linear=0
shrinkage=0.05


Tree=64
num_leaves=15
num_cat=0
split_feature=12 20 28 26 19 8 28 29 23 24 23 25 22 25
split_gain=21.6987 14.3855 11.8695 10.9522 10.5687 9.92926 8.85824 8.82395 7.5042 6.89859 6.47772 5.74034 5.5054 5.84739
threshold=12.626825396825401 0.010050505050505051 0.22474747474747472 0.28285714285714292 0.20705187946567258 67.500000000000014 0.097619047619047619 0.16954022988505749 0.31414473684210531 0.21980676328502413 0.64142857142857157 0.10818713450292396 18.500000000000004 0.2124060150375939
decision_type=2 2 2 2 2 2 2 2 2 2 2 2 2 2
left_child=6 2 3 4 5 -2 10 -7 12 -8 -1 -10 -6 -14
right_child=1 -3 -4 -5 8 7 9 -9 11 -11 -12 -13 13 -15
leaf_value=-0.02843481251445042 -0.036892138345014883 0.010974610796029174 0.024830873491196073 -0.028553518928433344 -0.019226310096191808 0.0053462275415266216 -0.0090896437289803411 -0.05022831493248045 0.0094727578478501651 0.03760632471692324 0.02264422665485244 -0.044468212976794187 -0.032436100195975107 0.022446551202371059
leaf_weight=98.626762415631674 14.500630612252278 346.25389443547465 36.494774132734165 41.69001726800343 33.468068665679311 311.94613385465345 34.185090380749898 6.3149930473300619 5.5759004205465308 9.2044461310142633 5.8978824611112932 27.736035846930463 5.2642304205801365 21.301399746967945
leaf_count=11767 418 5062 461 1303 1282 6342 3381 332 142 570 399 957 106 266
internal_value=6.33193e-05 0.00314255 -0.00224613 -0.00440698 -0.00198318 0.0021986 -0.0175453 0.00408963 -0.0167558 0.00144024 -0.0253654 -0.0354264 -0.00598508 0.0107889
internal_weight=998.46 850.546 504.292 467.797 426.107 332.762 147.914 318.261 93.3456 43.3895 104.525 33.3119 60.0337 26.5656
internal_count=32788 16671 11609 11148 9845 7092 16117 6674 2753 3951 12166 1099 1654 372
is_linear=0
shrinkage=0.05


Tree=65
num_leaves=15
num_cat=0
split_feature=12 26 6 27 11 28 14 21 26 30 14 28 24 27
split_gain=26.0971 13.5068 10.2132 9.57545 8.5609 8.05879 9.11065 9.74013 9.0923 7.84358 11.5186 7.77188 7.75842 13.3292
threshold=15.466239316239319 0.07275132275132272 1028.5000000000002 0.11651583710407236 2.0966028131458949 0.13714733542319749 0.43765805864163937 0.45084230875448777 0.3550420168067227 491.00000000000006 1.0897508067524304 0.22474747474747472 0.21980676328502413 0.057189542483660101
decision_type=2 2 2 2 2 2 2 2 2 2 2 2 2 2
left_child=1 12 4 9 -2 6 7 -6 -8 10 -3 -4 13 -1
right_child=2 3 11 -5 5 -7 8 -9 -10 -11 -12 -13 -14 -15
leaf_value=0.025153276583678653 -0.040016257668651745 0.0071678425939365673 -0.02187846659045474 -0.02427546187733803 0.0041302477866107584 0.020288864472558343 0.010565213047661252 -0.035168614337126224 -0.048757942254480054 -0.023198030374600047 -0.034002319482382325 0.034062293066958925 0.027668117070590449 -0.016378030655132849
leaf_weight=27.948662582843099 7.9434188520535818 98.700979591929354 45.445049879956059 152.08916008644155 39.970430716057308 126.04587555746548 296.11626462300774 24.843843970447779 5.6281372932717195 50.67918270023074 19.478872428357136 6.2560220337472847 27.127104727434926 57.114618065941613
leaf_count=788 407 3586 1098 11214 552 1278 4063 512 116 2752 2317 57 748 3348
internal_value=-0.000826537 -0.0100021 0.00637505 -0.0152101 0.00856545 0.00942833 0.00564875 -0.0112388 0.00930132 -0.00695014 0.000153648 -0.0145915 0.00489949 -0.00259866
internal_weight=985.388 433.139 552.249 320.948 500.548 492.605 366.559 64.8143 301.744 168.859 118.18 51.7011 112.19 85.0633
internal_count=32836 24753 8083 19869 6928 6521 5243 1064 4179 8655 5903 1155 4884 4136
is_linear=0
shrinkage=0.05


Tree=66
num_leaves=15
num_cat=0
split_feature=12 22 24 13 2 15 28 17 30 15 10 27 21 30
split_gain=23.1271 12.3938 17.0561 13.846 11.7628 13.3385 11.6069 8.91352 8.77759 8.55925 7.84283 7.3508 8.61174 11.934
threshold=11.786869455006341 19.500000000000004 0.17914438502673799 24.500000000000004 0.47523471317327332 4.3923529830720556 0.05131578947368421 0.74050024050024066 807.00000000000011 3.3855683317623613 9.2632497255226038 0.12250000000000001 0.23836580086580081 556.50000000000011
decision_type=2 2 2 2 2 2 2 2 2 2 2 2 2 2
left_child=-1 2 3 6 9 -6 7 -2 -8 -3 -7 -4 -13 -14
right_child=1 4 11 -5 5 10 8 -9 -10 -11 -12 12 13 -15
leaf_value=-0.023809169783737032 -0.026284510803637397 -0.037127194318067977 0.014177778063008737 -0.03087394287820602 0.026167869713451045 -0.058534174085004345 0.007289185416540409 0.033140891257980316 -0.016288460975476843 0.0044782347352959996 0.003559571608327618 0.029596962461734447 0.0067048741462127671 -0.03121058059950696
leaf_weight=87.498948552354705 66.884926251688739 13.719490104820578 185.58023612189572 55.194957565749064 139.56918207020499 6.0113334823399809 172.18102610817004 6.1060016313567749 50.13942477083765 76.27832417038735 18.139304633950815 16.282377327035647 49.145593055727659 34.575166194961639
leaf_count=10992 3849 390 3677 1389 1400 62 4761 70 1999 1171 244 150 1275 1292
internal_value=0.000569241 0.00299052 -0.000740428 -0.00812053 0.0123105 0.0202533 -0.00377797 -0.0209326 0.00192265 -0.0022025 -0.013609 0.00831415 -0.00259988 -0.0091371
internal_weight=977.306 889.807 636.09 350.506 253.718 163.72 295.311 72.9909 222.32 89.9978 24.1506 285.583 100.003 83.7208
internal_count=32721 21729 18462 12068 3267 1706 10679 3919 6760 1561 306 6394 2717 2567
is_linear=0
shrinkage=0.05


Tree=67
num_leaves=15
num_cat=0
split_feature=12 28 24 14 30 29 3 14 30 28 25 21 6 19
split_gain=20.945 10.7279 10.5595 9.48937 14.1627 9.09385 9.04284 8.7403 8.79707 7.53717 6.93574 6.96978 7.01878 6.84018
threshold=14.658333333333335 0.08514492753623186 0.24500000000000002 0.46824758543985529 410.50000000000006 0.088932806324110672 86.500000000000014 0.7935580991228206 209.50000000000003 0.064583333333333312 0.20942982456140347 0.62328251458686246 168.50000000000003 0.15935616262665128
decision_type=2 2 2 2 2 2 2 2 2 2 2 2 2 2
left_child=1 2 7 4 -2 -5 -4 8 -1 -6 13 12 -12 -3
right_child=3 10 6 5 9 -7 -8 -9 -10 -11 11 -13 -14 -15
leaf_value=0.025349034122927772 0.014948798448988261 0.01627512886179187 0.0085526653501275564 0.01190464796045127 -0.035449405015601253 -0.010234512786665814 -0.049338255529188912 -0.032460185010869884 -0.018025868211211962 -0.0051453692217694608 0.037075245200041539 -0.022761137991457181 -0.00087012434006796056 -0.017142785928001111
leaf_weight=14.107282301061785 52.004672097391449 20.300973951467313 55.656681412161561 433.09966618864564 34.834102135559078 51.165576146740932 6.6584273716434828 91.93171069775417 51.410547090228647 48.96390018024249 30.092708007839974 9.5135669535666221 19.968042890570359 54.179114039085107
leaf_count=230 628 874 2378 6137 961 1186 296 10370 3390 765 880 456 911 3327
internal_value=0.000741838 -0.00895015 -0.0157256 0.00627772 -0.00537288 0.00954924 0.00168541 -0.0225837 -0.00844571 -0.018012 0.00219154 0.0147789 0.0222191 -0.00793915
internal_weight=973.887 353.819 219.765 620.068 135.803 484.265 62.3151 157.45 65.5178 83.798 134.054 59.5743 50.0608 74.4801
internal_count=32789 23112 16664 9677 2354 7323 2674 13990 3620 1726 6448 2247 1791 4201
is_linear=0
shrinkage=0.05


Tree=68
num_leaves=15
num_cat=0
split_feature=12 6 14 17 30 30 12 29 24 21 30 22 21 12
split_gain=19.9472 15.6661 12.305 9.57308 9.03348 7.55715 7.48488 7.22716 6.97605 8.53327 6.85502 8.71874 6.45022 6.42191
threshold=11.340040485829961 113.50000000000001 0.46824758543985529 0.61209259823332329 528.50000000000011 252.50000000000003 15.388333333333337 0.08514492753623186 0.34057971014492755 0.39415279556124627 196.50000000000003 22.500000000000004 0.47849213691026832 17.497232011747432
decision_type=2 2 2 2 2 2 2 2 2 2 2 2 2 2
left_child=-1 8 4 7 6 -5 -3 -4 10 -10 -2 -12 -13 -7
right_child=1 2 3 5 -6 13 -8 -9 9 -11 11 12 -14 -15
leaf_value=-0.029629630836809848 0.0062835818753672976 -0.025180404261195249 0.0011125818477838694 0.03363112524089646 -0.022733750392215035 0.0030024827943180322 0.0102183377749227 -0.035253101483974224 0.043007632772813255 -0.030699564419999804 -0.023728062993783168 0.039161109489806376 -0.015854572495367366 0.016155040621085203
leaf_weight=54.080078660976142 32.867433712235652 18.186354605713859 144.54551650417852 36.35967214970151 60.615882005542517 176.35285390514764 66.455704252002761 14.082550524675751 10.978076043073086 4.9897861062490838 123.84518181964813 9.5679724086076039 9.9226045305840653 196.21630301361438
leaf_count=7807 471 369 3386 548 1760 4252 748 573 128 207 9836 88 266 2400
internal_value=-0.000415564 0.00136099 0.00477801 0.00809982 -0.00816773 0.0121362 0.00240729 -0.00231648 -0.0112728 0.0195231 -0.014158 -0.0188564 0.0117459 0.00995408
internal_weight=959.066 904.986 712.815 567.557 145.258 408.929 84.6421 158.628 192.171 15.9679 176.203 143.336 19.4906 372.569
internal_count=32839 25032 14036 11159 2877 7200 1117 3959 10996 335 10661 10190 354 6652
is_linear=0
shrinkage=0.05


Tree=69
num_leaves=15
num_cat=0
split_feature=22 24 28 19 13 11 20 9 11 30 25 27 25 14
split_gain=19.7737 19.2437 11.3835 10.5048 10.2229 8.08802 7.88421 10.507 8.41692 9.8778 6.73977 6.09983 6.05131 6.01547
threshold=17.500000000000004 0.15192307692307691 0.16333333333333333 0.12922201138519923 3.5000000000000004 8.5275407706117274 0.033520599250936305 9.6753276119773322 6.7270313776312847 609.00000000000011 0.36602870813397131 0.25543478260869573 0.16333333333333333 0.11117244988382412
decision_type=2 2 2 2 2 2 2 2 2 2 2 2 2 2
left_child=1 4 6 -3 -1 12 7 10 -9 -10 11 -2 -5 -4
right_child=2 3 13 5 -6 -7 -8 8 9 -11 -12 -13 -14 -15
leaf_value=0.0044864545675868776 -0.037096572431540187 0.018559133334730579 -0.053131731180726866 -0.033872792738610456 -0.023222531781183862 0.0026300481778026795 0.033120636929266783 0.014692993302728255 0.0076589005098231765 -0.015846088101518507 0.039834728420043666 0.0320969427879889 -0.0047227141670448079 0.022700093417327927
leaf_weight=39.990261497441679 31.365630886051804 65.047969011357054 1.7615360496565688 31.494688181657693 189.29545155230153 143.94638861063868 18.493629225762561 106.71501851605717 97.822379278106382 80.662344921933254 2.8870223474223158 2.7702487520873538 40.22805664507905 104.12468865280971
leaf_count=1631 677 1354 17 2437 12847 4402 163 1329 1865 2192 34 23 2602 1230
internal_value=-0.000958301 -0.00767829 0.00671567 0.00110613 -0.0183912 -0.00421924 0.00224261 0.000373415 0.00365304 -0.00299278 -0.0243222 -0.0307276 -0.0178128 0.0209533
internal_weight=956.605 510.003 446.602 280.717 229.286 215.669 340.716 322.223 285.2 178.485 37.0229 34.1359 71.7227 105.886
internal_count=32803 25273 7530 10795 14478 9441 6283 6120 5386 4057 734 700 5039 1247
is_linear=0
shrinkage=0.05


Tree=70
num_leaves=15
num_cat=0
split_feature=6 28 24 29 19 15 15 1 2 21 28 21 0 26
split_gain=14.6062 13.1475 18.7914 13.0803 10.5129 10.4248 9.0905 8.59131 8.47227 8.00038 7.76286 10.5654 7.49925 6.89716
threshold=25.500000000000004 0.037749287749287708 0.18898809523809523 0.05131578947368421 0.17195900537634409 3.3551334028558859 4.401675670432569 6.5000000000000009 0.79286399290385823 0.37567204301075274 0.18898809523809523 0.61715261360651441 1428.5000000000002 0.097619047619047619
decision_type=2 2 2 2 2 2 2 2 2 2 2 2 2 2
left_child=-1 2 4 5 7 12 8 -2 10 -4 11 13 -3 -7
right_child=1 3 9 -5 -6 6 -8 -9 -10 -11 -12 -13 -14 -15
leaf_value=-0.033187990600332555 0.0081395148045075149 -0.027669677914934472 0.014766076276979413 -0.0043021591342944842 -0.035640999943332155 0.022473101115502381 -0.0039839251259495174 -0.029484813555804037 0.030647883743871042 -0.0090506540931941607 0.029320081486890366 -0.03759396340066265 0.039475123453720153 0.0036148288978873574
leaf_weight=28.955782141827513 38.32831059070304 25.332394639699491 86.804340384434909 205.44154931404046 61.838296381814871 74.779565053875558 66.225156218453776 23.781052462902153 77.795916228787974 58.055788344878238 51.131443908205256 11.163278402353169 4.0308804791420689 135.96203546710603
leaf_count=4221 518 900 1469 7344 5138 1375 1207 1920 798 2643 861 562 36 3848
internal_value=0.00117393 0.00228947 -0.00699809 0.00612423 -0.0212102 0.0109213 0.0129562 -0.0065054 0.0161562 0.0052244 0.0119303 0.00780975 -0.0174558 0.010381
internal_weight=949.626 920.67 268.808 651.862 123.948 446.421 417.057 62.1094 350.832 144.86 273.036 221.905 29.3633 210.742
internal_count=32840 28619 11688 16931 7576 9587 8651 2438 7444 4112 6646 5785 936 5223
is_linear=0
shrinkage=0.05


Tree=71
num_leaves=15
num_cat=0
split_feature=19 28 28 20 9 26 25 26 18 25 20 22 12 26
split_gain=14.8176 23.9357 9.04446 8.91866 12.3621 10.3512 7.87432 13.3045 7.06536 7.004 6.70263 6.69574 6.37194 6.28238
threshold=0.16428133306072376 0.037749287749287708 0.20416666666666669 0.033803085126642506 10.990181469922979 0.18019480519480516 0.23669467787114842 0.11651583710407236 0.15285947712418302 0.20344827586206898 0.030457637600494702 13.500000000000002 14.445000000000002 0.15192307692307691
decision_type=2 2 2 2 2 2 2 2 2 2 2 2 2 2
left_child=3 10 6 4 -1 13 7 8 -3 -9 -2 -8 -11 -6
right_child=1 2 -4 -5 5 -7 11 9 -10 12 -12 -13 -14 -15
leaf_value=-0.02313498775045739 -0.02611345806129229 0.022731559432237987 0.017296561732496565 0.036785945092414028 0.010977310382106146 -0.0038735293588341262 -0.032241578779147698 -0.023262069042438206 -0.005245858789949806 -0.027629185639941968 0.030870622204949322 0.0092537765033452006 0.026013337095856983 0.033415279660365026
leaf_weight=32.762286592507735 125.51206601363083 37.336856138892472 66.464542481175158 23.686766454949975 164.95478046260541 106.37916387009318 9.4800440660328587 113.69641769572627 54.153108987316955 7.6377181700372629 4.569654928520321 137.97529113350902 14.549360925215295 38.124691320292186
leaf_count=504 8953 849 1194 313 3803 3708 857 5313 1906 576 168 3555 266 819
internal_value=-0.000102932 -0.00513086 0.000440772 0.00774091 0.00562924 0.00873921 -0.00258616 -0.00840775 0.00629399 -0.0182801 -0.0238914 0.00638679 0.00715216 0.0153328
internal_weight=937.283 571.375 441.293 365.908 342.221 309.459 374.829 227.373 91.49 135.883 130.082 147.455 22.1871 203.079
internal_count=32784 23637 14516 9147 8834 8330 13322 8910 2755 6155 9121 4412 842 4622
is_linear=0
shrinkage=0.05


Tree=72
num_leaves=15
num_cat=0
split_feature=12 8 29 13 15 2 28 24 30 21 23 21 18 25
split_gain=16.581 14.5603 10.8686 10.6041 9.46095 8.93405 7.67602 11.1412 7.5503 7.62121 7.60578 9.60911 7.48256 7.29936
threshold=19.53166666666667 263.50000000000006 0.081666666666666665 27.500000000000004 4.4864397808003771 0.55276321297071451 0.08514492753623186 0.14907407407407408 716.50000000000011 0.3828473863934857 0.43614130434782611 0.36523199023199021 0.12262799856784816 0.37797619047619052
decision_type=2 2 2 2 2 2 2 2 2 2 2 2 2 2
left_child=1 12 6 -2 5 -5 7 -3 9 -8 13 -12 -1 -10
right_child=3 2 -4 4 -6 -7 8 -9 10 -11 11 -13 -14 -15
leaf_value=0.03380858500666039 0.019902421268976522 -0.016809331839074106 -0.019100182739755601 -0.0066471280552491104 -0.061937355149056732 0.021116122640224048 0.045128592608180869 0.003061039389642699 -0.023538638568858523 0.009345072504201855 -0.071166321122885665 0.032849201188484847 -0.033717460968503567 0.043581739520820811
leaf_weight=3.6540240957692722 134.69579665153287 117.48329891050525 82.522094331303379 83.975035888841376 4.8953926376998416 42.994679449824616 15.772504114895126 173.73392145936668 42.906005904369522 142.25683817017125 1.5996015407145048 16.062013556598686 52.464270773532917 3.5441563334316006
leaf_count=68 2018 7957 5739 1411 58 443 275 6421 1121 4387 19 293 2438 65
internal_value=-0.000393669 -0.00468866 -0.00237293 0.01009 -7.43555e-06 0.00284565 0.000347873 -0.00498519 0.00733029 0.0131779 -0.0070644 0.0201199 -0.0288057 -0.0176068
internal_weight=918.56 651.999 595.88 266.561 131.865 126.97 513.358 291.217 222.141 158.029 64.1118 17.6616 56.1183 46.4502
internal_count=32713 28783 26277 3930 1912 1854 20538 14378 6160 4662 1498 312 2506 1186
is_linear=0
shrinkage=0.05


Tree=73
num_leaves=15
num_cat=0
split_feature=28 21 22 24 29 6 16 16 22 16 18 6 24 20
split_gain=15.8966 14.6881 11.6258 9.45851 8.78487 8.59628 7.96299 7.72992 8.91049 7.69241 7.47328 7.03695 6.93774 8.68134
threshold=0.037749287749287708 0.37161172161172168 19.500000000000004 0.17914438502673799 0.042572463768115909 493.50000000000006 66.500000000000014 61.500000000000007 17.500000000000004 101.50000000000001 0.14777667984189721 56.500000000000007 0.22902097902097898 0.019900990099009901
decision_type=2 2 2 2 2 2 2 2 2 2 2 2 2 2
left_child=1 12 3 5 9 7 11 -2 -9 -4 -3 -5 13 -1
right_child=2 10 4 6 -6 -7 -8 8 -10 -11 -12 -13 -14 -15
leaf_value=-0.023590687772623492 0.024911299810890589 -0.0027330006387929233 0.027535144603861136 -0.047996327323702181 0.0027631461421496399 -0.021179375025926341 0.0021437564117473317 -0.013438540771308505 0.008954157562977778 -0.015820983304769803 -0.026564628142467364 0.029506492568555261 0.013063906541024557 0.03563507788467124
leaf_weight=32.190169935900485 25.047233401244739 47.072684921266045 106.21503658022266 2.2254171227104953 90.983007384464145 66.059043953602668 120.22897044212732 106.58337781579758 74.775454029353568 10.66622492589522 110.17572377201577 50.128453772340436 73.679007951926906 6.6738734593382096
leaf_count=1070 888 1969 1193 322 1402 3170 3097 5672 1802 186 9145 1550 1221 142
internal_value=0.000517666 -0.00967034 0.00473583 0.000168238 0.0144676 -0.00562652 0.00929642 -0.000570802 -0.00420741 0.023478 -0.0194929 0.0253742 0.00410487 -0.0127814
internal_weight=922.704 269.791 652.912 445.048 207.864 272.465 172.583 206.406 181.359 116.881 157.248 52.3539 112.543 38.864
internal_count=32829 13547 19282 16501 2781 11532 4969 8362 7474 1379 11114 1872 2433 1212
is_linear=0
shrinkage=0.05


Tree=74
num_leaves=15
num_cat=0
split_feature=21 26 27 29 27 8 23 12 6 6 11 15 30 16
split_gain=14.922 20.1978 15.8126 7.64458 8.45213 7.38668 8.5268 8.05175 7.35293 8.13348 7.2008 6.77698 6.76791 6.58891
threshold=0.3782135794330917 0.13188405797101446 0.13714733542319749 0.04880952380952381 0.088932806324110672 109.50000000000001 0.37797619047619052 11.030410958904111 62.500000000000007 618.50000000000011 10.052236918100746 4.4123998214651303 215.50000000000003 68.500000000000014
decision_type=2 2 2 2 2 2 2 2 2 2 2 2 2 2
left_child=-1 3 8 5 -5 6 -2 -7 -3 12 -4 -9 -10 -13
right_child=1 2 10 4 -6 7 -8 11 9 -11 -12 13 -14 -15
leaf_value=0.010490013422290095 0.02016723785046878 -0.028976681884430477 -0.037601704802741741 0.0051084209060247958 -0.018680345763929605 -0.031356380066480526 -0.039164648300815057 0.01816790830344411 0.034120462385493419 -0.021152815166509145 -0.003922286204093752 0.022724607407106318 -0.00033517478661290582 -0.027368702381993432
leaf_weight=231.50613208056893 9.0644380743615347 28.972533366671996 74.746241213084431 85.707478151249234 64.725189255943405 9.124675446219042 14.686830072314477 170.01005496397556 15.072328712791203 42.486730064090807 20.393806350009982 9.5531880813650805 125.66639105626382 16.581926478538662
leaf_count=4244 104 3288 5770 2880 3522 1230 308 3957 193 2347 1114 200 3421 229
internal_value=-0.000460921 -0.00416218 -0.0136685 0.00355317 -0.00518271 0.00928892 -0.0166213 0.012353 -0.00601521 -0.00224685 -0.0304982 0.0145351 0.00356953 -0.00889539
internal_weight=918.298 686.792 307.338 379.454 150.433 229.021 23.7513 205.27 212.198 183.225 95.14 196.145 140.739 26.1351
internal_count=32807 28563 16133 12430 6402 6028 412 5616 9249 5961 6884 4386 3614 429
is_linear=0
shrinkage=0.05


Tree=75
num_leaves=15
num_cat=0
split_feature=19 28 21 21 2 14 28 21 15 15 10 21 8 6
split_gain=14.8053 13.9896 14.0303 11.1212 9.82518 9.418 8.7284 9.31554 7.8312 6.56607 7.18188 6.82237 6.36746 6.06323
threshold=0.16912242686890575 0.037749287749287708 0.45341085271317833 0.29449472096530921 0.80929649971644435 0.6631944743042516 0.13188405797101446 0.57919331037875066 3.4266232332771698 4.2701613816058686 11.147333005607182 0.34930196978389755 179.50000000000003 100.50000000000001
decision_type=2 2 2 2 2 2 2 2 2 2 2 2 2 2
left_child=4 3 8 -2 5 -1 7 -4 -3 -6 11 -11 -10 -7
right_child=1 2 6 -5 9 13 -8 -9 12 10 -12 -13 -14 -15
leaf_value=-0.0095044268508864081 0.016178707424412461 -0.028223115004348653 -0.0083740774271693769 -0.027817428537501021 0.031948052882075716 -0.0065886331727917141 0.0017788356978014894 -0.0383686803995981 0.042321751360422141 0.018179751154851504 0.021055158269257662 -0.036425528185964028 0.011508955400895922 0.014283663057433489
leaf_weight=106.06531317185727 16.237109935726039 8.8463412546261662 109.826654431934 94.219190291463747 54.673396033467725 45.633799309507594 145.93706335942261 33.230942758716992 21.332808335777372 8.8589481230592373 36.901523601729423 13.014458019286392 72.674070067834691 139.03598156286171
leaf_count=2173 315 307 5140 8196 547 3387 3645 2493 192 83 526 154 1860 3809
internal_value=9.47885e-05 -0.00563236 -0.00118343 -0.0212629 0.00720861 0.00231504 -0.00682802 -0.0155595 0.0145896 0.0196196 0.00780882 -0.0144819 0.0188731 0.0091182
internal_weight=906.488 502.304 391.848 110.456 404.183 290.735 288.995 143.058 102.853 113.448 58.7749 21.8734 94.0069 184.67
internal_count=32827 22148 13637 8511 10679 9369 11278 7633 2359 1310 763 237 2052 7196
is_linear=0
shrinkage=0.05


Tree=76
num_leaves=15
num_cat=0
split_feature=12 29 11 30 26 13 29 8 2 19 9 19 28 30
split_gain=16.1768 11.1441 9.08046 9.50937 7.94885 7.85053 6.99591 6.91151 8.14459 6.51177 7.29805 8.63287 7.09318 9.77377
threshold=14.88921487603306 0.093073593073593072 8.9637652548689335 332.50000000000006 0.30602006688963218 1.5000000000000002 0.05131578947368421 510.50000000000006 0.58946377242541392 0.17673086933888596 10.578458374623466 0.13447187141216993 0.054093567251461951 823.50000000000011
decision_type=2 2 2 2 2 2 2 2 2 2 2 2 2 2
left_child=2 4 5 -4 9 -1 7 8 -5 10 11 -2 13 -11
right_child=1 -3 3 6 -6 -7 -8 -9 -10 12 -12 -13 -14 -15
leaf_value=0.030940771568788612 -0.049468419983124054 -0.015627974429407419 0.011114702266141002 -0.0094903710346382411 -0.020632738740399028 -0.019641307800608972 -0.025506718811002246 -0.028652265161906949 0.027520456711860344 0.0019133389746179758 0.018727835258831951 0.0082470775588734373 0.0088982794960873121 -0.043698736805482627
leaf_weight=7.2484168329974628 7.6776958920527241 50.991073007695377 94.390939974400681 31.67547809809912 21.158285135868937 136.52378534754098 44.416297005460365 16.010476255847607 26.406954391859472 39.286275813938119 222.13940115796868 24.763409811537713 166.83759923977777 15.705828569945878
leaf_count=214 111 1420 2309 2132 508 15013 3069 610 338 780 2930 398 2457 622
internal_value=0.00104343 0.00642868 -0.00723386 -0.00066114 0.00871587 -0.0168951 -0.010055 -0.000575809 0.00751745 0.0100598 0.0155024 -0.00648301 0.00377204 -0.0116613
internal_weight=905.232 548.56 356.672 212.9 497.568 143.772 118.509 74.0929 58.0824 476.41 254.581 32.4411 221.83 54.9921
internal_count=32911 9226 23685 8458 7806 15227 6149 3080 2470 7298 3439 509 3859 1402
is_linear=0
shrinkage=0.05


Tree=77
num_leaves=15
num_cat=0
split_feature=28 21 29 22 8 15 16 24 6 23 17 15 21 8
split_gain=15.7304 15.9886 8.84562 10.8355 7.88652 7.8118 7.3327 6.87607 7.37352 6.60953 6.59216 6.47375 7.05497 7.35178
threshold=0.037749287749287708 0.37567204301075274 0.08514492753623186 15.500000000000002 376.50000000000006 3.3159361125977385 58.500000000000007 0.19615384615384618 104.50000000000001 0.31414473684210531 0.66804407713498637 4.1780879718623654 0.44387170675830473 98.500000000000014
decision_type=2 2 2 2 2 2 2 2 2 2 2 2 2 2
left_child=1 -1 3 4 -2 -5 -6 8 -8 -4 -3 12 -7 -14
right_child=2 10 9 5 6 11 7 -9 -10 -11 -12 -13 13 -15
leaf_value=0.0043871905429899768 -0.026105283678319838 -0.0286281104246306 -0.030105045585578388 -0.015839669176850597 0.023840590733338544 0.027869771200047667 0.013169828618647612 0.008309618140432606 -0.036126408073959469 0.00068262416412179878 -0.0065266312477333475 0.00270443934522 -0.020362365231483597 0.013860473042132206
leaf_weight=111.19196617353009 34.064428704732563 93.443154905224219 28.341358951642178 25.562985939788632 25.861163295281585 90.261338646057993 10.045217724124084 36.921228218387114 25.34184672345873 42.843721043347614 53.622582519092248 125.39858593425015 16.298436194425449 180.66645057447022
leaf_count=2514 3343 8764 1757 920 1035 1149 726 971 929 1727 2281 1982 336 4513
internal_value=0.000491536 -0.00990529 0.00468534 0.00676247 -0.00574961 0.0105428 0.00150575 -0.00669858 -0.0221555 -0.0118223 -0.0206681 0.0122116 0.0163385 0.0109401
internal_weight=899.864 258.258 641.607 570.422 132.234 438.188 98.1695 72.3083 35.3871 71.1851 147.066 412.625 287.226 196.965
internal_count=32947 13559 19388 15904 7004 8900 3661 2626 1655 3484 11045 7980 5998 4849
is_linear=0
shrinkage=0.05


Tree=78
num_leaves=15
num_cat=0
split_feature=20 6 25 22 22 14 19 19 23 9 9 2 23 15
split_gain=12.4591 10.9125 11.7172 7.74438 7.43906 7.29239 7.51721 7.15402 8.42481 11.4072 6.71145 6.0863 6.06053 6.92754
threshold=0.0093898783283371014 129.50000000000003 0.17519181585677748 22.500000000000004 14.500000000000002 0.46824758543985529 0.20524267399267396 0.14346246973365617 0.36181818181818187 14.348702286518892 14.736161443993479 0.74075560311515376 0.32071428571428579 3.9171118042403461
decision_type=2 2 2 2 2 2 2 2 2 2 2 2 2 2
left_child=1 2 -1 5 11 10 12 -6 -9 -10 -3 -2 13 -7
right_child=4 3 -4 -5 7 6 -8 8 9 -11 -12 -13 -14 -15
leaf_value=-0.033196626959374524 -0.019415942538865267 -0.0009352975406401085 -0.0042562920777366436 0.025108152005634793 0.023656154512541938 0.011981410864520238 -0.013176215265711076 0.01751518334420241 -0.01631051014430521 0.013090514804896827 -0.031196429622134404 0.019825437326109616 0.011139448495293091 -0.017761917718260901
leaf_weight=59.879639619452064 39.514739259306225 35.739085441193311 83.008844963464071 26.544914172496647 75.288933917705435 31.953687718720175 70.154053159349132 90.070354206662159 68.124035137327155 62.134397772984812 36.736325265082996 12.179335294989867 154.02161094936309 47.45449400212965
leaf_count=5500 2513 726 5794 307 1042 1109 3459 1710 1289 1708 1198 256 4352 1835
internal_value=-1.7655e-06 -0.00471198 -0.0165306 -0.000486857 0.00738845 -0.00235533 0.00106211 0.0104472 0.00584708 -0.00229308 -0.0164899 -0.00996973 0.00537919 -0.00579311
internal_weight=892.804 545.493 142.888 402.604 347.312 376.059 303.584 295.618 220.329 130.258 72.4754 51.6941 233.43 79.4082
internal_count=32798 24280 11294 12986 8518 12679 10755 5749 4707 2997 1924 2769 7296 2944
is_linear=0
shrinkage=0.05


Tree=79
num_leaves=15
num_cat=0
split_feature=29 22 19 13 15 6 24 25 4 20 6 22 21 6
split_gain=10.4047 9.24278 8.23979 10.1021 7.49566 7.28306 5.81372 5.88497 6.15015 5.8218 5.39149 5.20072 4.9653 5.65436
threshold=0.10263157894736842 15.500000000000002 0.13447187141216993 3.5000000000000004 3.3408952768318101 63.500000000000007 0.2124060150375939 0.14039408866995071 17.556466302367948 0.032086479066575101 1028.5000000000002 21.500000000000004 0.67175839552238814 493.50000000000006
decision_type=2 2 2 2 2 2 2 2 2 2 2 2 2 2
left_child=1 2 -1 -4 5 -3 9 -8 -9 -5 12 -12 -6 -14
right_child=-2 4 3 6 10 -7 7 8 -10 -11 11 -13 13 -15
leaf_value=0.011716562034243854 -0.01624810678940462 -0.057638534471685876 0.0093395936180617652 -0.027226545162736371 0.0096210369347118074 -0.0039793603253408423 -0.025264243968724311 -0.024827235731681049 0.020567310284381714 0.037851778333341933 -0.021639515235362405 0.024607766110967905 -0.042501514009951773 0.026462203422986771
leaf_weight=52.482296097557992 81.383799772243947 7.1064263078733338 47.6590840020217 86.673757910786662 478.42560306635278 29.547307328146417 19.823055455286521 9.3946278410148789 25.835298558202339 2.7331289757275945 26.60470620857086 6.8979743444360784 8.4870942396228184 3.5274149291217318
leaf_count=1440 4985 751 1807 9012 9983 749 1097 931 776 180 692 90 242 50
internal_value=0.00067813 0.00240695 -0.0056876 -0.0104781 0.00594263 -0.0156373 -0.0170354 -0.00414284 0.00811098 -0.0248405 0.00747921 -0.0116803 0.00880913 -0.0217765
internal_weight=886.582 805.198 244.601 192.119 560.597 36.6537 144.46 55.053 35.2299 89.4069 523.943 33.5027 490.44 12.0145
internal_count=32785 27800 15243 13803 12557 1500 11996 2804 1707 9192 11057 782 10275 292
is_linear=0
shrinkage=0.05


Tree=80
num_leaves=15
num_cat=0
split_feature=28 24 22 8 24 23 15 12 29 17 12 9 30 21
split_gain=11.6489 13.5129 8.70076 11.2494 10.4485 7.70184 6.46405 5.90835 5.8377 5.38195 4.7126 7.40141 5.2568 4.67504
threshold=0.15894736842105264 0.23303167420814477 20.500000000000004 374.50000000000006 0.046536796536796508 0.64852941176470602 3.3997934756739978 15.318385093167704 0.093073593073593072 0.58113883113883125 21.515307716338651 12.409596271268278 446.00000000000006 0.56543697848045682
decision_type=2 2 2 2 2 2 2 2 2 2 2 2 2 2
left_child=1 2 3 5 -4 10 -6 -5 -2 -3 -1 12 -12 -8
right_child=8 9 4 7 6 -7 13 -9 -10 -11 11 -13 -14 -15
leaf_value=-0.024608938161536469 0.015046003301466987 -0.037426666149758654 -0.037329185588060691 -0.0081299797483463335 -0.026348782461742767 0.01892842196782556 0.02403292388087 0.0096946657959518494 -0.02108711555091931 0.0091390554169976518 0.01326184112714094 0.030224255580805333 -0.041879382932735992 -0.0095152015179639695
leaf_weight=158.56346942747768 146.13012371378136 5.4233356036129399 10.722848490695467 137.09707615416846 8.2822599228820746 11.928820823231943 58.309865972376429 69.117037550837267 11.233335775643353 209.31572376959957 6.2734952018363463 10.090142700355498 10.596990989055483 12.020005932950879
leaf_count=11125 2966 309 187 8569 255 334 744 1776 400 5259 123 184 229 259
internal_value=8.98325e-05 -0.0026497 -0.00720571 -0.0103269 0.00685583 -0.0188256 0.0132759 -0.00213772 0.0123498 0.00779499 -0.0213415 -0.00193213 -0.0217798 0.0182462
internal_weight=865.105 707.741 493.002 403.667 89.335 197.453 78.6121 206.214 157.363 214.739 185.524 26.9606 16.8705 70.3299
internal_count=32719 29353 23785 22340 1445 11995 1258 10345 3366 5568 11661 536 352 1003
is_linear=0
shrinkage=0.05


Tree=81
num_leaves=15
num_cat=0
split_feature=26 22 8 21 10 15 29 24 21 2 21 6 14 21
split_gain=8.85192 12.0683 8.49302 7.62482 6.76508 9.0135 7.63506 6.75696 6.4177 6.6016 6.8209 5.28768 6.54299 5.34768
threshold=0.081666666666666665 16.500000000000004 300.50000000000006 0.30173704702006593 10.796422298855243 4.3401575211845485 0.04880952380952381 0.15192307692307691 0.38972044904248299 0.81762132183979441 0.51298920377867752 84.500000000000014 0.36662406635130124 0.47087104072398189
decision_type=2 2 2 2 2 2 2 2 2 2 2 2 2 2
left_child=-1 2 -2 -3 5 11 -6 -4 -8 -10 -11 13 -13 -5
right_child=1 3 7 4 6 -7 8 -9 9 10 -12 12 -14 -15
leaf_value=0.0088595584760751567 -0.034894416657331798 0.023363302766834231 -0.01691526124088898 0.0085037975066411409 0.016741372437383713 -0.040976095706654753 0.028752691040376335 0.00029610847269084383 -0.02610388005237765 -0.022015056036026482 0.039354850172983652 -0.027915023823597576 0.0059876000161689334 -0.044004308431420378
leaf_weight=251.29640920607198 30.223906020924915 42.33168240939267 98.523184423014754 7.0963396903534912 99.160559049225412 15.702820064849218 10.064570373273453 133.45978582448151 32.655014511692571 7.3880422564689097 9.010995516960973 15.319255314068867 110.38780242181383 12.604073217837138
leaf_count=7658 3072 441 7792 173 2218 318 171 6188 1881 138 97 247 1684 785
internal_value=0.000955647 -0.00223685 -0.0103842 0.00368138 0.00100797 -0.00618598 0.00832345 -0.00705479 -0.00583966 -0.0133697 0.0120304 -0.00217472 0.00166836 -0.0255931
internal_weight=875.224 623.928 262.207 361.721 319.389 161.11 158.279 231.983 59.1186 49.0541 16.399 145.407 125.707 19.7004
internal_count=32863 25205 17052 8153 7712 3207 4505 13980 2287 2116 235 2889 1931 958
is_linear=0
shrinkage=0.05


Tree=82
num_leaves=15
num_cat=0
split_feature=28 24 20 29 17 13 14 28 20 16 30 22 13 2
split_gain=10.8949 10.4577 7.37214 6.46163 7.26649 6.37674 5.77483 5.43307 6.22828 5.03156 5.01012 4.89645 5.16475 5.08365
threshold=0.081666666666666665 0.14907407407407408 0.010811126694717151 0.054093567251461951 0.59427126059611712 1.5000000000000002 0.11117244988382412 0.037749287749287708 0.031088917525773151 106.50000000000001 184.50000000000003 20.500000000000004 26.500000000000004 0.31555868463787834
decision_type=2 2 2 2 2 2 2 2 2 2 2 2 2 2
left_child=1 7 5 6 -5 -3 -2 8 -1 11 -9 12 -8 -14
right_child=3 2 -4 4 -6 -7 9 10 -10 -11 -12 -13 13 -15
leaf_value=-0.028041795829615926 -0.055485063265075033 0.034590170322061353 0.011008227549440969 -0.029068683414813917 0.0025482600105354047 -0.0076388435699674996 0.0098345981901351767 0.029659654081629336 0.022851763894259171 -0.057180260323444282 -0.0099803283698804684 0.020948411767835472 0.018639275074620536 -0.028093167575404501
leaf_weight=74.758542604002287 2.3702194043435147 8.4527854145271686 108.79120080052235 22.54399999321322 79.079470459342701 169.46404539268406 184.30185141880065 7.8228663464542469 5.7928305044188155 1.7438754698960099 84.367200317792594 88.471927060687449 7.6227444249088903 17.727462785551324
leaf_count=6848 31 259 2508 1046 2987 7308 5193 144 187 55 4620 996 221 358
internal_value=0.000209409 -0.00505171 0.00081135 0.00619236 -0.00468051 -0.00545044 0.0098516 -0.0147316 -0.0241465 0.0105507 -0.00633447 0.0111368 0.00691651 -0.0138668
internal_weight=863.311 459.449 286.708 403.862 101.623 177.917 302.238 172.741 80.5514 299.868 92.1901 298.124 209.652 25.3502
internal_count=32761 21874 10075 10887 4033 7567 6854 11799 7035 6823 4764 6768 5772 579
is_linear=0
shrinkage=0.05


Tree=83
num_leaves=15
num_cat=0
split_feature=28 19 21 28 6 17 12 21 25 6 6 23 14 16
split_gain=9.05796 10.367 12.3227 9.93634 7.92244 6.6389 5.7555 6.5551 7.14521 6.24231 5.81795 6.32023 5.69881 5.63578
threshold=0.13484848484848483 0.17574992574992573 0.53975277426604873 0.037749287749287708 58.500000000000007 0.62328251458686246 21.114888010540188 0.67455869991594286 0.14550264550264549 107.50000000000001 61.500000000000007 0.12250000000000001 0.20959465269457028 77.500000000000014
decision_type=2 2 2 2 2 2 2 2 2 2 2 2 2 2
left_child=1 4 3 -3 5 -1 7 8 13 -8 -10 -12 -11 -2
right_child=6 2 -4 -5 -6 -7 9 -9 10 12 11 -13 -14 -15
leaf_value=0.021495544129076331 0.0016950296911482849 -0.018935525838566034 -0.027506458923763355 0.0041224574322368795 0.004823362600197798 -0.031497249763385422 -0.034750390330834872 -0.037521514791137439 0.047649029505476011 -0.033348881591062127 -0.040200054821790746 0.013135594790275602 0.035599331114959644 -0.033641583011632815
leaf_weight=6.7599523576354832 43.306400330620818 70.766399637941504 75.37034833621874 133.12540015159175 327.48404976942402 26.551069386230665 3.2020445987582198 7.8168424658942959 10.680937853554495 2.481823628768324 4.9376869645202524 94.46441780711757 36.804155504330993 14.218015690916216
leaf_count=543 1419 5349 6482 4806 8122 2686 70 287 491 23 156 1595 463 246
internal_value=-0.000157641 -0.00315614 -0.0103713 -0.00393382 0.00244177 -0.0204301 0.00862381 0.00455829 0.0067317 0.0249187 0.0141504 0.0101122 0.030524 -0.00746453
internal_weight=857.97 640.057 279.262 203.892 360.795 33.311 217.912 175.424 167.607 42.488 110.083 99.4021 39.286 57.5244
internal_count=32738 27988 16637 10155 11351 3229 4750 4194 3907 556 2242 1751 486 1665
is_linear=0
shrinkage=0.05


Tree=84
num_leaves=15
num_cat=0
split_feature=12 19 11 14 30 11 28 21 18 0 28 25 30 21
split_gain=11.7153 8.53479 7.45795 6.92701 6.7602 6.19682 5.82365 8.98741 5.83848 5.5777 6.5658 5.4181 5.39301 4.95835
threshold=15.707265917602999 0.13367697594501718 6.1186865148644971 0.46824758543985529 477.50000000000006 2.0966028131458949 0.078461538461538458 0.49305421570519009 0.14093535572408813 2009.5000000000002 0.17914438502673799 0.17519181585677748 1176.5000000000002 0.61577311577311589
decision_type=2 2 2 2 2 2 2 2 2 2 2 2 2 2
left_child=1 11 -3 4 -2 -5 8 -8 -6 10 13 -1 -11 -4
right_child=3 2 9 5 6 -7 7 -9 -10 12 -12 -13 -14 -15
leaf_value=0.0001627236450594212 0.0074024631370960634 -0.043577294370583164 -0.0069988489038512146 -0.040987455294005319 0.005214400761533549 0.0097895914754487657 0.0237598374357176 -0.029219669048462515 -0.050828288988440454 -0.05500808876215435 0.011839423091033769 0.033199603439525063 0.018692833324980687 -0.033384595661128037
leaf_weight=32.791887493658578 49.740581805061083 13.90528771135723 258.95934160884644 5.1457616459811097 6.0439073615707484 348.30705043068156 14.756083753192799 15.287306763028026 16.883409259025939 9.7699747345177439 43.595340535131982 18.977128059661482 2.6784780570305875 18.243215710012009
leaf_count=1231 673 2483 17584 350 118 5388 195 282 659 150 1364 434 71 1841
internal_value=0.00015319 -0.00609705 -0.00892446 0.00562047 -0.00576789 0.0089368 -0.0180431 -0.00327115 -0.0364543 -0.00735246 -0.00600955 0.0126728 -0.0389394 -0.0088491
internal_weight=855.085 398.921 347.152 456.164 102.711 353.453 52.9707 30.0434 22.9273 333.246 320.798 51.769 12.4485 277.203
internal_count=32823 25158 23493 7665 1927 5738 1254 477 777 21010 20789 1665 221 19425
is_linear=0
shrinkage=0.05


Tree=85
num_leaves=15
num_cat=0
split_feature=12 15 21 26 19 24 20 6 17 21 19 3 9 4
split_gain=10.9941 8.3722 6.14498 6.40125 5.93945 6.0669 5.57702 5.08049 7.08913 6.93466 6.37657 5.53877 5.30591 7.53426
threshold=11.340040485829961 3.3159361125977385 0.35329985652797707 0.20416666666666669 0.20301177536231887 0.13484848484848483 0.016530054644808705 168.50000000000003 0.63680926916221037 0.62328251458686246 0.20554346434515428 97.500000000000014 14.066432432821932 22.335205992509362
decision_type=2 2 2 2 2 2 2 2 2 2 2 2 2 2
left_child=-1 -2 4 7 5 6 -3 8 9 -4 12 -12 13 -9
right_child=1 2 3 -5 -6 -7 -8 10 -10 -11 11 -13 -14 -15
leaf_value=-0.022691262074107068 -0.018453746475895622 -0.036365133868204981 0.011130069735294212 -0.010058289081013439 0.035775586510691765 0.012207014014753988 0.016011217634547117 -0.0084580474817746842 -0.015663416100544825 -0.029467358822143581 0.0030328090635168602 -0.025380904464303706 0.016597444134251044 0.021241914110622203
leaf_weight=46.158132619093521 45.501542459212942 12.456144244119061 75.387024346651742 105.98546818360046 21.599347467184998 124.01517403210164 7.4289792777271932 62.628240196732804 70.136489882235765 11.223907303792656 60.187667621852597 22.890671654953621 154.77711464947788 31.145297572889831
leaf_count=7852 2471 308 3824 5202 379 1794 96 1053 3356 650 1596 495 3444 380
internal_value=0.000775351 0.00214678 0.003403 0.00102294 0.0118931 0.00808615 -0.0169679 0.00344338 -0.0039573 0.00559276 0.00694276 -0.00500481 0.0109403 0.00152634
internal_weight=851.521 805.363 759.862 594.362 165.5 143.9 19.8851 488.376 156.747 86.6109 331.629 83.0783 248.551 93.7735
internal_count=32900 25048 22577 20000 2577 2198 404 14798 7830 4474 6968 2091 4877 1433
is_linear=0
shrinkage=0.05


Tree=86
num_leaves=15
num_cat=0
split_feature=12 13 9 27 23 2 23 28 21 10 3 9 30 24
split_gain=11.0185 11.8348 9.03623 8.81809 8.02653 7.81771 6.65564 6.55607 10.2402 7.122 6.69609 5.64321 5.20782 5.03504
threshold=19.53166666666667 24.500000000000004 12.078968052970394 0.14907407407407408 0.23303167420814477 0.7339014455751075 0.47722567287784684 0.057189542483660101 0.25137362637362642 12.844706032609656 61.500000000000007 11.595966861804586 1570.0000000000002 0.38675213675213677
decision_type=2 2 2 2 2 2 2 2 2 2 2 2 2 2
left_child=1 6 4 -4 -2 13 7 8 -1 10 -9 -10 -5 -3
right_child=2 5 3 12 -6 -7 -8 9 11 -11 -12 -13 -14 -15
leaf_value=0.020383607596515127 0.033586433858298091 -0.034884792326993617 0.02652931048279536 0.0050678631837334197 -0.0048231697410700339 0.00575664941207277 0.010161725343636182 0.0069136619055937187 0.039678055999446182 0.01176858254730017 -0.012322363912522902 -0.020193019548227262 -0.048491274390009116 0.033453882993275341
leaf_weight=19.448124790069414 14.605810285778714 50.210034262985573 94.090681995265186 20.893425248796124 104.90587284270441 18.637547091115266 118.75080697223893 74.184794940942083 3.1795455644605672 99.816166771182907 112.96833136316855 109.38372780469945 4.7468556077219537 2.0797723247669628
leaf_count=325 180 3396 1533 306 1765 268 4816 3948 46 4859 2551 8607 115 43
internal_value=0.000789704 -0.00278505 0.009858 0.0195059 0.000110707 -0.0218328 -0.000236772 -0.00320117 -0.0123774 0.0010484 -0.00470126 -0.0181674 -0.00629571 -0.0315899
internal_weight=847.901 608.659 239.243 119.731 119.512 70.9274 537.731 418.981 132.011 286.969 187.153 112.563 25.6403 52.2898
internal_count=32758 28859 3899 1954 1945 3707 25152 20336 8978 11358 6499 8653 421 3439
is_linear=0
shrinkage=0.05


Tree=87
num_leaves=15
num_cat=0
split_feature=6 27 21 9 15 26 11 25 2 12 15 22 23 17
split_gain=10.1096 7.93775 10.1781 9.58012 7.3908 7.3402 9.54976 8.37405 8.75411 6.42792 6.11164 5.62863 6.29803 7.08943
threshold=25.500000000000004 0.10172413793103446 0.30173704702006593 13.631973797047392 3.2966988031125442 0.10435571687840285 9.2003944968141642 0.19615384615384618 0.48962496132882144 21.947542186353633 4.4123998214651303 21.500000000000004 0.28869047619047622 0.6094494047619049
decision_type=2 2 2 2 2 2 2 2 2 2 2 2 2 2
left_child=-1 -2 3 10 -4 7 11 -6 -9 -10 -3 -7 -13 -14
right_child=1 2 4 -5 5 6 -8 8 9 -11 -12 12 13 -15
leaf_value=-0.032680067410867999 0.0053905494967928123 0.048346442956346353 -0.037953267916268338 -0.0022790474794772654 0.017523764414354416 -0.024755424318322995 0.00063476970695454404 0.014578665076267913 -0.039073582019830293 0.021592744194023128 -0.021126207989361497 0.03689503155172829 -0.065313945693043482 0.02242379149944411
leaf_weight=22.302650030163932 431.74557725572959 20.437798770610247 18.136802354900283 34.008259348687716 57.721689089696156 103.39133587450488 94.754458293042262 19.46823351769126 22.844889333035102 4.665574111044406 3.1300109997391692 7.7056745651061629 3.715226095286198 3.7568966904655099
leaf_count=4258 12400 173 1205 693 1788 6305 4018 1146 718 45 33 90 50 60
internal_value=-0.00020172 0.00071425 -0.00441413 0.0148423 -0.00774653 -0.00591028 -0.0112147 0.00490116 -0.0106499 -0.0283885 0.0386355 -0.0206103 0.00741101 -0.0237606
internal_weight=847.785 825.482 393.737 57.5761 336.161 318.024 213.324 104.7 46.9787 27.5105 23.5678 118.569 15.1778 7.47212
internal_count=32982 28724 16324 899 15425 14220 10523 3697 1909 763 206 6505 200 110
is_linear=0
shrinkage=0.05


Tree=88
num_leaves=15
num_cat=0
split_feature=22 11 4 22 19 29 21 28 21 27 20 26 0 4
split_gain=9.51607 8.73843 8.86918 7.86558 8.38263 6.89877 6.56692 8.53007 7.40285 6.86458 7.95666 5.53666 4.88454 4.95804
threshold=15.500000000000002 9.5223125314410648 17.067231638418082 12.500000000000002 0.1373774509803922 0.18634259259259259 0.23836580086580081 0.13714733542319749 0.60956554878048796 0.20942982456140347 0.01290376290376285 0.13188405797101446 643.50000000000011 18.627698400372733
decision_type=2 2 2 2 2 2 2 2 2 2 2 2 2 2
left_child=1 12 -3 -4 -5 6 -2 8 9 10 -8 -6 -1 -14
right_child=5 2 3 4 11 -7 7 -9 -10 -11 -12 -13 13 -15
leaf_value=-0.0038515678124327771 0.027601613648811432 0.027679338746304495 -0.040973742451367923 0.025747510258567259 0.012612760628235404 -0.050125502104512137 -0.002346379566300673 0.012448154334546152 -0.031534939484133953 -0.02095791780469719 0.014625010727793489 -0.019484347569222005 -0.030810239370336192 -0.0037770834418804238
leaf_weight=48.941598443168914 27.374289531377144 25.132934267676319 12.232166387635514 22.725373620633036 18.947901488107163 4.9211316455621263 236.19525002907903 163.4515694809088 18.064636027251254 33.067590501217637 96.475464366405504 40.937427054130239 63.498346403430332 23.428568342744256
leaf_count=6229 288 1170 490 411 581 344 7034 2585 1294 1377 2070 1850 6387 606
internal_value=5.02395e-05 -0.00796325 0.0018724 -0.00518377 0.000542323 0.00359545 0.00414179 0.0029201 -0.00115945 0.000422764 0.00260445 -0.00928837 -0.0165986 -0.0236501
internal_weight=835.394 255.844 119.976 94.8429 82.6107 579.55 574.629 547.255 383.803 365.738 332.671 59.8853 135.869 86.9269
internal_count=32716 17724 4502 3332 2842 14992 14648 14360 11775 10481 9104 2431 13222 6993
is_linear=0
shrinkage=0.05


Tree=89
num_leaves=15
num_cat=0
split_feature=22 24 8 27 15 2 10 17 4 1 14 21 18 9
split_gain=8.25283 15.043 9.64475 6.90608 6.25652 9.39762 8.61087 8.10078 5.96076 6.08433 6.54889 5.21753 5.33944 5.05153
threshold=17.500000000000004 0.17914438502673799 374.50000000000006 0.12250000000000001 4.4123998214651303 0.50397584367050785 9.2632497255226038 0.73097601323407779 19.154083570750242 7.5000000000000009 0.94758810296846396 0.33884636413340624 0.12024096385542167 15.059120602896364
decision_type=2 2 2 2 2 2 2 2 2 2 2 2 2 2
left_child=1 2 -1 8 5 -2 -6 -7 9 10 13 -5 -13 -3
right_child=4 3 -4 11 6 7 -8 -9 -10 -11 -12 12 -14 -15
leaf_value=-0.027001310045881029 -0.0019078213806973884 0.018598031111065876 -0.0055862048603194936 0.009069126393807251 -0.061592798638649041 0.017737982397606111 -0.0021047593607078944 -0.026404031263384687 0.028121441400763655 0.017442544276726559 -0.044885820179267288 0.029341574671606148 -0.02097987281024653 -0.0161775037439272
leaf_weight=80.175507413281593 133.8357925836317 20.204403392970562 151.26865151256789 34.358099086472066 6.1929983627051106 183.18278339045355 39.937646106700413 10.149391361977903 39.609110513119958 49.224850900602178 8.3888066022191179 5.0338084985269225 47.572327996327658 19.58315818826668
leaf_count=8383 4085 253 8076 643 95 2478 706 147 639 3303 209 176 3249 303
internal_value=0.000337952 -0.00417554 -0.0130889 0.00505237 0.00584079 0.00827442 -0.0112284 0.0152967 0.0120135 0.00524385 -0.00732157 -0.00592664 -0.0157072 0.00150477
internal_weight=828.717 455.419 231.444 223.975 373.299 327.168 46.1306 193.332 137.01 97.4012 48.1764 86.9642 52.6061 39.7876
internal_count=32745 25234 16459 8775 7511 6710 801 2625 4707 4068 765 4068 3425 556
is_linear=0
shrinkage=0.05


Tree=90
num_leaves=15
num_cat=0
split_feature=28 24 4 29 6 19 29 26 13 21 20 17 28 15
split_gain=11.8996 11.3636 8.99965 7.63948 5.64524 5.29238 6.32538 5.01987 6.87958 4.88394 9.20468 4.86416 5.31649 5.69366
threshold=0.037749287749287708 0.24500000000000002 19.066946778711486 0.11324786324786322 64.500000000000014 0.14346246973365617 0.054093567251461951 0.05131578947368421 27.500000000000004 0.53073822121441183 0.011050061050061002 0.62345301757066474 0.19139194139194138 3.7191021616920357
decision_type=2 2 2 2 2 2 2 2 2 2 2 2 2 2
left_child=1 5 -3 7 -4 6 -1 8 -2 -9 11 12 -11 -14
right_child=3 2 4 -5 -6 -7 -8 9 -10 10 -12 -13 13 -15
leaf_value=-0.023374092206654418 0.024059845562797243 -0.010590967624569719 -0.044494526438132911 -0.018392736423087291 0.024724364352220557 -0.023510535546957048 0.018911171235543284 0.0066266382518249678 -0.0087607272775272263 -0.029774721349707822 0.013801864932469028 0.0021918839933396388 0.031091745064716854 -0.018924366441926518
leaf_weight=15.577510581118984 65.153657169546932 48.936411164162564 2.2606232725083819 35.795174566752394 41.713276930793654 110.76802048079117 17.959698937876965 316.75562642939622 20.466769400751218 46.109919607653865 47.676505968294805 36.703067639828078 8.1219048066996056 14.12381692661438
leaf_count=579 1443 2101 99 2231 591 9525 665 8451 354 3038 1548 1631 201 363
internal_value=-0.000112042 -0.00954831 0.00406882 0.00368582 0.0202557 -0.0182833 -0.000837767 0.00514002 0.0162038 0.00309218 -0.00423332 -0.0124708 -0.0202619 -0.000111535
internal_weight=828.122 237.216 92.9103 590.906 43.9739 144.305 33.5372 555.111 85.6204 469.491 152.735 105.059 68.3556 22.2457
internal_count=32820 13560 2791 19260 690 10769 1244 17029 1797 15232 6781 5233 3602 564
is_linear=0
shrinkage=0.05


Tree=91
num_leaves=15
num_cat=0
split_feature=12 24 0 19 13 16 24 6 11 13 14 30 27 20
split_gain=8.21835 6.84323 8.94931 6.06802 5.46126 6.08025 4.63866 6.8394 7.70367 9.27129 7.4863 6.63614 7.68213 6.36003
threshold=15.318385093167704 0.23669467787114842 1722.5000000000002 0.28647416413373866 24.500000000000004 83.500000000000014 0.27888888888888896 191.50000000000003 6.7007570489395993 26.500000000000004 0.20959465269457028 1146.0000000000002 0.093073593073593072 0.015749007936507905
decision_type=2 2 2 2 2 2 2 2 2 2 2 2 2 2
left_child=1 3 -3 4 5 -1 7 -2 10 11 -9 -10 -13 -14
right_child=6 2 -4 -5 -6 -7 -8 8 9 -11 -12 12 13 -15
leaf_value=-0.010297993759180857 -0.0143781400592438 0.010577266933848728 -0.051569595477006597 0.056475246682634733 -0.035280342056470668 0.030775253810812326 0.014311722211613248 -0.040043126231409827 0.0081306148154156078 -0.025748481082070163 0.020434349137516589 0.0067533112663067099 -0.051288413806666405 0.012708932900784238
leaf_weight=240.7788899493753 56.86032455728855 78.951418763565016 5.2565431650727978 2.4053173760185009 20.303746095029055 8.4084587199904472 85.153352140099742 4.5378501131199291 156.63941044855164 30.463913704268634 82.645264760009013 20.782097402960062 14.870597023342272 4.6844521840102962
leaf_count=17645 1286 3446 101 105 2698 389 1224 62 2665 490 1231 483 770 88
internal_value=-0.000578894 -0.00626303 0.00613816 -0.0101122 -0.0109131 -0.00879457 0.00385783 0.00142955 0.0043229 -0.000538765 0.0168681 0.00347047 -0.014385 -0.0360853
internal_weight=812.742 356.104 84.208 271.896 269.491 249.187 456.637 371.484 314.624 227.44 87.1831 196.977 40.3371 19.555
internal_count=32683 24384 3547 20837 20732 18034 8299 7075 5789 4496 1293 4006 1341 858
is_linear=0
shrinkage=0.05


Tree=92
num_leaves=15
num_cat=0
split_feature=28 21 20 24 29 16 26 9 21 9 23 26 27 14
split_gain=11.6696 9.45133 7.79624 6.22394 6.12416 6.61526 6.04937 5.74868 5.54282 4.88856 7.86927 6.43256 8.00476 5.89682
threshold=0.11324786324786322 0.34930196978389755 0.033520599250936305 0.040833333333333312 0.057189542483660101 103.50000000000001 0.12771739130434781 15.638849672343268 0.42050764655904843 12.537976768328795 0.26201372997711675 0.10912698412698411 0.13714733542319749 0.50157009818855569
decision_type=2 2 2 2 2 2 2 2 2 2 2 2 2 2
left_child=1 7 3 -3 5 -2 -6 -1 -8 10 -5 -11 13 -13
right_child=4 2 -4 9 6 -7 8 -9 -10 11 -12 12 -14 -15
leaf_value=0.0098920839652480684 0.013913546062142746 -0.030891687060760144 0.025709091706058479 0.019247834910732623 0.0065035312471141797 -0.052138748780204851 0.021600588902816232 -0.027037598190907581 -0.035999437745410957 0.0055997094270720882 -0.02512367813088728 -0.026388608309410939 -0.026637101402283314 0.0021665089381607328
leaf_weight=133.38526263888343 210.85153054271359 29.904788570071105 15.605563939490819 11.011054412461815 44.14673759858124 2.8983238764340049 4.5632794014527489 10.47707068629097 18.920307166816201 102.56863542772771 65.122667213203385 21.117219402993214 50.697737631358905 98.379317994738813
leaf_count=2439 4569 2889 394 182 1464 54 113 278 1063 4922 1610 748 5503 6485
internal_value=0.000410344 -0.00390207 -0.00789896 -0.00934757 0.00864443 0.0127793 -0.00441986 0.00703453 -0.0243816 -0.00741796 -0.01854 -0.00425719 -0.0101955 -0.00305682
internal_weight=819.649 538.269 394.407 378.801 281.38 213.75 67.6303 143.862 23.4836 348.897 76.1337 272.763 170.194 119.497
internal_count=32713 25450 22733 22339 7263 4623 2640 2717 1176 19450 1792 17658 12736 7233
is_linear=0
shrinkage=0.05


Tree=93
num_leaves=15
num_cat=0
split_feature=12 28 24 27 16 4 28 21 27 12 25 23 12 6
split_gain=10.7504 7.2205 8.37953 6.24434 6.59387 9.12157 5.82339 5.31598 6.56218 5.14047 8.86704 5.697 7.26093 5.60858
threshold=10.814116833736607 0.07275132275132272 0.14039408866995071 0.04880952380952381 61.500000000000007 17.965014279885764 0.16333333333333333 0.34930196978389755 0.13484848484848483 12.983666666666668 0.17519181585677748 0.46862745098039221 19.878418329637849 1028.5000000000002
decision_type=2 2 2 2 2 2 2 2 2 2 2 2 2 2
left_child=-1 2 -2 -3 -5 6 -6 -4 -9 10 -7 12 -11 -14
right_child=1 3 7 4 5 9 -8 8 -10 11 -12 -13 13 -15
leaf_value=-0.031430274278225735 -0.01275724334292881 0.017699138823533557 0.011020297761174074 0.022463481827785604 -0.036028103252739703 -0.020988625892493253 -0.00024914972372023993 0.0026818036009863648 -0.020300180952172314 -0.0099518680912434737 0.060154890777072284 0.021560511438897659 0.016985431429474309 -0.027832488714483627
leaf_weight=23.858015349047491 136.1664742132707 97.764608921192121 106.90792840933136 37.18974362895824 24.356210701720556 4.4713074471219434 20.647176164842676 117.9873165776371 41.071879480841744 96.983092549198773 8.916467596034634 31.506523328833282 56.388873784046154 7.0337256831116965
leaf_count=4247 8960 1940 1771 1442 1903 516 666 4648 3001 1796 389 475 795 118
internal_value=0.000946325 0.00196596 -0.00271785 0.00684932 0.00311117 0.000157888 -0.0199753 0.00245053 -0.0033423 0.00464667 0.033479 0.00247221 -0.00138743 0.0116601
internal_weight=811.249 787.391 402.134 385.258 287.493 250.303 45.0034 265.967 159.059 205.3 13.3878 191.912 160.406 63.4226
internal_count=32667 28420 18380 10040 8100 6658 2569 9420 7649 4089 905 3184 2709 913
is_linear=0
shrinkage=0.05


Tree=94
num_leaves=15
num_cat=0
split_feature=12 8 4 13 18 10 14 30 14 10 6 27 27 12
split_gain=8.14206 8.66577 8.46618 7.12969 7.0108 5.96379 6.50536 7.16735 5.93477 7.57285 9.36793 5.16869 5.07839 5.31598
threshold=19.53166666666667 298.50000000000006 19.323669467787116 27.500000000000004 0.13069358178053828 12.825479674693842 1.1075935655992808 882.50000000000011 0.65060703078285786 12.275644140957812 123.50000000000001 0.15192307692307691 0.14907407407407408 12.931535433070868
decision_type=2 2 2 2 2 2 2 2 2 2 2 2 2 2
left_child=1 4 5 11 -1 8 7 -7 -3 10 12 -2 13 -10
right_child=3 2 -4 -5 -6 6 -8 -9 9 -11 -12 -13 -14 -15
leaf_value=0.024463147790976397 0.022945123632915627 -0.018203727759213442 0.015588429314606918 -0.00064107136744226249 -0.022998664195961208 0.01175207571546396 -0.024362993429584125 -0.020640766657198991 0.0091566156965828954 -0.023893904991628703 0.01197805513240785 -0.0033089850541615281 -0.042325251651798505 -0.029456163814962417
leaf_weight=7.8787811946604043 85.463539762189612 89.775116413627984 68.984213353483938 111.81697496696142 72.744533294273424 130.68377003590285 16.840280554701167 18.692974170407979 22.984139092637633 32.107256760500604 92.045068495979649 23.640812115278095 11.677289995161116 13.233699314238036
leaf_count=243 1545 2912 1247 1899 4891 6686 2876 947 2123 2321 2623 438 1486 492
internal_value=0.000104282 -0.00301855 -0.000537833 0.00824642 -0.0181177 -0.00316707 0.00422467 0.00758814 -0.0078579 -0.00238541 0.00268392 0.017278 -0.0150572 -0.00536454
internal_weight=798.568 577.647 497.024 220.921 80.6233 428.04 166.217 149.377 261.823 172.047 139.94 109.104 47.8951 36.2178
internal_count=32729 28847 23713 3882 5134 22466 10509 7633 11957 9045 6724 1983 4101 2615
is_linear=0
shrinkage=0.05


Tree=95
num_leaves=15
num_cat=0
split_feature=29 26 30 14 30 19 9 30 12 8 22 2 15 13
split_gain=8.35925 6.33384 6.02473 5.79746 8.48759 5.88473 6.28659 5.92281 6.35708 6.41156 6.18662 8.04247 6.91751 5.20798
threshold=0.11324786324786322 0.18019480519480516 129.50000000000003 1.1375600521656415 875.00000000000011 0.14483218916857357 10.578458374623466 1462.0000000000002 22.451739952387623 109.50000000000001 17.500000000000004 0.38998227808824099 4.8926137447686946 5.5000000000000009
decision_type=2 2 2 2 2 2 2 2 2 2 2 2 2 2
left_child=1 3 -2 5 -5 6 -1 10 -9 -10 11 -7 13 -13
right_child=2 -3 -4 4 -6 7 -8 8 9 -11 -12 12 -14 -15
leaf_value=-0.022429301328410471 0.033555970982242604 -0.0062211204089980742 -0.023676724053947037 -0.032960622785152875 0.022973001372106314 0.010968359293337926 0.020150217183165134 -0.036932960069093128 -0.05049426820630816 0.037252721487740365 0.0099205663272455853 0.0023898198800246934 0.042809281645875046 -0.022570707100258158
leaf_weight=8.7747972678043862 4.1591834715800351 224.58166266197804 52.609200721170055 22.117660705785969 8.7754822778806538 61.41854853060795 88.302427100861678 17.358517756510995 1.9194107106886784 6.5491541102528572 200.30887367198011 30.07536242614151 4.5468935401877379 66.18021612886514
leaf_count=150 152 11338 4004 3098 315 4393 1663 687 40 85 3793 852 40 2117
internal_value=-0.000655828 0.000771488 -0.0189752 0.00381914 -0.01685 0.00516646 0.016112 0.00239606 -0.0202863 0.0141323 0.00406334 -0.00318558 -0.0118325 -0.0148273
internal_weight=797.677 740.909 56.7684 516.327 30.8931 485.434 97.0772 388.357 25.8271 8.46856 362.53 162.221 100.802 96.2556
internal_count=32727 28571 4156 17233 3413 13820 1813 12007 812 125 11195 7402 3009 2969
is_linear=0
shrinkage=0.05


Tree=96
num_leaves=15
num_cat=0
split_feature=28 21 15 21 26 9 16 27 11 17 15 25 16 27
split_gain=10.7333 9.60225 5.1635 5.81952 6.48782 7.18541 8.44969 6.19531 5.60671 5.37716 5.50492 5.19988 5.77674 4.89119
threshold=0.093073593073593072 0.34680272108843541 4.454089401362709 0.4377976190476191 0.11324786324786322 15.555272035589427 95.500000000000014 0.060661764705882353 10.129986815242953 0.65133897110641314 3.4634394281902998 0.26201372997711675 63.500000000000007 0.20942982456140347
decision_type=2 2 2 2 2 2 2 2 2 2 2 2 2 2
left_child=1 -1 3 9 -5 6 7 -6 -4 10 -2 12 -9 -3
right_child=2 13 8 4 5 -7 -8 11 -10 -11 -12 -13 -14 -15
leaf_value=0.0065590446526225619 -0.018375586104478578 -0.0073139975649818712 -0.022794931169692542 0.01304102349322951 0.022161357441530471 -0.035934011200703248 -0.053985227988930087 0.022041067583643728 0.013942821045059213 0.0071628889710392656 0.041910956620974354 0.028013305176130571 -0.020650298180206954 -0.026969983291552587
leaf_weight=129.57837527821539 3.7176615481730542 290.13450758408726 27.033338096691296 123.20795712273684 33.070945942949038 13.925469384703318 5.4218126201303667 9.1576830664416757 15.655966323800383 33.677230551402317 31.418341147887986 8.9504619576910027 36.64137702374137 34.802763100749871
leaf_count=2491 84 16901 667 3292 871 675 126 470 287 552 548 310 1524 3947
internal_value=0.000115723 -0.00491418 0.00679764 0.00911943 0.00526057 -0.00372228 0.0014187 0.00540849 -0.0093109 0.0217779 0.0352002 -0.00492693 -0.0118254 -0.00949556
internal_weight=796.394 454.516 341.878 299.189 230.376 107.168 93.2423 87.8205 42.6893 68.8132 35.136 54.7495 45.7991 324.937
internal_count=32745 23339 9406 8452 7268 3976 3301 3175 954 1184 632 2304 1994 20848
is_linear=0
shrinkage=0.05


Tree=97
num_leaves=15
num_cat=0
split_feature=28 24 26 14 24 12 6 20 29 28 6 2 10 1
split_gain=8.67443 8.21235 6.19668 6.28859 5.85694 5.84164 5.35351 5.33705 6.14309 6.80222 5.04573 5.66114 4.93975 4.89907
threshold=0.22474747474747472 0.28869047619047622 0.28285714285714292 0.6631944743042516 1.0000000180025095e-35 10.814116833736607 289.50000000000006 0.034632683658170856 0.042572463768115909 0.097619047619047619 511.50000000000006 0.9997677659080354 11.626764812799488 8.5000000000000018
decision_type=2 2 2 2 2 2 2 2 2 2 2 2 2 2
left_child=1 2 4 -4 12 -6 7 8 9 -7 13 -12 -1 -8
right_child=-2 -3 3 -5 5 6 10 -9 -10 -11 11 -13 -14 -15
leaf_value=-0.039545875926476015 0.019633624282842852 0.010421484021332514 -0.041434107694442758 -0.004559458941845976 -0.033170052298110632 -0.0085599098837639987 0.0045093230631146853 0.029172128989613841 -0.015172074957191676 0.013481633468877123 -0.0060801515728968435 0.025750740635582095 -0.0060939295510151585 0.024634127373226102
leaf_weight=17.282375536495238 51.456340363132767 121.58068083431863 20.140279716659279 26.142061197489966 12.567174653515393 84.204637625567557 80.421048891847022 10.042379512335172 110.29648464822094 58.410562046658015 107.16994965090998 15.044746493455021 28.982212585775414 48.033034424763173
leaf_count=942 1006 2886 812 2310 2446 4659 1165 151 6910 1574 3803 224 2556 1384
internal_value=-1.56088e-05 -0.00140599 -0.00374313 -0.0211428 -0.00230197 -0.000786 6.92794e-05 -0.00490563 -0.00636832 0.000498606 0.00528677 -0.00198455 -0.0191624 0.0121668
internal_weight=791.774 740.318 618.737 46.2823 572.455 526.19 513.623 262.954 252.912 142.615 250.669 122.215 46.2646 128.454
internal_count=32828 31822 28936 3122 25814 22316 19870 13294 13143 6233 6576 4027 3498 2549
is_linear=0
shrinkage=0.05


Tree=98
num_leaves=15
num_cat=0
split_feature=12 28 21 22 9 21 19 12 10 13 6 26 23 20
split_gain=9.03444 5.53728 11.0779 7.39282 7.06547 6.55949 5.51212 5.46259 5.72279 8.54049 5.99191 5.45152 5.27722 5.05216
threshold=11.546714628297364 0.22474747474747472 0.61715261360651441 22.500000000000004 9.1673702594856348 0.48536550542547124 0.16336342229199369 23.190866510538644 12.886170690723395 23.500000000000004 997.00000000000011 0.28285714285714292 0.39009661835748799 0.011173533083645401
decision_type=2 2 2 2 2 2 2 2 2 2 2 2 2 2
left_child=6 2 3 4 13 12 -1 8 10 -10 11 -6 -5 -2
right_child=1 -3 -4 5 7 -7 -8 -9 9 -11 -12 -13 -14 -15
leaf_value=0.0037811639765328235 -0.047215510319839685 0.017014321763528163 -0.027552997548670036 0.052133156534839332 0.00040600168351905366 -0.00044165314756321097 -0.02971965400421564 0.025383855850950217 0.012162144707147819 -0.045575857349520944 -0.024428009996802613 -0.021922434595297177 0.0010479749068607715 0.0087615079937853058
leaf_weight=17.430930617614649 12.148685937921984 50.035485991858877 33.781327605858678 17.158229750581089 388.31896107066859 20.020151766831987 38.93423820741009 20.95461343973875 122.60772518704471 5.782913277114857 28.65978641321999 28.403930580883753 7.0635889896657309 5.4139770959154694
leaf_count=2046 382 816 1519 159 11772 460 7311 311 5378 288 969 1293 124 100
internal_value=-0.000357936 0.00112175 -5.31212e-05 0.00140161 -3.94695e-05 0.0209056 -0.0194742 0.000907158 -2.93563e-05 0.0092294 -0.00271308 -0.00116475 0.0378679 -0.0304173
internal_weight=796.715 740.349 690.314 656.533 612.291 44.242 56.3652 594.728 573.773 128.391 445.383 416.723 24.2218 17.5627
internal_count=32928 23571 22755 21236 20493 743 9357 20011 19700 5666 14034 13065 283 482
is_linear=0
shrinkage=0.05


Tree=99
num_leaves=15
num_cat=0
split_feature=28 22 21 9 11 19 25 9 27 21 3 19 15 9
split_gain=8.35339 7.38291 7.03974 6.76636 6.40062 7.16918 5.75264 5.68935 6.16931 5.59023 5.52276 5.38502 5.87003 5.02557
threshold=0.037749287749287708 22.500000000000004 0.42050764655904843 15.074250418387587 10.587899479160798 0.16740412979351033 0.23669467787114842 13.4613384265947 0.16333333333333333 0.25137362637362642 79.500000000000014 0.14504441327723233 3.8805589355170826 15.679044869315746
decision_type=2 2 2 2 2 2 2 2 2 2 2 2 2 2
left_child=3 4 -3 9 5 -2 -7 8 -6 -1 -11 12 -5 -9
right_child=1 2 -4 11 7 6 -8 13 -10 10 -12 -13 -14 -15
leaf_value=0.021771031015720664 0.0073921247576815927 0.05551065072735252 0.011067748922397256 0.019389594737515271 -0.05129301630279004 -0.011319714873670731 0.0035832267418005707 0.024623485520626751 0.025815656691735345 -0.013329198051427653 0.0089235598444024535 -0.027971460738217598 -0.022474442247390848 -0.020357392748987912
leaf_weight=21.664704957627691 172.02706694351218 10.889377235434948 38.620489297085442 15.371567632450025 5.314672193140721 167.90701467992039 104.38396678192657 59.958781626424752 3.5947390696965158 76.07989321569039 42.822995946276933 55.311401674371155 16.149460924090818 6.1610216201515859
leaf_count=324 4641 101 708 516 125 8049 3801 1564 56 4897 1188 6085 610 231
internal_value=0.000259771 0.00349759 0.0217482 -0.0078197 0.00171929 -0.000573359 -0.0056144 0.0151252 -0.0207159 -0.00100957 -0.00530726 -0.0187072 -0.00209054 0.0201913
internal_weight=796.257 568.857 49.5099 227.4 519.347 444.318 272.291 75.0292 8.90941 140.568 118.903 86.8324 31.521 66.1198
internal_count=32896 19276 809 13620 18467 16491 11850 1976 181 6409 6085 7211 1126 1795
is_linear=0
shrinkage=0.05


Tree=100
num_leaves=15
num_cat=0
split_feature=15 28 21 15 18 9 18 26 25 10 12 18 26 28
split_gain=8.55545 7.22797 8.89277 6.0117 5.09682 4.82283 4.78571 4.95672 4.77521 4.53474 5.86671 5.3429 5.52256 5.42196
threshold=3.3159361125977385 0.093073593073593072 0.34930196978389755 4.082090673488552 0.24025316455696202 15.638849672343268 0.14858175006689858 0.067816091954022953 0.06904761904761901 9.9622601129964128 22.285747743144274 0.16477052359405298 0.060661764705882353 0.21980676328502413
decision_type=2 2 2 2 2 2 2 2 2 2 2 2 2 2
left_child=4 2 5 -3 -1 -2 7 -4 -8 10 -5 13 -13 -11
right_child=1 3 6 9 -6 -7 8 -9 -10 11 -12 12 -14 -15
leaf_value=-0.025672764184548641 0.011192056712283021 0.01283156233233575 0.014674382851798482 -0.051475832956911209 0.031972608929559547 -0.02653846899941564 -0.034471845957320515 -0.0085737316501857501 -0.0089938484697266452 -0.020623156425245884 0.0060611442749699818 0.035830833831750633 0.0030803144650155263 0.034386761475825915
leaf_weight=41.346851427355432 115.40126713331847 190.83963396992476 41.688734019815456 8.4649445622344519 3.3697295447345814 8.1926307147950848 19.61161100625759 48.570679969056073 189.06576893841702 31.40970727999229 7.9736169003881505 15.224292889994102 63.4190942531568 4.2742235625628373
leaf_count=3121 2196 5608 1181 161 130 254 1683 2093 13553 659 137 276 1703 59
internal_value=0.000271386 0.00155918 -0.00273819 0.00719613 -0.0207244 0.0084981 -0.00739662 0.00220717 -0.0115413 -0.00106318 -0.02482 0.00253829 0.00979066 -0.0132763
internal_weight=788.853 744.136 422.531 321.606 44.7166 123.594 298.937 90.2594 208.677 130.766 16.4386 114.327 78.6434 35.6839
internal_count=32814 29563 20960 8603 3251 2450 18510 3274 15236 2995 298 2697 1979 718
is_linear=0
shrinkage=0.05


Tree=101
num_leaves=15
num_cat=0
split_feature=22 13 21 24 30 26 12 21 4 12 3 3 4 28
split_gain=6.94763 6.94133 6.87364 6.55833 7.92251 5.9358 7.70975 8.07769 5.2288 5.32969 5.18297 4.95866 5.35624 7.80128
threshold=19.500000000000004 26.500000000000004 0.47237484737484742 0.27429467084639497 452.00000000000006 0.081666666666666665 16.221498257839723 0.50217391304347836 18.667892156862749 11.587210884353743 26.500000000000004 18.500000000000004 18.689764295067665 0.15587044534412953
decision_type=2 2 2 2 2 2 2 2 2 2 2 2 2 2
left_child=1 2 11 4 -3 8 -7 -8 9 -4 -2 -1 13 -13
right_child=10 3 5 -5 -6 6 7 -9 -10 -11 -12 12 -14 -15
leaf_value=0.036594312304017794 -0.017906018558088595 -0.0067480701460868086 -0.02375001626368678 0.0092247652923986827 -0.04794039279971473 -0.018074255345993166 -0.027700190526959517 0.024494049234658949 -0.017013604485033237 0.017911252046822382 0.010886799303183122 -0.0061776761461206408 0.011253581403248716 0.031833831771607923
leaf_weight=10.678126712227821 16.20051843507099 23.876813728915295 8.1251980424713093 15.953747474413829 22.576532470528036 124.32113012904301 9.7018630005186406 23.417128560482524 20.294737935764715 50.709357296640519 180.99343446514104 145.52019311164622 119.83854772026825 13.873941669473423
leaf_count=724 606 1466 1363 329 760 11221 249 538 695 2140 2815 7162 2375 311
internal_value=0.000344118 -0.00237755 -0.000494313 -0.0180066 -0.0273561 -0.00680348 -0.0123924 0.00884055 0.00433244 0.011857 0.00844291 0.00465971 0.00331227 -0.00269124
internal_weight=786.081 588.887 526.48 62.4071 46.4533 236.569 157.44 33.119 79.1293 58.8346 197.194 289.911 279.233 159.394
internal_count=32754 29333 26778 2555 2226 16206 12008 787 4198 3503 3421 10572 9848 7473
is_linear=0
shrinkage=0.05


Tree=102
num_leaves=15
num_cat=0
split_feature=29 26 19 30 20 25 13 23 28 6 17 2 30 28
split_gain=7.07996 6.13755 6.43894 4.99433 6.2596 4.7603 5.32982 5.10989 5.08828 4.75032 8.04843 5.76049 5.31138 4.61779
threshold=0.11324786324786322 0.078461538461538458 0.1734013605442177 129.50000000000003 0.011428944618599751 0.13714733542319749 3.5000000000000004 0.60990338164251223 0.10172413793103446 53.500000000000007 0.62328251458686246 0.33936568969262171 269.50000000000006 0.1188235294117647
decision_type=2 2 2 2 2 2 2 2 2 2 2 2 2 2
left_child=1 13 9 -2 -5 6 -4 -8 -7 10 12 -12 -3 -1
right_child=3 2 5 4 -6 8 7 -9 -10 -11 11 -13 -14 -15
leaf_value=0.0020681426103361486 0.032359183198266507 0.055056081452251909 0.014258278538087185 -0.033764917026599388 0.0050014535925987473 -0.011165270856216603 -0.027743218775107489 0.038354653305218242 0.00479400973363043 0.0054706927977017199 -0.011783315234069244 -0.076369396559561209 -0.037084224644870677 0.017393612020896138
leaf_weight=130.44314734799991 3.6503611184889442 3.9863538675708723 9.676270659954751 34.615158518543467 14.384508871706201 105.82132551948234 56.247258973089629 2.2332499290932892 92.990452357509639 232.55445003602654 8.9097844927819079 5.1452396754466454 1.4583806493901645 78.18301904326654
leaf_count=4543 140 74 414 3238 812 7381 3892 96 2470 6149 1303 265 293 1723
internal_value=-0.000646477 0.000645063 -0.0022674 -0.0181755 -0.0225121 -0.0076654 -0.0189712 -0.0246167 -0.00371398 0.00345771 -0.0196449 -0.0389291 0.0284514 0.00786697
internal_weight=780.299 727.649 519.023 52.65 48.9997 266.969 68.1568 58.4805 198.812 252.054 19.4998 14.055 5.44473 208.626
internal_count=32793 28603 22337 4190 4050 14253 4402 3988 9851 8084 1935 1568 367 6266
is_linear=0
shrinkage=0.05


Tree=103
num_leaves=15
num_cat=0
split_feature=27 12 9 24 9 0 21 14 14 20 17 28 8 6
split_gain=7.31727 7.44863 7.07424 7.86455 7.76954 5.899 5.90507 5.76453 5.55431 5.39962 5.92559 5.21197 5.17973 5.15932
threshold=0.04880952380952381 15.707265917602999 14.066432432821932 0.13188405797101446 15.266902157530174 649.50000000000011 0.43256237006237014 0.66743525539411441 0.45296715887807831 0.01290376290376285 0.68783602150537648 0.20416666666666669 543.50000000000011 2993.0000000000005
decision_type=2 2 2 2 2 2 2 2 2 2 2 2 2 2
left_child=2 5 3 -1 12 6 -2 -6 11 10 13 -3 -4 -7
right_child=1 8 4 -5 7 9 -8 -9 -10 -11 -12 -13 -14 -15
leaf_value=-0.030006735370373513 0.024343338716011399 -0.015623326167620669 0.031134382633778331 0.0071271026575605943 -0.021487650805750345 -0.026326112640885347 -0.0051447309527029002 0.013203667489634014 0.0060824552509855957 2.0697296879043913e-05 0.0019506558488011673 0.032519134683194929 -0.022113591238082111 0.0066108820040979375
leaf_weight=19.719249767949805 22.115654759327299 54.060447940515587 60.853283283795463 44.875009547075024 17.14765094127506 107.62745022291347 63.052935068513762 34.21802189599839 245.73369978475966 58.644709344400326 30.111641568946652 5.3231594846583894 4.2363926647230974 12.951088735164374
leaf_count=424 1474 1386 1819 802 374 6601 8076 1652 4518 2263 954 79 109 2182
internal_value=-4.60589e-05 -0.00270764 0.00873533 -0.0044937 0.0160489 -0.00836677 0.00270606 0.00143332 0.00276411 -0.0128632 -0.0178444 -0.0108408 0.0273866 -0.0227631
internal_weight=780.67 599.621 181.05 64.5943 116.455 294.503 85.1686 51.3657 305.117 209.335 150.69 59.3836 65.0897 120.579
internal_count=32713 27533 5180 1226 3954 21550 9550 2026 5983 12000 9737 1465 1928 8783
is_linear=0
shrinkage=0.05


Tree=104
num_leaves=15
num_cat=0
split_feature=12 14 30 12 21 28 13 27 18 10 22 30 14 18
split_gain=9.56361 7.78152 8.59079 9.43273 7.12497 9.40722 6.50918 6.44656 6.37404 5.72851 5.97301 5.76594 4.81544 4.81047
threshold=11.321616545998173 0.6056307269057718 834.00000000000011 16.595208333333336 0.34299719887955188 0.060661764705882353 27.500000000000004 0.05131578947368421 0.16477052359405298 11.184546464194305 18.500000000000004 316.50000000000006 0.69989246283509787 0.14858175006689858
decision_type=2 2 2 2 2 2 2 2 2 2 2 2 2 2
left_child=-1 2 3 -2 -3 13 7 8 -7 -5 11 -11 -9 -6
right_child=1 4 -4 9 5 6 -8 12 -10 10 -12 -13 -14 -15
leaf_value=-0.024501551073977224 -0.014570219659076365 0.016566411808836216 -0.026278391839996536 -0.00099668834706144178 0.0037037508410550086 0.00022393561656415428 -0.013563518957691423 0.020645477134698338 0.036008399869606099 -0.03666855795977584 0.046360045308490729 0.018548168465082837 0.00035501921847211419 -0.016017181980058907
leaf_weight=38.36345569871628 85.701741195094655 96.579820399289019 43.579307362699183 76.881543426919961 46.93567409410025 18.245147473411635 32.124002577184001 37.203262512121 38.224233798275236 5.0176749497186419 14.732292394852264 21.41163973917719 124.80024828862952 87.851871435046633
leaf_count=7655 2730 1621 1799 1285 1568 405 697 961 985 73 188 367 5766 6635
internal_value=-0.000495267 0.00079938 -0.00639476 -0.00203425 0.00449671 0.00143692 0.00715756 0.0102523 0.0246516 0.00711306 0.0219248 0.00711047 0.00511269 -0.00917326
internal_weight=767.652 729.288 247.324 203.745 481.964 385.384 250.597 218.473 56.4694 118.043 41.1616 26.4293 162.004 134.788
internal_count=32735 25080 6442 4643 18638 17017 8814 8117 1390 1913 628 440 6727 8203
is_linear=0
shrinkage=0.05


Tree=105
num_leaves=15
num_cat=0
split_feature=28 20 21 3 22 29 21 28 26 30 28 17 8 4
split_gain=7.15243 7.22751 7.27766 6.2339 5.20336 5.173 5.40401 5.32649 5.14195 5.34157 4.70584 4.69498 4.63124 6.50577
threshold=0.11324786324786322 0.010152545866831552 0.5317802316186373 31.500000000000004 12.500000000000002 0.07275132275132272 0.62736185383244225 0.18350168350168347 0.064583333333333312 416.50000000000006 0.037749287749287708 0.70983870967741947 376.50000000000006 17.531582446808514
decision_type=2 2 2 2 2 2 2 2 2 2 2 2 2 2
left_child=1 2 3 -1 -3 6 -2 -8 9 -7 -5 -4 -6 -14
right_child=5 4 11 10 12 8 7 -9 -10 -11 -12 -13 13 -15
leaf_value=0.01334951449644059 0.012157188233081172 -0.025572107374981581 -0.026687409329324965 -0.015848180957491333 -2.0035450328951122e-05 -0.038766429549305974 -0.039482978542604186 0.0040402247968371703 -0.027992221028507389 0.033555918252646269 -0.00076747574168970639 0.032875950408570283 -0.012983848725069889 0.023846289940326591
leaf_weight=40.503602967000916 202.87978306235163 12.908032564009771 58.158045144402422 97.06071025232086 115.97355028618767 2.6176653115544495 9.3880986789299659 21.253913400112651 18.749867848702706 8.0926969772553985 109.7112154088536 2.6778233560034996 14.505347702084689 55.803396133997012
leaf_count=3379 5033 1119 6207 5524 3245 139 448 441 993 208 3898 48 842 1374
internal_value=2.9506e-05 -0.00343818 -0.00822636 -0.00437014 0.00397237 0.00670648 0.00920325 -0.0101208 -0.012737 0.014079 -0.00788871 -0.0235763 0.0061452 0.0161724
internal_weight=770.284 507.302 308.111 247.276 199.19 262.982 233.522 30.642 29.4602 10.7104 206.772 60.8359 186.282 70.3087
internal_count=32898 25636 19056 12801 6580 7262 5922 889 1340 347 9422 6255 5461 2216
is_linear=0
shrinkage=0.05


Tree=106
num_leaves=15
num_cat=0
split_feature=12 13 8 24 14 6 30 20 26 27 11 11 8 24
split_gain=8.484 4.83102 4.84065 4.68934 6.92605 4.65843 5.50454 4.61999 7.98186 6.07452 6.38494 5.92292 4.78838 4.573
threshold=11.546714628297364 1.5000000000000002 608.50000000000011 1.0000000180025095e-35 0.33393680213323734 245.50000000000003 1264.0000000000002 0.013245614035087701 0.29289215686274511 0.097619047619047619 6.7270313776312847 10.587899479160798 506.50000000000006 0.16333333333333333
decision_type=2 2 2 2 2 2 2 2 2 2 2 2 2 2
left_child=13 -2 3 4 -3 -6 -7 8 9 -5 -11 -9 -13 -1
right_child=1 2 -4 7 5 6 -8 11 -10 10 -12 12 -14 -15
leaf_value=-0.033098313103493558 0.02075265028053597 -0.063995550244126218 -0.044239081531871199 0.0070119058587978546 -0.023857983089295889 0.017870021952901095 -0.044306813231850817 0.0049647544900150095 -0.025469152326476837 0.010514357866817285 -0.0096380340429986378 0.039260098011278957 -0.01690777117015586 -0.0033386944103994788
leaf_weight=27.384899959848553 29.659613934403751 5.0642258162843055 5.0031422773608929 219.40260750344896 20.341673503142374 20.81022520745319 3.2765573351643971 139.67350485021598 29.031036474276334 50.83819557998504 162.53635083777044 22.299957512819677 3.9446874917484811 24.131288755474088
leaf_count=6068 962 181 189 5953 1311 610 142 3539 1398 1082 7441 464 122 3276
internal_value=-9.2451e-05 0.00133645 0.000463188 0.00085818 -0.0138037 -0.00679972 0.00798303 0.0020343 -0.000541361 0.00118568 -0.00480992 0.00916356 0.0305071 -0.0194873
internal_weight=763.398 711.882 682.222 677.219 49.4927 44.4285 24.0868 627.726 461.808 432.777 213.375 165.918 26.2446 51.5162
internal_count=32738 23394 22432 22243 2244 2063 752 19999 15874 14476 8523 4125 586 9344
is_linear=0
shrinkage=0.05


Tree=107
num_leaves=15
num_cat=0
split_feature=6 18 28 14 27 30 30 17 21 11 11 22 26 4
split_gain=7.09097 8.43014 8.56206 7.25822 5.39073 6.76064 6.60165 5.53033 8.39153 5.57024 4.95203 4.56505 4.33185 4.55445
threshold=100.50000000000001 0.23623737373737372 0.13714733542319749 0.36662406635130124 0.05131578947368421 1899.0000000000002 1860.0000000000002 0.61751918158567787 0.40560125342734044 10.153287793118976 8.4426348112045808 18.500000000000004 0.18019480519480516 19.9780193236715
decision_type=2 2 2 2 2 2 2 2 2 2 2 2 2 2
left_child=1 2 -1 -2 6 7 -5 8 -6 11 -4 -10 -9 -14
right_child=3 -3 10 4 5 -7 -8 12 9 -11 -12 -13 13 -15
leaf_value=-0.02065508600611142 -0.015054862242653344 0.035989171958783442 -0.013701338143563557 0.0084698924610832112 0.016476416806427471 -0.033517575338331877 0.054481140220421755 0.0094707704190076548 -0.032053036094155961 0.0044023935857875549 0.027747891328657882 -0.0078901376184231844 0.002168903245747136 -0.027554483942032134
leaf_weight=107.3090844424114 61.825749110823381 7.9338854413945219 11.763338040473174 136.12881185137667 29.719418049149681 13.557957282639107 7.3317620642483226 187.10316629828594 39.151890547815128 32.138596472126665 15.863635238318237 39.783252416644245 51.426108678635501 16.142422393662855
leaf_count=11601 1658 546 815 3439 862 665 112 4698 3487 1132 496 817 2193 313
internal_value=-0.00128577 -0.0112779 -0.0143014 0.00105265 0.00287911 -5.32882e-05 0.0111822 0.00117564 -0.00674744 -0.0130529 0.010237 -0.020126 0.0055651 -0.00523044
internal_weight=757.179 142.87 134.936 614.309 552.483 409.023 143.461 395.465 140.793 111.074 27.627 78.9351 254.672 67.5685
internal_count=32834 13458 12912 19376 17718 14167 3551 13502 6298 5436 1311 4304 7204 2506
is_linear=0
shrinkage=0.05


Tree=108
num_leaves=15
num_cat=0
split_feature=25 6 21 29 23 28 21 22 27 3 19 24 5 25
split_gain=7.1009 8.99492 7.08309 5.86899 5.49003 5.38228 7.40742 7.40578 6.43263 6.54316 5.97124 5.37899 4.93058 5.26728
threshold=0.14039408866995071 115.50000000000001 0.67455869991594286 0.093073593073593072 0.39642857142857146 0.16333333333333333 0.47237484737484742 23.500000000000004 0.05131578947368421 132.50000000000003 0.16405676535356004 0.042572463768115909 20.500000000000004 0.13188405797101446
decision_type=2 2 2 2 2 2 2 2 2 2 2 2 2 2
left_child=1 4 3 5 -1 6 7 11 9 -7 -10 -2 -6 -14
right_child=2 -3 -4 -5 12 8 -8 -9 10 -11 -12 -13 13 -15
leaf_value=-0.050686237594930711 -0.031630894452104534 -0.0032042380563314489 -0.041398639629959495 -0.013396630847774718 0.012968619123881659 0.043846680640931966 -0.0066414283363436773 0.049574211786320696 -0.04716999552895923 -0.027611969580062463 0.010807946155562811 0.0074895481437426102 -0.034940303722477799 0.025830710958334242
leaf_weight=15.379171543681876 8.2122422625543532 196.06322116145748 8.1828663017950003 48.699854855520243 10.474805770005331 24.482375767256602 146.33403041544079 9.1668569045141322 3.836306625744327 2.9775733612477771 55.1275979836646 200.11438039982022 23.067696704354606 3.4389770228299303
leaf_count=2103 507 6370 425 3329 1015 428 9163 81 74 30 1135 5935 1904 269
internal_value=-0.0012672 -0.00817522 0.00212618 0.00292137 -0.0263801 0.00471213 0.00202937 0.00786695 0.0158536 0.0354002 0.00631206 0.00580368 -0.0152037 -0.0264034
internal_weight=755.558 248.424 507.134 498.951 52.3607 450.251 363.828 217.493 86.4239 27.4599 58.9639 208.327 36.9815 26.5067
internal_count=32768 11661 21107 20682 5291 17353 15686 6523 1667 458 1209 6442 3188 2173
is_linear=0
shrinkage=0.05


Tree=109
num_leaves=15
num_cat=0
split_feature=12 11 14 6 11 27 30 30 22 19 27 22 8 17
split_gain=6.40699 4.84724 4.79084 4.56091 4.81644 4.1761 3.89019 4.54641 3.98341 3.81196 4.90783 3.7342 5.05922 4.51842
threshold=15.058333333333335 10.774585904237833 0.33393680213323734 997.00000000000011 2.5989432053920782 0.093073593073593072 559.50000000000011 301.50000000000006 18.500000000000004 0.28647416413373866 0.16333333333333333 16.500000000000004 359.50000000000006 0.76353861192570882
decision_type=2 2 2 2 2 2 2 2 2 2 2 2 2 2
left_child=9 2 6 4 -4 -5 7 8 -2 10 -1 12 13 -6
right_child=1 -3 3 5 11 -7 -8 -9 -10 -11 -12 -13 -14 -15
leaf_value=-0.0015572687662384302 -0.07310282066307501 0.021925427485851585 -0.028086142987391611 0.0054875117815234194 -0.029277053616366018 -0.029198054053705375 -0.031533644544009802 0.012230615568935718 0.002534724646510098 0.050263620292180511 -0.01585430449218065 0.010703081613144559 0.006866290677716276 0.026983109412409396
leaf_weight=239.25424659192504 2.4473954993300167 36.240291661233641 8.7200303759891522 16.296814612578601 20.614627762290187 16.932812451093923 15.922021784033857 18.218068510584999 3.3858033266151324 2.1407102233206379 79.247787963024166 244.00855503889034 51.475876120966859 3.4580214901361606
leaf_count=15725 35 866 488 366 381 543 565 326 48 102 8165 3988 1121 72
internal_value=0.000733447 0.00466243 0.00305355 0.00487841 0.00667262 -0.0125239 -0.0131662 -0.00023347 -0.035254 -0.00462796 -0.00515306 0.00770577 -0.00198837 -0.0204415
internal_weight=758.363 437.72 401.48 361.507 328.277 33.2296 39.9733 24.0513 5.8332 320.643 318.502 319.557 75.5485 24.0726
internal_count=32791 8799 7933 6959 6050 909 974 409 83 23992 23890 5562 1574 453
is_linear=0
shrinkage=0.05


Tree=110
num_leaves=15
num_cat=0
split_feature=22 24 11 14 21 22 13 4 29 19 14 5 16 30
split_gain=6.45304 6.949 5.88524 5.79786 5.42755 6.21552 5.46386 6.70928 6.57182 5.29377 6.38009 5.26042 5.73015 5.11855
threshold=17.500000000000004 0.17914438502673799 6.9421669191194093 0.91827943882826546 0.42923898531375165 23.500000000000004 27.500000000000004 18.754465709728869 0.054093567251461951 0.22816552250190689 0.76398480498029586 23.500000000000004 91.500000000000014 163.00000000000003
decision_type=2 2 2 2 2 2 2 2 2 2 2 2 2 2
left_child=1 2 -1 4 5 -2 7 9 -9 10 -6 -10 -13 -4
right_child=3 -3 13 -5 6 -7 -8 8 11 -11 -12 12 -14 -15
leaf_value=-0.033890947040407786 0.0075560862964221239 0.0022846659259977242 0.018231989042056144 0.018722676992147049 0.0075968011726240464 0.052350219517866642 -0.015331659264789802 0.016688470798800221 0.02335063373103409 -0.056794395808004966 -0.04865521562097546 -0.042468408737102246 0.023383924585061937 -0.010164740614881653
leaf_weight=23.149255219897896 84.402093772572698 205.39350443606236 16.564845999979298 61.882100410293788 19.757165534712847 7.5992504423484197 59.739573973944061 73.128361321112607 6.1747158378129852 5.6381701986247199 5.6786657182965419 13.101005384174643 3.6050468270259435 171.2965164881025
leaf_count=4122 1249 8723 587 1977 558 58 1279 1326 160 250 266 349 87 11709
internal_value=-8.87232e-05 -0.00425968 -0.0106105 0.00500648 0.00190629 0.0117792 -0.00299247 0.00288239 0.00941623 -0.0169693 -0.00632716 -0.0135519 -0.0277398 -0.00757755
internal_weight=757.11 416.404 211.011 340.706 278.824 92.0013 186.823 127.083 96.0091 31.074 25.4358 22.8808 16.7061 187.861
internal_count=32700 25141 16418 7559 5582 1307 4275 2996 1922 1074 824 596 436 12296
is_linear=0
shrinkage=0.05


Tree=111
num_leaves=15
num_cat=0
split_feature=28 21 21 19 9 22 21 23 14 24 8 22 19 9
split_gain=5.6741 6.10689 4.91523 5.31707 4.9565 4.67577 8.07794 6.56672 5.30266 4.79327 5.28952 5.96536 5.22674 4.96444
threshold=0.22474747474747472 0.67455869991594286 0.25137362637362642 0.072949002217294862 14.189525229088078 23.500000000000004 0.50217391304347836 0.64852941176470602 0.28379235969982558 0.17914438502673799 399.50000000000006 17.500000000000004 0.2078564999357079 13.190615181221213
decision_type=2 2 2 2 2 2 2 2 2 2 2 2 2 2
left_child=1 2 3 -1 -5 7 -7 9 -9 10 11 -4 -13 -11
right_child=-2 -3 5 4 -6 6 -8 8 -10 13 -12 12 -14 -15
leaf_value=-0.048706412163430662 0.015017034670996247 -0.045709904401739644 -0.024689971403604138 0.03396706694670118 0.0016520611043069446 0.043019681985008565 -0.010315865753442706 -0.04846965714795156 0.025325825258586121 -0.012374461622201367 -0.0013198613889770703 -0.00072880927754618251 -0.024409094347150675 0.0039299960621827891
leaf_weight=2.2994821479078373 49.903955095505808 6.9996555547550079 78.786108401662204 22.133276202890556 24.584071434073849 13.509707537945362 13.287982545356497 1.7491190964938166 26.62842678904417 59.769209010351915 137.25336214988056 88.884473915502895 30.61317346629221 200.47447522454604
leaf_count=43 1030 542 9512 271 458 152 312 46 810 1198 6734 2228 1049 8543
internal_value=-0.00110885 -0.00226676 -0.00176774 0.0133421 0.0173529 -0.00292423 0.0171529 -0.00381228 0.0192822 -0.00494276 -0.00888327 -0.0140858 -0.0069475 0.000152377
internal_weight=756.876 706.973 699.973 49.0168 46.7173 650.956 26.7977 624.158 28.3775 595.781 335.537 198.284 119.498 260.244
internal_count=32928 31898 31356 772 729 30584 464 30120 856 29264 19523 12789 3277 9741
is_linear=0
shrinkage=0.05


Tree=112
num_leaves=15
num_cat=0
split_feature=28 19 24 9 8 21 20 19 12 27 14 4 30 6
split_gain=6.58118 6.87658 6.67746 5.52904 5.22248 4.81595 6.19543 5.25788 4.79329 4.62432 7.25721 5.31999 4.46404 7.29209
threshold=0.081666666666666665 0.16145324209840337 0.13484848484848483 10.30703609416083 500.50000000000006 0.34930196978389755 0.01290376290376285 0.072949002217294862 10.838255208333335 0.11651583710407236 0.91827943882826546 16.960392156862749 312.00000000000006 46.500000000000007
decision_type=2 2 2 2 2 2 2 2 2 2 2 2 2 2
left_child=2 3 -1 -2 -5 7 -7 -4 -3 10 12 -12 13 -10
right_child=1 8 5 4 -6 6 -8 -9 9 -11 11 -13 -14 -15
leaf_value=-0.014315996403965567 -0.034591257544200567 -0.038919445302300536 -0.047842303788146079 0.023308334552550689 -0.011511227085530379 -0.01167413329800409 0.0097839182114708434 0.010167133014111346 -0.066645138398738438 -0.0062752148663969944 -0.027195738921841774 0.034239147132816873 -0.0037633407655748158 0.029609540948106052
leaf_weight=126.39015593026852 4.245672626188024 6.5779303565504952 3.0830646648537359 78.552572234737454 11.836944871465674 119.41838623279909 45.812175652128644 100.39986313285772 1.2289794039097639 109.667324827431 3.2337414382200214 29.619372844099416 90.416608122730395 19.916676556982566
leaf_count=10927 92 1391 73 1893 270 7380 1789 1860 79 3599 325 988 1925 295
internal_value=-0.00045285 0.00447835 -0.00488733 0.0159462 0.0186725 -0.00041589 -0.00570156 0.0079975 0.000269823 0.00143299 0.00728941 0.0275674 0.00112605 0.0212585
internal_weight=750.399 355.296 395.104 94.6352 90.3895 268.713 165.231 103.483 260.661 254.083 144.415 32.8531 111.562 21.1457
internal_count=32886 10857 22029 2255 2163 11102 9169 1933 8602 7211 3612 1313 2299 374
is_linear=0
shrinkage=0.05


Tree=113
num_leaves=15
num_cat=0
split_feature=28 21 12 10 19 17 19 6 10 23 19 4 25 3
split_gain=5.37103 7.36891 5.84353 4.98431 4.40943 7.81563 5.4262 5.11566 5.03094 4.06456 5.48764 4.03163 7.23647 5.13601
threshold=0.16333333333333333 0.61715261360651441 15.318385093167704 11.705604961849071 0.16428133306072376 0.63780609695152435 0.15935616262665128 64.500000000000014 14.13725165133545 0.17914438502673799 0.23836580086580081 19.093976449275367 0.26201372997711675 37.500000000000007
decision_type=2 2 2 2 2 2 2 2 2 2 2 2 2 2
left_child=1 2 3 11 6 -6 7 -5 -8 10 -2 12 -1 -14
right_child=9 -3 -4 4 5 -7 8 -9 -10 -11 -12 -13 13 -15
leaf_value=-0.031784599976481143 -0.029581829748482724 -0.03103173439351975 0.0032246218610839893 -0.030651682015647955 0.00054869023599254951 -0.032323794604548921 0.047338155982929522 0.0080097830887946274 -0.034477600763512709 0.011607399161799467 0.028574395130423182 0.002219754593854584 0.035877112235046464 -0.013298376934681914
leaf_weight=50.704117696725007 13.112508862977849 20.511172222977621 324.11854640474485 9.4164682326809253 64.044313465783489 24.177273331893957 11.341914480624835 46.938618678046623 1.4736672080180131 125.92139899249014 4.7912786937667979 23.576663043466397 6.6615785613321377 16.31155873296666
leaf_count=3699 411 2117 6922 1228 7434 2833 514 2162 139 2877 103 1094 449 804
internal_value=-0.000210418 -0.00229529 -0.00122512 -0.00687929 -0.00135412 -0.00872139 0.0080326 0.00112798 0.0361156 0.00843248 -0.0133302 -0.0157162 -0.0214086 0.00186291
internal_weight=743.101 599.276 578.765 254.646 157.392 88.2216 69.1707 56.3551 12.8156 143.825 17.9038 97.2539 73.6773 22.9731
internal_count=32786 29395 27278 20356 14310 10267 4043 3390 653 3391 514 6046 4952 1253
is_linear=0
shrinkage=0.05


Tree=114
num_leaves=15
num_cat=0
split_feature=22 13 15 19 30 6 21 25 12 20 9 23 21 23
split_gain=7.46176 7.10049 5.167 4.357 5.37631 5.04179 6.13676 4.56381 5.09068 5.81403 5.12257 7.12021 4.82347 4.55695
threshold=14.500000000000002 1.5000000000000002 4.5841392325092123 0.16912242686890575 215.50000000000003 149.50000000000003 0.56373307543520312 0.19615384615384618 14.445000000000002 0.013423423423423403 14.147364261398286 0.39642857142857146 0.27151675485008825 0.32071428571428579
decision_type=2 2 2 2 2 2 2 2 2 2 2 2 2 2
left_child=1 -1 -3 4 -2 -6 13 8 9 -5 12 -12 -10 -7
right_child=3 2 -4 7 5 6 -8 -9 10 -11 11 -13 -14 -15
leaf_value=0.016599304700872695 0.033782936728011491 -0.016457550500587691 0.019057020192308552 -0.03528592979702231 -0.0092896434976948768 -0.010284741838188286 0.038555480271930932 0.0038604188767411376 0.036702278214956981 0.0070221676676418786 -0.0066921333121567825 0.030709595786780949 -0.017097472750774761 0.010255848795279146
leaf_weight=21.480953735910589 17.080999876256101 129.85652335216582 10.286172200518193 27.36817894676642 45.808457949853619 32.745970063173445 15.177060698973944 186.85733335492841 3.6053542036097488 10.966619479237123 29.50833946277271 21.003279233758803 49.755854783608811 136.43338476665667
leaf_count=713 271 12338 537 3371 2303 636 289 6874 35 714 812 465 1115 2306
internal_value=-0.000165337 -0.00962547 -0.0137343 0.00249979 0.00750118 0.00541305 0.00909675 -0.00126939 -0.00798973 -0.0233118 -0.00216666 0.00915417 -0.0128542 0.00624299
internal_weight=737.934 161.624 140.143 576.311 247.246 230.165 184.356 329.065 142.208 38.3348 103.873 50.5116 53.3612 169.179
internal_count=32779 13588 12875 19191 5805 5534 3231 13386 6512 4085 2427 1277 1150 2942
is_linear=0
shrinkage=0.05


Tree=115
num_leaves=15
num_cat=0
split_feature=24 22 11 27 3 23 14 15 16 23 20 10 21 8
split_gain=5.17914 6.82836 6.84825 6.56448 5.80008 5.73286 6.5128 4.54373 7.69603 4.99923 5.30578 4.2709 4.18754 6.28473
threshold=0.22902097902097898 19.500000000000004 9.9082605225417186 0.064583333333333312 26.500000000000004 0.45993589743589747 0.88246925413212796 3.8853122971847092 66.500000000000014 0.31909090909090915 0.010811126694717151 11.480658110003462 0.44136745607333844 313.50000000000006
decision_type=2 2 2 2 2 2 2 2 2 2 2 2 2 2
left_child=1 2 3 -1 -3 -5 -7 -2 -9 10 11 -10 -4 -14
right_child=7 4 12 5 -6 6 -8 8 9 -11 -12 -13 13 -15
leaf_value=-0.0010455942475331248 0.014161120760876578 -0.02768233791919952 0.014470167433336782 -0.023419664106985615 0.0086933198362244869 0.014388424757519678 -0.026761145403698058 0.017974906200417872 -0.057864905130297108 -0.00066056089873915355 0.011031653338681308 -0.0089665462608995525 -0.052170644028462387 -0.00022925481787522352
leaf_weight=91.481947865031543 93.338544504047604 10.941964811339856 45.992088373168372 116.61193312144314 135.91094626919948 24.376374013110762 14.484391195059287 37.44090408826014 11.444972252647863 56.348753575701267 6.42467495962046 7.6252873482299028 5.3261809804389477 73.435051618725993
leaf_count=4045 3304 507 1454 11367 2326 1082 2099 1267 246 1159 100 294 248 3135
internal_value=-0.000593305 -0.00328716 -0.00688879 -0.0116972 0.00581408 -0.0179181 -0.00123565 0.00596129 -0.000519355 -0.00909474 -0.0270074 -0.0397337 0.00264707 -0.00435181
internal_weight=731.184 518.561 371.708 246.955 146.853 155.473 38.8608 212.623 119.285 81.8437 25.4949 19.0703 124.753 78.7612
internal_count=32633 26263 23430 18593 2833 14548 3181 6370 3066 1799 640 540 4837 3383
is_linear=0
shrinkage=0.05


Tree=116
num_leaves=15
num_cat=0
split_feature=20 29 30 28 21 14 14 26 24 0 10 16 30 21
split_gain=7.15733 7.57289 6.80804 6.05737 5.89319 4.90992 6.87521 6.21845 4.08286 4.72137 3.88458 3.82001 3.96634 5.53629
threshold=0.033520599250936305 0.16333333333333333 1160.0000000000002 0.16333333333333333 0.61715261360651441 0.86640956882760822 1.1259956555154316 0.16333333333333333 0.22902097902097898 262.50000000000006 10.050605167857606 99.500000000000014 348.50000000000006 0.5572599531615926
decision_type=2 2 2 2 2 2 2 2 2 2 2 2 2 2
left_child=1 3 -2 4 8 7 11 -5 -1 -10 -9 12 13 -7
right_child=2 -3 -4 5 -6 6 -8 10 9 -11 -12 -13 -14 -15
leaf_value=-0.00467042668452884 0.032820386919453173 -0.035720046027243033 -0.04209183486075406 0.010135414665658834 -0.029787446321479623 0.033711844607000142 -0.021673568122726583 0.022642022560804193 0.048835532561842761 0.0030254911955254812 -0.028179659705510365 -0.041494632069367238 0.043193291925978802 -0.03568329024191446
leaf_weight=349.48824132933805 25.022797812620414 14.274810967050142 2.5673352959565809 68.598715933068888 18.044599527071114 6.0362531380378623 6.6996315027354276 3.815219430136497 4.8119704171258482 182.92274874806753 19.461602149312967 0.94976310199126501 27.295808695926098 3.8769847066141665
leaf_count=19895 534 1538 64 1213 1965 158 612 54 265 5394 442 16 539 197
internal_value=9.4976e-05 -0.000896577 0.0246212 -0.000127721 -0.00245194 0.00926003 0.0226258 0.00256082 -0.00148013 0.00445221 -0.0192601 0.0307584 0.0336404 0.00578914
internal_weight=733.866 706.276 27.5901 692.002 555.268 136.734 44.8584 91.8755 537.223 187.735 23.2768 38.1588 37.209 9.91324
internal_count=32886 32288 598 30750 27519 3231 1522 1709 25554 5659 496 910 894 355
is_linear=0
shrinkage=0.05


Tree=117
num_leaves=15
num_cat=0
split_feature=28 4 3 10 21 26 24 2 0 30 22 17 24 15
split_gain=6.16151 7.52904 6.8211 6.67571 6.6275 6.91651 7.56027 6.35711 6.61587 5.96414 5.83743 5.75677 5.28506 5.12094
threshold=0.037749287749287708 19.288061465721043 32.500000000000007 9.8651614731058572 0.47550979608156735 0.1188235294117647 0.26201372997711675 0.46937856223570512 1341.5000000000002 659.50000000000011 23.500000000000004 0.64321074964639335 0.25462962962962965 4.4327325296570592
decision_type=2 2 2 2 2 2 2 2 2 2 2 2 2 2
left_child=1 2 -1 9 10 7 -7 8 -6 -3 -2 -5 -9 -4
right_child=4 3 13 11 5 6 -8 12 -10 -11 -12 -13 -14 -15
leaf_value=0.0069277592797798958 0.0071592407615226547 0.0029247159868739801 -0.027143991348703506 -0.012769373925511246 0.0093525311237436914 -0.01511377851327713 0.02370890909296966 -0.0012911262604305808 0.053977257803813045 -0.041794506159768485 0.042194593102417216 0.025700429113239845 -0.050118456623492937 0.0006097583385716776
leaf_weight=27.168590314118774 224.36473702425428 20.228832164721101 76.080584173680109 12.417049344847326 68.935040444179322 113.84894130663452 13.176569611474404 87.846357774542412 8.567237400391603 10.699279634936827 11.625396940391509 36.656112916534767 4.919746382161974 21.134374778557685
leaf_count=3775 5791 483 6512 651 3754 6756 467 2130 127 298 116 726 94 1119
internal_value=-1.15117e-05 -0.00737182 -0.015023 0.00456257 0.00281789 -0.00214757 -0.0109329 0.00443212 0.0149102 -0.01337 0.00905592 0.0159057 -0.00438752 -0.0211656
internal_weight=737.669 204.385 124.384 80.0013 533.284 297.294 127.026 170.268 77.5023 30.9281 235.99 49.0732 92.7661 97.215
internal_count=32799 13564 11406 2158 19235 13328 7223 6105 3881 781 5907 1377 2224 7631
is_linear=0
shrinkage=0.05


Tree=118
num_leaves=15
num_cat=0
split_feature=29 15 20 22 10 13 11 22 21 8 19 9 6 4
split_gain=9.49405 7.16932 5.20208 4.55437 5.46854 4.33476 5.33435 5.15438 8.49478 6.50563 4.89148 4.46515 4.19067 4.167
threshold=0.16333333333333333 3.2966988031125442 0.025807525807525752 12.500000000000002 12.825479674693842 26.500000000000004 6.6280738511941921 20.500000000000004 0.41913687881429823 119.50000000000001 0.21553544494720969 10.990181469922979 1205.0000000000002 18.100387596899228
decision_type=2 2 2 2 2 2 2 2 2 2 2 2 2 2
left_child=1 -1 -2 4 13 6 -5 -7 -9 10 -10 -8 -11 -3
right_child=2 3 -4 5 -6 7 11 8 9 12 -12 -13 -14 -15
leaf_value=-0.019676059253342523 -0.049699759404852765 -0.04526906004115791 0.030408110305993493 0.023645822498937232 -0.00055661674646144833 -0.013925705337702293 -0.044132121389981023 0.032516347192146536 -0.034975970163184752 0.015978207774330129 0.026378959580877936 0.005055066118650791 -0.045293021660079001 0.013026088892289315
leaf_weight=36.966989860564354 12.360814648607628 13.628382080460144 1.6981840926455323 38.970980955702544 41.409952580092067 65.607635609572753 3.6714755435532416 19.608115290175192 18.754284561728131 26.609833581576826 3.126143433561082 439.69548016620683 2.1367443911731234 3.3949424971142426
leaf_count=2852 1451 1685 56 1871 4159 1905 74 241 458 403 69 17278 30 148
internal_value=0.000643225 0.00147032 -0.0386468 0.00265299 -0.0105761 0.00391852 0.006138 -0.00394947 0.00543414 -0.00548161 -0.0254402 0.00454935 0.0100544 -0.0335656
internal_weight=727.64 713.581 14.059 676.614 58.4333 618.181 482.338 135.843 70.2351 50.627 21.8804 443.367 28.7466 17.0233
internal_count=32680 31173 1507 28321 5992 22329 19223 3106 1201 960 527 17352 433 1833
is_linear=0
shrinkage=0.05


Tree=119
num_leaves=15
num_cat=0
split_feature=28 9 13 24 26 30 4 26 30 25 15 24 21 26
split_gain=5.20785 6.75483 4.96549 4.83746 4.79119 4.06519 4.11907 4.63675 4.99468 4.54408 5.96786 5.04313 4.16209 5.07863
threshold=0.093073593073593072 15.758123707578333 29.500000000000004 0.13484848484848483 0.18634259259259259 138.50000000000003 18.550872522922216 0.046536796536796508 483.00000000000006 0.13188405797101446 3.7695891470103056 0.29289215686274511 0.34299719887955188 0.097619047619047619
decision_type=2 2 2 2 2 2 2 2 2 2 2 2 2 2
left_child=1 3 4 -1 -2 -5 -7 8 -8 12 11 -11 -9 -14
right_child=2 -3 -4 5 -6 6 7 9 -10 10 -12 -13 13 -15
leaf_value=-0.0095102441392603734 0.010422118810896748 -0.040815496170687769 -0.02205150967786404 0.027638983122844137 -0.0045560933097479736 -0.0074580229383147097 0.01789577704278765 0.012143373399658756 -0.042566255328306352 -0.01723275365889473 0.023088104190788064 0.024889893203748223 0.02131414953217918 -0.028747131235622805
leaf_weight=132.79219948289392 235.67566664083279 10.393619999354994 14.437035825234487 13.773445318860466 68.31173874362139 95.810510683746543 4.6052891620201981 20.651597091695294 8.5761801570770313 20.825461515370993 64.516221491561737 9.5516225747996923 5.8336318825604421 20.418638339600875
leaf_count=11098 6367 842 342 504 2697 7066 94 329 181 868 1232 180 142 761
internal_value=0.000885675 -0.00285364 0.00566789 -0.00176071 0.00705233 0.00215019 0.000646125 0.00567194 -0.0216699 0.0083476 0.0145908 -0.00361678 -0.00432424 -0.0172489
internal_weight=726.173 407.748 318.424 397.355 303.987 264.563 250.789 154.979 13.1815 141.797 94.8933 30.3771 46.9039 26.2523
internal_count=32703 23297 9406 22455 9064 11357 10853 3787 275 3512 2280 1048 1232 903
is_linear=0
shrinkage=0.05


Tree=120
num_leaves=15
num_cat=0
split_feature=29 28 21 9 21 26 14 24 12 9 29 8 11 5
split_gain=6.64028 5.3905 5.87453 5.19085 5.16474 5.4899 6.60441 6.36878 6.0264 7.24799 5.22533 5.56634 5.00923 4.93021
threshold=0.11324786324786322 0.15894736842105264 0.62178642056690847 14.685306689201232 0.25137362637362642 0.10912698412698411 0.60112414186600438 0.22902097902097898 13.975000000000003 15.143687983831375 0.04880952380952381 359.50000000000006 7.6526225927569556 25.500000000000004
decision_type=2 2 2 2 2 2 2 2 2 2 2 2 2 2
left_child=1 2 4 -2 -1 10 -7 -8 9 -9 -6 12 -12 -10
right_child=3 -3 -4 -5 5 6 7 8 13 -11 11 -13 -14 -15
leaf_value=0.016829070697476748 0.0012808458629530906 0.01084868817934382 -0.03001258408777395 -0.03180016379266027 0.011962865434111793 -0.016036191837466462 -0.006386564097420739 -0.030110268073184007 0.027695869215278852 0.018912119775855482 -0.0010218240424508405 0.0099698201869806539 -0.039395029987512403 -0.029391378771891821
leaf_weight=43.493264001968782 20.87519748552586 131.66438593329804 15.234553078393217 26.227535939397058 119.91870026798279 93.57454668583523 140.40890580788255 14.404855885644794 41.56597351108212 13.829235159937523 17.712192632257938 29.175413619217579 15.45785936663742 3.341333524498622
leaf_count=720 1326 3104 1611 2807 3732 3335 10624 953 755 961 824 1367 546 78
internal_value=0.000537216 0.00180506 -0.000383128 -0.0174173 0.000518576 -0.000962341 -0.00503634 -0.000164089 0.0117062 -0.00627323 0.00589258 -0.00578786 -0.019534 0.0229006
internal_weight=726.884 679.781 548.117 47.1027 532.882 489.389 307.125 213.55 73.1414 28.2341 182.264 62.3455 33.1701 44.9073
internal_count=32743 28610 25506 4133 23895 23175 16706 13371 2747 1914 6469 2737 1370 833
is_linear=0
shrinkage=0.05


Tree=121
num_leaves=15
num_cat=0
split_feature=28 12 29 21 30 25 12 23 14 26 30 17 6 19
split_gain=5.9459 6.19759 4.97205 6.94469 5.375 4.43986 4.56025 4.24539 3.97045 4.7462 4.2468 4.08988 4.78108 3.86004
threshold=0.22474747474747472 10.814116833736607 0.088932806324110672 0.62871870397643603 129.50000000000003 0.3550420168067227 21.114888010540188 0.30602006688963218 0.6056307269057718 0.1188235294117647 410.50000000000006 0.6306999306999308 202.50000000000003 0.1918500069185001
decision_type=2 2 2 2 2 2 2 2 2 2 2 2 2 2
left_child=1 -1 3 8 -4 6 13 -6 9 -3 -11 12 -12 -5
right_child=-2 2 4 5 7 -7 -8 -9 -10 10 11 -13 -14 -15
leaf_value=-0.027882923084486005 0.017207351072997382 0.0064343024630866318 0.042320461286296476 -0.0091887788128972598 -0.032320753922708438 0.021862155348062018 0.02499270132847525 -0.0062812455865920705 0.0059482964155515667 0.0020705652934505676 0.021472501189821969 -0.031587447049445133 -0.017747007298112957 -0.063077680610917147
leaf_weight=19.029022073242231 50.081422869756352 77.532282027816109 3.4090916718705548 5.4059833651117577 22.504559278444503 3.3320390357985152 2.0291424953611559 48.845137373820762 373.93416941863688 45.065788900785265 10.139739297774211 28.618351125856861 24.95636696247675 9.5966006003436615
leaf_count=4152 1029 1652 84 330 2112 100 43 2968 16231 980 479 894 1027 741
internal_value=0.000759987 -0.000485078 0.000351702 0.00192057 -0.0116974 -0.0260655 -0.0361344 -0.0148276 0.00298244 -0.00297009 -0.00967055 -0.0178788 -0.006135 -0.0454472
internal_weight=724.48 674.398 655.369 580.61 74.7588 20.3638 17.0317 71.3497 560.247 186.313 108.78 63.7145 35.0961 15.0026
internal_count=32822 31793 27641 22477 5164 1214 1114 5080 21263 5032 3380 2400 1506 1071
is_linear=0
shrinkage=0.05


Tree=122
num_leaves=15
num_cat=0
split_feature=28 21 14 26 21 24 9 0 0 18 6 2 14 23
split_gain=5.237 5.25541 4.81898 4.4775 3.78711 5.11538 4.79098 4.76264 5.92428 7.75873 7.56168 7.09592 6.19893 5.02731
threshold=0.097619047619047619 0.44651525658807217 1.2447363389141677 0.26969696969696971 0.42923898531375165 0.037749287749287708 15.732744016998049 2631.5000000000005 1332.5000000000002 0.1493395093498027 176.50000000000003 0.39277832773981708 0.50157009818855569 0.64142857142857157
decision_type=2 2 2 2 2 2 2 2 2 2 2 2 2 2
left_child=2 -2 4 -3 5 -1 -7 8 11 -10 -11 13 -12 -6
right_child=1 3 -4 -5 7 6 -8 -9 9 10 12 -13 -14 -15
leaf_value=-0.039988005888889941 0.016588606916909741 0.0031135347119562798 -0.031299697003542432 -0.031961376076227177 -0.0058547155462904434 0.0057433393005625324 -0.034402307962688422 -0.047650004731070859 0.030634018725751555 -0.0399818574249503 -0.029226408139531892 -0.025085932304676192 0.017152155932037876 0.036182990756590441
leaf_weight=5.7696071398822815 78.943722826763405 215.45044400104962 13.553366103929873 8.5004181558906549 66.314885570849583 192.28209332583356 6.74073980632238 5.9188580793561405 21.432529891870217 10.71487115806667 8.5545918780844641 55.064073367509991 28.565222162142163 6.953727105719735
leaf_count=371 1559 7134 2731 542 8259 5617 281 175 389 468 370 3606 963 333
internal_value=0.0005763 0.00558231 -0.00302267 0.00164605 -0.00200987 0.00278476 0.00421845 -0.00682454 -0.00536789 0.00635684 -0.00492522 -0.0116965 0.00597749 -0.00143156
internal_weight=724.759 302.895 421.865 223.951 408.311 204.792 199.023 203.519 197.6 69.2672 47.8347 128.333 37.1198 73.2686
internal_count=32798 9235 23563 7676 20832 6269 5898 14563 14388 2190 1801 12198 1333 8592
is_linear=0
shrinkage=0.05


Tree=123
num_leaves=15
num_cat=0
split_feature=20 29 28 6 25 11 23 4 14 26 29 30 14 3
split_gain=6.51637 5.71584 6.3817 5.95717 11.4246 6.35327 6.21372 5.74154 5.25488 4.83525 5.73837 5.46733 4.689 4.47415
threshold=0.033803085126642506 0.16333333333333333 0.14907407407407408 59.500000000000007 0.22902097902097898 7.2955553803474205 0.64142857142857157 17.350763271815907 0.98407405194065756 0.10435571687840285 0.042572463768115909 1515.0000000000002 1.1259956555154316 88.500000000000014
decision_type=2 2 2 2 2 2 2 2 2 2 2 2 2 2
left_child=1 2 3 4 6 7 -1 -6 9 11 -11 -4 -10 -14
right_child=-2 -3 8 -5 5 -7 -8 -9 12 10 -12 -13 13 -15
leaf_value=-0.043550481737819065 0.025200353911727355 -0.03016619999415264 0.019379252092044403 -0.00016084976210035333 -0.028483222114930509 -0.020021171729745008 0.017664087347642285 0.041802832814016921 0.038642612943995444 0.0066153544489027565 -0.022587032163170578 -0.044641965813673669 -0.027034847618894933 0.040427355160813888
leaf_weight=29.620458242789027 25.362305725371698 14.482671550606026 52.685767180839321 460.00090422876383 2.9343353134609087 11.235955546508192 4.239973160205408 12.58729585102992 22.973316195071678 45.703003064700169 25.338094603968784 2.6220872974954537 5.9982520687481138 2.7943404265388381
leaf_count=5705 601 1556 1009 17994 614 1623 268 616 581 914 597 61 615 105
internal_value=0.000801087 -0.000126609 0.000557805 -0.00211684 -0.0167164 0.00759961 -0.0355984 0.0275956 0.00932245 0.00465454 -0.00396916 0.0156052 0.0271804 -0.00365598
internal_weight=718.579 693.216 678.734 520.619 60.618 26.7576 33.8604 15.5216 158.115 126.349 71.0411 55.3079 31.7659 8.79259
internal_count=32859 32258 30702 26820 8826 2853 5973 1230 3882 2581 1511 1070 1301 720
is_linear=0
shrinkage=0.05


Tree=124
num_leaves=15
num_cat=0
split_feature=12 21 14 26 18 15 22 14 25 19 14 30 15 9
split_gain=6.78424 5.24297 5.77736 6.26284 6.0966 5.74234 5.6762 5.83942 5.05804 6.50752 4.59339 5.7984 4.51582 4.48634
threshold=10.814116833736607 0.42923898531375165 0.34423945013994001 0.12250000000000001 0.14504441327723233 3.2966988031125442 23.500000000000004 0.97338437176879766 0.37797619047619052 0.16428133306072376 0.75195164522576696 790.00000000000011 4.454089401362709 15.520463851381582
decision_type=2 2 2 2 2 2 2 2 2 2 2 2 2 2
left_child=-1 6 -3 10 -5 -6 7 13 9 -7 11 -4 -11 -2
right_child=1 2 3 4 5 8 -8 -9 -10 12 -12 -13 -14 -15
leaf_value=-0.027864159288101556 0.0052208621572873209 -0.021704563664946618 0.018986769868804591 -0.038318843409543557 -0.038064183930284677 0.011113175140228642 0.048472193409821562 0.021494721416996234 0.036873662512257467 -0.0074169362804797998 -0.0017698626793292514 -0.0087630128743516975 -0.041969434886223705 -0.014305392985602038
leaf_weight=19.444646683092287 178.24096231826115 33.406877445842838 82.362202126845659 13.487328490336948 10.826626163994659 47.818597724493884 6.9713630797341457 46.107969300632249 6.9882137658423735 92.434420593490358 109.90268038968497 23.666789081995375 9.6467308121063962 34.207758118893253
leaf_count=4228 4383 1100 1979 728 1304 2299 75 1799 299 7103 5277 723 526 973
internal_value=0.000526043 0.00135796 -0.00204964 -0.000345908 -0.00717917 -0.00446269 0.00687017 0.00556605 -0.0019175 -0.00395829 0.00539498 0.0127687 -0.0110576 0.00202452
internal_weight=715.513 696.069 430.54 397.134 181.202 167.715 265.528 258.557 156.888 149.9 215.932 106.029 102.081 212.449
internal_count=32796 28568 21338 20238 12259 11531 7230 7155 10227 9928 7979 2702 7629 5356
is_linear=0
shrinkage=0.05


Tree=125
num_leaves=15
num_cat=0
split_feature=29 28 21 17 0 22 15 10 10 0 21 20 11 28
split_gain=6.858 5.07655 5.50103 7.50071 5.6406 5.11354 4.36097 5.29526 4.58171 4.5602 4.45164 4.304 4.18653 4.09396
threshold=0.16333333333333333 0.22474747474747472 0.52283152627189333 0.65921578421578431 1312.5000000000002 23.500000000000004 4.4327325296570592 13.072159501172822 7.9788203621384195 1760.5000000000002 0.58123821495914529 0.014815627743634702 10.861545517759682 0.093073593073593072
decision_type=2 2 2 2 2 2 2 2 2 2 2 2 2 2
left_child=1 2 5 6 -5 -1 8 -8 -4 11 -11 13 -2 -10
right_child=12 -3 3 4 -6 -7 7 -9 9 10 -12 -13 -14 -15
leaf_value=0.0026521387038252503 -0.043547367292123211 0.017628833821949047 -0.038170851672171359 -0.0061198390956629474 0.036043130549750627 0.032279301962782191 -0.056319591817629869 0.0080297813964977319 -0.02785509103614757 0.03491710933812131 -0.01707149939235434 0.012540191824723636 0.024493498482228537 -0.0056422326366877143
leaf_weight=461.08771446660103 11.772729101074217 46.984742415254004 10.82095972872048 14.955931427233738 15.313660983636508 14.053661887475753 9.4925019215734192 4.2726271031424394 31.952656731438765 11.334546290338041 5.4415160110220304 17.942247013837914 2.0674409880011799 57.840612216838053
leaf_count=18153 1412 986 411 1135 258 200 411 280 5038 196 105 1085 132 3011
internal_value=0.00122174 0.00193064 0.000778551 -0.00665917 0.0156813 0.0035944 -0.011269 -0.0371548 -0.0083828 -0.0055105 0.0180423 -0.00931023 -0.0324178 -0.0137663
internal_weight=715.334 701.493 654.509 179.367 30.2696 475.141 149.098 13.7651 135.333 124.512 16.7761 107.736 13.8402 89.7933
internal_count=32813 31269 30283 11930 1393 18353 10537 691 9846 9435 301 9134 1544 8049
is_linear=0
shrinkage=0.05


Tree=126
num_leaves=15
num_cat=0
split_feature=29 28 9 26 18 24 8 26 19 9 22 16 15 19
split_gain=7.0722 4.94056 5.36846 4.84222 5.32452 4.51104 5.35232 4.23073 4.77771 4.17752 4.12566 4.71844 3.81244 3.70746
threshold=0.15894736842105264 0.093073593073593072 13.924598721471726 0.067816091954022953 0.19707639778062308 0.31414473684210531 482.50000000000006 0.18634259259259259 0.14554280670785522 15.570602125510314 19.500000000000004 75.500000000000014 3.6929778287825066 0.18340978593272173
decision_type=2 2 2 2 2 2 2 2 2 2 2 2 2 2
left_child=1 5 3 4 -3 10 -7 -4 9 -9 11 -1 -12 -10
right_child=-2 2 7 -5 -6 6 -8 8 13 -11 12 -13 -14 -15
leaf_value=-0.0051584599793888901 -0.034619296991309653 0.019963184065277671 0.013166032463772806 -0.011988626418280857 -0.042674036110643722 0.013819046293173773 -0.02377713195550267 0.03423847633760832 -0.029347847343735391 -0.033988158237544426 -0.011783616556434777 -0.020782342484564335 0.012699841107321329 0.001638084287501385
leaf_weight=190.17201636041864 14.118496462047913 25.348356847011022 159.08945931021299 69.674740730959456 2.942740013706497 57.750383034341212 10.346057994698638 10.733867007889783 16.472508995124372 1.9255190773401398 23.011844078457216 64.287365277705248 46.362309401127277 21.350104057855788
leaf_count=15452 1526 456 4902 1429 73 1453 250 226 779 74 757 3402 884 1188
internal_value=-0.000785605 -5.42361e-05 0.00468126 -0.00494664 0.0122134 -0.00377251 0.00784552 0.00918401 -0.00337696 0.0221325 -0.00623221 -0.00917162 0.00452648 -0.0122653
internal_weight=713.586 699.467 307.537 97.9658 28.2911 391.93 68.0964 209.571 50.482 12.6594 323.834 254.459 69.3742 37.8226
internal_count=32851 31325 9127 1958 529 22198 1703 7169 2267 300 20495 18854 1641 1967
is_linear=0
shrinkage=0.05


Tree=127
num_leaves=15
num_cat=0
split_feature=21 15 18 12 23 4 6 16 8 12 4 12 0 12
split_gain=3.79962 5.7419 5.73771 5.37608 5.48274 5.79044 5.27235 6.7996 5.04986 8.41671 6.77263 4.59351 4.18672 3.86434
threshold=0.52655075187969935 4.454089401362709 0.21076774505070012 13.890035460992911 0.27097902097902099 19.093976449275367 196.50000000000003 107.50000000000001 313.50000000000006 21.947542186353633 17.981980519480523 14.198333333333336 1689.5000000000002 18.198333333333334
decision_type=2 2 2 2 2 2 2 2 2 2 2 2 2 2
left_child=2 3 -1 -2 -5 12 7 -7 9 -4 11 -10 -6 -8
right_child=1 -3 8 4 5 6 13 -9 10 -11 -12 -13 -14 -15
leaf_value=-0.0003765989313487463 -0.013907535065808361 -0.032269264045893607 -0.027992583014550883 -0.018786144159543494 0.011565056325202168 -0.035880539959289033 -0.014530209040957781 0.031883957912170684 0.016310549392778345 0.033088058212148032 0.037350750571981221 -0.029021569559529586 0.049771838315506842 0.017480180212948938
leaf_weight=416.86961763698491 74.304144952591741 18.008977588790003 14.236574431844931 22.156181229700451 21.106413576868366 15.641647748765537 12.062647129758259 3.9195306985784546 16.770629564751292 7.9747490340960203 31.18327021827281 7.156098856474272 10.584078296204096 33.897260369616561
leaf_count=16275 9198 823 759 578 765 490 258 113 1322 161 930 346 174 641
internal_value=-0.000445981 -0.00603507 0.00195539 -0.00344239 0.00313338 0.00826963 -0.000301405 -0.0214121 0.0143723 -0.0055815 0.0223706 0.00213209 0.0254576 0.00894822
internal_weight=705.872 211.681 494.191 193.672 119.368 97.2116 65.5211 19.5612 77.3213 22.2113 55.11 23.9267 31.6905 45.9599
internal_count=32833 13040 19793 12217 3019 2441 1502 603 3518 920 2598 1668 939 899
is_linear=0
shrinkage=0.05


Tree=128
num_leaves=15
num_cat=0
split_feature=8 12 8 4 19 15 0 21 25 6 0 11 11 20
split_gain=5.11444 7.41883 5.77794 4.71751 4.66302 5.48132 4.6764 5.64752 5.61774 4.59664 4.29076 5.98292 4.2248 5.24028
threshold=49.500000000000007 23.002702702702706 145.50000000000003 22.462250712250711 0.16428133306072376 3.1035184589435532 329.50000000000006 0.494185260311021 0.30602006688963218 50.500000000000007 1705.5000000000002 9.6568319994000031 9.9082605225417186 0.010929288103201101
decision_type=2 2 2 2 2 2 2 2 2 2 2 2 2 2
left_child=-1 2 -2 4 6 -6 -4 8 9 -8 11 -9 -7 -14
right_child=1 -3 3 -5 5 12 7 10 -10 -11 -12 -13 13 -15
leaf_value=-0.026244494364823213 -0.022254554120921546 0.021339079310788583 0.03614066313521349 0.030383020936285549 -0.047103670343847111 -0.0067589829626056646 -0.044745082551628651 0.022049733129752953 0.025537288794134572 -0.0019465437066486493 0.038227000893118757 -0.021118463552691515 -0.0030800394921774474 0.01969350295874988
leaf_weight=17.40498150154599 29.0128316313494 39.073677093954757 10.445348273344278 11.689765143906696 6.2415534309257046 245.54095581721776 5.5371393379100473 22.372661598667037 17.312886134866858 159.23926637801924 16.454925585421734 11.290569195058195 70.319711369782453 38.229818308405811
leaf_count=694 541 692 695 175 763 16942 748 1632 407 4279 257 483 3424 998
internal_value=-0.000235164 0.00046528 -0.000832954 0.000212657 -0.000421577 -0.00402556 0.00492479 0.00337166 -0.000746937 -0.00364598 0.0180572 0.00737966 -0.00313571 0.00504708
internal_weight=700.166 682.761 643.687 614.675 602.985 360.332 242.653 232.207 182.089 164.776 50.1182 33.6632 354.09 108.55
internal_count=32730 32036 31344 30803 30628 22127 8501 7806 5434 5027 2372 2115 21364 4422
is_linear=0
shrinkage=0.05


Tree=129
num_leaves=15
num_cat=0
split_feature=6 26 18 24 1 28 21 30 12 10 24 9 19 14
split_gain=4.34391 4.08614 6.4432 5.20658 4.22438 6.13974 6.1574 5.60735 5.06073 6.12359 6.07537 5.6646 5.08785 5.01393
threshold=25.500000000000004 0.31698564593301443 0.19248412138320398 0.35147058823529415 7.5000000000000009 0.037749287749287708 0.43256237006237014 2902.0000000000005 15.872921646746351 12.218571531517451 1.0000000180025095e-35 14.748064599577186 0.1918500069185001 0.59564834590946292
decision_type=2 2 2 2 2 2 2 2 2 2 2 2 2 2
left_child=-1 4 -3 -4 7 6 13 8 11 10 -10 -2 -13 -6
right_child=1 2 3 -5 5 -7 -8 -9 9 -11 -12 12 -14 -15
leaf_value=-0.023778318033098898 0.0006305569543388652 -0.055045985379953616 -0.015542991606284695 0.041125357705441179 -0.023922143564272691 0.0092226173015309259 -0.024266325821531574 -0.063222003116388967 -0.043159444111696491 0.018226238641420076 0.00042235391665944853 -0.0077815798046197487 -0.032990049556776695 0.01360619680548838
leaf_weight=19.283079868408095 81.119801019405713 7.5309233484149471 18.353814468966451 4.1340763572370625 10.847018084488807 218.48570658484823 30.363113860883459 2.8379256632179013 7.4998917109915046 48.624349440797232 134.7367656151182 51.57698527892353 32.628815092204604 35.00029189408815
leaf_count=4241 1681 502 1177 92 533 11542 5544 52 153 829 2151 1232 899 2132
internal_value=-0.000975032 -0.000298139 -0.01803 -0.00381794 0.000542401 0.00496992 -0.00718357 -0.00309552 -0.00244081 0.00310091 -0.00216091 -0.00881865 -0.0178221 0.00440625
internal_weight=703.023 683.739 30.0188 22.4879 653.721 294.696 76.2104 359.025 356.187 190.861 142.237 165.326 84.2058 45.8473
internal_count=32760 28519 1771 1269 26748 19751 8209 6997 6945 3133 2304 3812 2131 2665
is_linear=0
shrinkage=0.05


Tree=130
num_leaves=15
num_cat=0
split_feature=12 14 8 4 1 22 30 12 23 16 8 6 2 29
split_gain=4.02978 6.23046 7.1599 6.32992 8.13276 5.02326 4.4645 5.63552 4.22777 3.95849 4.29427 4.64347 3.80351 3.8137
threshold=19.53166666666667 0.54243721783321652 376.50000000000006 18.055815160955355 9.5000000000000018 12.500000000000002 600.50000000000011 15.541666666666666 0.68301435406698574 91.500000000000014 265.50000000000006 161.50000000000003 0.45835212707662171 0.03637566137566136
decision_type=2 2 2 2 2 2 2 2 2 2 2 2 2 2
left_child=1 -1 8 4 5 -4 -7 -8 9 10 11 -3 13 -11
right_child=-2 2 3 -5 -6 6 7 -9 -10 12 -12 -13 -14 -15
leaf_value=-0.013328179067714815 0.0061789839741184897 -0.0074952984082701374 -0.049226690298551777 0.015366671389050353 0.010839661986447117 0.00031177782308855506 -0.055630736380594029 0.0020569727213322927 0.036865071349643085 0.024798699303424848 -0.0068077371520948162 -0.048595443000008023 0.044317621276498902 -0.051771973804336673
leaf_weight=102.36611802398693 188.21298097267572 14.123031322837052 7.546840419934596 101.75067562203913 70.215118297364825 44.347729346511187 8.4236219889135082 7.5618626214563838 4.2714796186191952 2.565045290917622 129.29383649740703 13.236309040745253 5.6966078777913935 2.0674145261582453
leaf_count=3727 3909 1327 204 2833 6677 1171 302 148 169 44 11236 955 86 107
internal_value=-6.02611e-05 -0.00235485 0.000403286 0.0059692 -0.00101569 -0.0132582 -0.00802979 -0.0298273 -0.00738134 -0.00872591 -0.0107335 -0.0283918 0.0199822 -0.0124986
internal_weight=701.679 513.466 411.1 239.846 138.095 67.8801 60.3332 15.9855 171.254 166.982 156.653 27.3593 10.3291 4.63246
internal_count=32895 28986 25259 11335 8502 1825 1621 450 13924 13755 13518 2282 237 151
is_linear=0
shrinkage=0.05


Tree=131
num_leaves=15
num_cat=0
split_feature=28 21 21 16 0 20 28 26 9 11 8 16 26 23
split_gain=5.25202 5.03665 4.21247 4.20579 4.47225 4.03804 3.79391 4.56462 3.98639 4.44486 6.57235 6.52626 5.12545 4.61698
threshold=0.23669467787114842 0.67455869991594286 0.42923898531375165 96.500000000000014 350.50000000000006 0.044281045751633955 0.093073593073593072 0.26969696969696971 11.752335260303838 8.6740419165713938 311.50000000000006 52.500000000000007 0.054093567251461951 0.26491228070175438
decision_type=2 2 2 2 2 2 2 2 2 2 2 2 2 2
left_child=1 2 3 4 -1 6 -4 8 -8 11 13 -10 -13 -11
right_child=-2 -3 5 -5 -6 -7 7 -9 9 10 -12 12 -14 -15
leaf_value=0.035102144348179778 0.017281193087420078 -0.04342575164321006 -0.0099771884167774855 0.03818066495104621 0.0012724718780088393 0.039036539418641818 -0.016796836067677109 -0.035361463632638389 -0.037686507462625279 0.02249210546556106 0.0025721496570378782 0.044158227134303348 0.010392507760047612 -0.048774046211622103
leaf_weight=9.1768273661873518 38.196256123483181 6.1056907917372873 190.2978667248135 7.603242469020187 246.83253118806169 4.2984215152973766 24.820031956827734 7.783174825803143 4.6765189519210244 2.227350656874477 87.129558911852655 14.0850570332841 48.073102753216517 10.06988127590739
leaf_count=520 791 538 16368 126 7311 109 496 548 667 71 2579 355 2065 280
internal_value=-0.000504953 -0.00155383 -0.00109935 0.00378314 0.00261698 -0.00437184 -0.00495012 -0.000113765 0.00149857 0.00431386 -0.00239628 0.0141844 0.0186219 -0.0351451
internal_weight=701.376 663.179 657.074 263.613 256.009 393.461 389.163 198.865 191.082 166.261 99.4268 66.8347 62.1582 12.2972
internal_count=32824 32033 31495 7957 7831 23538 23429 7061 6513 6017 2930 3087 2420 351
is_linear=0
shrinkage=0.05


Tree=132
num_leaves=15
num_cat=0
split_feature=11 28 29 24 19 21 26 2 19 10 30 30 14 21
split_gain=4.60242 4.39043 4.29351 3.99166 4.78882 6.14124 3.45634 4.08111 5.67431 5.42878 4.85878 3.84319 4.44115 4.94702
threshold=2.5989432053920782 0.037749287749287708 0.078461538461538458 0.30217391304347829 0.095491388044579517 0.39668856048166395 0.040833333333333312 0.51335924926016319 0.14483218916857357 10.340263057993244 510.50000000000006 452.00000000000006 0.6631944743042516 0.46821976838136276
decision_type=2 2 2 2 2 2 2 2 2 2 2 2 2 2
left_child=-1 3 -3 6 -5 -6 -2 10 -9 -10 -8 -11 13 -13
right_child=1 2 -4 4 5 -7 7 8 9 11 -12 12 -14 -15
leaf_value=-0.032597274723204478 -0.035674723497140404 0.0054295446687639623 -0.0090436822469560588 -0.032096640780846612 0.022811746912627155 -0.020040367703797815 -0.0073617157709893718 0.020906822897050391 -0.045960251636008434 -0.016754879230739046 -0.039990759982425003 -0.036497352696963241 0.027404444695148113 0.03334370713743575
leaf_weight=9.1574687389365845 10.584216034971176 443.294061628294 57.008076435377006 5.8979938719421616 33.931702721252805 10.141317522618918 37.93958212081634 22.606983336416306 7.1905298593919715 21.732576896509272 15.706737420750867 6.705991004797399 15.358380190999013 2.8658821893041022
leaf_count=562 865 15057 3718 158 673 584 5153 544 257 1385 2676 382 566 156
internal_value=0.000817133 0.00130645 0.00376561 -0.00513244 0.00690931 0.0127255 -0.00942804 -0.00703705 0.000415355 -0.00841103 -0.0174719 -0.00178199 0.0114132 -0.0144104
internal_weight=700.121 690.964 500.302 190.662 49.971 44.073 140.691 130.107 76.4603 53.8534 53.6463 46.6628 24.9303 9.57187
internal_count=32736 32174 18775 13399 1415 1257 11984 11119 3290 2746 7829 2489 1104 538
is_linear=0
shrinkage=0.05


Tree=133
num_leaves=15
num_cat=0
split_feature=24 12 10 13 22 23 30 2 20 27 22 30 12 27
split_gain=3.093 4.07344 7.64723 5.58519 5.43942 4.49609 3.74491 3.65619 5.1714 3.81376 3.63804 3.56776 3.4886 4.57887
threshold=0.22902097902097898 21.667317708333339 7.2320300421793204 26.500000000000004 10.500000000000002 0.50862068965517249 124.50000000000001 0.30146846062592808 0.033520599250936305 0.13714733542319749 22.500000000000004 777.50000000000011 16.221498257839723 0.05131578947368421
decision_type=2 2 2 2 2 2 2 2 2 2 2 2 2 2
left_child=1 3 5 4 -1 10 -2 9 -9 -5 11 -3 13 -6
right_child=6 2 -4 7 12 -7 -8 8 -10 -11 -12 -13 -14 -15
leaf_value=-0.030898005984025968 0.036106034280510811 -0.00073701937039709147 0.021731060641271161 -0.019849004578873876 0.0089487413373772386 -0.046902571163268597 0.0036297706998042844 -0.030038186442118881 0.039342780356463047 0.032684205684876837 0.017255021550403569 -0.060697001892549542 0.0064728533173068177 -0.0076305071945323606
leaf_weight=14.433423189140738 8.3234191919909772 7.145694978476973 43.46798294610926 6.3917564440198458 52.424749825062463 5.8024206212721756 195.66481561459659 39.637813972898584 2.0314486960996865 5.5179311898973538 12.224819390539777 2.8208928438252769 116.99370260737487 189.08799987206294
leaf_count=2217 222 232 855 508 2120 212 6182 1269 26 460 273 97 2696 15441
internal_value=-4.63126e-05 -0.0021705 0.00879856 -0.00402461 -0.00183315 -0.0113395 0.00512459 -0.0189653 -0.025813 0.00513679 -0.000419368 -0.021695 -0.000580317 -0.00400962
internal_weight=701.969 497.981 71.4618 426.519 372.94 27.9938 203.988 53.579 41.6693 11.9097 22.1914 9.96659 358.506 241.513
internal_count=32810 26406 1669 24737 22474 814 6404 2263 1295 968 602 329 20257 17561
is_linear=0
shrinkage=0.05


Tree=134
num_leaves=15
num_cat=0
split_feature=28 19 22 25 30 2 12 21 3 30 22 2 24 30
split_gain=4.27301 3.72027 3.62958 3.59623 6.70883 5.34229 6.31784 6.3083 5.36371 5.2544 5.23704 3.85976 3.54052 3.51032
threshold=0.081666666666666665 0.14346246973365617 11.500000000000002 0.21583850931677012 172.50000000000003 0.46419975322659129 14.016722595078301 0.49305421570519009 26.500000000000004 1468.5000000000002 17.500000000000004 0.50397584367050785 0.17914438502673799 254.50000000000003
decision_type=2 2 2 2 2 2 2 2 2 2 2 2 2 2
left_child=2 12 -1 13 -5 6 -6 11 -8 10 -9 -7 -2 -3
right_child=1 3 -4 4 5 7 8 9 -10 -11 -12 -13 -14 -15
leaf_value=-0.024063016538619829 -0.0010847298486523654 0.014846254968171503 -0.0025446413753665133 -0.040971234795149192 0.043215878340556249 -0.030770550465469105 -0.037062640681670846 -0.030818749552642157 0.017027566974682579 -0.058854644488951682 0.0099718611619166644 0.025237534386745576 0.026859976039933332 -0.0057903442065298828
leaf_weight=19.807221439798013 17.642515511775855 23.032588820962701 345.06513546733186 5.5598138756176914 21.287726977512648 2.6281957567553063 4.6108149683568653 11.103913756785913 24.595862674672389 4.1605144732166073 21.58056827634573 25.297917925927322 30.328282030823175 144.51977861930209
leaf_count=2962 495 1231 18940 339 1141 54 121 455 444 125 359 475 624 5084
internal_value=-3.2864e-05 0.00402616 -0.00377535 0.00185558 0.00839546 0.0111086 0.02313 0.00152766 0.00754415 -0.0119323 -0.00438948 0.0190849 0.0167703 -0.00288228
internal_weight=701.221 336.348 364.872 288.378 120.825 115.266 50.4944 64.7711 29.2067 36.845 32.6845 27.9261 47.9708 167.552
internal_count=32849 10947 21902 9828 3513 3174 1706 1468 565 939 814 529 1119 6315
is_linear=0
shrinkage=0.05


Tree=135
num_leaves=15
num_cat=0
split_feature=28 29 16 15 22 1 16 18 14 22 9 4 17 19
split_gain=4.16172 4.70769 5.98034 4.66166 6.16216 5.63207 4.814 4.69425 4.37231 5.02652 4.17756 5.60964 4.51088 5.8753
threshold=0.037749287749287708 0.05131578947368421 98.500000000000014 4.401675670432569 13.500000000000002 6.5000000000000009 84.500000000000014 0.11695219673943071 0.54768143730298158 18.500000000000004 11.164256161355171 19.362568681318685 0.64453627180899919 0.095491388044579517
decision_type=2 2 2 2 2 2 2 2 2 2 2 2 2 2
left_child=10 2 3 4 5 -2 -5 -6 9 -9 -1 -12 -13 -14
right_child=1 -3 -4 6 7 -7 -8 8 -10 -11 11 12 13 -15
leaf_value=-0.029535520276891082 -0.053265317022957441 -0.0052143966366923582 -0.022731823529327053 -0.0016208756378343126 -0.022659567853721467 -0.00078369912248509727 -0.050232294162591284 -0.014926772617634618 0.017030994539975586 0.013452059970135695 -0.010065078797701606 -0.0150304560047285 -0.031060030252230936 0.025189073773628296
leaf_weight=16.949352129187901 5.5117886362713788 151.22750674598501 17.08181372807303 45.614523353127879 8.6286274675512669 23.925590150829521 4.7439491774421176 25.740865042927908 182.21190630290948 36.482835218077525 119.48693711406304 13.113176374186876 4.4842643970623604 34.065124168140756
leaf_count=497 136 8331 394 1133 164 2030 71 759 5612 586 11460 704 90 772
internal_value=-0.000246542 0.00213451 0.00531615 0.0068193 0.00931487 -0.0120374 -0.00708915 0.0118362 0.0131413 0.00166182 -0.00656834 -0.00413548 0.00950939 0.018026
internal_weight=689.268 501.169 349.942 332.86 282.502 29.4374 50.3585 253.064 244.436 62.2237 188.099 171.15 51.6626 38.5494
internal_count=32739 19216 10885 10491 9287 2166 1204 7121 6957 1345 13523 13026 1566 862
is_linear=0
shrinkage=0.05


Tree=136
num_leaves=15
num_cat=0
split_feature=12 9 23 30 9 29 19 24 0 20 26 30 10 11
split_gain=4.57994 5.67732 4.59095 4.01845 4.26741 3.96975 4.125 4.39597 4.44353 4.3102 4.13507 6.30903 4.96001 4.46834
threshold=19.53166666666667 12.078968052970394 0.40370370370370373 544.50000000000011 15.584718309496788 0.10818713450292396 0.14483218916857357 0.14039408866995071 1464.5000000000002 0.013423423423423403 0.10912698412698411 1383.5000000000002 12.560039672897181 7.0278561064215603
decision_type=2 2 2 2 2 2 2 2 2 2 2 2 2 2
left_child=5 2 -2 4 -3 6 7 -1 -9 -10 11 -8 -12 -14
right_child=1 3 -4 -5 -6 -7 10 8 9 -11 12 -13 13 -15
leaf_value=-0.014445958334670543 0.010207103065794348 0.036824370958139362 -0.012398041385551905 0.0090300348164508229 -0.032433278351428944 -0.016170177108193417 0.0067588189614582149 0.022482764534479893 -0.016100360278616031 0.022907931883049716 -0.012791328306349201 -0.045045631963822351 -0.028983953991135944 0.005752288421755479
leaf_weight=15.960803008056244 42.087715185276465 26.100224115303721 45.940739177516662 65.343752749497071 1.6651090821251262 42.557367674409761 123.77395471958152 50.337391441302316 18.545562013518069 10.11125537403859 138.02259607551969 5.1753937215253236 9.3777732567759795 85.099818517002859
leaf_count=781 910 517 1015 1419 42 4450 5909 1592 291 155 7898 259 2314 5198
internal_value=0.000726002 0.00751314 -0.00159693 0.0160516 0.0316878 -0.00174802 -0.00037082 0.00884828 0.0136766 -0.00202836 -0.00281046 0.004349 -0.00678287 0.00203694
internal_weight=680.099 181.138 88.0285 93.1091 27.7653 498.962 456.405 94.955 78.9942 28.6568 361.45 128.949 232.5 94.4776
internal_count=32750 3903 1925 1978 559 28847 24397 2819 2038 446 21578 6168 15410 7512
is_linear=0
shrinkage=0.05


Tree=137
num_leaves=15
num_cat=0
split_feature=21 26 28 21 22 10 19 2 23 2 8 24 4 23
split_gain=4.50121 6.76806 5.06232 5.11988 3.89065 4.44193 4.46414 4.58826 4.27598 7.39059 4.48663 4.19697 4.49948 4.11395
threshold=0.40336728919071874 0.26969696969696971 0.16333333333333333 0.62328251458686246 18.500000000000004 11.764327697949023 0.19133291614518141 0.51657086588958634 0.54356060606060608 0.3612515495209519 370.50000000000006 0.060661764705882353 19.556258790436008 0.53452380952380962
decision_type=2 2 2 2 2 2 2 2 2 2 2 2 2 2
left_child=-1 2 3 4 5 6 13 -8 10 -10 11 -7 -13 -2
right_child=1 -3 -4 -5 -6 8 7 -9 9 -11 -12 12 -14 -15
leaf_value=0.0060952223743653798 -0.00017115750862359868 -0.027668094673579471 0.0076993862205247954 -0.031795811343850976 0.0045351667085106583 0.013166170949167853 -0.0090755610843738111 -0.051166633246570128 0.048094557675834905 -0.0061704122446539153 0.0015794742113747371 -0.044044626312350219 0.011997576310955183 -0.029963723792994001
leaf_weight=216.26687833157484 45.298743418476079 24.482083579569007 117.37909441263764 15.179396285326218 111.4405230939883 5.8166734722253777 12.3717114965948 13.894951094174756 10.13805265336123 13.917780748859512 64.279349435761105 16.404796017752236 4.0448673253122243 14.575483346088729
leaf_count=5864 2500 2862 2968 1685 2987 927 1797 564 687 611 5050 3507 201 584
internal_value=0.000143508 -0.00260679 -0.00116824 -0.00436158 -0.00293037 -0.00707674 -0.0155852 -0.0324015 -0.000601845 0.0177057 -0.005606 -0.0226034 -0.0329171 -0.00779679
internal_weight=685.49 469.224 444.741 327.362 312.183 200.742 86.1409 26.2667 114.602 24.0558 90.5457 26.2663 20.4497 59.8742
internal_count=32794 26930 24068 21100 19415 16428 5445 2361 10983 1298 9685 4635 3708 3084
is_linear=0
shrinkage=0.05


Tree=138
num_leaves=15
num_cat=0
split_feature=27 9 21 9 16 15 26 20 17 11 11 20 11 15
split_gain=4.11418 6.25351 5.67274 7.60314 4.61839 6.81881 6.92852 7.16491 6.72243 4.94197 4.6957 4.56406 4.54372 5.35268
threshold=0.060661764705882353 13.790636491985369 0.26256313131313136 12.843726595115635 71.500000000000014 4.0941936572050244 0.13714733542319749 0.013245614035087701 0.57637088733798614 6.9876134108246042 8.0172754643109219 0.033150183150183109 6.7270313776312847 3.4266232332771698
decision_type=2 2 2 2 2 2 2 2 2 2 2 2 2 2
left_child=1 11 3 -2 9 6 12 8 10 -4 -8 -1 13 -6
right_child=2 -3 4 -5 5 -7 7 -9 -10 -11 -12 -13 -14 -15
leaf_value=-0.0099675981604155136 0.049169845313201677 0.011101485999297403 -0.023060092224345779 0.00074466793511921434 -0.02633490638013837 -0.023192775112462299 0.041939408171666449 0.019333678614215755 -0.031520053489040592 0.0033506228588002715 -0.024337350558568036 0.038487900935906115 -0.0048777155679387823 0.024494504511511743
leaf_weight=68.570709797349991 10.660566190024836 150.6742020646052 18.580523659475148 26.691555340657942 5.2122745134984134 64.140619280464307 5.2341512561106338 10.944788974389665 44.896090301481308 184.77261008625646 3.8104704906872939 4.2461496815085402 51.119915669565671 34.801999884526595
leaf_count=1586 119 5579 4408 552 256 2109 233 396 2852 10959 332 73 2668 695
internal_value=-0.000241961 0.00531099 -0.00294046 0.0154873 -0.00459837 -0.00959934 -0.00389888 -0.0162605 -0.0237031 0.000836421 0.0143741 -0.00665891 0.00498324 0.0173928
internal_weight=684.357 223.491 460.866 37.3521 423.513 220.16 156.02 64.8855 53.9407 203.353 9.04462 72.8169 91.1342 40.0143
internal_count=32817 7238 25579 671 24908 9541 7432 3813 3417 15367 565 1659 3619 951
is_linear=0
shrinkage=0.05


Tree=139
num_leaves=15
num_cat=0
split_feature=14 6 11 24 12 9 12 21 26 30 12 10 15 12
split_gain=4.91664 5.69354 5.46275 4.91172 4.83294 5.15383 7.14281 6.48378 4.82371 4.24032 5.03897 8.03869 4.39782 6.53643
threshold=0.6056307269057718 113.50000000000001 11.580030655969333 0.23669467787114842 11.746918238993713 14.011413202469869 22.614746856948695 0.25137362637362642 0.19615384615384618 842.00000000000011 19.53166666666667 12.745686868076762 4.06174162214114 17.631479400749068
decision_type=2 2 2 2 2 2 2 2 2 2 2 2 2 2
left_child=2 -2 9 4 -3 6 7 -6 -7 10 11 -1 -13 -14
right_child=1 3 -4 -5 5 8 -8 -9 -10 -11 -12 12 13 -15
leaf_value=-0.019562694601030953 -0.0061449628613739517 -0.019932854755939845 0.028581926820812259 0.015759838082263441 0.055415449289276886 0.014471310316228779 0.022539302895089451 -0.017938774426084225 -0.0074548336584609161 -0.023829632521039219 0.0070025070650370572 0.022954291842557338 -0.031359613098959849 0.043726807342391032
leaf_weight=77.976779585660552 120.7245318459245 20.707580982671061 9.9355111707700399 99.296826032761601 2.2232376062311223 121.36965526953281 16.09339534654282 55.53701694807387 30.879567233176203 33.193155619912432 60.808346361169242 21.121564329310786 10.316491760604547 2.9454624338541171
leaf_count=2146 12700 4113 308 2519 28 3577 316 1280 1547 1725 1203 816 350 56
internal_value=0.000283341 0.00316963 -0.00593202 0.00642696 0.00262371 0.00476823 -0.00601593 -0.0142203 0.0100046 -0.00772355 -0.00451722 -0.0107584 0.00919712 -0.0127863
internal_weight=683.129 466.832 216.297 346.107 246.81 226.103 73.8536 57.7603 152.249 206.362 173.169 112.36 34.3835 13.262
internal_count=32684 26080 6604 13380 10861 6748 1624 1308 5124 6296 4571 3368 1222 406
is_linear=0
shrinkage=0.05


Tree=140
num_leaves=15
num_cat=0
split_feature=15 22 8 14 27 10 9 21 23 2 1 6 11 26
split_gain=6.41102 6.27849 5.9284 4.57901 4.37449 4.41764 4.81272 5.97412 5.95234 4.81179 4.76794 4.28635 4.06383 3.96819
threshold=3.2966988031125442 19.500000000000004 447.50000000000006 0.46824758543985529 0.19615384615384618 14.260541954867316 14.247845902724423 0.6255841121495328 0.42582417582417581 0.54209288249374099 8.5000000000000018 230.50000000000003 2.5989432053920782 0.13714733542319749
decision_type=2 2 2 2 2 2 2 2 2 2 2 2 2 2
left_child=-1 2 3 -2 5 6 8 -8 9 -5 -7 -10 -3 -13
right_child=1 12 -4 4 -6 10 7 -9 11 -11 -12 13 -14 -15
leaf_value=-0.020230423532854591 -0.021263510979214872 -0.033393854146214617 0.005910591561895241 -0.01727661096668499 -0.018863534433010226 -0.06028316657958456 0.0085858142585398724 -0.033781795508467376 -0.040030551321013866 0.017860173938688842 -0.0040935656928182658 -0.018848081598403323 0.01120121792829694 0.028375406667862729
leaf_weight=36.108382756916399 39.943117974238703 4.3342459708219385 168.80769209387654 14.728657556213873 38.151968209334882 5.2636505374684921 142.32683224296852 7.8569057479762696 17.829133174542221 24.724429412177415 9.9069829522923083 16.176011116709564 153.60529046569718 5.0401822084677397
leaf_count=2988 1309 255 6270 1226 4509 150 8857 905 915 564 1660 337 2809 122
internal_value=-1.72068e-05 0.00113733 -0.00165676 -0.00563058 -0.00334902 -0.000854569 0.000927357 0.00616055 -0.00903638 0.00464006 -0.0261116 -0.0226264 0.00977502 -0.00685726
internal_weight=684.803 648.695 490.756 321.948 282.005 243.853 228.682 150.184 78.4984 39.4531 15.1706 39.0453 157.94 21.2162
internal_count=32876 29888 26824 20554 19245 14736 12926 9762 3164 1790 1810 1374 3064 459
is_linear=0
shrinkage=0.05


Tree=141
num_leaves=15
num_cat=0
split_feature=12 15 15 23 8 13 18 6 9 24 14 17 12 30
split_gain=4.79195 4.22417 5.17709 5.40761 5.25305 4.06278 5.22617 3.97523 4.9183 3.5455 3.52076 3.47842 3.15112 4.36046
threshold=20.466087811271301 3.3855683317623613 4.5000684524064054 0.77097902097902116 256.50000000000006 26.500000000000004 0.19456735496558503 1028.5000000000002 13.675699972493254 0.26794871794871794 1.2310012715594452 0.59914529914529924 22.786783368169605 452.00000000000006
decision_type=2 2 2 2 2 2 2 2 2 2 2 2 2 2
left_child=5 -2 3 7 -4 10 9 8 12 -7 -1 -10 13 -3
right_child=1 2 4 -5 -6 6 -8 -9 11 -11 -12 -13 -14 -15
leaf_value=0.00020784330695418856 -0.016072040841562534 0.027732062242528496 -0.045670157177269043 -0.051018619727196984 0.015984358217031855 -0.015209793213866132 -0.044227587496026552 -0.012759551881935763 0.0035019357786667642 0.021513848277596975 -0.021732605952940645 0.047034007372228535 0.021253230725458455 -0.010338083008846694
leaf_weight=478.54385293844825 14.95720513910055 9.7046910509816353 6.6837268692906928 2.1192820228170595 5.5614522164687514 23.714833104982976 11.271180877374716 10.089977546129374 6.0690834688721251 7.9949800340982611 18.010278103003657 20.247830199077725 43.520509515801677 24.301471980172209
leaf_count=23825 520 215 140 51 143 1332 810 231 119 217 3441 424 888 480
internal_value=0.00023968 0.00833578 0.0112836 0.0145659 -0.0185755 -0.00192141 -0.016487 0.0162191 0.0191297 -0.00557603 -0.000630028 0.0374905 0.0124989 0.00100824
internal_weight=682.79 143.255 128.298 116.053 12.2452 539.535 42.981 113.934 103.844 31.7098 496.554 26.3169 77.5267 34.0062
internal_count=32836 3211 2691 2408 283 29625 2359 2357 2126 1549 27266 543 1583 695
is_linear=0
shrinkage=0.05


Tree=142
num_leaves=15
num_cat=0
split_feature=15 22 30 16 8 19 30 21 12 18 15 28 8 6
split_gain=4.22006 3.92613 5.33432 5.08927 5.13633 6.50863 4.3911 4.16371 4.16355 4.04968 3.96189 4.64755 3.98597 4.46426
threshold=3.3408952768318101 18.500000000000004 3220.0000000000005 76.500000000000014 241.50000000000003 0.19248412138320398 452.00000000000006 0.41913687881429823 21.667317708333339 0.10432213930348257 4.6216317488714953 0.21583850931677012 85.500000000000014 58.500000000000007
decision_type=2 2 2 2 2 2 2 2 2 2 2 2 2 2
left_child=-1 3 7 -2 6 -6 -5 8 -3 -10 11 12 13 -9
right_child=1 2 -4 4 5 -7 -8 10 9 -11 -12 -13 -14 -15
leaf_value=-0.015547601628622707 0.00065747732765032837 0.0059466256045465904 -0.051541369104470672 0.028221973954435559 -0.011049938013774518 -0.04996125408464866 -0.012490435672305067 0.0064425281350940986 -0.022692199818262832 0.039186905103026214 -0.034930736153666334 0.027474249728246539 0.0044012890880279236 -0.048447972272019052
leaf_weight=41.410753544125328 349.32148252765182 30.265415944391862 2.901653805980458 10.732144174704446 40.926944676451967 14.008121921753625 14.297789583259144 6.4759633254725468 2.3071296788984936 23.979460083122831 5.5935909712279672 18.357999381027184 104.74301332542382 7.0499598175520077
leaf_count=3651 21287 435 75 264 1680 975 454 270 47 373 157 314 2638 175
internal_value=-0.000279789 0.000745274 0.00648204 -0.0019586 -0.0132537 -0.0216879 0.00537951 0.00758282 0.018935 0.0331233 0.0029681 0.00476224 0.00103602 -0.0235331
internal_weight=672.371 630.961 201.674 429.286 79.965 54.9351 25.0299 198.773 56.552 26.2866 142.221 136.627 118.269 13.5259
internal_count=32795 29144 4484 24660 3373 2655 718 4409 855 420 3554 3397 3083 445
is_linear=0
shrinkage=0.05


Tree=143
num_leaves=15
num_cat=0
split_feature=28 24 25 14 22 10 14 30 13 14 27 8 22 15
split_gain=4.71595 4.26616 5.06148 4.35015 3.42689 4.66168 3.4451 3.92005 3.16921 3.78173 5.91178 4.02664 4.43529 3.2549
threshold=0.097619047619047619 0.14039408866995071 0.14907407407407408 0.65403958976321974 12.500000000000002 12.49937581942236 1.0199111883002323 863.50000000000011 1.5000000000000002 0.91470129463488037 0.11651583710407236 451.50000000000006 15.500000000000002 3.9217471758012472
decision_type=2 2 2 2 2 2 2 2 2 2 2 2 2 2
left_child=1 4 -3 -4 -1 -6 7 -7 -2 13 11 12 -11 -10
right_child=8 2 3 -5 5 6 -8 -9 9 10 -12 -13 -14 -15
leaf_value=-0.034217171027619446 0.027669495741535211 -0.0085080846196334669 -0.0051314095145397337 0.012084228807199679 -0.014410461082862123 0.02043254038714331 -0.030581089344366003 -0.032243717244452838 0.0063823216768883308 -0.010248300849885759 -0.0065577995828274178 0.047987095298821524 0.025734426611714153 -0.0063349045804479646
leaf_weight=13.360456233313014 13.304363168543203 103.85267551279685 57.734994029568043 97.559655837914761 83.536936342308763 25.867478866595778 4.1502699737611684 3.1549859462174927 97.606208639481338 11.921530129169694 25.030652689689305 11.377934782532973 25.81773905584123 101.7364312018326
leaf_count=2750 317 5121 1783 4942 5421 1832 1285 443 2689 1074 1758 245 872 2266
internal_value=-0.000146623 -0.00372757 -9.49966e-06 0.00569197 -0.0110787 -0.00816176 0.00753518 0.0138229 0.00470925 0.00349558 0.0130542 0.0229801 0.0143966 -0.000107261
internal_weight=676.012 389.217 259.147 155.295 130.07 116.71 33.1727 29.0225 286.795 273.49 74.1479 49.1172 37.7393 199.343
internal_count=32798 23577 11846 6725 11731 8981 3560 2275 9221 8904 3949 2191 1946 4955
is_linear=0
shrinkage=0.05


Tree=144
num_leaves=15
num_cat=0
split_feature=28 21 9 12 21 14 2 16 30 1 29 27 24 21
split_gain=3.29264 4.77413 3.97362 3.60386 3.29416 4.16746 4.78812 4.05706 3.57282 4.04014 4.04807 3.80841 3.72473 4.80504
threshold=0.093073593073593072 0.61577311577311589 15.799724470528362 10.814116833736607 0.41707119741100329 0.52568492113776932 0.20796771286789431 83.500000000000014 326.50000000000006 14.500000000000002 0.05131578947368421 0.04880952380952381 0.20942982456140347 0.34930196978389755
decision_type=2 2 2 2 2 2 2 2 2 2 2 2 2 2
left_child=1 2 3 -1 8 7 -7 -6 9 10 11 -5 -13 -14
right_child=-2 -3 -4 4 5 6 -8 -9 -10 -11 -12 12 13 -15
leaf_value=-0.030674005393143491 0.0041809015929289359 -0.040501822743568908 -0.045867905067343395 0.028484439949177105 -0.031649033490051347 -0.02781808672785965 0.0017813508069532522 0.001232194885224522 0.00011542572875411859 0.046653359951198375 0.03024922628357999 -0.040921723209847077 0.02418005735158375 -0.039449117343609293
leaf_weight=9.2022910044906876 300.19957763886487 7.2230434345474341 4.0874380544701117 5.9643924852716763 24.23017026035086 14.218134012317021 132.84811163350605 14.818204099428838 129.23693071508023 7.9232352179969885 13.005318091076331 6.9596014450944521 7.9736918824492005 3.4384620903874747
leaf_count=2588 9488 1359 333 111 1485 3344 8588 422 4040 450 249 181 139 103
internal_value=0.000271926 -0.0028099 -0.00197568 -0.00136817 -0.000537585 -0.00515154 -0.00124883 -0.019452 0.00438474 0.0163082 0.00882066 -0.00337276 -0.0146517 0.003375
internal_weight=681.329 381.129 373.906 369.819 360.616 186.115 147.066 39.0484 174.502 45.2647 37.3415 24.3361 18.3718 11.4122
internal_count=32880 23392 22033 21700 19112 13839 11932 1907 5273 1233 783 534 423 242
is_linear=0
shrinkage=0.05


Tree=145
num_leaves=15
num_cat=0
split_feature=1 30 30 22 15 21 25 25 26 26 29 21 30 26
split_gain=3.52515 6.7726 5.06807 4.64308 8.36007 4.69355 4.38414 6.38558 4.20802 4.83993 4.85508 4.18181 3.82196 4.35474
threshold=9.5000000000000018 2268.0000000000005 2471.0000000000005 12.500000000000002 4.3741115131175023 0.57752549781447315 0.38675213675213677 0.28285714285714292 0.093073593073593072 0.1188235294117647 0.067816091954022953 0.54500450045004512 209.50000000000003 0.19615384615384618
decision_type=2 2 2 2 2 2 2 2 2 2 2 2 2 2
left_child=1 3 -2 4 -1 6 7 -5 -9 -10 -11 -8 13 -7
right_child=2 -3 -4 5 -6 12 11 8 9 10 -12 -13 -14 -15
leaf_value=-0.046947066606650649 0.0044363032698297713 -0.052004538960796688 0.045184089181488425 0.004069530885634518 0.020471452383549624 -0.066117387442280004 0.034295825556377238 -0.033098454925284362 0.026787816175970581 -0.024095437623090393 0.031536549648679357 -0.036273561013656565 -0.0078017654366282184 0.016336085373147135
leaf_weight=12.524412528349787 245.36506980187187 5.591831544879823 6.8957283370255018 280.05838675291307 6.2615507043374228 5.071993797668255 15.681290475884454 18.766292161424644 8.5052159730112162 21.639416352118136 3.8440759213408446 1.5743758421158407 47.726731890725205 1.7138857010868376
leaf_count=472 22622 141 279 6149 116 180 272 405 140 476 118 53 1288 44
internal_value=0.00104583 -0.00171231 0.00572418 -0.000927073 -0.0245769 0.000228948 0.00236461 0.00105276 -0.01474 -0.00394748 -0.0148297 0.0262229 -0.0132814 -0.0458689
internal_weight=681.22 428.959 252.261 423.368 18.786 404.582 350.069 332.813 52.755 33.9887 25.4835 17.2557 54.5126 6.78588
internal_count=32755 9854 22901 9713 588 9125 7613 7288 1139 734 594 325 1512 224
is_linear=0
shrinkage=0.05


Tree=146
num_leaves=15
num_cat=0
split_feature=21 6 12 6 9 11 14 10 14 23 9 9 27 3
split_gain=4.2784 3.59252 3.5982 6.20907 5.20792 4.54518 4.46239 4.81675 3.87797 5.21614 5.32984 5.178 5.03718 6.28566
threshold=0.67175839552238814 26.500000000000004 18.654648318042813 785.50000000000011 12.078968052970394 6.5232941338014427 0.54243721783321652 11.396804021802028 0.75602895874773612 0.45643939393939398 14.247845902724423 13.362440605374521 0.05131578947368421 121.50000000000001
decision_type=2 2 2 2 2 2 2 2 2 2 2 2 2 2
left_child=1 -1 6 4 5 -4 7 -3 9 -8 11 -11 -10 -14
right_child=-2 2 3 -5 -6 -7 8 -9 12 10 -12 -13 13 -15
leaf_value=-0.020186809671135758 -0.029366967163260999 -0.027144432397128073 0.0081749805988936327 -0.012745756851335147 0.019587449533177443 -0.019292701891755318 0.0019117407215125616 -0.0027396963660945685 0.010591591467215222 0.018544521071628378 0.034449394271773154 -0.052796179935165444 -0.0042367339062400798 -0.040723705276059063
leaf_weight=19.013261230706121 11.067216808063675 29.860498082867707 65.063569432328222 32.755056180525571 83.012670610100031 18.516314706415869 98.582013138933689 59.389234792586649 52.26813059997221 5.8352359788259474 27.507644253360922 3.0874181531253271 152.56346290873989 11.830543526171821
leaf_count=4311 706 1032 1287 937 1651 329 3550 2313 2406 79 774 136 12920 332
internal_value=0.000136839 0.000675837 0.00132588 0.00688257 0.0107949 0.00193363 -0.00119626 -0.0111151 0.00134538 0.00796547 0.0238584 -0.0089738 -0.00279755 -0.00709285
internal_weight=670.352 659.285 640.272 199.348 166.593 83.5799 440.924 89.2497 351.674 135.012 36.4303 8.92265 216.662 164.394
internal_count=32763 32057 27746 4204 3267 1616 23542 3345 20197 4539 989 215 15658 13252
is_linear=0
shrinkage=0.05


Tree=147
num_leaves=15
num_cat=0
split_feature=28 24 6 6 19 23 30 15 4 3 14 18 18 9
split_gain=4.15162 4.49019 5.21239 4.92692 4.06823 4.4377 3.7274 3.48384 3.81403 4.74663 4.48399 3.88009 3.22859 4.12322
threshold=0.037749287749287708 0.14907407407407408 272.50000000000006 448.50000000000006 0.090398365679264556 0.52277432712215333 291.50000000000006 4.3571067075236973 19.362568681318685 28.500000000000004 0.72643594870240402 0.15419580419580417 0.11695219673943071 14.011413202469869
decision_type=2 2 2 2 2 2 2 2 2 2 2 2 2 2
left_child=1 2 -1 -4 -3 7 -7 8 9 -6 11 -10 13 -2
right_child=12 4 3 -5 5 6 -8 -9 10 -11 -12 -13 -14 -15
leaf_value=-0.033306500463170137 -0.040122423637970327 -0.040880180758281856 0.027040184501265455 -0.01783663967830228 0.011086104506416842 0.04008238718958522 0.0031793955993952706 0.012834460818609925 0.012591026942197762 -0.026668083179462461 0.026305783461698103 -0.03607319891038302 0.0023594194080153782 0.0015071683392834856
leaf_weight=29.209290229082399 9.4165743705816585 5.4775496125221244 8.3736281647870801 16.620567975223821 9.984359064827002 9.7813993796589802 19.260062868925161 19.533392136465409 7.0242049988592061 37.917091970717593 11.925886641125542 7.6744606530119199 460.00514206341904 13.703896296894525
leaf_count=4132 157 178 423 2504 1193 353 700 726 144 2587 364 239 18766 363
internal_value=-0.00100119 -0.00739806 -0.0193284 -0.00234003 -0.00225838 -0.000224281 0.0165291 -0.00551647 -0.0104325 -0.018733 0.00463874 -0.0134969 0.00142923 -0.0164083
internal_weight=665.908 182.782 54.2035 24.9942 128.578 123.101 29.0415 94.0594 74.526 47.9015 26.6246 14.6987 483.126 23.1205
internal_count=32829 13543 7059 2927 6484 6306 1053 5253 4527 3780 747 383 19286 520
is_linear=0
shrinkage=0.05


Tree=148
num_leaves=15
num_cat=0
split_feature=24 18 9 4 3 18 15 13 22 14 13 9 17 17
split_gain=3.66387 5.78787 4.87894 3.29697 3.64176 3.54227 3.40678 4.22261 3.39404 3.24411 3.30347 4.30345 6.15646 6.11127
threshold=0.32666666666666672 0.23201345755693584 15.590394383123417 19.154083570750242 67.500000000000014 0.11695219673943071 4.0065244661977522 24.500000000000004 14.500000000000002 1.2310012715594452 27.500000000000004 12.409596271268278 0.67787193973634663 0.67065997130559551
decision_type=2 2 2 2 2 2 2 2 2 2 2 2 2 2
left_child=9 2 3 4 -2 6 7 -5 -7 10 -1 12 -12 -13
right_child=1 -3 -4 5 -6 8 -8 -9 -10 -11 11 13 -14 -15
leaf_value=0.00077985886086466528 0.016420533845365067 0.061169561945464503 -0.031504596555661672 0.025875106919446139 -0.015232702192354669 -0.028785767071871346 0.026825679918568782 -0.058939206089375265 0.037139876999073999 -0.02184039441706748 0.0052389709065659394 -0.041762122948792661 -0.032127040944957025 0.0084790737100866528
leaf_weight=478.82818215902807 16.31995038765308 4.1709766346612005 6.7254904301662455 1.5706490183947623 18.116315377090359 1.4144182005838981 3.6787971978774294 3.1021254453808069 21.258673852367792 18.106940680736443 52.526470124023035 18.132486536778746 12.889428291513466 8.422112547879804
leaf_count=24208 659 61 267 26 423 33 79 43 366 3937 1263 828 307 211
internal_value=-0.000231841 0.00999986 0.00624783 0.0105422 -0.00019162 0.0220903 -0.00531978 -0.030895 0.031985 -0.00157318 -0.000893193 -0.00951834 -0.00249643 -0.0260981
internal_weight=665.263 76.3574 72.1864 65.4609 34.4363 31.0247 8.35157 4.67277 22.6731 588.906 570.799 91.9705 65.4159 26.5546
internal_count=32711 1957 1896 1629 1082 547 148 69 399 30754 26817 2609 1570 1039
is_linear=0
shrinkage=0.05


Tree=149
num_leaves=15
num_cat=0
split_feature=12 10 11 0 2 21 4 0 2 12 26 11 10 0
split_gain=3.53252 5.39154 4.27173 4.02751 5.05154 4.76905 4.02425 5.80083 5.38317 5.34963 5.06785 5.67692 4.92256 3.97463
threshold=17.631479400749068 11.060434855200937 7.0941787870203727 649.50000000000011 0.30625655174187905 0.43649167733674771 19.093976449275367 1361.5000000000002 0.57808012522176355 15.707265917602999 0.3257575757575758 9.8661527421440081 14.583534454873766 2101.5000000000005
decision_type=2 2 2 2 2 2 2 2 2 2 2 2 2 2
left_child=3 2 -2 -1 -5 6 7 8 -6 -9 11 -11 -10 -8
right_child=1 -3 -4 4 5 -7 13 9 12 10 -12 -13 -14 -15
leaf_value=0.0065991496369337535 0.0056401988251555193 0.016649271080504409 -0.011691262617423724 -0.031517796613082689 -0.0036775034573110171 -0.0085475359161790426 0.026466089220452835 -0.029836537696766918 0.035966286583904709 -0.015379907572021557 -0.052307839653802396 0.034371146927928364 -0.036801806708821681 -0.027422964877086578
leaf_weight=102.68466748703577 121.89120709533745 74.876133587444201 49.027861215348821 15.709235160167735 28.175323056842899 176.58309988418478 26.169018371816495 23.232619642658392 20.386239709376245 9.6926926413725649 2.5444528660736969 11.629307824769056 1.797105505116632 3.091144084930419
leaf_count=11019 2618 1744 1063 2018 1688 10156 450 734 535 213 64 219 163 56
internal_value=0.000805171 0.00555734 0.00062961 -0.00197134 -0.00474205 -0.00325621 0.00412652 -0.000810868 0.0108833 -0.0132807 0.00338723 0.0120792 0.0287381 0.020055
internal_weight=667.49 245.795 170.919 421.695 319.01 303.301 126.718 97.4577 50.3587 47.0991 23.8665 21.322 22.1833 29.2602
internal_count=32740 5425 3681 27315 16296 14278 4122 3616 2386 1230 496 432 698 506
is_linear=0
shrinkage=0.05


Tree=150
num_leaves=15
num_cat=0
split_feature=13 22 14 15 1 15 25 6 13 25 29 11 8 6
split_gain=3.99373 4.33415 4.73589 6.05586 6.41619 4.67663 4.13802 4.2243 3.88493 4.73501 4.49204 3.84084 3.93775 3.8122
threshold=1.5000000000000002 14.500000000000002 0.91827943882826546 3.3713689990693578 12.500000000000002 4.3571067075236973 0.15192307692307691 381.50000000000006 26.500000000000004 0.13188405797101446 0.05131578947368421 6.6280738511941921 431.50000000000006 1205.0000000000002
decision_type=2 2 2 2 2 2 2 2 2 2 2 2 2 2
left_child=-1 5 6 -4 -5 -2 7 8 9 -3 -10 -9 -13 -8
right_child=1 2 3 4 -6 -7 13 11 10 -11 -12 12 -14 -15
leaf_value=0.016818540222298239 -0.013619013771098183 -0.00049605732828442671 -0.033670769889397927 0.0052255213934698612 0.032751714337593649 0.0098859491702935204 0.003712026100237323 0.022602076060007477 -0.044872306693497489 -0.03715423485321246 -0.0017754413264137103 -0.017474733121489242 0.014351863860726861 -0.023857170981019485
leaf_weight=31.971543579129502 106.8021970849004 44.813045353330381 6.377853165009582 72.293380515315221 29.234334177184792 25.55830867250188 243.43285471543641 15.424459787202066 17.718155176524309 9.9725606300198688 9.0568972787295916 25.743983955908334 14.352572177391265 12.224889547796918
leaf_count=1089 11152 1842 1105 2498 3317 1693 7023 292 462 441 243 763 420 493
internal_value=-0.000147752 -0.00102985 0.00110172 0.0103283 0.0133937 -0.0090402 -0.00145307 -0.00842953 -0.0156029 -0.00771531 -0.0308832 0.00219778 -0.00601038 0.00230592
internal_weight=664.977 633.005 500.645 107.906 101.528 132.361 392.739 137.082 81.5607 54.7856 26.7751 55.521 40.0966 255.658
internal_count=32833 31744 18899 6920 5815 12845 11979 4463 2988 2283 705 1475 1183 7516
is_linear=0
shrinkage=0.05


Tree=151
num_leaves=15
num_cat=0
split_feature=22 8 18 4 13 14 15 3 27 18 18 3 8 10
split_gain=3.70066 4.99771 4.16624 4.19975 5.79628 4.19179 3.58723 3.74126 3.46757 3.3335 4.50312 3.26642 2.94716 2.84506
threshold=18.500000000000004 439.50000000000006 0.16081691297208536 18.354502688172047 1.5000000000000002 0.99387213285517306 4.5841392325092123 67.500000000000014 0.19615384615384618 0.11167800453514737 0.14595037453183515 105.50000000000001 470.50000000000006 10.458066636007635
decision_type=2 2 2 2 2 2 2 2 2 2 2 2 2 2
left_child=1 8 6 4 -4 -6 7 12 -1 -2 -11 -8 -3 -12
right_child=9 2 3 -5 5 -7 11 -9 -10 10 13 -13 -14 -15
leaf_value=-0.0051767852897589275 -0.02769955262809631 0.024664912137733974 0.027657965627510436 0.034998804752918139 -0.0057712339839739593 0.02761197268735914 0.044167982580893404 -0.026027492039242612 -0.021613819089494904 0.02203402787214212 -0.0034604655946770669 -0.010205557139652249 -0.0098091099386341529 0.0092707178336352749
leaf_weight=241.28456684914636 6.6901696228887877 7.8710432206717114 21.704436096333666 12.851957547565688 66.198316791953403 9.9347931206430058 5.0205592094571312 24.34067929466255 36.252217391822342 34.738967975921696 92.548862867552089 4.5347252181963995 19.589439141156618 81.795398766000289
leaf_count=15809 115 374 700 379 3119 651 87 769 4918 650 2180 161 767 2241
internal_value=-0.00067159 -0.00325318 0.00343025 0.00919401 0.00548448 -0.00111348 -0.0069485 -0.0121724 -0.0073937 0.00469758 0.00586112 0.0198413 0.000591678 0.00253131
internal_weight=665.356 449.583 172.046 110.69 97.8375 76.1331 61.3564 51.8012 277.537 215.773 209.083 9.55528 27.4605 174.344
internal_count=32920 27734 7007 4849 4470 3770 2158 1910 20727 5186 5071 248 1141 4421
is_linear=0
shrinkage=0.05


Tree=152
num_leaves=15
num_cat=0
split_feature=6 10 30 21 11 6 8 14 25 24 25 16 4 11
split_gain=4.07844 3.67452 6.81563 6.36981 4.94147 4.61147 4.36012 4.41697 4.17791 4.05019 5.16011 4.13701 5.59462 4.64764
threshold=25.500000000000004 12.867955133622312 875.00000000000011 0.50806661462399172 7.6308826889805399 1028.5000000000002 452.50000000000006 1.0465747602972726 0.064583333333333312 0.054093567251461951 0.29814814814814822 76.500000000000014 18.083722741433025 11.109272601638983
decision_type=2 2 2 2 2 2 2 2 2 2 2 2 2 2
left_child=-1 4 6 -4 5 -2 7 8 -3 10 -6 12 -11 -13
right_child=1 2 3 -5 9 -7 -8 -9 -10 11 -12 13 -14 -15
leaf_value=-0.021959286078881798 0.0084915191728959696 -0.032055578392335533 -0.041656751241920281 0.013395963518917815 -0.031614139483287326 -0.019814763836315696 0.021587021903228084 -0.018783737529931899 0.014075399978690723 -0.0093322332131262325 0.010266435140194674 -0.014170030778155011 0.008010346221891949 0.045985492026423984
leaf_weight=18.115638161372772 161.21775501014054 4.442197773809311 11.392434726396461 8.4580843035655544 25.52927164202265 14.842835630523039 63.287323403521441 15.999698643972804 54.399276176169224 73.261646503546217 9.6140682057593931 78.228060957721027 123.46548888738471 2.3881222062627776
leaf_count=4218 4512 336 766 427 1328 1173 2252 3309 3045 4325 383 3037 3568 66
internal_value=0.000804367 0.00147513 0.00807805 -0.018682 -0.000672158 0.00600672 0.0120304 0.00377099 0.0101153 -0.00444231 -0.0201899 -0.0023815 0.00153739 -0.0118464
internal_weight=664.642 646.526 157.979 19.8505 488.547 176.061 138.128 74.8412 58.8415 312.487 35.1433 277.343 196.727 80.6162
internal_count=32745 28527 10135 1193 18392 5685 8942 6690 3381 12707 1711 10996 7893 3103
is_linear=0
shrinkage=0.05


Tree=153
num_leaves=15
num_cat=0
split_feature=12 11 26 26 1 30 26 11 4 21 19 18 21 19
split_gain=3.54873 4.91535 4.57471 4.07413 5.2277 7.19478 3.84123 3.5867 5.14061 4.06848 3.80625 3.71543 4.52783 4.22232
threshold=17.631479400749068 2.5989432053920782 1.0000000180025095e-35 0.078461538461538458 9.5000000000000018 1375.0000000000002 0.28285714285714292 6.0882561551399519 16.50490196078432 0.48019607843137263 0.26705426356589146 0.15419580419580417 0.34930196978389755 0.17320512820512818
decision_type=2 2 2 2 2 2 2 2 2 2 2 2 2 2
left_child=3 -2 -3 4 5 -1 -4 -5 9 -9 11 -10 -13 -14
right_child=1 2 6 7 -6 -7 -8 8 10 -11 -12 12 13 -15
leaf_value=-0.00012321081999899843 -0.03106403183856727 -0.018970277611121092 0.0096278129942020795 -0.039299109261668588 0.017415820802888612 -0.073488200591316333 -0.020528880824736553 0.027861177910109444 -0.020253891872531793 -0.010815857654521192 0.03833840882704749 0.011473877713202721 0.00095955650017566464 -0.014797483977183791
leaf_weight=75.957505732018035 8.2417988012311962 15.887054618913679 203.89124631008599 6.9266718896105877 48.106218649663788 2.4957500668242565 10.213133582845328 18.697871953692815 49.805450619387557 9.713766355707774 3.5120329575438509 33.512136236720835 71.736315087509865 102.96030447773956
leaf_count=1715 552 385 4117 2087 4394 62 326 1310 2451 1765 125 819 4113 8668
internal_value=-0.000125717 0.00474442 0.00615655 -0.00287055 0.00461625 -0.00335264 0.00810054 -0.00606711 -0.00514084 0.0147196 -0.00734628 -0.00811375 -0.00512678 -0.00835848
internal_weight=661.657 238.233 229.991 423.424 126.559 78.4533 214.104 296.865 289.938 28.4116 261.526 258.014 208.209 174.697
internal_count=32889 5380 4828 27509 6171 1777 4443 21338 19251 3075 16176 16051 13600 12781
is_linear=0
shrinkage=0.05


Tree=154
num_leaves=15
num_cat=0
split_feature=25 24 9 6 28 4 2 1 18 17 6 19 2 3
split_gain=3.65983 6.3474 4.69224 4.38289 5.22551 5.12789 4.89224 4.54581 4.20753 4.17284 4.80878 4.14659 3.92859 3.92479
threshold=0.13714733542319749 0.31414473684210531 11.307951574009023 839.50000000000011 0.054093567251461951 17.473911070780403 0.98231099167280611 4.5000000000000009 0.23201345755693584 0.58234803171512051 117.50000000000001 0.21286446020488572 0.6517316456630442 67.500000000000014
decision_type=2 2 2 2 2 2 2 2 2 2 2 2 2 2
left_child=2 3 -1 4 -2 7 12 -6 13 -4 -11 -7 -5 -3
right_child=1 8 9 6 5 11 -8 -9 -10 10 -12 -13 -14 -15
leaf_value=-0.026246394431879812 -0.0068459649253838351 0.029618692645335051 -0.027584780652808834 -0.0065367790398091182 -0.045257311345779351 0.0051270578114974569 0.023954840753089204 -0.001888005583228089 0.068226565231316413 -0.017027078545346176 0.0032127353144096415 0.02143160599792605 -0.035334057143094483 -0.0017638970954011559
leaf_weight=24.123143083939794 109.14661022460496 19.877395963630988 15.122088311320111 29.60287590954249 6.5500541799701741 146.88345297204069 7.0055576340819234 30.736485406203428 3.2130265033920287 36.055206824563356 140.1318181292736 52.587156965681061 19.411109660431975 18.853345579584129
leaf_count=652 7011 517 1267 3015 121 4536 154 2436 33 4521 5229 1623 1216 394
internal_value=-0.000589648 0.00200576 -0.00592166 5.33911e-05 0.00216484 0.00633021 -0.0127935 -0.0104897 0.0202773 -0.00323566 -0.00100189 0.00951095 -0.0184199 0.0146824
internal_weight=659.299 443.867 215.432 401.923 345.904 236.757 56.0195 37.2865 41.9438 191.309 176.187 199.471 49.014 38.7307
internal_count=32725 21056 11669 20112 15727 8716 4385 2557 944 11017 9750 6159 4231 911
is_linear=0
shrinkage=0.05


Tree=155
num_leaves=15
num_cat=0
split_feature=12 9 25 14 19 2 21 11 9 0 3 4 17 23
split_gain=4.47757 4.63228 4.26761 4.16699 4.14971 3.53987 3.3209 4.28202 4.09034 3.68227 3.05113 4.57057 3.29723 5.51929
threshold=18.791666666666668 13.4613384265947 0.046536796536796508 0.73768172237235385 0.18776709401709404 0.93941158821764537 0.23836580086580081 6.9876134108246042 15.489344715267125 1932.5000000000002 33.500000000000007 19.795785943423741 0.5628591954022989 0.22902097902097898
decision_type=2 2 2 2 2 2 2 2 2 2 2 2 2 2
left_child=6 2 -2 5 -5 -3 8 9 -1 -8 11 -9 13 -12
right_child=1 3 -4 4 -6 -7 7 10 -10 -11 12 -13 -14 -15
leaf_value=0.025321532197469427 -0.035950620569359534 -0.0027753687053967933 0.0021402933074985246 0.038362193029757907 -0.0012749611384749958 0.031477463978575503 -0.025626136405547041 0.010361394632404734 -0.024888945445377179 0.030490399082751446 0.00077091875325290156 -0.03343549682092236 -0.0031812393428409694 -0.043667949423503431
leaf_weight=18.295538792328447 6.8794262209557919 33.793914242123719 109.15107298298972 24.872866124147549 8.7814372247084957 8.6616257836576533 31.522305941176455 66.746113751163648 4.2766348177683531 2.3760598570806897 14.110987743915759 5.5580537040004847 309.96471849318186 12.774204394765546
leaf_count=295 166 850 2487 497 194 208 6268 6263 106 50 576 357 13647 742
internal_value=-0.000500227 0.00590302 -0.000406002 0.0154017 0.0282813 0.00477632 -0.00314952 -0.00411417 0.0151561 -0.0209317 -0.0026732 0.00658452 -0.00467395 -0.0211525
internal_weight=657.765 192.14 116.03 76.1098 33.6543 42.4555 465.625 443.052 22.5722 33.8984 409.154 72.3042 336.85 26.8852
internal_count=32706 4402 2653 1749 691 1058 28304 27903 401 6318 21585 6620 14965 1318
is_linear=0
shrinkage=0.05


Tree=156
num_leaves=15
num_cat=0
split_feature=1 14 21 6 6 28 30 21 12 14 18 3 30 28
split_gain=4.38043 8.49428 4.08915 4.07296 5.00246 3.70377 3.70712 4.52526 3.50439 3.52976 5.30258 3.47522 3.17856 3.13295
threshold=7.5000000000000009 0.35611103250783593 0.67455869991594286 26.500000000000004 31.500000000000004 0.040833333333333312 284.50000000000006 0.43256237006237014 10.814116833736607 0.86640956882760822 0.22378240377062056 134.50000000000003 2471.0000000000005 0.24068965517241384
decision_type=2 2 2 2 2 2 2 2 2 2 2 2 2 2
left_child=2 -2 3 -1 -5 6 -3 -8 -7 10 -10 -11 -6 -12
right_child=1 5 -4 4 12 8 7 -9 9 11 13 -13 -14 -15
leaf_value=-0.043456652962851304 -0.028286416311860497 0.013602588942038413 -0.046037049690199221 0.036561557039887164 -0.0028152280364725168 -0.020851789287676999 0.00041876559942363083 -0.029787991129758048 0.0091617334095499426 0.021387540244849537 -0.035693884763442034 -0.040434290753668001 -0.046602209329428566 0.029039271880402919
leaf_weight=5.1691488251963156 17.827059211354936 22.398979751320439 4.6638597216806366 7.034136334055801 332.95284050317423 8.0820414565532683 35.162010320025729 18.129098462599359 119.02185108217964 73.163195924556931 9.726193897702613 1.4515211537946004 3.2027176637202492 1.4770352591294784
leaf_count=287 1043 3323 101 138 7092 1902 2310 4771 4912 6117 607 40 98 23
internal_value=-8.13039e-05 0.00428511 -0.00387293 -0.00317828 -0.00244711 0.00638772 -0.00308237 -0.0102167 0.00975284 0.0110558 0.00601013 0.0196661 -0.00336939 -0.0254792
internal_weight=659.462 306.439 353.023 348.359 343.19 288.612 75.6901 53.2911 212.922 204.84 130.225 74.6147 336.156 11.2032
internal_count=32764 25048 7716 7615 7328 24005 10404 7081 13601 11699 5542 6157 7190 630
is_linear=0
shrinkage=0.05


Tree=157
num_leaves=15
num_cat=0
split_feature=20 23 14 30 29 2 15 2 6 6 17 0 14 17
split_gain=2.81819 5.11912 3.5198 3.54943 2.8041 2.5417 2.36147 2.70332 3.97204 3.48569 5.62881 6.31792 4.87833 3.87389
threshold=0.032697790449037756 0.58957219251336912 1.2310012715594452 1327.0000000000002 0.20526315789473684 0.23077931771873547 3.1035184589435532 0.36654525619369371 772.50000000000011 132.50000000000003 0.63386569416499006 1625.5000000000002 0.41259151066808381 0.57868937048503633
decision_type=2 2 2 2 2 2 2 2 2 2 2 2 2 2
left_child=2 5 4 -4 6 -2 -1 8 -8 10 11 12 -9 -11
right_child=1 -3 3 -5 -6 -7 7 9 -10 13 -12 -13 -14 -15
leaf_value=-0.022377803192567526 -0.024488357110068026 -0.024101983743850464 -0.032464255767578408 0.017824914104929982 -0.040779475303821387 0.030723976738018546 0.007324900860226702 0.046339554772712371 -0.022880420949574602 -0.014854818423409891 -0.023848107446179705 -0.056473253822136971 -0.00040246055797007449 0.0016034315200937196
leaf_weight=11.745862211275378 1.5811859893729039 5.9120280820061444 15.795105409295504 3.7428773371357229 3.4832537364563896 19.332405486900825 142.69000027621951 5.5309968146320889 10.808644749849917 39.477200556124444 44.268907982899691 3.387123694701585 38.30420717002562 305.40895487756643
leaf_count=992 89 154 3881 177 449 462 11218 125 942 1731 1598 109 1658 9292
internal_value=-0.00138246 0.0141916 -0.00207291 -0.0224316 -0.00137964 0.0256226 -0.00108423 -0.000623067 0.00506366 -0.00263041 -0.0112498 0.000810204 0.00639732 -0.000317953
internal_weight=651.469 26.8256 624.643 19.538 605.105 20.9136 601.622 589.876 153.499 436.377 91.4912 47.2223 43.8352 344.886
internal_count=32877 705 32172 4058 28114 551 27665 26673 12160 14513 3490 1892 1783 11023
is_linear=0
shrinkage=0.05


Tree=158
num_leaves=15
num_cat=0
split_feature=24 24 12 9 11 1 26 2 25 25 12 9 8 30
split_gain=3.80909 4.91697 3.37647 3.36051 3.31687 3.04152 4.16698 5.91079 3.68302 3.5438 4.1259 4.63184 4.60106 4.54443
threshold=0.54195804195804198 0.42481203007518792 10.583481613285887 15.575479239633319 2.0966028131458949 5.5000000000000009 0.097619047619047619 0.58946377242541392 0.34891304347826085 0.046536796536796508 17.908333333333335 14.817340232159856 269.50000000000006 875.00000000000011
decision_type=2 2 2 2 2 2 2 2 2 2 2 2 2 2
left_child=1 2 -1 -3 -4 9 -7 8 -8 -6 11 -11 -13 -12
right_child=-2 3 4 -5 5 6 7 -9 -10 10 13 12 -14 -15
leaf_value=-0.026699731386346067 -0.0521801882231991 0.035703468676825181 -0.042024967481508996 -0.02864465213415715 -0.029506735474139713 0.010282298053754762 -0.0079479467689321775 0.013878944772409023 0.018928829485079249 0.00071611069856105953 0.012732654495332969 0.035758869921747649 -0.018146781922577217 -0.014029501324244444
leaf_weight=11.280699380673466 2.5226879280526182 13.291506470995953 3.708879372716182 1.6000255155377079 11.830772318702655 129.08679627035599 149.41690774252856 49.475766134666628 12.979960911099623 92.206818044825923 65.387330194469541 3.2582262750947839 78.239414388721343 19.940324398863595
leaf_count=2858 48 302 414 63 258 6471 14096 2310 944 1576 1144 63 1754 470
internal_value=-0.000329452 -4.47426e-05 -0.000739928 0.0274221 -0.000221634 9.99411e-05 0.00323799 -0.00108201 -0.00569706 -0.00384758 -0.00256668 -0.00697707 -0.0155843 0.0063885
internal_weight=644.226 641.703 626.812 14.8915 615.531 611.822 340.959 211.873 162.397 270.863 259.032 173.704 81.4976 85.3277
internal_count=32771 32723 32358 365 29500 29086 23821 17350 15040 5265 5007 3393 1817 1614
is_linear=0
shrinkage=0.05


Tree=159
num_leaves=15
num_cat=0
split_feature=28 30 10 4 30 11 13 24 24 12 23 14 6 17
split_gain=3.42578 5.54265 4.93325 3.57827 3.81939 3.77609 3.1616 3.85197 4.58752 5.8028 3.66318 4.09488 5.92276 7.01065
threshold=0.2124060150375939 1515.0000000000002 14.656349134878729 17.541861370716514 303.50000000000006 9.112607616592566 14.500000000000002 0.07275132275132272 0.097619047619047619 16.800337837837841 0.20942982456140347 0.56906370580420307 126.50000000000001 0.60678958993565746
decision_type=2 2 2 2 2 2 2 2 2 2 2 2 2 2
left_child=3 2 -2 4 5 -1 10 -8 9 -9 -5 -12 13 -13
right_child=1 -3 -4 6 -6 -7 7 8 -10 -11 11 12 -14 -15
leaf_value=-0.010483470016457459 0.020228390472303195 -0.043193670154702907 -0.036616587454920045 -0.013387208394761242 -0.019382490876892484 0.012778421035661791 -0.014940897245668182 -0.042997686693280267 -0.0017919532809943296 0.032633575446534079 -0.0046820512011278579 0.027315009355346826 0.020073547234025137 -0.02660132046658828
leaf_weight=43.524091568360745 48.242063032870647 3.3171244200784704 3.2292777234106316 20.102555738616502 49.509922845099936 27.695320057740901 49.39572774941189 2.0602747163211488 231.35634631174617 17.38831860612845 40.058153383659374 8.4134919577481941 84.845081119899987 15.919551266662891
leaf_count=5865 1186 75 92 928 6341 935 3036 252 8007 323 1397 533 2435 1293
internal_value=-0.000107817 0.0117364 0.0160321 -0.00122518 -0.0088647 -0.00138586 0.000753783 -0.00232681 0.000206986 0.0229107 0.0061966 0.00890615 0.013889 -0.00761664
internal_weight=645.057 54.7885 51.4713 590.269 120.729 71.2194 469.54 300.201 250.805 19.4486 169.339 149.236 109.178 24.333
internal_count=32698 1353 1278 31345 13141 6800 18204 11618 8582 575 6586 5658 4261 1826
is_linear=0
shrinkage=0.05


Tree=160
num_leaves=15
num_cat=0
split_feature=11 22 23 21 28 14 10 26 0 9 8 0 14 6
split_gain=3.96467 5.27193 4.0844 3.54814 3.78896 4.11677 4.41871 3.70595 3.57141 4.51488 4.29275 3.36558 3.30525 3.02129
threshold=2.5989432053920782 22.500000000000004 0.23904761904761904 0.67175839552238814 0.22474747474747472 0.62870748702485957 14.086331069140565 0.26491228070175438 601.50000000000011 14.283086365157049 411.50000000000006 829.50000000000011 0.72997595521322889 717.50000000000011
decision_type=2 2 2 2 2 2 2 2 2 2 2 2 2 2
left_child=-1 3 -3 4 5 6 7 -2 -6 12 11 -11 -10 -7
right_child=1 2 -4 -5 8 13 -8 -9 9 10 -12 -13 -14 -15
leaf_value=-0.031963569602671063 -0.0072990027239063565 0.051957823975688128 0.0099586449242077095 -0.03309140843116138 0.044065843050944381 0.0035271097630302072 0.016759173120181721 -0.030848470265148566 0.012791151551567848 -0.034111995357521678 -0.0074345830642122725 0.043105336041268295 -0.057822110520646945 -0.0084110632150211431
leaf_weight=8.7129251134901988 151.60131149183871 6.2050383565947405 33.518534702481702 7.4675136221339917 7.3113092458806923 312.81960831351171 16.109961249007029 17.984606400212215 2.2487699789926436 0.851014743908311 10.04455402609892 11.180377758719258 3.1617753753380384 62.789849143380707
leaf_count=558 4873 77 650 672 195 17825 709 824 49 45 228 202 63 5854
internal_value=-0.000257273 0.000221108 0.0176339 -0.000952175 -0.000494815 -0.00149812 -0.00756704 -0.00996262 0.0152787 0.00634331 0.0164581 0.035445 -0.0310562 0.0015144
internal_weight=652.007 643.294 39.7236 603.571 596.103 561.305 185.696 169.586 34.7978 27.4865 22.0759 12.0314 5.41055 375.609
internal_count=32824 32266 727 31539 30867 30085 6406 5697 782 587 475 247 112 23679
is_linear=0
shrinkage=0.05


Tree=161
num_leaves=15
num_cat=0
split_feature=29 28 20 22 9 3 6 26 20 28 14 16 23 15
split_gain=3.87868 3.2444 3.39296 3.0867 2.94928 3.14068 2.69874 2.67894 3.45381 5.38359 2.94185 5.84871 3.53284 3.31921
threshold=0.11324786324786322 0.24068965517241384 0.011561079925153652 23.500000000000004 9.1673702594856348 36.500000000000007 92.500000000000014 0.042572463768115909 0.013793759512937551 0.088932806324110672 0.91827943882826546 67.500000000000014 0.53452380952380962 3.7520164606461144
decision_type=2 2 2 2 2 2 2 2 2 2 2 2 2 2
left_child=3 2 -2 4 5 -1 -4 8 10 -10 11 12 -6 -13
right_child=1 -3 6 -5 7 -7 -8 -9 9 -11 -12 13 -14 -15
leaf_value=-0.0017477887563994985 -0.027250273673981831 0.036644510439358173 0.036702799533754486 0.017519704411786432 -0.01818270311115773 -0.04703221555421333 -0.010993898971392229 0.001569433556945497 -0.017030300264243462 0.041467090953638493 0.00094447088797476467 -0.0091528499559134918 0.042268362687583737 -0.062109957955614574
leaf_weight=8.9454269657871901 28.467250659272395 1.9731586158159178 3.3060864965154897 25.043657793896273 5.6907414299494139 5.8014844638528293 8.5974197331233864 525.36561147690736 7.7547520944208355 6.2335444131458644 12.543956612869804 4.5873189706180701 2.7937564751482569 9.9666954990825598
leaf_count=419 3300 40 364 520 198 126 486 25629 371 179 772 163 82 221
internal_value=-0.000343941 -0.0148004 -0.0181398 0.000674277 -6.95914e-05 -0.0214183 0.00407117 0.000514232 -0.010479 0.0100651 -0.0186097 -0.0288529 0.00408035 -0.0470799
internal_weight=657.071 42.3439 40.3708 614.727 589.683 14.7469 11.9035 574.936 49.5708 13.9883 35.5825 23.0385 8.4845 14.554
internal_count=32870 4190 4150 28680 28160 545 850 27615 1986 550 1436 664 280 384
is_linear=0
shrinkage=0.05


Tree=162
num_leaves=15
num_cat=0
split_feature=24 24 11 22 13 21 2 2 23 20 29 21 23 28
split_gain=2.88168 3.18591 2.61337 2.9382 4.51894 4.27782 3.35869 4.56842 6.32715 3.79691 3.28073 3.16532 2.68636 3.55329
threshold=0.54195804195804198 0.42481203007518792 2.5989432053920782 19.500000000000004 27.500000000000004 0.49341991341991348 0.26334865086122977 0.56654756347510238 0.28869047619047622 0.0095695970695970512 0.12771739130434781 0.67455869991594286 0.43875000000000003 0.13714733542319749
decision_type=2 2 2 2 2 2 2 2 2 2 2 2 2 2
left_child=1 2 -1 11 12 6 -6 8 9 -8 -7 -4 13 -5
right_child=-2 -3 3 4 5 10 7 -9 -10 -11 -12 -13 -14 -15
leaf_value=-0.026967855571033556 -0.043466275235858227 0.021627049195072877 -0.0016084512533311038 -0.0050475519305620727 0.038715523778753348 -0.022272971362943803 -0.017182034599975443 0.021070668343547479 -0.037058555782294653 0.052044616966542202 0.038215952149037294 -0.039938507336253773 0.026131335619311264 0.019817452316412243
leaf_weight=8.2011749330122239 2.8264138406957491 15.672863443382083 471.40924994211309 28.882371276471531 5.9766674109268925 27.377332029020184 2.9212923632003429 13.862755689740878 11.457450565183533 3.3827171064913273 1.5340040352893982 4.4511905010294859 27.635551718791248 26.97248994873371
leaf_count=556 50 361 28345 770 78 577 44 205 196 21 35 522 566 525
internal_value=-0.00020274 5.19663e-05 -0.000514544 -0.000125438 0.00595306 -0.00374552 0.00731433 0.000375001 -0.01604 0.0220045 -0.0178932 -0.00204999 0.0136323 0.00709721
internal_weight=652.564 649.737 634.064 625.863 150.003 66.5122 37.6009 31.6242 17.7615 6.30401 28.9113 475.86 83.4904 55.8549
internal_count=32851 32801 32440 31884 3017 1156 544 466 261 65 612 28867 1861 1295
is_linear=0
shrinkage=0.05


Tree=163
num_leaves=15
num_cat=0
split_feature=22 8 18 18 0 2 8 28 21 3 15 11 21 6
split_gain=4.11987 4.17458 3.81732 4.71476 3.39752 4.71158 3.58873 3.14333 4.40834 3.59007 3.02878 4.60181 3.92604 2.7074
threshold=18.500000000000004 344.50000000000006 0.15638586956521741 0.11167800453514737 555.50000000000011 0.76150998627856581 331.50000000000006 0.05131578947368421 0.37567204301075274 75.500000000000014 3.4915025002353413 6.5517220618161049 0.45852446483180431 132.50000000000003
decision_type=2 2 2 2 2 2 2 2 2 2 2 2 2 2
left_child=1 4 3 -2 6 -6 10 8 -4 -10 12 -12 -1 -3
right_child=2 13 7 -5 5 -7 -8 -9 9 -11 11 -13 -14 -15
leaf_value=0.025927916481078124 -0.022051420781899964 -0.0079960169430064038 0.013632670440552545 0.020779590303510113 -0.022674197489182167 0.0022565970581507021 -0.042806785574937695 0.0050445728853350073 -0.0088082829739090079 -0.050175797468232343 -0.025819044397768082 0.039313424118535917 -0.039275134677316276 0.0026085742140634707
leaf_weight=3.1545594941417283 6.4429582994198418 79.224037457155646 10.507031968096269 54.429388718737755 64.565059349944931 26.417423038044944 2.3818875062206635 116.83267167771555 14.807344664535778 7.6210431137587866 2.7303391532768719 11.215916177345205 4.3535544470832974 239.98148236768611
leaf_count=264 126 7463 155 1049 5333 753 597 2735 814 279 764 1285 1227 9922
internal_value=-0.000207288 -0.00299062 0.00551481 0.0159631 -0.011122 -0.0154895 0.00550105 0.00119046 -0.0122271 -0.0244064 0.0125318 0.0256878 -0.0120523 -4.01451e-05
internal_weight=644.665 434.024 210.64 60.8723 114.819 90.9825 23.8363 149.768 32.9354 22.4284 21.4544 13.9463 7.50811 319.206
internal_count=32766 27608 5158 1175 10223 6086 4137 3983 1248 1093 3540 2049 1491 17385
is_linear=0
shrinkage=0.05


Tree=164
num_leaves=15
num_cat=0
split_feature=13 17 17 30 27 21 12 25 21 28 26 27 19 19
split_gain=2.81954 4.45482 4.99551 3.31937 2.91211 4.55853 3.34744 2.77469 4.63552 3.382 2.84137 4.96615 3.05281 4.06085
threshold=1.5000000000000002 0.62755527743012107 0.60305788982259578 641.00000000000011 0.20942982456140347 0.42237871674491395 10.633595800524935 0.37797619047619052 0.54500450045004512 0.18634259259259259 0.067816091954022953 0.17914438502673799 0.17673086933888596 0.18469899665551839
decision_type=2 2 2 2 2 2 2 2 2 2 2 2 2 2
left_child=1 2 -1 -4 6 -6 -2 10 -9 -10 11 -8 -12 -14
right_child=4 -3 3 -5 5 -7 7 8 9 -11 12 -13 13 -15
leaf_value=-0.00058583420267245567 -0.029039302584508819 -0.0072658984799534553 0.061899662795995181 -0.013856646959536881 9.0252461468403138e-05 -0.026548715196691122 0.0019201245962009771 0.025791822613141637 -0.035622026938234783 0.031219322440731907 0.00034886819173789857 0.035603881737317288 -0.025353010612995809 -0.00486787714862806
leaf_weight=8.1507964849297441 9.4084990877818182 14.973672145599265 8.4129936622048245 1.3254751076456148 34.822845620263251 28.793862101130799 120.9609049358769 21.621969066356545 5.6902299729918004 1.7662878646515308 214.08211848025894 11.047352084817247 29.119389103914727 126.86068696153234
leaf_count=371 2350 490 138 79 1686 3832 3969 866 420 44 8656 451 1737 7592
internal_value=-0.00137511 0.0126691 0.0288564 0.0512585 -0.0021587 -0.0121912 -0.000957666 -0.000406607 0.0143459 -0.0179693 -0.00128785 0.0049855 -0.00353308 -0.00882932
internal_weight=637.037 32.8629 17.8893 9.73847 604.174 63.6167 540.557 531.149 29.0785 7.45652 502.07 132.008 370.062 155.98
internal_count=32681 1078 588 217 31603 5518 26085 23735 1330 464 22405 4420 17985 9329
is_linear=0
shrinkage=0.05


Tree=165
num_leaves=15
num_cat=0
split_feature=28 10 21 25 23 23 9 10 6 4 23 18 14 28
split_gain=3.77776 3.7384 3.18413 3.64714 3.71412 2.99527 2.85999 3.10383 2.80603 4.2844 2.72748 2.66068 2.57197 6.24564
threshold=0.2124060150375939 14.881017888967126 0.62328251458686246 0.13484848484848483 0.38675213675213677 0.73508771929824568 15.097260868784135 9.8651614731058572 26.500000000000004 16.418010752688176 0.2124060150375939 0.12440476190476192 0.6631944743042516 0.18634259259259259
decision_type=2 2 2 2 2 2 2 2 2 2 2 2 2 2
left_child=2 6 5 -4 -5 8 7 -2 9 -1 -8 -7 -10 -14
right_child=1 -3 3 4 -6 11 10 -9 12 -11 -12 -13 13 -15
leaf_value=0.057372751527124011 0.029126964172747891 -0.046072304389782257 0.010926421396170789 -0.0069141006440320493 -0.052564299024667638 -0.047528621522285618 -0.0011376995947908184 -0.0064622242629362933 -0.0036486012738600675 -0.02779261063263231 0.037041511464799677 0.010731145528392452 0.0049810322078598576 -0.026362565802345764
leaf_weight=0.69967669198376725 7.6541405530879301 1.6577487690374244 6.9630853918424718 9.2029239373878244 8.3270740566804289 5.1514094247831954 6.1604830491705824 20.119211094279308 217.22535290489031 14.497860619590936 17.700886065693339 2.4127356052340474 307.19159082328406 15.770523462007985
leaf_count=104 132 52 725 795 704 146 163 516 7192 3759 457 123 17586 436
internal_value=-0.00013756 0.0124825 -0.00130171 -0.0185857 -0.0302653 -0.000518088 0.015202 0.00401732 -6.54762e-05 -0.0205717 0.0275352 -0.0298623 0.000548388 0.00337385
internal_weight=640.735 53.2925 587.442 24.4931 17.53 562.949 51.6347 27.7734 555.385 15.1975 23.8614 7.56415 540.187 322.962
internal_count=32890 1320 31570 2224 1499 29346 1268 648 29077 3863 620 269 25214 18022
is_linear=0
shrinkage=0.05


Tree=166
num_leaves=15
num_cat=0
split_feature=25 21 28 29 25 0 11 11 27 21 2 3 26 16
split_gain=4.31309 3.48718 5.18687 3.4822 5.43992 5.04911 5.00303 4.24887 4.23494 4.64339 3.93595 3.76395 3.51355 3.50457
threshold=0.13714733542319749 0.62328251458686246 0.18634259259259259 0.057189542483660101 0.28285714285714292 987.50000000000011 9.9082605225417186 7.4693918930672645 0.12771739130434781 0.29449472096530921 0.31555868463787834 88.500000000000014 0.044466403162055308 63.500000000000007
decision_type=2 2 2 2 2 2 2 2 2 2 2 2 2 2
left_child=-1 3 -3 4 -2 7 8 -6 11 -10 -9 -5 -7 -12
right_child=1 2 -4 6 5 12 -8 10 9 -11 13 -13 -14 -15
leaf_value=-0.0050685837023268562 0.011612737126166549 -0.034317038583607858 0.0089483869383577812 0.0040550835538346406 0.030725494455465987 -0.042130080644947235 0.013074677256601977 -0.028814000154759219 0.029941762921307076 -0.04384915339879876 0.04343335985153314 -0.024223627236401531 -0.0068723483527509 -0.0068103016250602652
leaf_weight=209.57214104992454 220.45866333778758 13.442788459906298 12.677533770998705 40.421389205665037 15.199821800000789 7.4235232955543315 31.50137715798337 8.0309708635613806 1.7923555413726706 12.929444379613413 4.7838505083491318 15.475725569172935 47.869985729339533 8.1185152275720593
leaf_count=11628 8116 1392 356 3095 949 204 1623 760 45 2064 163 582 1408 364
internal_value=0.000820238 0.00362942 -0.0137624 0.00475722 0.00737538 -0.00285733 -0.00323288 0.0114895 -0.0105883 -0.0335322 -0.00324192 -0.00406233 -0.0122702 0.0136029
internal_weight=649.698 440.126 26.1203 414.006 311.885 91.4267 102.12 36.1332 70.6189 14.7218 20.9333 55.8971 55.2935 12.9024
internal_count=32749 21121 1748 19373 11964 3848 7409 2236 5786 2109 1287 3677 1612 527
is_linear=0
shrinkage=0.05


Tree=167
num_leaves=15
num_cat=0
split_feature=19 9 21 14 21 4 1 25 9 25 27 4 15 1
split_gain=2.62521 4.48553 4.66288 3.95842 3.77414 3.68616 3.52963 3.52731 3.11487 3.9453 4.4488 3.55759 3.40143 3.19322
threshold=0.16477052359405298 14.828224411779468 0.494185260311021 0.65060703078285786 0.52655075187969935 18.710818713450298 7.5000000000000009 0.26201372997711675 15.516684029811378 0.17519181585677748 0.097619047619047619 18.100387596899228 4.454089401362709 10.500000000000002
decision_type=2 2 2 2 2 2 2 2 2 2 2 2 2 2
left_child=1 2 5 7 -2 -1 -6 -3 11 12 -11 13 -10 -5
right_child=4 3 -4 8 6 -7 -8 -9 9 10 -12 -13 -14 -15
leaf_value=-0.024157349768009935 0.001771126138594741 0.0041614767895210665 0.015484178391578597 -0.0093961948356762574 -0.016281120627181577 -0.0019121977268641227 -0.001046092997180772 -0.035665323391966729 -0.023293933904278204 0.034734700136439874 -0.025132307182938497 0.036192520366576629 0.030475434083578796 0.023254759915109321
leaf_weight=23.561691063121543 229.67155114478373 31.392094365728553 27.889850124367513 11.379973556322513 72.26295979457791 77.85774278077588 79.330511171709077 5.718103815772337 13.552902145020203 12.158866848738397 3.2675305627053595 27.451185369667655 2.7725547838490447 18.669304525821644
leaf_count=1141 12283 910 1232 441 1935 1677 9119 161 791 409 159 783 104 1635
internal_value=0.000355363 0.0042661 -0.00227767 0.0109278 -0.00227143 -0.00726558 -0.00836757 -0.00275004 0.0165823 0.00384077 0.021296 0.0234323 -0.0129303 0.0109851
internal_weight=636.937 255.672 129.309 126.363 381.265 101.419 151.593 37.1102 89.2523 31.7519 15.4264 57.5005 16.3255 30.0493
internal_count=32780 9443 4050 5393 23337 2818 11054 1071 4322 1463 568 2859 895 2076
is_linear=0
shrinkage=0.05


Tree=168
num_leaves=15
num_cat=0
split_feature=24 1 19 4 1 26 30 11 25 12 10 6 9 30
split_gain=4.08349 3.27955 2.82259 2.35408 2.66944 3.40296 2.87306 2.69109 2.59211 3.97532 4.31587 3.52541 4.02514 4.01728
threshold=0.44722222222222224 19.500000000000004 0.28647416413373866 11.458674863387982 10.500000000000002 0.081666666666666665 2268.0000000000005 6.7518234876372718 0.14550264550264549 13.761666666666668 10.130876976622156 396.50000000000006 15.277150738340518 252.50000000000003
decision_type=2 2 2 2 2 2 2 2 2 2 2 2 2 2
left_child=2 -2 3 -1 6 -6 8 -8 9 -5 11 13 -13 -11
right_child=1 -3 -4 4 5 -7 7 -9 -10 10 -12 12 -14 -15
leaf_value=-0.029489788450110962 0.039264777673540502 -0.026169690167480365 0.037894369443340702 -0.02151705118094769 0.014728190871528688 0.00078775845698322129 0.025281387431690672 -0.050167941020743317 0.0014953805817373 0.017499203039300665 0.0032386455320613317 0.023914902053779812 -0.041269371937812646 -0.04482711223988578
leaf_weight=5.6854903567727879 10.076052429270929 1.5866081411950279 3.9586180501282788 34.032420705007098 61.251696870815067 147.92495379030515 0.85019348748028178 4.3596019516116939 259.7733499664173 2.6076761933509287 85.088465037260903 6.737868979573248 2.421151394257322 12.914312327644437
leaf_count=910 196 75 150 1829 4546 16337 13 146 6482 54 1852 112 37 262
internal_value=0.000887519 0.0289993 0.000319823 2.10343e-05 0.000339751 0.00492049 -0.00201052 -0.0357668 -0.00148742 -0.00684887 -0.00214802 -0.0201217 0.0043175 -0.033931
internal_weight=639.268 11.6627 627.606 623.647 617.962 209.177 408.785 5.2098 403.575 143.802 109.769 24.681 9.15902 15.522
internal_count=33001 271 32730 32580 31670 20883 10787 159 10628 4146 2317 465 149 316
is_linear=0
shrinkage=0.05


Tree=169
num_leaves=15
num_cat=0
split_feature=4 1 14 24 6 25 18 4 17 6 4 11 28 14
split_gain=4.78828 5.83568 4.13374 3.9718 4.25804 3.13608 3.75357 3.12096 3.11951 3.07603 3.3726 2.96712 2.93366 2.6726
threshold=17.556466302367948 7.5000000000000009 0.42971846566748723 1.0000000180025095e-35 36.500000000000007 0.07275132275132272 0.20301177536231887 17.572004608294936 0.5157072368421054 54.500000000000007 16.418010752688176 7.6097257204962876 0.064583333333333312 0.97338437176879766
decision_type=2 2 2 2 2 2 2 2 2 2 2 2 2 2
left_child=1 2 12 4 11 -4 -7 -5 -9 10 -3 -2 -1 -10
right_child=3 9 5 7 -6 6 -8 8 13 -11 -12 -13 -14 -15
leaf_value=0.034326969363058547 0.061742218406876784 0.038958162022746358 0.00034524650091541354 0.043884805827124979 -0.020160813602402329 -0.050882815404221231 -0.0070650840752144173 0.050067830076116975 0.00015333363047009883 0.0011463998472537706 -0.033330120020107289 -0.025402750644601076 -0.027062762148774101 0.010179281234206609
leaf_weight=3.8347238792339331 1.9630180996464326 1.0072658472126921 5.90243803104386 3.5421275335975215 31.723081470692705 18.975145949545553 6.9457789717125697 2.3836073173733885 388.20720547375822 81.676345315470826 11.188278543922932 0.7907714694738387 2.3308272663271055 79.20976931155019
leaf_count=66 198 175 182 135 1502 702 213 62 12136 8513 3942 175 61 4754
internal_value=-0.000788159 -0.00923962 -0.0255028 0.0014202 -0.0147215 -0.0326032 -0.03984 0.00262447 0.00222083 -0.00245866 -0.0248597 0.0366171 0.0105812 0.00187046
internal_weight=639.68 131.861 37.9889 507.82 34.4769 31.8234 25.9209 473.343 469.801 93.8719 12.1955 2.75379 6.16555 467.417
internal_count=32816 13854 1224 18962 1875 1097 915 17087 16952 12630 4117 373 127 16890
is_linear=0
shrinkage=0.05


Tree=170
num_leaves=15
num_cat=0
split_feature=28 30 23 21 17 6 23 6 12 21 0 11 4 8
split_gain=3.0837 4.17973 4.80848 2.99103 4.76408 3.64768 2.73152 2.34442 2.3335 2.22622 3.50252 5.09734 2.73691 2.23942
threshold=0.23669467787114842 1462.0000000000002 0.34891304347826085 0.62328251458686246 0.53144778481012667 219.50000000000003 0.75735294117647067 426.50000000000006 21.114888010540188 0.23836580086580081 1932.5000000000002 9.6356552621262477 11.990495495495496 608.50000000000011
decision_type=2 2 2 2 2 2 2 2 2 2 2 2 2 2
left_child=3 -2 -3 6 -5 -6 9 -8 -7 10 12 -12 -1 -11
right_child=1 2 -4 4 5 8 7 -9 -10 13 11 -13 -14 -15
leaf_value=-0.034730415792051016 0.021470707190549627 -0.05834879282930925 0.031785014641233053 0.041469951347478121 -0.044083759848182975 -0.014530507300674051 -0.054286261187877917 0.008223950943780629 0.034130045772290993 0.00083679788817706642 -0.038106536910026828 0.030039541573069192 0.028142050788445883 -0.021940497210452312
leaf_weight=1.037020834628495 31.30133705062326 2.8733431012369683 1.5888606179505584 2.3003358429268728 10.350509848998628 11.508923576482628 3.105055060441372 1.9961151896859517 2.0848568063229314 538.85831225032962 5.7464489159174246 3.6949431309476495 21.854229806485819 10.01162286987528
leaf_count=30 728 56 19 91 1356 862 91 101 40 28365 109 56 415 437
internal_value=0.000890394 0.0149554 -0.0263113 4.61724e-05 -0.0161494 -0.0231254 0.000797393 -0.0324869 -0.00524023 0.00114483 0.0136913 -0.0111144 0.0239593 0.000382185
internal_weight=648.312 35.7635 4.4622 612.548 26.2446 23.9443 586.304 5.10117 13.5938 581.203 32.3326 9.44139 22.8913 548.87
internal_count=32756 803 75 31953 2349 2258 29604 192 902 29412 610 165 445 28802
is_linear=0
shrinkage=0.05


Tree=171
num_leaves=15
num_cat=0
split_feature=27 15 18 1 24 4 0 8 13 27 15 18 21 0
split_gain=2.69023 4.60359 3.9105 4.09449 3.1144 3.10578 5.54104 4.75442 3.81332 4.41931 3.28311 3.21251 3.6377 3.58191
threshold=0.040833333333333312 3.2206539998105748 0.14093535572408813 2.5000000000000004 0.16333333333333333 18.303898734177221 643.50000000000011 441.50000000000006 6.5000000000000009 0.064583333333333312 4.666168843451719 0.15638586956521741 0.56017241379310356 1860.5000000000002
decision_type=2 2 2 2 2 2 2 2 2 2 2 2 2 2
left_child=1 -1 -3 -4 -5 6 -2 11 9 -8 -9 -7 -13 -14
right_child=5 2 3 4 -6 7 8 10 -10 -11 -12 12 13 -15
leaf_value=-0.045472454631078546 0.0050770298037977864 -0.0077034901104380818 -0.010504073480235195 0.0066458859522404365 0.026826755573290686 0.0064968903534900584 -0.035584750375252772 0.030329196455163805 -0.023153088402944361 -0.00050437321591442958 -0.019786026054943579 -0.0082472650800951147 0.013536816180534914 -0.016535618615076613
leaf_weight=3.1623652785492586 63.889390724165423 29.105961982102599 14.772155890357679 36.247041928771068 41.597717571348767 106.49598178431916 9.4536354615411238 19.47117008158239 52.06194891344785 63.80183646819205 3.1725174900493576 147.78595475849943 42.495826578156993 11.904208524967542
leaf_count=225 7918 856 258 1809 1512 2487 335 483 6200 3152 89 5344 1866 216
internal_value=-0.000178367 0.00638226 0.008089 0.0130812 0.0176334 -0.0017616 -0.00685452 0.00115864 -0.0129295 -0.00544976 0.0227679 -0.000494932 -0.00419154 0.00677646
internal_weight=645.418 124.885 121.723 92.6169 77.8448 520.532 189.207 331.326 125.317 73.2555 22.6437 308.682 202.186 54.4
internal_count=32750 4660 4435 3579 3321 28090 17605 10485 9687 3487 572 9913 7426 2082
is_linear=0
shrinkage=0.05


Tree=172
num_leaves=15
num_cat=0
split_feature=28 21 25 21 3 9 17 6 21 23 28 30 14 6
split_gain=2.49363 3.4105 3.16622 4.17885 3.77695 4.18422 3.68148 5.08346 7.58817 4.18198 5.0328 4.46609 3.80276 3.53579
threshold=0.037749287749287708 0.59918032786885256 0.21980676328502413 0.54500450045004512 45.500000000000007 15.224664034152264 0.60889328063241122 104.50000000000001 0.32799692622950821 0.36181818181818187 0.20416666666666669 415.00000000000006 0.308796040230084 199.50000000000003
decision_type=2 2 2 2 2 2 2 2 2 2 2 2 2 2
left_child=1 -1 6 13 5 -5 9 8 -8 11 -11 12 -2 -4
right_child=2 -3 3 4 -6 -7 7 -9 -10 10 -12 -13 -14 -15
leaf_value=-0.0050825496600316079 -0.049620908327551644 0.038677452067676421 0.025223675179921537 0.024592471992166215 -0.013146550713924142 -0.018560485915833098 0.050157190920884769 0.0064548776215124616 -0.022240822151662606 -0.038955943250600832 0.01387728341219621 -0.014817879005792321 0.020891311222809284 0.0071492417365925003
leaf_weight=175.92939766136624 1.1529541483614618 3.5761861150458563 40.622341342896107 17.694772190690859 35.051152566556993 7.1807594796118783 3.1285033026360898 173.5441214148741 31.071751148578187 18.180852997262267 5.3253799674566826 27.0697242719325 20.366756423281913 80.915831848993548
leaf_count=12659 23 891 1636 831 1415 524 60 4896 3408 1602 134 1380 1131 2145
internal_value=0.000984448 -0.0040013 0.00292899 0.00805343 -0.00272519 0.0118997 -0.000410846 0.00297221 -0.0143814 -0.0100665 -0.0269086 -0.00154036 0.0150778 0.0133469
internal_weight=640.81 179.506 461.305 181.465 59.9267 24.8755 279.84 207.744 34.2003 72.0957 23.5062 48.5894 21.5197 121.538
internal_count=32735 13550 19185 6551 2770 1355 12634 8364 3468 4270 1736 2534 1154 3781
is_linear=0
shrinkage=0.05


Tree=173
num_leaves=15
num_cat=0
split_feature=20 30 23 1 23 29 25 25 22 13 21 0 14 14
split_gain=2.66833 5.89632 2.88123 2.98471 2.81809 2.80638 4.87569 3.4676 2.95082 5.29704 3.84769 3.74207 3.68887 4.66202
threshold=0.033520599250936305 1160.0000000000002 0.73508771929824568 8.5000000000000018 0.6043478260869567 0.093073593073593072 0.26006441223832527 0.12250000000000001 14.500000000000002 1.5000000000000002 0.3803582363747704 760.50000000000011 0.68451045598653493 1.1005659333152908
decision_type=2 2 2 2 2 2 2 2 2 2 2 2 2 2
left_child=2 4 5 -4 -2 8 7 -7 9 11 -11 -1 -12 -14
right_child=1 -3 3 -5 -6 6 -8 -9 -10 10 12 -13 13 -15
leaf_value=0.040368838723861655 0.033599510836739323 -0.045528804069375983 -0.053902407206730667 0.011220237886959965 -0.0074906693959552522 -0.002621723335281375 0.013600393864845649 -0.029472046551390241 0.0024980917089259501 0.0019293161927640733 -0.038193758531665588 -0.0040209013986278333 -0.0021438331655652555 -0.037011534510633472
leaf_weight=8.5133002248767315 16.878116985782988 2.5507706663338459 4.0440945795853613 2.2476880573958624 5.0254940137965596 21.101006337208673 15.190796232618593 27.624042853720312 420.46766126196599 39.016308346792357 15.788684192171784 9.1499409273092152 39.050079836808436 11.765985998063114
leaf_count=202 432 73 93 165 107 1920 1145 2647 15337 1612 1225 361 3939 3544
internal_value=-0.000389693 0.0154747 -0.00104572 -0.0322896 0.0242565 -0.0006697 -0.0104959 -0.0181307 0.000502477 -0.00626901 -0.0105267 0.0183906 -0.0177439 -0.0107756
internal_weight=638.414 24.4544 613.96 6.29178 21.9036 607.668 63.9158 48.725 543.752 123.284 105.621 17.6632 66.6048 50.8161
internal_count=32802 612 32190 258 539 31932 5712 4567 26220 10883 10320 563 8708 7483
is_linear=0
shrinkage=0.05


Tree=174
num_leaves=15
num_cat=0
split_feature=21 18 12 6 30 12 13 12 21 18 21 26 10 10
split_gain=3.90038 6.26835 4.13324 3.21643 3.55783 5.93854 4.0957 5.97745 4.62271 3.52463 4.2466 3.51576 3.49449 3.84535
threshold=0.23836580086580081 0.1522774327122153 17.248333333333338 256.50000000000006 1146.0000000000002 22.451739952387623 26.500000000000004 18.198333333333334 0.27970588235294119 0.23623737373737372 0.52047805423539295 0.10912698412698411 10.093505158818036 9.7537593257634807
decision_type=2 2 2 2 2 2 2 2 2 2 2 2 2 2
left_child=1 -1 -3 9 6 -6 7 8 -5 -2 -11 -10 13 -9
right_child=3 2 -4 4 5 -7 -8 12 11 10 -12 -13 -14 -15
leaf_value=-0.0042875224749998418 -0.006875065873436309 0.053402998706148189 0.00090007106157905686 -0.035805166263949383 -0.017266942723487375 0.02818874889933919 -0.0085807054404996152 0.014413956592445182 0.012490375101861463 0.033505853265335582 -0.021676044029274099 -0.0024396394876608548 0.0272883401909646 -0.038199400801485171
leaf_weight=19.133967150526587 260.41289096403489 10.983711328502979 5.5054080404806873 6.7110429668682618 43.938047995485249 7.6220696459058663 51.425968248513527 11.377439604373647 66.903099346687668 10.593130543122241 4.1817408928473006 93.412558486324997 44.562789434450679 3.8273444881197056
leaf_count=360 17540 165 92 182 2082 207 1461 217 2953 480 344 5777 986 83
internal_value=-0.000569395 0.0152772 0.036927 -0.00152618 0.0018027 -0.0101388 0.0040441 0.0069319 0.00203365 -0.00550753 0.0175037 0.00382977 0.0203618 -0.000369878
internal_weight=640.591 35.6231 16.4891 604.968 329.78 51.5601 278.22 226.794 167.027 275.188 14.7749 160.316 59.7676 15.2048
internal_count=32929 617 257 32312 13948 2289 11659 10198 8912 18364 824 8730 1286 300
is_linear=0
shrinkage=0.05


Tree=175
num_leaves=15
num_cat=0
split_feature=14 6 3 25 3 29 16 14 8 21 9 25 20 24
split_gain=3.41022 3.6046 5.99825 4.48317 5.16248 4.15788 4.47949 3.88926 3.74297 3.05699 5.14361 3.81475 3.0445 3.99471
threshold=0.54243721783321652 113.50000000000001 79.500000000000014 0.17752100840336132 62.500000000000007 0.054093567251461951 80.500000000000014 0.71126108746380823 379.50000000000006 0.43384860195498981 13.254976278960282 0.093073593073593072 0.013423423423423403 0.43614130434782611
decision_type=2 2 2 2 2 2 2 2 2 2 2 2 2 2
left_child=9 2 3 4 12 -5 8 -6 -7 10 11 -1 13 -2
right_child=1 -3 -4 5 7 6 -8 -9 -10 -11 -12 -13 -14 -15
leaf_value=-0.027162762919693353 -0.034375498715357208 0.0040856878441599869 -0.047640229534251843 0.014548934046060523 -0.036901103307543051 -0.052856924480436975 0.024546868915579834 0.033052929130563333 -0.0023859444015881552 -0.012940888614359018 -0.0087843625109044164 0.029840296503475517 0.00077927326266742669 0.034170808211394739
leaf_weight=2.6718702946091097 27.758293465660248 366.07297193345585 7.0373607206347506 43.043314033595379 1.6810750082076973 6.2720482449876744 4.9374831201130283 7.6774322349665454 7.6241831694278517 87.436661863990594 39.931294403897482 17.745128441732959 11.038919083192011 1.5102921442594368
leaf_count=63 5146 14595 256 3406 66 1499 297 350 884 3317 1281 313 1225 31
internal_value=-0.000397046 0.0016326 -0.00591123 -0.00287859 -0.0139253 0.00606859 -0.0130691 0.0181377 -0.0271851 -0.00701941 0.00163112 0.0214606 -0.0216285 -0.0298264
internal_weight=632.438 484.653 118.58 111.543 49.666 61.877 18.8337 9.35851 13.8962 147.785 60.3483 20.417 40.3075 29.2686
internal_count=32729 27755 13160 12904 6818 6086 2680 416 2383 4974 1657 376 6402 5177
is_linear=0
shrinkage=0.05


Tree=176
num_leaves=15
num_cat=0
split_feature=27 11 21 26 9 17 26 6 6 19 10 19 4 11
split_gain=2.55047 3.92705 3.01764 2.71877 2.39457 4.13458 3.91953 3.69066 3.32165 3.20586 2.67324 2.58418 3.91591 2.50554
threshold=0.20942982456140347 6.6776615987208325 0.49341991341991348 0.081666666666666665 15.512409926947644 0.60889328063241122 0.20942982456140347 377.50000000000006 785.50000000000011 0.20261717413616145 13.874534537158986 0.26546556122448989 17.668195718654438 9.1571627805639455
decision_type=2 2 2 2 2 2 2 2 2 2 2 2 2 2
left_child=4 -2 3 -3 11 10 7 13 9 -9 -6 -1 -13 -7
right_child=1 2 -4 -5 5 6 -8 8 -10 -11 -12 12 -14 -15
leaf_value=0.0020136801128231682 0.016884487950813425 0.015669864025157874 -0.034839609350135171 -0.014260750938103472 -0.033010024357934924 0.036612136724235876 -0.023459998644530453 -0.03265627575017286 0.010684206864275564 0.032227553297539027 0.0029334798574556205 -0.032269884163470194 0.056413601482148273 0.0051564299493899778
leaf_weight=466.39767013460369 11.052083908783969 8.8226900528825336 13.069824236157727 33.669088279861171 18.010417817728015 11.081852956340301 12.724578866997033 11.485114901763156 13.322680785815463 1.4217123390408222 6.8954601260702466 0.95429539267206465 3.7449626661837101 14.114552836181245
leaf_count=21397 1195 356 1729 2384 1409 743 970 344 872 50 583 98 80 521
internal_value=-0.000102097 -0.00927595 -0.0146862 -0.00782877 0.00100345 -0.00647058 0.000332399 0.00655467 -0.00648726 -0.0237057 -0.0233296 0.00242705 0.0359021 0.0198607
internal_weight=626.767 66.6137 55.5616 42.4918 560.153 89.0564 64.1505 51.4259 26.2295 12.9068 24.9059 471.097 4.69926 25.1964
internal_count=32731 5664 4469 2740 27067 5492 3500 2530 1266 394 1992 21575 178 1264
is_linear=0
shrinkage=0.05


Tree=177
num_leaves=15
num_cat=0
split_feature=12 17 18 12 17 21 9 8 28 19 27 11 18 21
split_gain=4.33397 3.06368 2.45504 4.81256 2.30865 2.76782 3.62576 3.34768 3.36414 6.21815 3.88531 4.55118 3.31009 6.22273
threshold=10.583481613285887 0.7135258358662615 0.25410277105192364 13.145000000000001 0.79431909750201457 0.40336728919071874 15.720465883667494 85.500000000000014 0.08514492753623186 0.20301177536231887 0.15192307692307691 6.5232941338014427 0.21989010989010987 0.50217391304347836
decision_type=2 2 2 2 2 2 2 2 2 2 2 2 2 2
left_child=1 -1 4 -4 5 6 -2 -7 9 10 11 -9 -10 -14
right_child=2 -3 3 -5 -6 7 -8 8 12 -11 -12 -13 13 -15
leaf_value=-0.039100813609424467 0.0070967016646497783 0.021460657598296868 0.052932537790497225 -0.00074457188903371868 -0.027537110928832459 -0.020870060284503372 -0.027485285256524133 0.026067841056690272 0.0054518248731910551 -0.02443885743731436 -0.01940336789633618 -0.0014590664139098619 0.016354062071190834 -0.035336371561495675
leaf_weight=10.018751009716651 175.55544871829625 1.8978449043788703 5.5905979773233438 11.322481532843083 6.4212058493867508 20.66642055050761 6.9483225773437871 16.70508690236602 199.28494600651175 34.869739690726419 22.918663873580954 98.282522595618502 9.0826192433087289 13.208567443172795
leaf_count=2736 4807 112 292 365 197 837 278 885 6712 4747 3192 6439 273 712
internal_value=0.000125719 -0.028541 0.000720954 0.0189628 0.0001796 0.000522965 0.00563748 -0.00173428 -0.000681199 -0.0058929 -0.00106136 0.00273024 0.00339089 -0.014477
internal_weight=632.773 11.9166 620.857 16.9131 603.944 597.522 182.504 415.019 394.352 172.776 137.906 114.988 221.576 22.2912
internal_count=32584 2848 29736 657 29079 28882 5085 23797 22960 15263 10516 7324 7697 985
is_linear=0
shrinkage=0.05


Tree=178
num_leaves=15
num_cat=0
split_feature=6 6 15 4 17 28 4 23 6 0 21 14 18 2
split_gain=3.36309 4.78618 3.98982 3.27554 3.1153 2.89977 3.31573 3.63162 5.5316 3.92498 4.57042 3.50093 4.21547 3.31137
threshold=25.500000000000004 31.500000000000004 3.9400713428012444 16.418010752688176 0.68783602150537648 0.2124060150375939 18.003787878787882 0.26201372997711675 4253.5000000000009 538.50000000000011 0.31843156843156845 1.0296468340407749 0.13614298323036181 0.6103487630382759
decision_type=2 2 2 2 2 2 2 2 2 2 2 2 2 2
left_child=2 4 3 -1 -2 6 7 8 -3 -9 -11 12 -12 -7
right_child=1 5 -4 -5 -6 13 -8 9 -10 10 11 -13 -14 -15
leaf_value=0.035752157585432043 0.038592245153675986 -0.027796553861684316 0.048321789561861422 -0.034746790219169883 -0.030933032662677704 0.021940147238905819 0.0020991590133663334 0.013837219285619533 0.024522703260754713 -0.036907955742451835 0.027617441211321914 -0.023684416545007581 -0.0039064890831462589 -0.0033295479749354956
leaf_weight=1.0356890124603531 11.46852351158668 31.660447173930152 0.99469548379420381 14.36361401394606 1.0939400339193515 31.088073698978405 384.57700373771513 28.151213882807497 5.1766013853557515 10.356863444758345 11.930814161663873 15.687515719255314 58.053791085170815 21.360104630817659
leaf_count=120 1303 2837 206 3911 102 801 12248 2093 764 396 482 3312 3914 418
internal_value=0.000716123 0.00133157 -0.0209652 -0.0281144 0.0307036 0.000664355 -0.000423699 -0.00642511 -0.0199905 -0.00227351 -0.00709035 -0.00310147 0.00178099 0.011779
internal_weight=626.999 610.605 16.394 15.3993 12.5625 598.042 545.594 161.017 36.837 124.18 96.029 85.6721 69.9846 52.4482
internal_count=32907 28670 4237 4031 1405 27265 26046 13798 3601 10197 8104 7708 4396 1219
is_linear=0
shrinkage=0.05


Tree=179
num_leaves=15
num_cat=0
split_feature=1 23 23 30 23 25 12 22 24 28 18 19 27 4
split_gain=2.21784 2.35385 2.7942 6.30216 3.63951 3.74925 4.02798 3.56617 3.10334 3.66352 3.74678 3.61712 3.51325 3.2569
threshold=10.500000000000002 0.77097902097902116 0.6132478632478634 306.50000000000006 0.53137254901960795 0.19615384615384618 16.411666666666672 17.500000000000004 0.34057971014492755 0.057189542483660101 0.12440476190476192 0.1968455042225534 0.046536796536796508 19.323669467787116
decision_type=2 2 2 2 2 2 2 2 2 2 2 2 2 2
left_child=1 2 4 -4 8 6 -6 -5 9 10 11 -1 -10 -14
right_child=-2 -3 3 7 5 -7 -8 -9 12 -11 -12 -13 13 -15
leaf_value=0.034331728727207085 0.0038343806482264266 -0.037661057352596575 0.041188978807302545 -0.028990119189949284 -0.030217967506038043 -0.042235009050408126 0.010154862952356444 0.020039096114754008 0.043647702823313164 0.0007950418300427018 -0.013770029279554168 -0.027343288934782217 -0.010999457866510071 0.026192576008433013
leaf_weight=7.2792380205646605 218.43971557662371 3.681187597452662 10.632508552254878 7.780508708994601 9.5753002216515615 10.264217620424459 14.016283110191578 5.5093133904738352 6.4606089621083838 214.32875788222009 92.913909535283892 2.4827439637156203 13.895255492097933 8.7610018699779157
leaf_count=132 21909 79 233 204 414 210 296 112 103 5217 3518 76 254 122
internal_value=-0.000220417 -0.00239762 -0.001984 0.0142452 -0.00304046 -0.0184423 -0.00679402 -0.00868501 -0.00148515 -0.00293389 -0.0106504 0.0175628 0.0138615 0.00388168
internal_weight=626.021 407.581 403.9 23.9223 379.977 33.8558 23.5916 13.2898 346.122 317.005 102.676 9.76198 29.1169 22.6563
internal_count=32879 10970 10891 549 10342 920 710 316 9422 8943 3726 208 479 376
is_linear=0
shrinkage=0.05


Tree=180
num_leaves=15
num_cat=0
split_feature=27 28 15 24 27 30 27 29 22 4 3 6 30 28
split_gain=2.75848 2.56968 3.85961 3.38407 2.89905 3.235 2.65763 2.95706 2.41126 2.64363 5.18603 3.03769 3.04066 2.91957
threshold=0.33974358974358976 0.2124060150375939 4.6216317488714953 0.11324786324786322 0.054093567251461951 1548.5000000000002 0.13714733542319749 0.037749287749287708 9.5000000000000018 16.418010752688176 49.500000000000007 997.00000000000011 652.50000000000011 0.081666666666666665
decision_type=2 2 2 2 2 2 2 2 2 2 2 2 2 2
left_child=1 8 3 4 -3 -6 7 -5 -1 10 -10 -11 13 -13
right_child=-2 2 -4 6 5 -7 -8 -9 9 11 -12 12 -14 -15
leaf_value=-0.023542870942362789 0.030685511331904981 0.044820580556469786 -0.03275191269883064 0.0053749664414381639 0.018428288600032997 -0.04325154485366145 0.026007973852398392 -0.040043443599823585 0.053123911174727902 -0.00044337969019265719 0.00226794768584447 0.029415407497954606 -0.027338688896021396 -0.020588385398872686
leaf_weight=10.696102958896516 6.3713844777448676 10.27858477769769 3.8127561236033207 7.9211334421997908 18.75854121873272 1.4293284700252105 4.7638529110117807 5.2525860448367894 5.6042139901546788 494.40707397671213 21.210945330029062 5.1079651940090134 20.062548716421588 4.6385393977398053
leaf_count=1517 486 210 79 216 540 25 113 142 444 24394 3195 200 1172 122
internal_value=0.000280961 -8.39579e-05 0.010418 0.0144126 0.0242975 0.012226 -0.00277322 -0.0142817 -0.00107697 -0.000599026 0.0144243 -0.00139351 -0.0166264 0.00591633
internal_weight=620.316 613.944 52.2168 48.404 30.4665 20.1879 17.9376 13.1737 561.727 551.031 26.8152 524.216 29.8091 9.7465
internal_count=32855 32369 1325 1246 775 565 471 358 31044 29527 3639 25888 1494 322
is_linear=0
shrinkage=0.05


Tree=181
num_leaves=15
num_cat=0
split_feature=1 4 14 15 22 21 21 18 21 4 28 30 30 15
split_gain=3.26672 4.1745 4.07876 4.58467 4.58908 3.7347 5.00516 3.47588 4.17084 5.51439 3.35691 2.99826 2.89069 4.20224
threshold=9.5000000000000018 17.556466302367948 0.57976332809482078 3.8077501579605886 16.500000000000004 0.63028588445503286 0.59731240981240996 0.1317235396182764 0.51442441054091548 17.250899280575542 0.054093567251461951 716.50000000000011 2001.0000000000002 3.9217471758012472
decision_type=2 2 2 2 2 2 2 2 2 2 2 2 2 2
left_child=1 7 12 5 11 6 10 -1 9 -9 -4 -5 13 -2
right_child=2 -3 3 4 -6 -7 -8 8 -10 -11 -12 -13 -14 -15
leaf_value=-0.048045189343928513 -0.0018221364053608319 -0.00087228191913115176 -0.014852666264172082 0.013388184152120503 0.028768942372287061 -0.038049145712005385 0.039692066189338779 0.020040972733294891 -0.029165519289212485 -0.025235799017611402 0.0062810522913178376 -0.011529329566473703 0.034571733495580174 -0.034398262685185102
leaf_weight=6.4484585963073178 35.402176351726666 335.48940341613343 28.152266736771708 41.89357222297258 38.130477655846335 5.0501393814301982 7.2296601285706847 15.917769941297594 16.877921433042502 10.16756975991302 51.889667139817902 15.929025400015233 2.7786379792960352 12.809358929393055
leaf_count=172 2014 8015 4444 6017 1751 856 889 488 832 380 4301 1485 98 1057
internal_value=-4.12531e-05 -0.00289082 0.00453574 0.00792759 0.0155212 -4.64687e-05 0.00255876 -0.0163068 -0.0105587 0.0021128 -0.00124363 0.00644458 -0.00789983 -0.0110004
internal_weight=624.166 384.901 239.265 188.275 95.9531 92.3217 87.2716 49.4117 42.9633 26.0853 80.0419 57.8226 50.9902 48.2115
internal_count=32799 9887 22912 19743 9253 10490 9634 1872 1700 868 8745 7502 3169 3071
is_linear=0
shrinkage=0.05


Tree=182
num_leaves=15
num_cat=0
split_feature=12 15 29 1 14 22 29 19 3 30 9 19 29 11
split_gain=2.76969 3.92997 2.82647 2.56426 2.59137 3.40587 3.49684 2.45859 2.36458 3.20651 3.27513 2.55236 2.64423 2.49856
threshold=10.838255208333335 4.3571067075236973 0.081666666666666665 10.500000000000002 0.92137963307783588 16.500000000000004 0.04880952380952381 0.29061583577712619 140.50000000000003 1264.0000000000002 12.99864785592332 0.095491388044579517 0.054093567251461951 7.3177508562111084
decision_type=2 2 2 2 2 2 2 2 2 2 2 2 2 2
left_child=1 -1 -3 7 -5 -6 -7 8 11 10 -10 12 -2 -13
right_child=3 2 -4 4 5 6 -8 -9 9 -11 -12 13 -14 -15
leaf_value=-0.030200567311918187 -0.049618576159478088 -0.021184547367085547 0.049670360609638253 0.00098394120762989841 0.0030076722322930033 0.040710399732416504 0.0015357232985053237 0.041674946822404801 -0.014776244677868595 -0.020529945637438329 0.028963622102007942 0.0045056293750775243 0.009149772440804468 -0.0053160159566478038
leaf_weight=15.042047723964062 4.8291125062823985 1.6922232723300106 2.3056813973635144 142.0011517474486 34.185084853736043 15.678927048360494 8.7738981586517166 2.1636177864857009 4.858903566026135 5.5203383494517757 17.815637942985632 83.552870282510412 2.443607832537964 277.26889115056838
leaf_count=3742 118 434 266 9469 6301 928 1073 23 66 257 301 2175 53 7671
internal_value=-0.0005434 -0.0188283 0.0214412 6.81255e-05 0.0046645 0.0134116 0.0272667 -0.00225224 -0.00259636 0.0111161 0.0193624 -0.00367397 -0.0311535 -0.00303552
internal_weight=618.132 19.04 3.9979 599.092 200.639 58.6379 24.4528 398.453 396.289 28.1949 22.6745 368.094 7.27272 360.822
internal_count=32877 4442 700 28435 17771 8302 2001 10664 10641 624 367 10017 171 9846
is_linear=0
shrinkage=0.05


Tree=183
num_leaves=15
num_cat=0
split_feature=21 26 18 6 16 18 0 25 6 6 13 6 18 18
split_gain=3.83491 2.94709 3.40702 3.34427 2.63415 2.4194 3.37597 2.62051 2.4947 2.2987 2.31195 3.4365 3.81819 3.28726
threshold=0.23836580086580081 0.26969696969696971 0.18655367231638417 25.500000000000004 60.500000000000007 0.15133897110641298 2409.0000000000005 0.27097902097902099 186.50000000000003 5255.0000000000009 26.500000000000004 31.500000000000004 0.15722311396468699 0.14870448961358054
decision_type=2 2 2 2 2 2 2 2 2 2 2 2 2 2
left_child=5 3 -3 4 -2 8 7 -7 -1 10 11 12 -5 -12
right_child=1 2 -4 9 -6 6 -8 -9 -10 -11 13 -13 -14 -15
leaf_value=0.034393551733719413 0.021739969895576652 -0.037028141081184934 -0.0044571753319671229 -0.029432444829266685 -0.029715305739298467 0.048527031172974994 -0.016759066814457883 -0.014074794883557265 -0.0069052215588419827 -0.023353074896574035 0.0084926421470137205 0.0033551453322910882 0.047007906319687438 -0.010035779259360365
leaf_weight=3.9603287787176695 2.2689263161410045 9.4327779144514334 36.404665322726942 1.3094662862968087 12.894217842480428 11.59699380584061 2.5108379588928065 1.4787423751549784 13.048422418185508 7.8401502994092871 34.341693046648288 404.97573494969402 7.3367721518407052 73.664935155713465
leaf_count=74 291 1120 2849 218 3512 195 33 32 279 1380 733 18815 829 2350
internal_value=0.00116453 0.000229221 -0.0118073 0.00126203 -0.0211472 0.0175966 0.0312041 0.0409504 0.00408667 0.00194245 0.0023666 0.00406642 0.03358 -0.00412063
internal_weight=623.065 590.469 45.8374 544.632 15.1631 32.5953 15.5866 13.0757 17.0088 529.469 521.629 413.622 8.64624 108.007
internal_count=32710 32097 3969 28128 3803 613 260 227 353 24325 22945 19862 1047 3083
is_linear=0
shrinkage=0.05


Tree=184
num_leaves=15
num_cat=0
split_feature=4 24 10 1 14 4 20 28 12 6 25 15 24 14
split_gain=2.91148 3.94394 4.40971 3.73595 3.02077 2.91435 2.86173 3.92443 4.41528 5.14443 4.03297 3.86983 4.17358 4.91149
threshold=17.556466302367948 0.24500000000000002 12.054171578155428 4.5000000000000009 1.1113325712919571 17.572004608294936 0.010811126694717151 0.10172413793103446 12.730671641791046 123.50000000000001 0.20942982456140347 3.7955186707121844 0.30217391304347829 0.79724246683775501
decision_type=2 2 2 2 2 2 2 2 2 2 2 2 2 2
left_child=1 4 -3 -4 -1 -2 7 11 10 -10 -9 12 -7 -14
right_child=5 2 3 -5 -6 6 -8 8 9 -11 -12 -13 13 -15
leaf_value=-0.0093007822251801008 0.04318856113478526 -0.027735856922811903 -0.032887960942034437 0.020522018237753861 -0.034782441422872672 -0.023243634465060441 0.0052857013900118911 -0.0066344846754018919 -0.027195780333366028 0.0046571034726309423 0.04840214321844441 -0.0017543182195089901 -0.016720131734842252 0.039658783988760327
leaf_weight=82.062323709928023 2.9840165980422162 6.7614960475475518 2.8048777185613316 26.736720971701288 12.878426101258809 52.575110554971616 177.78005418570683 4.7182638793456126 13.467612561187705 101.38902459273231 8.7685811054252536 113.86438958949293 8.3899330764688766 5.6046716123528304
leaf_count=7371 168 428 58 1594 4409 4530 5197 626 588 2237 336 4899 191 173
internal_value=-0.00117889 -0.0077619 0.00613373 0.0145401 -0.0130838 0.000598208 0.00024896 -0.00265867 0.00400686 0.000719668 0.0300191 -0.00739583 -0.0168766 0.00699801
internal_weight=620.786 131.244 36.3031 29.5416 94.9407 489.542 486.558 308.778 128.343 114.857 13.4868 180.434 66.5697 13.9946
internal_count=32805 13860 2080 1652 11780 18945 18777 13580 3787 2825 962 9793 4894 364
is_linear=0
shrinkage=0.05


Tree=185
num_leaves=15
num_cat=0
split_feature=24 25 12 21 24 10 13 24 28 3 15 30 6 27
split_gain=2.74768 2.52022 3.11594 5.651 3.55917 3.03775 4.78177 4.57675 5.48017 4.32952 3.88108 3.65287 3.67786 3.5394
threshold=0.42481203007518792 0.13714733542319749 22.116954022988509 0.41913687881429823 0.14550264550264549 11.376448837951598 8.5000000000000018 0.20942982456140347 0.057189542483660101 68.500000000000014 3.3713689990693578 233.50000000000003 933.00000000000011 0.046536796536796508
decision_type=2 2 2 2 2 2 2 2 2 2 2 2 2 2
left_child=1 -1 5 -4 -5 6 9 8 11 -3 -7 -8 -13 -11
right_child=-2 2 3 4 -6 10 7 -9 -10 13 -12 12 -14 -15
leaf_value=-0.0050836941689458015 0.020253220777899046 0.00037148846569300044 0.034518461331355506 0.01320453276923845 -0.021616549651553209 -0.019725360478454083 0.022190502187454476 0.013651784564993052 0.00093524329031240225 -0.0029497782172815444 0.0057174070520718094 -0.040247911686208414 0.02196866576085375 -0.056652700761851277
leaf_weight=192.45840996698826 15.581632313871522 10.130897423849094 18.538235295331106 17.969250762966116 10.968808084464397 15.183742387282107 2.6551155429187956 35.284983292534889 56.958773847465636 4.3962770865182383 206.34361800841361 19.70646899921849 2.0469704094575709 10.112442209792787
leaf_count=11517 388 523 342 526 368 1742 151 983 2013 98 12259 1412 134 348
internal_value=0.000173821 -0.000377932 0.00183641 0.0137425 -0.000275377 0.000244957 -0.00546143 -0.00115412 -0.0076625 -0.0250133 0.00389272 -0.026973 -0.0336852 -0.0416197
internal_weight=618.336 602.754 410.296 47.4763 28.9381 362.819 141.292 116.652 81.3673 24.6396 221.527 24.4086 21.7534 14.5087
internal_count=32804 32416 20899 1236 894 19663 5662 4693 3710 969 14001 1697 1546 446
is_linear=0
shrinkage=0.05


Tree=186
num_leaves=15
num_cat=0
split_feature=22 8 12 19 21 12 20 24 27 28 6 30 5 8
split_gain=2.12465 2.61912 4.08255 2.24339 3.48477 2.26083 2.16171 1.91096 1.88053 2.05734 3.92037 9.02058 3.85861 2.95241
threshold=23.500000000000004 98.500000000000014 23.002702702702706 0.13938769502502207 0.43503836317135552 22.786783368169605 0.019512659432705106 0.26794871794871794 0.3550420168067227 0.15587044534412953 64.500000000000014 233.50000000000003 21.500000000000004 452.50000000000006
decision_type=2 2 2 2 2 2 2 2 2 2 2 2 2 2
left_child=1 3 8 -1 -5 -6 -7 -4 9 -3 11 -11 -13 -12
right_child=-2 2 7 4 5 6 -8 -9 -10 10 13 12 -14 -15
leaf_value=-0.04955870551742321 0.014483518951602393 -0.0024035574630415749 0.035904415428085389 0.016659872699177718 0.0063428349425158643 -0.050120742048481819 0.0086293540550740882 -0.0031666526397458074 0.025889835517418504 -0.051451342081702683 -0.004526531358901147 -0.0033846720922415009 0.059408098793450916 0.013445166021637076
leaf_weight=3.3310441080830087 23.798550534062088 430.02781383336333 10.50222546677105 7.3726656948565532 3.7035208907327606 6.4327472829900199 1.6485007242299614 4.08962547359988 5.6747608472433049 2.0967283434292758 67.624701502383687 3.0675173241470466 9.35511370388849 33.277513845532667
leaf_count=98 569 27335 254 133 158 367 40 79 444 84 1890 348 271 725
internal_value=0.000147074 -0.00045657 0.00022231 -0.0168167 -0.00894751 -0.0250178 -0.0385057 0.0254533 -0.000490609 -0.000811943 0.00508767 0.0284857 0.0448057 0.00147431
internal_weight=612.003 588.204 565.716 22.4885 19.1574 11.7848 8.08125 14.5919 551.124 545.449 115.422 14.5194 12.4226 100.902
internal_count=32795 32226 31430 796 698 565 407 333 31097 30653 3318 703 619 2615
is_linear=0
shrinkage=0.05


Tree=187
num_leaves=15
num_cat=0
split_feature=22 15 26 0 21 3 14 14 1 2 24 18 19 18
split_gain=3.08244 2.71865 4.24871 3.8509 3.13617 2.88797 2.67757 2.86146 2.98877 3.43156 3.23283 4.53288 3.4574 2.91544
threshold=14.500000000000002 4.3239435289475532 0.13714733542319749 1199.5000000000002 0.27151675485008825 105.50000000000001 0.92137963307783588 0.93676499951761549 12.500000000000002 0.21447473942096637 0.32666666666666672 0.17083593912862202 0.18469899665551839 0.16183473389355743
decision_type=2 2 2 2 2 2 2 2 2 2 2 2 2 2
left_child=1 3 5 4 -1 -3 -2 13 10 -10 11 12 -9 -8
right_child=6 2 -4 -5 -6 -7 7 8 9 -11 -12 -13 -14 -15
leaf_value=0.024927583445491223 0.00047673210505048079 0.035462966455095397 -0.011434177045435038 -0.028031266742825106 -0.0077442047312213311 -0.0099076081597398828 -0.0091995309293199483 -0.036938674227100843 -0.015044506098612615 0.026766147005039261 0.029303831750417189 0.0075977152653400604 0.0019615414833273268 0.047310273559047815
leaf_weight=7.0997674162499598 372.60149110008206 12.196865664329382 15.905263158390879 21.713228507964232 80.40263910986323 4.2730643520480944 2.6987033424811653 12.806482032334317 5.3576076144017888 25.064918284475425 7.3700711230630978 33.588256132381503 9.5783238513104134 7.7474039087101119
leaf_count=216 12372 604 1346 1106 10017 204 96 471 1607 2304 121 1582 425 288
internal_value=0.000542529 -0.00591001 0.00666539 -0.00966443 -0.00484158 0.0237984 0.00246698 0.00951082 0.00655125 0.0191586 0.00029255 -0.00397471 -0.0209214 0.033183
internal_weight=618.404 141.591 32.3752 109.216 87.5024 16.4699 476.813 104.212 93.7657 30.4225 63.3431 55.9731 22.3848 10.4461
internal_count=32759 13493 2154 11339 10233 808 19266 6894 6510 3911 2599 2478 896 384
is_linear=0
shrinkage=0.05


Tree=188
num_leaves=15
num_cat=0
split_feature=20 21 2 0 3 25 15 11 16 12 25 18 0 23
split_gain=1.80998 3.96217 3.40715 2.26161 4.72876 4.63148 4.26322 4.7108 3.77193 3.69377 4.00168 4.65222 3.60024 4.19989
threshold=0.013245614035087701 0.51298920377867752 0.18827679591955812 649.50000000000011 41.500000000000007 0.36181818181818187 3.4802797002698127 7.2515093638422705 60.500000000000007 15.388333333333337 0.26201372997711675 0.20346482675866209 1554.5000000000002 0.31909090909090915
decision_type=2 2 2 2 2 2 2 2 2 2 2 2 2 2
left_child=3 -2 -3 6 5 -5 8 -8 -1 -6 12 -12 -11 -14
right_child=1 2 -4 4 9 -7 7 -9 -10 10 11 -13 13 -15
leaf_value=0.023947054633710121 -0.00060068634959845881 -0.027546082322362681 0.019533140461250847 -0.026608495024395152 -0.0074210283772439215 0.031919902566259137 -0.0089551777238353891 0.020682633895193408 -0.018448037448429416 0.017485332516878928 -0.017258712222449447 0.017083589192884864 -0.015819310697026242 0.0081911724993320046
leaf_weight=5.7143948088341885 104.33051421258278 3.2963828010906573 49.277146713960974 30.280404769240704 134.64997866488557 2.942168163455789 17.772502924770379 48.197648620240216 24.125390842091292 55.249963685724651 37.889893133033183 12.323802806349702 24.70363220537547 61.523547006450826
leaf_count=461 3756 631 2107 1698 9870 95 2527 3588 3092 1400 928 367 806 1358
internal_value=0.000455757 0.00506923 0.0161222 -0.00114149 -0.00296105 -0.020644 0.00564716 0.0126836 -0.00981603 -0.0011033 0.00334995 -0.00866118 0.00764387 0.0012098
internal_weight=612.277 156.904 52.5735 455.373 359.563 33.2226 95.8099 65.9702 29.8398 326.341 191.691 50.2137 141.477 86.2272
internal_count=32684 6494 2738 26190 16522 1793 9668 6115 3553 14729 4859 1295 3564 2164
is_linear=0
shrinkage=0.05


Tree=189
num_leaves=15
num_cat=0
split_feature=28 14 14 19 15 11 11 15 10 1 24 22 15 19
split_gain=2.30161 3.05712 3.58946 3.50315 3.13865 2.96172 3.69143 2.82653 2.57789 3.1481 2.41967 4.39317 3.66437 3.84252
threshold=0.037749287749287708 0.65863549304723423 0.69635305208594234 0.23950997652582157 3.8256314352871379 9.9801184417303226 10.080646236003821 3.4329369028218064 13.413065979311595 6.5000000000000009 0.17914438502673799 12.500000000000002 3.4070241654921825 0.15949737897008942
decision_type=2 2 2 2 2 2 2 2 2 2 2 2 2 2
left_child=1 7 -3 5 -5 -4 -7 -1 -9 -10 11 -2 13 -12
right_child=10 2 3 4 -6 6 -8 8 9 -11 12 -13 -14 -15
leaf_value=0.01358032039843312 -0.026639096292895955 0.025882602385423288 -0.010778094217722328 -0.025764792834521162 0.053638102394553258 0.05101214177663236 0.00012222120962727452 -0.024074229024407371 0.026296524014060119 -0.027124114192814436 0.013923966663440163 0.00014744667372860231 0.008563052643963346 -0.034336530889011251
leaf_weight=7.0377579865235012 15.265242395282256 10.585395178670295 70.630985006948322 1.0211370953693393 3.6325622568838298 3.4116277058928999 18.559869525663089 41.033471856346296 5.6503690470708516 3.7305815818108385 5.9990882376005166 259.58974349011987 152.1471105607925 9.6934027551906166
leaf_count=428 1835 434 8397 297 303 97 1089 1946 122 446 239 11594 4938 586
internal_value=-0.000423195 -0.00543941 -0.000444136 -0.0035438 0.0347397 -0.00581831 0.00990084 -0.0146479 -0.018776 0.00448598 0.0014578 -0.00143143 0.00616969 -0.0161581
internal_weight=607.988 165.294 107.842 97.2562 4.6537 92.6025 21.9715 57.4522 50.4144 9.38095 442.695 274.855 167.84 15.6925
internal_count=32751 13559 10617 10183 600 9583 1186 2942 2514 568 19192 13429 5763 825
is_linear=0
shrinkage=0.05


Tree=190
num_leaves=15
num_cat=0
split_feature=24 0 11 22 9 19 11 8 25 23 9 23 3 9
split_gain=2.8987 4.47712 2.96613 4.06021 4.67492 4.38342 3.85312 3.75419 5.66206 4.60278 3.39427 3.87007 3.34092 3.3592
threshold=0.037749287749287708 560.50000000000011 9.5223125314410648 18.500000000000004 14.247845902724423 0.17320512820512818 10.177802356586229 447.50000000000006 0.14907407407407408 0.26201372997711675 14.571647931150338 0.38675213675213677 111.50000000000001 15.261579284280851
decision_type=2 2 2 2 2 2 2 2 2 2 2 2 2 2
left_child=1 -1 3 4 -2 -6 7 8 -4 -9 11 -7 13 -10
right_child=2 -3 6 -5 5 10 -8 9 12 -11 -12 -13 -14 -15
leaf_value=0.016887240770878234 -0.018963104671852984 -0.01948072351810038 -0.020225943565007246 0.0044556000829736727 0.0056884819428183889 -0.016327080093623349 -0.00018792517497959391 -0.010052568356453575 0.03022903894446707 0.034682018903827987 -0.015278306700622198 0.044306597796887809 -0.024296690087207418 -0.0083443528168647262
leaf_weight=9.9549375413334911 53.331462492245919 38.268900762421254 14.824471892847212 148.21195262939727 85.155085092388617 4.2159343479215732 115.62058585106934 6.6731689858279415 23.277582844893917 28.317625292242155 61.219679435373109 4.5958091879292624 3.7313915872946373 6.8708565445558625
leaf_count=1292 2987 3008 785 3853 5261 571 4425 369 775 869 7823 315 104 366
internal_value=-0.000152444 -0.0117827 0.000875545 -0.00185395 -0.00633856 -0.00190637 0.00574559 0.0138479 0.00469152 0.0261083 -0.0110914 0.0165893 0.0158617 0.0214525
internal_weight=604.269 48.2238 556.046 356.73 208.518 155.187 199.316 83.6951 48.7043 34.9908 70.0314 8.81174 33.8798 30.1484
internal_count=32803 4300 28503 20810 16957 13970 7693 3268 2030 1238 8709 886 1245 1141
is_linear=0
shrinkage=0.05


Tree=191
num_leaves=15
num_cat=0
split_feature=12 13 24 21 21 16 8 6 6 26 13 17 26 27
split_gain=2.43752 3.10145 4.45902 2.63734 2.67446 2.54045 3.3901 3.29287 4.71767 2.16631 3.18435 3.90876 2.73809 2.4487
threshold=18.791666666666668 22.500000000000004 0.17914438502673799 0.17775077330976582 0.26256313131313136 91.500000000000014 263.50000000000006 161.50000000000003 107.50000000000001 0.08514492753623186 29.500000000000004 0.59537185660781178 1.0000000180025095e-35 0.07275132275132272
decision_type=2 2 2 2 2 2 2 2 2 2 2 2 2 2
left_child=5 2 -2 -3 -5 6 7 8 -1 12 13 -12 -6 -11
right_child=1 3 -4 4 9 -7 -8 -9 -10 10 11 -13 -14 -15
leaf_value=-0.026295031456693603 0.00066055829079620255 -0.034452706664278486 0.036173182164524711 0.030844520344496109 -0.012745342750085036 0.024491340805569473 -0.0012662253116174744 -0.042185197998015019 0.033915526804945154 0.013164543925172328 0.019276056281519276 -0.036961663650936394 0.017108856127026534 -0.0058814790918458966
leaf_weight=7.3559830726626405 17.692926599702332 3.8343794805696225 16.7399433265673 7.1867301666643462 9.1292084914457501 8.0308310029213299 401.06303343653781 9.2343642966588941 4.3338834928581491 26.04550264464342 3.4182387418695717 11.359456452584707 32.935542703024112 43.912775242730277
leaf_count=1171 584 63 430 143 270 244 25846 856 112 602 108 446 720 1056
internal_value=0.000254047 0.00526244 0.0184591 0.00185623 0.00314283 -0.00175975 -0.00231605 -0.0214629 -0.00305908 0.0013437 -0.00326318 -0.023556 0.0104842 0.00129496
internal_weight=602.273 172.255 34.4329 137.822 133.987 430.018 421.987 20.9242 11.6899 126.801 84.736 14.7777 42.0648 69.9583
internal_count=32651 4422 1014 3408 3345 28229 27985 2139 1283 3202 2212 554 990 1658
is_linear=0
shrinkage=0.05


Tree=192
num_leaves=15
num_cat=0
split_feature=8 30 1 4 30 11 27 15 6 27 16 11 10 26
split_gain=2.43975 3.11308 2.81865 3.62228 6.10389 3.16335 3.39981 3.03892 8.80194 6.30196 3.46075 3.36452 3.4033 2.96005
threshold=49.500000000000007 807.00000000000011 5.5000000000000009 18.6488857278331 1073.0000000000002 9.9801184417303226 0.044466403162055308 4.0012175437113271 88.500000000000014 0.10172413793103446 74.500000000000014 7.847457217180736 11.254838855538887 0.30602006688963218
decision_type=2 2 2 2 2 2 2 2 2 2 2 2 2 2
left_child=1 -1 3 7 -5 6 -6 9 10 -2 -9 -10 -13 -11
right_child=2 -3 -4 4 5 -7 -8 8 11 13 -12 12 -14 -15
leaf_value=-0.036018861686764041 -0.043434652480403076 0.017051131987771029 0.0028956486120047253 0.004540650074117308 0.010497848846941637 0.015098311453659719 -0.049821452130377801 0.044953496065358228 0.026247692149543568 0.0027238242717988474 -0.02626468512533266 -0.036603696245728359 -0.0080343999895863046 -0.054585566402288926
leaf_weight=8.926004387001738 17.470340966363437 3.1416509055125053 335.35547218049032 132.68757695455861 2.5633700089529148 2.9696922131115562 10.183219111830111 9.5740716134896484 4.2330976390512651 20.193946487706857 1.3527040989720251 13.792048854113089 38.18379675707547 1.5257062949240197
leaf_count=592 428 84 26714 2434 73 80 307 172 78 551 66 307 872 43
internal_value=-0.000586049 -0.0219552 -0.000112629 -0.00406891 0.0009853 -0.0275074 -0.0378099 -0.0110668 -0.0044816 -0.0219555 0.034674 -0.0125663 -0.0161633 -0.00352728
internal_weight=602.153 12.0677 590.085 254.73 148.404 15.7163 12.7466 106.326 67.1357 39.19 10.9268 56.2089 51.9758 21.7197
internal_count=32801 676 32125 5411 2894 460 380 2517 1495 1022 238 1257 1179 594
is_linear=0
shrinkage=0.05


Tree=193
num_leaves=15
num_cat=0
split_feature=28 21 8 30 0 30 17 14 2 8 21 29 11 4
split_gain=3.00218 2.539 3.33938 2.68635 2.85867 2.33025 3.41826 2.23815 2.16508 2.15104 2.8992 4.20104 2.61192 2.51737
threshold=0.22474747474747472 0.23836580086580081 592.50000000000011 696.50000000000011 1428.5000000000002 1462.0000000000002 0.57962779973649547 1.1219232847342824 0.84625869866987447 98.500000000000014 0.36523199023199021 0.054093567251461951 4.7567815461817782 23.602325581395352
decision_type=2 2 2 2 2 2 2 2 2 2 2 2 2 2
left_child=1 3 9 4 -1 7 -7 -2 -6 10 -3 -12 -11 -13
right_child=5 2 -4 -5 8 6 -8 -9 -10 12 11 13 -14 -15
leaf_value=0.017455442946569324 0.02032101280465717 0.018590525666820901 -0.025479105650117052 0.028868248834484946 -0.04289832803479942 -0.057872320282876089 0.020203111240539404 -0.028851684435249516 0.0058188766897927756 0.022230497368921201 -0.033368515291474048 -0.029502781252896779 -0.00046825286849442612 0.030144401718040933
leaf_weight=9.5065968739800208 34.895392739097588 4.8687260565202477 12.910910869890357 13.746389616513623 3.9969969955272964 1.7514160615392023 2.0930483434349298 1.6139984313631419 3.80737231526291 12.017325167005763 17.121602557148439 1.6632089348277066 478.87734206288587 4.6248843960347585
leaf_count=207 753 81 624 264 67 29 50 142 80 447 678 127 29072 146
internal_value=0.000472493 -0.00048153 -0.00130254 0.0131861 -0.0001634 0.0134757 -0.0199695 0.017436 -0.0211701 -0.000653482 -0.0138191 -0.0210451 0.000131487 0.0124843
internal_weight=603.495 563.141 532.084 31.0574 17.311 40.3539 3.84446 36.5094 7.80437 519.173 28.2784 23.4097 490.895 6.28809
internal_count=32767 31793 31175 618 354 974 79 895 147 30551 1032 951 29519 273
is_linear=0
shrinkage=0.05


Tree=194
num_leaves=15
num_cat=0
split_feature=1 4 10 10 15 13 6 13 14 5 6 30 10 9
split_gain=3.01288 3.06646 4.85557 4.31597 3.61148 3.42314 3.2226 3.34607 3.03969 2.86699 2.57734 4.40465 4.15811 3.61115
threshold=5.5000000000000009 17.93788580246914 11.16635522236265 9.9622601129964128 4.189384710251816 3.5000000000000004 250.50000000000003 4.5000000000000009 0.51292158550120093 23.500000000000004 289.50000000000006 834.00000000000011 11.184546464194305 13.126948855274231
decision_type=2 2 2 2 2 2 2 2 2 2 2 2 2 2
left_child=1 2 6 4 9 -4 7 8 -1 -3 -5 12 -12 -13
right_child=-2 3 5 10 -6 -7 -8 -9 -10 -11 11 13 -14 -15
leaf_value=0.03308702094469327 0.0027955767918101419 -0.050272166312126526 -0.0034777668486920491 -0.0044640747547361566 -0.038723756659825866 -0.035143462709641818 -0.029477682230279897 0.045480685451218243 -0.051440409767204369 0.0018932933840708069 -0.0049213682998997324 0.025295009206315552 0.022580425383082997 -0.022857998188050774
leaf_weight=0.99324005143716787 351.29003804974855 2.0317895264597636 13.416267700231399 84.831721322931116 11.895857801660894 23.66235083565698 2.4898804685799396 5.9345397349970881 1.4348374451510606 19.594892726308899 19.319517118099611 4.1609727095346924 44.10450200852938 15.912041907911769
leaf_count=8 27283 46 297 1722 274 700 67 126 45 388 375 86 813 491
internal_value=-0.000186514 -0.0043749 -0.0156065 -0.0016441 -0.0177507 -0.024078 0.0129268 0.0273523 -0.0172979 -0.00501277 0.0016494 0.00783993 0.0142568 -0.0121496
internal_weight=601.072 249.782 47.9311 201.851 33.5225 37.0786 10.8525 8.36262 2.42808 21.6267 168.329 83.497 63.424 20.073
internal_count=32721 5438 1243 4195 708 997 246 179 53 434 3487 1765 1188 577
is_linear=0
shrinkage=0.05


Tree=195
num_leaves=15
num_cat=0
split_feature=15 21 0 20 17 27 11 15 1 29 3 17 23 21
split_gain=2.03242 2.39988 2.37887 2.24711 2.05572 3.4534 3.60893 4.16461 2.54263 2.35898 2.9322 2.35555 3.863 3.07557
threshold=3.3551334028558859 0.30816714150047486 1464.5000000000002 0.034286833855799302 0.5628591954022989 0.037749287749287708 9.3308666711226582 4.2701613816058686 22.500000000000004 0.054093567251461951 39.500000000000007 0.63680926916221037 0.31909090909090915 0.62328251458686246
decision_type=2 2 2 2 2 2 2 2 2 2 2 2 2 2
left_child=1 -1 3 -3 5 -2 9 8 -8 10 -7 13 -13 -6
right_child=4 2 -4 -5 11 6 7 -9 -10 -11 -12 12 -14 -15
leaf_value=0.024198666088498466 0.03201109240253882 -0.019805423741596162 0.030145718102383774 0.032902696997859464 0.0079592630819853016 0.034424875933473861 -0.057007135185467073 0.0098848379499299963 0.0054642506975941495 -0.032779968435222434 -0.0066241154675547838 -0.012168336590278496 0.0022406066663371352 -0.011056120199644701
leaf_weight=3.7458601866674135 3.6136813346529371 33.824601551907108 1.9806666200747702 1.2619041163707141 215.61054029083971 5.4934393178700764 9.0274043862300442 3.953652217751368 1.7474195791000955 3.6114375824108711 12.446099927998146 56.76601470917376 237.8835745273791 22.705729718767543
leaf_count=107 176 3691 60 35 12580 384 455 192 167 426 751 2909 9303 1615
internal_value=0.000824892 -0.0098198 -0.0138029 -0.0170505 0.00159906 -0.00921087 -0.0140654 -0.0322762 -0.0472721 -0.000740343 0.00709982 0.00242393 -0.000567131 0.00610893
internal_weight=613.672 40.813 37.0672 35.0865 572.859 39.8931 36.2795 14.7285 10.7748 21.551 17.9395 532.966 294.65 238.316
internal_count=32851 3893 3786 3726 28958 2551 2375 814 622 1561 1135 26407 12212 14195
is_linear=0
shrinkage=0.05


Tree=196
num_leaves=15
num_cat=0
split_feature=21 24 17 15 27 4 6 21 6 15 17 6 20 18
split_gain=2.57314 4.15833 4.35504 3.97554 3.9312 4.44304 4.06768 3.42337 3.3176 4.08201 3.60589 4.05621 3.11539 3.41529
threshold=0.41707119741100329 0.044466403162055308 0.62871870397643603 4.4746992319872145 0.097619047619047619 18.387907401766679 50.500000000000007 0.36240942028985507 256.50000000000006 3.3325591603407223 0.59471109040074566 493.50000000000006 0.013245614035087701 0.16740412979351033
decision_type=2 2 2 2 2 2 2 2 2 2 2 2 2 2
left_child=1 -1 -3 8 6 -6 -4 -8 9 -2 -10 -12 -11 -14
right_child=3 2 4 -5 5 -7 7 -9 10 12 11 -13 13 -15
leaf_value=-0.037021399446127132 -0.029682640370968062 0.017616965022752017 -0.035982632896118305 -0.018198107311467572 -0.023641072585636646 0.0019263556927808967 0.0030678262463268401 0.024685453536372366 -0.0085741112114762451 -0.0074613517578559583 0.016524597561431691 -0.00086066930443705824 -0.010367334616693544 0.019151744415729872
leaf_weight=4.978712331292626 15.378711104094689 52.36990853415773 3.9016162267944301 36.413263904887572 25.792570914516546 46.083608152999659 49.742659264302347 28.301249045718578 43.543578083361353 120.55141249952794 66.271042890570243 66.743699705068138 14.675582219664646 25.710106291982811
leaf_count=399 2351 1937 256 1816 1467 1021 1117 797 2866 10361 1846 4251 882 1444
internal_value=-0.000290526 0.00414187 0.00530968 -0.00269934 0.00103284 -0.00744695 0.00847076 0.0111202 -0.00105311 -0.0058882 0.0037813 0.00785975 -0.00344521 0.00843362
internal_weight=600.458 211.17 206.192 389.287 153.822 71.8762 81.9455 78.0439 352.874 176.316 176.558 133.015 160.937 40.3857
internal_count=32811 6994 6595 25817 4658 2488 2170 1914 24001 15038 8963 6097 12687 2326
is_linear=0
shrinkage=0.05


Tree=197
num_leaves=15
num_cat=0
split_feature=21 17 24 23 24 15 12 30 25 9 9 14 12 8
split_gain=2.08338 3.63599 2.70225 2.62393 3.1459 2.9768 2.48718 2.85108 2.46939 3.86171 3.37415 2.86998 3.66519 2.48904
threshold=0.3803582363747704 0.6583822167335599 0.037749287749287708 0.36602870813397131 0.12250000000000001 4.2082929943749106 12.344826839826842 298.50000000000006 0.36939571150097467 14.629209134022796 15.50852781250201 0.8560928626982871 12.033776932826363 447.50000000000006
decision_type=2 2 2 2 2 2 2 2 2 2 2 2 2 2
left_child=1 2 -1 5 -5 -3 -4 -8 13 -10 11 12 -11 -2
right_child=8 3 6 4 -6 -7 7 -9 9 10 -12 -13 -14 -15
leaf_value=-0.035334160847635028 -0.005032060470620079 -0.0025064328221351077 0.041093769313182947 -0.032567114117214385 0.0078394861916557656 -0.035163060862532618 -0.021955222327123769 0.015344436232609317 0.031867133855959962 0.033890016480976191 0.021330238450409628 0.011034610597433216 -0.048765744772950384 0.0037691909433142548
leaf_weight=1.7598409464990243 312.41726766418287 22.264986767142549 7.6629405641142503 4.262513574838521 57.728303001291351 9.2799061961122771 4.8177983087953171 49.815854071624926 12.603940632892771 0.88854106285725887 7.8933856409712453 4.6190614028964774 6.5736429087701254 107.19614777493553
leaf_count=178 21653 626 461 163 1382 259 90 1215 490 64 497 541 302 4956
internal_value=-1.59107e-05 0.00491648 0.0139953 -0.00138329 0.00458821 -0.0128986 0.0159251 0.0117197 -0.00174194 0.0113134 -0.00255687 -0.0186012 -0.0360819 -0.00278004
internal_weight=609.784 157.592 64.0564 93.5357 61.9908 31.5449 62.2966 54.6337 452.192 32.5786 19.9746 12.0812 7.46218 419.613
internal_count=32877 4374 1944 2430 1545 885 1766 1305 28503 1894 1404 907 366 26609
is_linear=0
shrinkage=0.05


Tree=198
num_leaves=15
num_cat=0
split_feature=12 16 17 21 25 28 30 17 3 6 1 4 2 5
split_gain=2.95239 3.68725 3.634 4.12118 3.84609 3.63322 4.11378 3.29917 3.49441 3.10847 2.92432 3.57539 2.99323 3.89271
threshold=15.318385093167704 86.500000000000014 0.60084745762711866 0.45729483282674771 0.2124060150375939 0.21583850931677012 1487.5000000000002 0.8366374380480367 41.500000000000007 402.50000000000006 1.5000000000000002 18.550872522922216 0.84625869866987447 17.500000000000004
decision_type=2 2 2 2 2 2 2 2 2 2 2 2 2 2
left_child=1 10 3 4 -2 -5 -7 8 -4 -6 11 -1 -12 -14
right_child=2 -3 7 5 9 6 -8 -9 -10 -11 12 -13 13 -15
leaf_value=-0.043051667398567035 -0.013319102995676386 0.030407639872043549 -0.0063000652546483351 -0.024357249137373659 0.045791472592971928 0.021861762736613985 -0.038474326878122571 -0.044251893959797658 0.0095508030802599949 -0.0013224047394069993 -0.0046070351753009784 0.0002474255457603853 -0.040005484339988885 0.021985290816132597
leaf_weight=9.4278657617396693 9.5236253095354204 6.824618760678276 41.077868474734714 31.714433017128613 7.5790991386165825 9.9319255598820728 2.8301919717341653 2.2086402408312997 205.62740044479142 5.8221704249444883 244.50458880339647 8.7625971846282464 1.9679764602915408 19.079190137403202
leaf_count=144 342 360 1306 1178 152 198 48 30 4894 247 23143 120 176 501
internal_value=0.000144604 -0.00348781 0.00348181 -0.00674757 0.0101845 -0.015507 0.00665792 0.00626766 0.00689676 0.0266524 -0.004407 -0.0232679 -0.00303257 0.0146373
internal_weight=606.882 290.567 316.315 67.4014 22.9249 44.4766 12.7621 248.914 246.705 13.4013 283.742 18.1905 265.552 21.0472
internal_count=32839 24444 8395 2165 741 1424 246 6230 6200 399 24084 264 23820 677
is_linear=0
shrinkage=0.05


Tree=199
num_leaves=15
num_cat=0
split_feature=22 16 19 15 18 15 30 10 21 20 3 5 1 15
split_gain=3.16743 4.34192 3.92362 2.96214 2.62137 2.56612 3.79663 2.75952 2.58451 2.71584 2.571 3.75172 2.50829 2.39563
threshold=14.500000000000002 76.500000000000014 0.16428133306072376 3.1250403514996683 0.2329432105333156 4.6037085385153054 312.00000000000006 11.015091391295224 0.47395550732501357 0.013245614035087701 90.500000000000014 22.500000000000004 3.5000000000000004 3.6261833743144094
decision_type=2 2 2 2 2 2 2 2 2 2 2 2 2 2
left_child=1 2 5 12 -4 6 7 -1 9 -9 11 13 -2 -8
right_child=3 -3 4 -5 -6 -7 10 8 -10 -11 -12 -13 -14 -15
leaf_value=0.042171034767766423 0.026970272173238052 -0.051665448283895743 -0.016681864506579585 0.0027829618280681822 0.018583628575448988 0.031928954994033906 0.010146825273230881 0.0236752290292612 -0.019438372322821397 -0.016176383741613488 -0.037585683687661332 0.021329453331951478 -0.03355910726184759 -0.029055243156281448
leaf_weight=5.2132162435300407 1.3023786053527135 4.1171515423120573 57.908249107982556 457.26767935635507 4.9655420574417795 6.1019930396578266 4.9952144225753825 15.771785548538906 7.010892386417253 4.9477044124505474 6.504747528830193 8.581662659024003 8.4763748779077996 11.828473514920914
leaf_count=145 23 394 8283 18413 638 192 481 784 819 235 224 375 827 998
internal_value=0.000210433 -0.00641899 -0.00465416 0.00217803 -0.0136494 0.00339543 0.000266668 0.0119953 0.00505196 0.0138522 -0.0118384 -0.0040723 -0.0237433 -0.0174993
internal_weight=604.993 137.947 133.829 467.046 62.8738 70.9557 64.8537 32.9436 27.7304 20.7195 31.9101 25.4054 9.77875 16.8237
internal_count=32831 13568 13174 19263 8921 4253 4061 1983 1838 1019 2078 1854 850 1479
is_linear=0
shrinkage=0.05


Tree=200
num_leaves=15
num_cat=0
split_feature=28 25 25 21 6 30 1 15 6 11 15 8 21 26
split_gain=2.29848 2.96104 2.94311 2.79876 2.75586 4.29567 3.8235 3.65852 2.71156 2.63845 4.51195 3.0362 3.36195 2.72411
threshold=0.15587044534412953 0.046536796536796508 0.33908045977011497 0.62328251458686246 61.500000000000007 233.50000000000003 15.500000000000002 3.890120185618255 76.500000000000014 6.7518234876372718 3.8035389270797597 376.50000000000006 0.59656494176618025 0.14550264550264549
decision_type=2 2 2 2 2 2 2 2 2 2 2 2 2 2
left_child=1 -1 4 9 5 7 -7 -2 -6 10 -3 -11 -13 -12
right_child=2 3 -4 -5 8 6 -8 -9 -10 11 13 12 -14 -15
leaf_value=-0.017217810081124701 -0.062442610514608338 -0.0034612407556139785 0.030138278040650932 -0.023589338327116582 -0.044019090935430077 0.05069173441503564 -0.015993332702869834 0.03416437106287501 0.0029091823358715838 -0.0066556942521590031 0.025822490287441491 0.0015720293027195039 0.035221018296361671 0.0015721403826311415
leaf_weight=24.460721675037348 1.505197864287765 44.685216472007596 11.35879663316882 10.925439452221324 2.175637133215786 8.9908307822479383 2.224567972647491 0.80105825280770648 100.35336392797763 142.57060786497459 35.09841800626964 190.7314536171034 6.7300588513244284 17.250557526593184
leaf_count=1929 70 2950 255 1666 106 208 391 10 2621 9178 1461 9995 452 1478
internal_value=0.00097968 -0.000631255 0.00691165 0.000310715 0.00440022 0.0247893 0.0372383 -0.0287029 0.00149781 0.000960635 0.00818812 -0.00111982 0.00289058 0.0180105
internal_weight=599.862 472.452 127.409 447.992 116.051 13.5217 11.2154 2.30626 102.529 437.066 97.0342 340.032 197.462 52.349
internal_count=32770 29109 3661 27180 3406 679 599 80 2727 25514 5889 19625 10447 2939
is_linear=0
shrinkage=0.05


Tree=201
num_leaves=15
num_cat=0
split_feature=23 13 12 12 30 4 27 2 9 20 18 0 10 3
split_gain=3.669 2.2841 4.14016 4.78367 3.72029 3.71843 3.02707 2.77693 2.71206 3.39227 4.25519 3.84727 2.91092 3.95478
threshold=0.75735294117647067 25.500000000000004 19.53166666666667 11.746918238993713 184.50000000000003 18.321633825944176 0.3550420168067227 0.81762132183979441 14.011413202469869 0.016001024065540152 0.13244153082919916 3177.5000000000005 12.109277551404427 102.50000000000001
decision_type=2 2 2 2 2 2 2 2 2 2 2 2 2 2
left_child=1 5 3 4 -3 6 -1 -5 9 11 -11 12 13 -7
right_child=-2 2 -4 7 -6 8 -8 -9 -10 10 -12 -13 -14 -15
leaf_value=-0.0039465664564317998 -0.038668452293426525 -0.033996669280662702 -0.00082837795400046645 -0.035293650155888763 0.043553222006337836 -0.0058007239920437673 0.03409515648360905 0.0046591550903612219 0.0099235651181895368 -0.024314440824902958 0.034671961281714569 0.036490211049740436 0.011621603548310343 -0.036747643787214436
leaf_weight=226.01460594466153 5.2954531340801614 1.4127686579013232 101.70350468931429 24.137227567094673 3.8082217775736353 37.079341941040184 4.3594307387393192 4.9974673350225194 147.28582902777634 3.3318767759483299 10.758368667549801 3.94636062439531 12.449190400264341 13.580170373781582
leaf_count=18948 211 437 2541 1188 1104 1310 342 100 5466 58 197 60 446 328
internal_value=-0.00069792 -0.000295581 -0.00596043 -0.0206998 0.020477 0.00139365 -0.00308244 -0.0285134 0.00590157 -0.00143065 0.0200367 -0.00616971 -0.00936493 -0.0146473
internal_weight=600.16 594.864 136.059 34.3557 5.22099 458.805 230.374 29.1347 228.431 81.1453 14.0902 67.0551 63.1087 50.6595
internal_count=32736 32525 5370 2829 1541 27155 19290 1288 7865 2399 255 2144 2084 1638
is_linear=0
shrinkage=0.05


Tree=202
num_leaves=15
num_cat=0
split_feature=23 21 14 22 1 4 14 8 20 11 6 21 12 8
split_gain=2.05848 3.3179 2.94774 2.82016 2.42141 3.13325 5.827 2.87276 3.35899 3.21402 2.7929 2.87559 2.4886 3.71063
threshold=0.12771739130434781 0.48733974358974358 0.11117244988382412 9.5000000000000018 5.5000000000000009 17.473911070780403 0.41259151066808381 179.50000000000003 0.019512659432705106 6.5232941338014427 202.50000000000003 0.34299719887955188 19.53166666666667 263.50000000000006
decision_type=2 2 2 2 2 2 2 2 2 2 2 2 2 2
left_child=1 -1 -2 -4 5 6 -5 8 9 10 11 -7 13 -6
right_child=2 -3 3 4 12 7 -8 -9 -10 -11 -12 -13 -14 -15
leaf_value=0.024706889137274663 -0.045515934814355875 -0.019017825574532642 -0.025563439010009049 0.028414773726407324 -0.021153311820510064 0.01599066886610644 -0.036274329884689267 -0.00031033044915015272 0.017510695317056707 -0.062545123483416384 0.0094562387731815523 -0.050311994660696746 0.0095325416345579655 0.0017768753020859455
leaf_weight=16.802027326848478 2.6855275554989921 4.9198267063111407 10.140284680623152 3.6307815833715749 18.252931380364316 1.6785759394988469 15.203242453455458 198.45216482579417 4.2826527219294794 4.1662877056514835 6.2195811241399497 5.2058325386606157 92.791266225154686 209.99880876743919
leaf_count=809 111 502 1407 58 1842 31 486 4257 89 64 122 124 2626 20240
internal_value=-0.000358368 0.0144025 -0.00094235 -0.00065301 -0.000157073 -0.00396025 -0.0229998 -0.00223364 -0.0191438 -0.0286942 -0.0142602 -0.0341681 0.00267581 -0.000141088
internal_weight=594.43 21.7219 572.708 570.022 559.882 238.839 18.834 220.005 21.5529 17.2703 13.104 6.88441 321.043 228.252
internal_count=32768 1311 31457 31346 29939 5231 544 4687 430 341 277 155 24708 22082
is_linear=0
shrinkage=0.05


Tree=203
num_leaves=15
num_cat=0
split_feature=20 19 9 28 6 17 26 28 21 2 30 24 13 29
split_gain=3.50088 2.98512 3.15836 2.62035 2.31213 4.6821 2.97871 3.01949 2.21922 2.5229 2.46978 2.1032 2.40246 2.01969
threshold=0.033520599250936305 0.20245629897528628 15.211050210288622 0.14907407407407408 52.500000000000007 0.60817776539426027 0.044466403162055308 0.060661764705882353 0.54067843353557654 0.20427149742765824 285.50000000000006 0.05131578947368421 3.5000000000000004 1.0000000180025095e-35
decision_type=2 2 2 2 2 2 2 2 2 2 2 2 2 2
left_child=3 2 -2 4 5 8 -7 -8 9 -1 -10 12 -6 -12
right_child=1 -3 -4 -5 11 6 7 -9 10 -11 13 -13 -14 -15
leaf_value=-0.024841394397109126 0.03584990430757818 -0.025522099041849673 -0.007840220001938283 0.0051645041911584852 0.016016657997972188 0.012703407866307576 -0.016380385361915006 -0.053144441438710381 -0.041624715535836423 0.039088931890523482 0.04137044221064097 -0.00060179848537480823 -0.021149126043887762 -0.026193930286273155
leaf_weight=1.2233193317733801 15.284744612057699 2.5568061556550665 5.1233224105526451 134.14436397609097 4.5361104163603185 4.0364324759866603 16.185797457470475 8.8631860779132676 2.4870051161196898 6.2603074447324616 1.8293316141098332 373.27566562626089 23.016218494831264 0.96077497196529282
leaf_count=619 319 101 190 3982 313 390 3087 2007 422 603 596 17177 2351 585
internal_value=-0.000156641 0.0185697 0.0250279 -0.000933041 -0.00278827 -0.0138307 -0.0246533 -0.0309296 0.010836 0.0269422 -0.0126579 -0.0016039 -0.0146836 0.017332
internal_weight=599.783 22.9649 20.4081 576.819 442.674 41.8462 29.0854 25.049 12.7607 7.48363 5.27711 400.828 27.5523 2.79011
internal_count=32742 610 509 32132 28150 8309 5484 5094 2825 1222 1603 19841 2664 1181
is_linear=0
shrinkage=0.05


Tree=204
num_leaves=15
num_cat=0
split_feature=29 25 27 27 28 30 25 2 21 27 27 28 2 15
split_gain=2.11232 5.09732 2.45618 1.93754 2.05452 3.72898 4.66572 3.75182 2.28243 2.62828 2.04604 1.95249 2.38975 2.06127
threshold=0.093073593073593072 0.26491228070175438 0.10172413793103446 0.36038961038961043 0.2124060150375939 1515.0000000000002 0.20344827586206898 0.24357534272423448 0.26256313131313136 0.30217391304347829 0.10620300751879695 0.040833333333333312 0.4954392773420298 4.0464290128863878
decision_type=2 2 2 2 2 2 2 2 2 2 2 2 2 2
left_child=3 -2 -3 4 8 7 -7 -6 11 -10 -9 13 -13 -1
right_child=1 2 -4 -5 5 6 -8 10 9 -11 -12 12 -14 -15
leaf_value=-0.012208237866722883 -0.01671632844185706 0.023629054761260201 -0.025573800668109676 0.029270035620356256 -0.021088012223459195 0.023221800853499508 -0.065745993417450521 0.029921574376782292 -0.00069191315490882714 -0.032268077816912495 0.0050546845500931449 0.046640656843298156 0.0066020640812403794 0.015714316920338599
leaf_weight=11.788664117164446 46.671816282785585 13.406985152570995 2.2178399175827499 5.0550605169628389 5.2686844519048455 1.9106805793708179 2.3829320631921291 23.152504150173627 441.89152758883938 5.6910595868685041 13.299222356494282 6.0804540649987748 8.7005365260411036 12.707699450402286
leaf_count=291 4630 741 366 338 239 34 33 523 24046 659 352 95 154 276
internal_value=0.000129099 -0.00851177 0.0155268 0.00114372 0.000822577 0.0108041 -0.0292471 0.015514 -0.000141002 -0.00116445 0.0212262 0.0112609 0.0249845 0.00232504
internal_weight=600.226 62.2966 15.6248 537.929 532.874 46.014 4.29361 41.7204 486.86 447.583 36.4517 39.2774 14.781 24.4964
internal_count=32777 5737 1107 27040 26702 1181 67 1114 25521 24705 875 816 249 567
is_linear=0
shrinkage=0.05


Tree=205
num_leaves=15
num_cat=0
split_feature=12 19 0 19 9 2 18 9 21 30 6 20 15 0
split_gain=2.23779 2.61525 2.81962 2.76545 3.1851 2.81851 2.5764 2.51683 3.4553 3.34862 3.45234 5.33103 3.20911 3.28192
threshold=15.388333333333337 0.28647416413373866 527.50000000000011 0.19744964262508116 14.12438637960887 0.3612515495209519 0.23623737373737372 13.675699972493254 0.41707119741100329 544.50000000000011 206.50000000000003 0.023669467787114803 3.6973209938814744 1032.5000000000002
decision_type=2 2 2 2 2 2 2 2 2 2 2 2 2 2
left_child=1 2 3 -1 -5 6 -6 8 12 10 11 -10 -2 -14
right_child=7 -3 -4 4 5 -7 -8 -9 9 -11 -12 -13 13 -15
leaf_value=0.012292076222825344 -0.015284948441257273 0.038245548869801943 -0.0063526521670026412 0.036590696409374984 -0.030936011849983319 0.026220634657559378 0.031879464293910469 0.0070182334013906044 -0.03141929698418388 -0.016650587532754432 0.015355036219994329 0.038637894877458251 0.041303363988767744 0.0068478265269547164
leaf_weight=44.574267961996156 11.185307659732642 2.769833813988952 223.82837747734811 2.2635845082186306 14.354356908545016 2.3541564877377814 1.0168629774998397 168.72933803543856 10.730398383646387 49.169458594158641 21.878630288178101 2.6159325886983416 7.7513951517175874 35.732704112117062
leaf_count=4788 285 111 16342 315 2784 96 82 4705 478 1377 452 36 107 734
internal_value=-3.69426e-05 -0.00317364 -0.00370223 0.00544301 -0.009688 -0.0172364 -0.0250871 0.00293093 -0.00204298 -0.00834829 0.00338036 -0.0159517 0.00766578 0.0137802
internal_weight=598.955 291.161 288.392 64.5632 19.989 17.7254 15.3712 307.793 139.064 84.3944 35.225 13.3463 54.6694 43.4841
internal_count=32692 24518 24407 8065 3277 2962 2866 8174 3469 2343 966 514 1126 841
is_linear=0
shrinkage=0.05


Tree=206
num_leaves=15
num_cat=0
split_feature=12 3 11 27 15 2 4 3 4 2 21 9 23 6
split_gain=2.52774 2.99688 6.48048 3.51052 3.02453 2.6503 3.54205 2.64321 2.62859 3.12751 4.4696 3.72095 3.69663 2.78207
threshold=16.221498257839723 82.500000000000014 10.587899479160798 0.3550420168067227 4.0464290128863878 0.76150998627856581 19.795785943423741 133.50000000000003 18.921458471028867 0.46115866007657941 0.3803582363747704 14.189525229088078 0.17914438502673799 149.50000000000003
decision_type=2 2 2 2 2 2 2 2 2 2 2 2 2 2
left_child=1 3 7 5 -4 6 8 -3 9 -1 12 13 -11 -12
right_child=-2 2 4 -5 -6 -7 -8 -9 -10 10 11 -13 -14 -15
leaf_value=0.00070794990527078383 0.0032127165715517478 -0.023191849036176146 0.038392156368442072 0.040534414042760931 -0.0015234047138225413 0.014662947426425502 -0.029972389577809722 0.016607652979352284 0.012867625929944957 0.047354462737646909 -0.01431896278706294 -0.026793595517207322 -0.004513408111977384 0.04006906356190696
leaf_weight=130.20060379172537 267.02549318569072 53.525310986402474 6.2615273793926489 4.064607824504491 13.491160977107937 22.053746496938402 10.66375793944462 3.8188689995440646 26.252706815845158 3.6879656158853349 4.547396852001838 38.676572094638686 12.31205339997541 3.1745546419988386
leaf_count=15119 6955 3310 139 320 449 400 786 106 1542 80 281 2787 358 126
internal_value=-0.000404062 -0.00330755 -0.0118802 -0.000685918 0.01237 -0.00150977 -0.00312064 -0.0203022 -0.00168189 -0.00372132 -0.0128288 -0.0205753 0.0095243 0.0100709
internal_weight=599.756 332.731 77.0969 255.634 19.7527 251.569 229.516 57.3442 218.852 192.599 62.3985 46.3985 16 7.72195
internal_count=32758 25803 4004 21799 588 21479 21079 3416 20293 18751 3632 3194 438 407
is_linear=0
shrinkage=0.05


Tree=207
num_leaves=15
num_cat=0
split_feature=27 17 4 12 27 17 8 16 12 0 4 8 9 14
split_gain=2.85087 2.4549 3.44396 2.43537 4.10107 2.41103 2.44315 4.0762 2.4671 2.29387 3.57077 3.06459 3.39116 3.16055
threshold=0.36038961038961043 0.5157072368421054 18.069204980842915 14.658333333333335 0.25543478260869573 0.54858379228953591 49.500000000000007 114.50000000000001 23.190866510538644 627.50000000000011 18.754465709728869 348.50000000000006 14.671722121971056 0.82873724035822138
decision_type=2 2 2 2 2 2 2 2 2 2 2 2 2 2
left_child=1 2 -1 4 9 -5 7 -7 -8 -3 -11 12 -12 -14
right_child=-2 3 -4 5 -6 6 8 -9 -10 10 11 -13 13 -15
leaf_value=-0.0216730446841365 0.031512174636014134 0.0037610598840561379 0.050851669137222888 -0.022378176955311222 -0.035234338873378117 -0.028109888487148012 0.0021186492190918369 0.038988572945855976 0.018023600156217744 -0.01060572833413522 -0.022820005648833061 0.024126755668920877 -0.027503458559936647 0.037429253668609601
leaf_weight=1.7334137742000155 6.0179498356374088 76.218669529282124 4.0945637211261783 9.0095229448052105 9.5431429800373717 12.085874052427242 295.31791431015881 1.8281357305968402 25.623012872791151 124.33293612544003 10.788285762908346 14.528984291493542 1.8380492107753514 5.2583697171867243
leaf_count=142 373 9415 69 302 1581 631 7921 55 583 10050 802 529 106 246
internal_value=-0.00016925 -0.000543777 0.0292657 -0.000889375 -0.0047163 0.00181539 0.00253103 -0.0172708 0.0034405 -0.00332091 -0.00676656 0.00783646 -0.00597408 0.0192912
internal_weight=598.219 592.201 5.82798 586.373 242.508 343.864 334.855 13.914 320.941 232.965 156.747 32.4137 17.8847 7.09642
internal_count=32805 32432 211 32221 22729 9492 9190 686 8504 21148 11733 1683 1154 352
is_linear=0
shrinkage=0.05


Tree=208
num_leaves=15
num_cat=0
split_feature=28 18 8 20 18 9 8 3 2 24 14 14 29 3
split_gain=2.15349 3.01241 2.77122 2.12966 2.8973 3.68691 3.13419 4.33696 3.8862 4.4567 3.48418 2.91475 2.97056 2.88435
threshold=0.16333333333333333 0.17451088962716874 613.50000000000011 0.010811126694717151 0.17111190137505922 15.565245515436489 377.50000000000006 75.500000000000014 0.74075560311515376 0.15192307692307691 0.66743525539411441 1.2310012715594452 0.044466403162055308 74.500000000000014
decision_type=2 2 2 2 2 2 2 2 2 2 2 2 2 2
left_child=3 2 -2 -1 11 6 7 -6 9 10 -8 12 13 -5
right_child=1 -3 -4 4 5 -7 8 -9 -10 -11 -12 -13 -14 -15
leaf_value=-0.0037803745484362725 0.020294645285811569 0.00067849365083056334 -0.044121019713936442 -0.019177785207845351 0.015637023493951019 -0.022669007171899708 -0.043845883278304854 -0.021659887135860666 0.042458809832195944 0.031542173835748671 0.011373298288434737 -0.049759703563528219 0.0091425881458200558 0.0032238187356707936
leaf_weight=307.59989467153719 36.561461267265258 79.168020381112001 0.82858988456427951 28.568944833044952 21.555828881959314 6.652895115366845 4.235289605654545 10.922908321488647 15.294493248075012 9.5440471203619364 5.5917783570475876 2.1513325625601274 41.402046938237618 27.472119633152033
leaf_count=22161 1017 2344 20 1131 1437 543 251 336 197 380 471 322 1607 650
internal_value=0.00019345 0.00626083 0.0177551 -0.00128679 0.00313319 0.0105729 0.014151 0.00282141 0.0243891 0.00873818 -0.0142768 -0.00242978 -0.000889991 -0.00833221
internal_weight=597.55 116.558 37.3901 480.992 173.392 73.7972 67.1443 32.4787 34.6656 19.3711 9.82707 99.5944 97.4431 56.0411
internal_count=32867 3381 1037 29486 7325 3615 3072 1773 1299 1102 722 3710 3388 1781
is_linear=0
shrinkage=0.05


Tree=209
num_leaves=15
num_cat=0
split_feature=21 10 24 30 23 22 9 25 1 24 8 3 25 11
split_gain=2.3366 2.94274 3.17385 3.49425 3.0087 3.70849 3.53258 3.15831 3.35183 3.14095 3.1662 3.2537 3.04108 2.82806
threshold=0.41707119741100329 7.9788203621384195 0.14550264550264549 245.50000000000003 0.45643939393939398 20.500000000000004 14.247845902724423 0.20344827586206898 23.500000000000004 0.097619047619047619 488.50000000000006 49.500000000000007 0.20942982456140347 4.9666843717688804
decision_type=2 2 2 2 2 2 2 2 2 2 2 2 2 2
left_child=13 2 -2 -4 7 6 12 -3 -9 -8 -11 -12 -6 -1
right_child=1 4 3 -5 5 -7 9 8 -10 10 11 -13 -14 -15
leaf_value=0.023038061754462612 -0.0022830417092847867 -0.010627081590195098 0.025958499751999872 -0.042687102161000537 -0.0037424718008635307 0.028948447499851038 -0.0079126084111044419 0.0031036384324481248 -0.024135105132043127 0.020844802052635281 0.018539384654222679 -0.041957702088081257 -0.042598830788251503 0.0020604973505522479
leaf_weight=16.539486977373599 16.772513836542206 111.88018792425282 1.4702178813167837 12.40328700145619 21.93644253015373 13.638613021175841 20.479119302439358 125.20635629072785 11.404761410922218 38.725025766747422 3.4336340993468175 3.6516254227026366 5.6275787979684528 195.03565516503295
leaf_count=361 578 9562 31 499 930 314 2048 6667 2151 2492 156 158 241 6617
internal_value=-0.000412451 -0.00272206 -0.0173355 -0.0341563 -0.00141897 0.00553708 0.00186565 -0.00443814 0.000670794 0.00810127 0.0152763 -0.0139729 -0.0128892 0.00380104
internal_weight=598.205 386.629 30.646 13.8735 355.983 107.492 93.8534 248.491 136.611 66.2894 45.8103 7.08526 27.564 211.575
internal_count=32805 25827 1108 530 24719 6339 6025 18380 8818 4854 2806 314 1171 6978
is_linear=0
shrinkage=0.05


Tree=210
num_leaves=15
num_cat=0
split_feature=21 28 19 8 11 27 6 26 17 11 27 30 30 2
split_gain=1.67182 2.73031 2.25156 1.98626 3.42144 3.08248 2.94613 2.9345 2.78584 2.93195 2.42979 3.07233 5.6316 4.54188
threshold=0.39152846257283735 0.2124060150375939 0.24292389853137511 447.50000000000006 10.697506934878978 0.15192307692307691 426.50000000000006 0.057189542483660101 0.58012345679012356 9.9551212664881863 0.15192307692307691 752.50000000000011 626.50000000000011 0.61915390733744291
decision_type=2 2 2 2 2 2 2 2 2 2 2 2 2 2
left_child=1 2 -1 5 8 -2 -6 -7 9 -5 11 12 -10 -13
right_child=3 -3 -4 4 6 7 -8 -9 10 -11 -12 13 -14 -15
leaf_value=0.0017098914164871586 -0.0012929071057594069 0.040649965084228433 0.03125464632512067 -0.028359237856165617 -0.028464231883953833 0.0069518583261038887 0.0049534870985174419 -0.018791969758897104 0.0079092998614826698 0.017517074787243861 0.029091703544481803 -0.0010092269071235048 -0.043519984453050581 0.051297143121032965
leaf_weight=159.74682492294232 252.78501417914231 3.9475673505803561 5.7285697734041596 8.2435946767945989 12.154060892222335 13.459042112437599 12.722996998025335 51.521513341020182 30.495822123280959 4.7421169120061668 16.730679547297768 8.2170034656301123 5.4058322905184459 7.3081935408408745
leaf_count=4908 14778 49 158 573 573 773 619 7042 1281 190 938 574 251 181
internal_value=-0.000156982 0.00402691 0.0029143 -0.00183518 0.00406492 -0.00381028 -0.0118423 -0.0134353 0.00902658 -0.0115515 0.0130576 0.00738577 -0.000804078 0.0252272
internal_weight=593.209 169.423 165.475 423.786 106.02 317.766 24.8771 64.9806 81.1432 12.9857 68.1575 51.4269 35.9017 15.5252
internal_count=32888 5115 5066 27773 5180 22593 1192 7815 3988 763 3225 2287 1532 755
is_linear=0
shrinkage=0.05


Tree=211
num_leaves=15
num_cat=0
split_feature=29 12 29 6 4 14 13 19 4 30 2 2 14 5
split_gain=2.23043 1.95688 4.46406 2.54084 2.1033 1.90213 2.29614 1.83287 2.96012 1.56602 1.49087 1.46698 1.42657 2.75472
threshold=0.17519181585677748 10.838255208333335 0.088932806324110672 2628.0000000000005 11.96046117769672 0.90225458691241189 13.500000000000002 0.26705426356589146 17.668195718654438 510.50000000000006 0.88793895399953826 0.45027605466048365 1.3649885130137662 21.500000000000004
decision_type=2 2 2 2 2 2 2 2 2 2 2 2 2 2
left_child=1 2 5 11 -3 6 -1 12 -9 -2 -10 -4 -6 -14
right_child=9 4 3 -5 7 -7 -8 8 10 -11 -12 -13 13 -15
leaf_value=-0.025702714773431945 -0.0041536499745752345 0.024596763193644448 -0.013525126863851593 -0.017587611300418245 0.00037320020471192142 -0.040223846891190358 0.046512103505982824 -0.025702932694961669 0.045317106543814392 -0.048489573005396018 -0.012396780968711704 0.06043422838546917 -0.026892479706407093 0.043958729042428653
leaf_weight=1.6351235195325018 4.5400976563105351 8.6191362746030773 0.44410705140398876 1.7772559214790815 545.86693370334979 9.5052106078328489 0.90584339724955487 1.7066462576040047 5.8074155804642942 2.8649163929985662 0.89556864410405967 2.2664199901046231 1.1655931274472084 3.6754436240225914
leaf_count=215 745 427 197 621 25946 2815 192 137 154 494 28 115 418 281
internal_value=0.000540541 0.000906905 -0.015548 0.0235116 0.00141261 -0.0307864 0.00590657 0.00101194 0.0228941 -0.025035 0.0369978 0.0479371 0.000636894 0.0252161
internal_weight=591.676 584.271 16.534 4.48778 567.737 12.0462 2.54097 559.118 8.40963 7.40501 6.70298 2.71053 550.708 4.84104
internal_count=32785 31546 4155 933 27391 3222 407 26964 319 1239 182 312 26645 699
is_linear=0
shrinkage=0.05


Tree=212
num_leaves=15
num_cat=0
split_feature=13 8 16 24 27 8 14 19 29 26 25 17 28 26
split_gain=2.34 3.31877 2.59345 2.5492 2.13421 1.73916 1.72824 1.56442 1.41027 1.42954 3.32737 2.44194 2.42508 2.84085
threshold=1.5000000000000002 619.50000000000011 62.500000000000007 0.17519181585677748 0.04880952380952381 625.50000000000011 0.7336471301064581 0.13527590090090089 0.20526315789473684 0.05131578947368421 0.046536796536796508 0.5628591954022989 0.060661764705882353 0.046536796536796508
decision_type=2 2 2 2 2 2 2 2 2 2 2 2 2 2
left_child=2 8 3 5 -4 6 -1 -5 9 10 -2 -12 13 -13
right_child=1 -3 4 7 -6 -7 -8 -9 -10 -11 11 12 -14 -15
leaf_value=0.029037126482479365 -0.037618001315680868 -0.050627134211278249 0.02249464074386932 -0.0033066444222562908 -0.030676108173368306 -0.028139505976562108 -0.013625659025732206 0.042049824798207319 -0.032943807013179192 -0.0015953602733683962 -0.025283491511207706 -0.011099441147122163 0.017101298056153756 0.025939618311597336
leaf_weight=5.172209003241738 3.2411294794728738 2.3573786211636607 2.0094666804070576 2.1055605894653118 4.4868190786655759 2.4842008327832437 3.0950904138298938 10.653861902072093 2.3843573454469142 479.01036548668708 4.2330501813557921 19.84405608861562 45.39190343003429 5.8922780555440104
leaf_count=167 122 140 53 65 298 109 183 224 559 28014 188 1003 1501 125
internal_value=-0.000326588 -0.00106207 0.0130466 0.0206094 -0.0134223 0.00215983 0.0133183 0.0348688 -0.000763548 -0.000567217 0.00563971 0.00796841 0.0102704 -0.0019664
internal_weight=592.362 562.355 30.0072 23.5109 6.49629 10.7515 8.2673 12.7594 559.997 557.613 78.6024 75.3613 71.1282 25.7363
internal_count=32751 31652 1099 748 351 459 350 289 31512 30953 2939 2817 2629 1128
is_linear=0
shrinkage=0.05


Tree=213
num_leaves=15
num_cat=0
split_feature=29 30 16 3 2 13 10 12 8 15 27 14 28 10
split_gain=2.5618 2.12275 2.16369 2.5417 2.78252 1.95519 5.25855 2.55694 3.68528 4.70083 3.42425 3.39383 3.42302 3.66309
threshold=0.10818713450292396 124.50000000000001 93.500000000000014 115.50000000000001 0.31331712103511961 1.5000000000000002 12.825479674693842 17.631479400749068 293.50000000000006 4.2400304295134399 0.042572463768115909 0.54243721783321652 0.28869047619047622 14.113962592493985
decision_type=2 2 2 2 2 2 2 2 2 2 2 2 2 2
left_child=5 -2 3 4 -3 6 -1 11 9 -9 -11 12 13 -7
right_child=1 2 -4 -5 -6 7 -8 8 -10 10 -12 -13 -14 -15
leaf_value=-0.01859087081491307 0.024946208826379549 0.0018159707783244527 0.020828571936994937 0.012184863776449957 -0.031004506413324952 -0.021370716601253711 0.026869938141080019 0.004009542847354503 0.015509285902214554 0.015038720359699959 -0.031933857545362744 -0.00044833531746394463 0.041222979721278918 0.015539700948467371
leaf_weight=8.3401218884391728 2.7768399057749766 8.4282660691278561 3.1267320123442905 5.3927019347029264 25.206683899450582 47.343313799741736 19.768393183519947 116.61729238547559 53.156619879810023 4.3825329365208772 15.872279711067675 265.43110100198101 1.7676535039208818 7.0696662115515201
leaf_count=343 184 1788 122 252 2461 2135 593 2981 1339 102 413 19704 23 295
internal_value=-0.000362574 -0.0116987 -0.0146348 -0.0179253 -0.0229654 0.000600991 0.0132059 -0.000115908 0.00446881 9.96649e-05 -0.021541 -0.00283031 -0.0138795 -0.0163812
internal_weight=584.68 44.9312 42.1544 39.0277 33.6349 539.749 28.1085 511.64 190.029 136.872 20.2548 321.612 56.1806 54.413
internal_count=32735 4807 4623 4501 4249 27928 936 26992 4835 3496 515 22157 2453 2430
is_linear=0
shrinkage=0.05


Tree=214
num_leaves=15
num_cat=0
split_feature=14 8 5 1 8 13 11 10 1 20 20 8 26 10
split_gain=2.30195 3.90715 4.51154 3.80635 3.58089 3.00085 3.40521 2.87216 3.6783 2.93386 2.67861 2.44972 3.12666 2.59998
threshold=0.98407405194065756 451.50000000000006 22.500000000000004 9.5000000000000018 486.50000000000006 24.500000000000004 9.887631759215898 10.671695958940107 4.5000000000000009 0.011696306429548501 0.013245614035087701 49.500000000000007 0.13484848484848483 5.5032184198305414
decision_type=2 2 2 2 2 2 2 2 2 2 2 2 2 2
left_child=11 2 5 7 -3 6 -2 10 9 -9 -4 12 -1 -13
right_child=1 4 3 -5 -6 -7 -8 8 -10 -11 -12 13 -14 -15
leaf_value=-0.0030922746137042878 -0.02262579745836818 0.04193779163801227 -0.037397229703859246 0.028852402447368326 0.00058878170557937349 0.021864107057793885 0.016406335032577889 0.038812241341943325 -0.01430965395920028 -0.014694387412777269 0.017650986108582439 0.028520230843935564 -0.055487882241248412 -0.0014050707144244014
leaf_weight=7.4840339270594978 29.316837321148341 12.122060301044259 6.3776030639855907 18.982274818215956 8.7604766043950786 5.3476140811508222 6.0870198626726042 9.8356303223699815 8.217628339523797 2.7689893585629752 2.4548321267939173 6.3761221362510687 3.7259559456215356 457.14373701487784
leaf_count=343 6798 528 250 1893 539 1604 433 178 374 64 43 111 231 19307
internal_value=-3.01297e-06 0.00647121 0.00181441 0.0119848 0.025411 -0.0103203 -0.0156486 0.000598614 0.0106896 0.0268418 -0.0218583 -0.0015173 -0.0236256 -0.000932911
internal_weight=585.001 110.271 89.3884 48.637 20.8825 40.7515 35.4039 29.6547 20.8222 12.6046 8.83244 474.73 11.21 463.52
internal_count=32696 12704 11637 2802 1067 8835 7231 909 616 242 293 19992 574 19418
is_linear=0
shrinkage=0.05


Tree=215
num_leaves=15
num_cat=0
split_feature=1 4 12 3 6 3 23 23 23 30 30 12 20 14
split_gain=2.59257 2.01986 2.14262 1.93324 3.15206 2.58533 2.50481 2.00327 2.35859 2.92951 2.75178 2.73208 2.55293 4.15254
threshold=27.500000000000004 11.067874692874694 10.041819970128595 140.50000000000003 1131.5000000000002 138.50000000000003 0.24068965517241384 0.73508771929824568 0.64852941176470602 283.50000000000006 158.50000000000003 19.53166666666667 0.013245614035087701 0.91827943882826546
decision_type=2 2 2 2 2 2 2 2 2 2 2 2 2 2
left_child=1 -1 -3 5 -5 7 -6 8 11 10 -10 12 13 -4
right_child=-2 2 3 4 6 -7 -8 -9 9 -11 -12 -13 -14 -15
leaf_value=0.03941023660871245 -0.017474948598750952 -0.045952120662048651 -0.0092072937554934352 0.018452919871618463 0.02382612772471121 -0.047115324122318503 -0.055174857787685661 -0.026366631158972226 -0.01573404334473133 0.0025110954084987956 0.060604566737089451 0.0058061603725019584 0.0041230507767124822 0.0037521307159603247
leaf_weight=2.2235257382271802 21.205136364949794 1.5564902318583325 197.7764356736152 24.811450316454287 0.83816126012243275 1.9902871784579463 1.9049774195300413 6.3755959967966183 1.0684599199739775 11.484184355344039 4.2355263497156557 119.92492965133715 98.171637887277029 89.047127742964221
leaf_count=164 3289 393 9764 550 29 66 109 226 45 415 105 3152 4749 9716
internal_value=-0.000718354 -5.54893e-05 -0.000282492 -7.29849e-05 0.0126008 -0.000754288 -0.0311197 -0.000490838 -0.000124782 0.0177703 0.0451701 -0.000753726 -0.00280686 -0.00518486
internal_weight=582.614 561.409 559.185 557.629 27.5546 530.074 2.74314 528.084 521.708 16.7882 5.30399 504.92 384.995 286.824
internal_count=32772 29483 29319 28926 688 28238 138 28172 27946 565 150 27381 24229 19480
is_linear=0
shrinkage=0.05


Tree=216
num_leaves=15
num_cat=0
split_feature=8 25 2 23 26 28 18 12 14 20 23 3 9 26
split_gain=2.98753 3.53493 2.64565 2.87202 2.80752 2.75876 3.00522 3.20201 2.8326 2.50424 2.81452 4.25526 3.69962 3.51968
threshold=447.50000000000006 0.42481203007518792 0.98231099167280611 0.28285714285714292 0.12250000000000001 0.13188405797101446 0.17787193973634649 14.550280898876407 0.92137963307783588 0.033520599250936305 0.2124060150375939 91.500000000000014 14.943422276806198 0.18634259259259259
decision_type=2 2 2 2 2 2 2 2 2 2 2 2 2 2
left_child=9 2 4 -4 -2 6 7 8 -6 10 11 -1 -13 -12
right_child=1 -3 3 -5 5 -7 -8 -9 -10 -11 13 12 -14 -15
leaf_value=0.01508250936437807 0.015525598608844504 -0.03856152950369518 0.020967678525803835 -0.031836564633297537 -0.037605551343287538 -0.014105201100244425 0.016669494298981669 0.010232096551091713 0.012803626596176504 0.016319920345860127 -0.0028561713758134682 0.006514269231080708 -0.046478776230286956 -0.014338208565106281
leaf_weight=37.780988070793683 63.156015512009617 3.6108753249427528 2.8407874994445574 7.7794578850152902 8.6771367975889024 20.169955616962397 33.120165688058478 14.039290684188016 3.3316417802561764 14.568801301720667 275.40152992522781 6.6965863723453349 5.1014703460023156 87.410867213828169
leaf_count=2633 2097 232 84 176 635 696 2049 484 273 446 14927 216 304 7476
internal_value=-0.00122576 0.00465919 0.00592206 -0.0171232 0.007747 0.00143879 0.00688397 -0.00571464 -0.0237112 -0.00339181 -0.00412597 0.00694879 -0.0182411 -0.0056543
internal_weight=583.686 156.725 153.114 10.6202 142.494 79.3382 59.1682 26.0481 12.0088 426.96 412.391 49.579 11.7981 362.812
internal_count=32728 6726 6494 260 6234 4137 3441 1392 908 26002 25556 3153 520 22403
is_linear=0
shrinkage=0.05


Tree=217
num_leaves=15
num_cat=0
split_feature=24 25 26 18 14 25 25 23 15 6 19 18 29 28
split_gain=2.3019 1.85047 1.69708 2.63949 2.79025 3.97556 2.81414 3.4854 3.24309 3.21004 2.76408 3.99856 2.68896 2.65512
threshold=0.45804195804195807 0.2124060150375939 0.078461538461538458 0.19773830820342447 0.79724246683775501 0.24068965517241384 0.24068965517241384 0.41277890466531442 3.9075504486349417 434.50000000000006 0.1317235396182764 0.13447187141216993 0.064583333333333312 0.22474747474747472
decision_type=2 2 2 2 2 2 2 2 2 2 2 2 2 2
left_child=2 -2 3 4 5 -1 7 12 -8 -9 -11 -12 -6 -7
right_child=1 -3 -4 -5 6 13 8 9 -10 10 11 -13 -14 -15
leaf_value=0.019442508799994332 0.032005284547444141 -0.018241287159544369 -0.0016209326903254403 -0.015668133350668915 0.025219771801044583 -0.0064488927886067766 -0.0084181394645813489 -0.029768005939854032 0.027652517875291657 0.03482404091226899 -0.048155548915396737 0.016533177852168252 -0.020819296242791815 0.044200994419954016
leaf_weight=58.788279165179119 8.4637707076035422 1.5799039595294733 412.16790143299477 14.235745282319838 9.5752948323934088 30.225662236902281 10.421114708224197 19.534419398150934 13.246360523793554 3.4970309406053257 3.3419281759415753 4.5035514949922799 3.6590708715048086 1.8236077886540432
leaf_count=1602 194 42 25175 779 335 1036 920 1274 645 95 102 237 470 28
internal_value=0.000550305 0.0231653 0.000123182 0.00426745 0.00614361 0.0118238 -0.00153026 -0.00893463 0.0120727 -0.0179679 0.00311995 -0.0133511 0.0119224 -0.00231668
internal_weight=595.064 10.0437 585.02 172.852 158.616 90.8375 67.7788 44.1113 23.6675 30.8769 11.3425 7.84548 13.2344 32.0493
internal_count=32934 236 32698 7523 6744 2666 4078 2513 1565 1708 434 339 805 1064
is_linear=0
shrinkage=0.05


Tree=218
num_leaves=15
num_cat=0
split_feature=6 1 28 4 21 0 15 21 14 16 19 24 15 13
split_gain=2.78433 2.45159 3.07272 2.72513 3.6871 2.57319 3.14336 2.46735 2.96145 3.92509 4.29135 3.63564 3.0868 3.0452
threshold=14.500000000000002 7.5000000000000009 0.037749287749287708 17.305670339761253 0.49305421570519009 360.50000000000006 3.8256314352871379 0.23836580086580081 0.93024473457632728 67.500000000000014 0.15949737897008942 0.10912698412698411 4.1780879718623654 6.5000000000000009
decision_type=2 2 2 2 2 2 2 2 2 2 2 2 2 2
left_child=-1 3 5 4 -2 -3 -7 -4 11 10 -10 12 -9 -12
right_child=1 2 7 -5 -6 6 -8 8 9 -11 13 -13 -14 -15
leaf_value=-0.040840576047124807 -0.0010262481361014723 0.018841381819079905 0.039154591835689763 -0.0015820949469442791 -0.044921082331550212 -0.021084368517337568 0.00089213283897129209 0.016888681426734786 0.023405902561225683 0.026152974616998087 0.007887565362752369 -0.0044014879557118178 -0.014547130170741898 -0.035860109174971198
leaf_weight=3.1392123120021997 10.601280913950179 8.9233228710290842 4.7576014944352201 277.83193248410316 7.791077738380408 27.41256627716939 37.895637319481466 46.681779442587867 10.429672069076334 33.478593209179962 6.5734559351694761 87.665056058853224 8.5390181146794912 8.0276581887082994
leaf_count=1028 314 1431 71 6905 357 4095 4961 2480 644 3057 463 4329 495 2140
internal_value=2.16093e-05 0.000314395 0.00365886 -0.00285289 -0.0209779 -0.00501641 -0.00851118 0.00679179 0.0058376 0.0152118 0.000135421 0.00191999 0.0118553 -0.0169217
internal_weight=579.748 576.609 280.384 296.224 18.3924 74.2315 65.3082 206.153 201.395 58.5094 25.0308 142.886 55.2208 14.6011
internal_count=32770 31742 24166 7576 671 10487 9056 13679 13608 6304 3247 7304 2975 2603
is_linear=0
shrinkage=0.05


Tree=219
num_leaves=15
num_cat=0
split_feature=17 21 10 17 15 9 5 2 25 8 16 8 18 28
split_gain=2.94471 2.94154 2.50698 7.35556 3.39655 2.97335 2.5348 2.75787 2.47183 2.46886 4.88055 3.70659 2.66626 3.69274
threshold=0.53436466698157781 0.59731240981240996 14.086331069140565 0.63028588445503286 3.4802797002698127 15.72657833224199 15.500000000000002 0.9110865492791751 0.30602006688963218 443.50000000000006 72.500000000000014 348.50000000000006 0.14135924462011418 0.13714733542319749
decision_type=2 2 2 2 2 2 2 2 2 2 2 2 2 2
left_child=1 -1 4 8 9 -6 -5 -8 -4 10 -2 12 -12 -14
right_child=2 -3 3 6 5 -7 7 -9 -10 -11 11 -13 13 -15
leaf_value=-0.041582927780445991 -0.038667037211112469 0.014531175422353552 0.033623580144634756 0.033933935476962072 0.0011798977567485051 -0.020780531984108903 -0.022294043536730229 0.022070959315237913 -0.001732404329302725 0.0087567434939461158 0.012834270942507562 0.026477960329987105 -0.03191237745581562 0.0089431533048265708
leaf_weight=7.1641474249081494 15.723351403568811 2.6820746001394582 23.443412706365056 2.0252661218401071 437.83899743287839 14.975048670792601 19.339063870535032 3.393351224862271 6.0777411418530383 11.564704374475694 7.0677728511363958 6.2539919181945143 18.23962315541576 7.243810259984456
leaf_count=536 2327 166 2043 134 20871 1072 1808 94 558 641 249 518 1551 228
internal_value=-0.000557553 -0.0263672 -6.90451e-05 0.0100544 -0.00114529 0.000409452 -0.00985397 -0.0150206 0.0265263 -0.0116444 -0.0160509 -0.00614597 -0.0130163 -0.0203998
internal_weight=583.032 9.84622 573.186 54.2788 518.907 452.814 24.7577 22.7324 29.5212 66.0933 54.5285 38.8052 32.5512 25.4834
internal_count=32796 702 32094 4637 27457 21943 2036 1902 2601 5514 4873 2546 2028 1779
is_linear=0
shrinkage=0.05


Tree=220
num_leaves=15
num_cat=0
split_feature=10 30 2 24 17 28 19 22 16 13 25 4 1 0
split_gain=2.73867 4.55833 3.24815 3.41017 3.57623 3.4831 3.60268 3.11966 3.08974 2.89977 2.77221 2.74817 3.3505 2.58401
threshold=12.844706032609656 875.00000000000011 0.9110865492791751 0.23303167420814477 0.56683848797250869 0.060661764705882353 0.1751288659793814 14.500000000000002 47.500000000000007 1.5000000000000002 0.14039408866995071 17.158215661103984 6.5000000000000009 1259.5000000000002
decision_type=2 2 2 2 2 2 2 2 2 2 2 2 2 2
left_child=11 2 3 4 -2 6 10 9 -4 -6 -5 12 13 -1
right_child=1 -3 8 5 7 -7 -8 -9 -10 -11 -12 -13 -14 -15
leaf_value=-0.062370370177664496 0.02171902924202555 -0.01669357838719528 -0.023220979909259244 -0.0099082367422545833 0.01220536371793049 0.033399507064971044 -0.031142327369963203 0.0069106844177790928 0.03606589883197122 -0.021515253666027814 0.037817755964410511 -0.0003870012929470788 -0.0065143323905563801 0.01625250578974392
leaf_weight=4.4324498457572217 15.606501888752971 17.929377521817514 1.8333890908397759 4.8375676921423274 7.4724061472807071 18.716870457588811 4.6966401162353568 32.654103395914717 15.796663907531181 27.849111776555219 5.9085330088273622 408.91256730714485 18.890932673359202 0.85302181690349232
leaf_count=148 1203 1250 64 351 294 687 440 2624 344 4904 256 17217 3090 16
internal_value=0.000659848 0.00638044 0.00953649 0.00640478 0.000898096 0.0194698 0.00158237 -0.00412775 0.028985 -0.0142419 0.0173185 -0.00137511 -0.0174085 -0.0491145
internal_weight=586.39 153.301 135.372 117.742 83.5821 34.1596 15.4427 67.9756 17.6301 35.3215 10.7461 433.089 24.1764 5.28547
internal_count=32888 12417 11167 10759 9025 1734 1047 7822 408 5198 607 20471 3254 164
is_linear=0
shrinkage=0.05


Tree=221
num_leaves=15
num_cat=0
split_feature=18 22 14 30 15 20 15 14 9 10 25 14 18 25
split_gain=1.79453 2.24188 3.94854 3.74386 5.98684 3.17288 3.05065 2.95126 5.54047 3.36023 3.81218 2.93785 3.28094 5.39038
threshold=0.282329988851728 14.500000000000002 0.91827943882826546 345.50000000000006 3.7106112094261383 0.010811126694717151 4.1833752835732083 0.68054723964956898 14.989013506316414 10.371358971174542 0.29814814814814822 0.46824758543985529 0.14093535572408813 0.21980676328502413
decision_type=2 2 2 2 2 2 2 2 2 2 2 2 2 2
left_child=1 -1 5 4 -4 7 -6 11 9 10 -9 12 -3 -14
right_child=-2 2 3 -5 6 -7 -8 8 -10 -11 -12 -13 13 -15
leaf_value=-0.0062215970945937137 0.027421169174507411 0.018661354964701459 -0.03853767392886958 0.015277847562434766 0.023402441437228264 0.0048587297566834511 -0.02716669627963867 -0.016840558089741376 0.0036880157755433693 -0.032049405099180903 0.030454764755629117 0.0058819508620075569 -0.032000873716766846 0.0023135979932581295
leaf_weight=130.14005150972298 4.8263785294257096 7.9991995372693045 8.4752998458679958 76.008621693164969 11.599697005993219 131.03851070447126 2.997644738687085 18.462183465024285 34.655665076636069 31.575723388425104 4.4865375339286393 79.385882248687267 21.442522216268117 23.098558839439647
leaf_count=13439 163 195 1212 4997 641 3638 104 604 1630 1599 94 2762 968 780
internal_value=-0.000190438 -0.000466356 0.00120363 0.00996821 -0.00743147 -0.00128367 0.0119418 -0.00492944 -0.0119006 -0.0216967 -0.00670862 -0.000162969 -0.00923583 -0.0145457
internal_weight=586.192 581.366 451.226 99.0813 23.0726 352.145 14.5973 221.106 89.1801 54.5244 22.9487 131.926 52.5403 44.5411
internal_count=32826 32663 19224 6954 1957 12270 745 8632 3927 2297 698 4705 1943 1748
is_linear=0
shrinkage=0.05


Tree=222
num_leaves=15
num_cat=0
split_feature=10 12 14 18 23 26 27 0 22 0 12 2 2 8
split_gain=1.94916 2.99854 2.83972 3.9112 3.01593 4.07478 4.01351 3.07839 3.68963 2.89393 2.76548 2.74745 3.59648 2.79423
threshold=14.086331069140565 10.382677884301833 0.54243721783321652 0.1317235396182764 0.21980676328502413 0.088932806324110672 0.18350168350168347 1982.5000000000002 16.500000000000004 754.50000000000011 12.873508771929826 0.45835212707662171 0.19633965153543467 449.50000000000006
decision_type=2 2 2 2 2 2 2 2 2 2 2 2 2 2
left_child=1 -1 3 9 6 -6 -5 10 -9 -3 -7 12 -2 -13
right_child=11 2 -4 4 5 7 -8 8 -10 -11 -12 13 -14 -15
leaf_value=-0.043742835578366196 -0.016955461817790823 -0.031290118415300341 0.00029955902449454379 0.019181440495390421 0.00020360115943816013 0.012939282036380902 -0.027467884932813869 -0.042386076023821287 0.011128759755332623 0.021674789113481526 -0.032767457796500692 -0.018502676085510712 0.027013661839439391 0.012500807224137506
leaf_weight=3.295004818999586 5.0757645238336435 2.1748989790430668 394.37314036966018 14.387681775071544 27.202145571049186 3.0671045562994541 5.6096504283923414 3.3578001721180035 11.388371067121623 14.678392994232125 41.980395087277429 13.96669876777378 22.396575462440524 13.175029955804346
leaf_count=1070 887 86 22339 469 769 339 335 120 293 334 1773 1554 1732 593
internal_value=-0.00118327 -0.00212852 -0.00178019 -0.00835223 -0.0118825 -0.0158739 0.00541044 -0.0230711 -0.00297487 0.0134699 -0.0294421 0.007719 0.0185798 -0.00354366
internal_weight=576.129 521.515 518.22 123.846 106.993 86.9958 19.9973 59.7937 14.7462 16.8533 45.0475 54.6141 27.4723 27.1417
internal_count=32693 27927 26857 4518 4098 3294 804 2525 413 420 2112 4766 2619 2147
is_linear=0
shrinkage=0.05


Tree=223
num_leaves=15
num_cat=0
split_feature=24 6 11 23 10 11 11 5 25 8 16 16 13 2
split_gain=1.84664 2.4078 3.3754 2.45283 2.88033 2.76132 2.69371 2.48151 2.31857 2.2968 2.28345 2.74728 2.79676 3.8712
threshold=0.20416666666666669 256.50000000000006 10.734623618615251 0.47493734335839594 9.8651614731058572 10.309157902363927 9.6776434579580979 21.500000000000004 0.18898809523809523 454.50000000000006 60.500000000000007 67.500000000000014 14.500000000000002 0.74075560311515376
decision_type=2 2 2 2 2 2 2 2 2 2 2 2 2 2
left_child=1 2 10 5 -5 -3 -6 -8 9 -4 -1 -12 -13 -14
right_child=-2 3 8 4 6 -7 7 -9 -10 -11 11 12 13 -15
leaf_value=0.016517086969158639 0.0038312852542052053 -0.0051237852317755255 0.014987677192365309 -0.012095725559080275 0.026025723031906985 0.010170455252312478 0.024383747833573659 -0.020391297363718634 -0.046179748493197843 -0.037222754718707403 -0.019484950165306082 0.0075029663269070767 -0.0020590339864888672 -0.028613928493153674
leaf_weight=11.427587021516954 207.03957951160191 118.58619919796547 4.41143114902661 9.5179679867869691 26.605396635342913 38.195468612102559 4.1097156848700234 6.8726698428654345 7.5243403738131747 2.482056513777934 28.565143993699166 43.954860486897815 60.168125484715347 16.850012298731599
leaf_count=973 8133 6906 212 237 1233 1696 185 247 413 132 3405 2872 5818 381
internal_value=4.40494e-05 -0.002028 -0.00630659 0.00166525 0.0115431 -0.00135693 0.0176872 -0.0029994 -0.0286784 -0.00614519 -0.00413803 -0.00581571 -0.00245474 -0.008161
internal_weight=586.311 379.271 175.384 203.887 47.1058 156.782 37.5878 10.9824 14.4178 6.89349 160.966 149.538 120.973 77.0181
internal_count=32843 24710 14206 10504 1902 8602 1665 432 757 344 13449 12476 9071 6199
is_linear=0
shrinkage=0.05


Tree=224
num_leaves=15
num_cat=0
split_feature=21 17 14 10 3 25 27 17 6 4 17 6 19 2
split_gain=1.97658 3.01259 4.33609 4.10499 3.6863 3.44083 2.65051 2.69715 2.64652 3.33139 3.11715 4.26717 2.8957 2.54024
threshold=0.34930196978389755 0.62926191398682685 0.65863549304723423 14.482647067266571 176.50000000000003 0.13188405797101446 0.22474747474747472 0.5157072368421054 296.50000000000006 16.418010752688176 0.6042811355311356 1599.0000000000002 0.095491388044579517 0.52940199660069953
decision_type=2 2 2 2 2 2 2 2 2 2 2 2 2 2
left_child=1 2 5 4 -3 -1 7 -2 9 -9 -10 -12 -11 -8
right_child=6 3 -4 -5 -6 -7 13 8 10 12 11 -13 -14 -15
leaf_value=0.028397354033724832 0.038392850920256315 0.0054882873265916197 0.035265883129254293 -0.048923594581597174 -0.054771327709609574 -0.023649367341151126 -0.0020496396619042435 0.042058373703243238 -0.0065853658704090549 -0.064288179358992156 0.010586168988050849 -0.013424458356897576 -0.0045345861658065787 -0.030838610574996206
leaf_weight=4.1808612695022038 3.4796860283677225 81.04254677183053 16.943873629352311 2.883775973430601 1.6228258772753168 7.2378833869443042 16.879388153920448 2.8169027677431577 55.215697443676618 1.0535185984190309 129.58247238578406 20.681233343078929 221.97400182389356 13.270370168196676
leaf_count=119 144 2025 438 166 28 223 2707 288 3408 37 4079 2513 15642 964
internal_value=0.000233693 0.00610658 0.019927 0.00134732 0.00366481 -0.00384081 -0.00121516 -0.000205328 -0.000604803 -0.00433151 0.0034924 0.00721461 -0.00510255 -0.0153043
internal_weight=578.865 113.912 28.3626 85.5491 82.6654 11.4187 464.953 434.804 431.324 225.844 205.479 150.264 223.028 30.1498
internal_count=32781 2999 780 2219 2053 342 29782 26111 25967 15967 10000 6592 15679 3671
is_linear=0
shrinkage=0.05


Tree=225
num_leaves=15
num_cat=0
split_feature=14 25 2 26 18 30 30 23 18 6 30 17 1 6
split_gain=1.97914 2.12669 2.12126 1.57224 1.99318 2.90671 2.49214 2.52165 2.14015 2.04463 2.42338 2.30203 2.04409 1.98838
threshold=0.20959465269457028 0.08514492753623186 0.34433338800771301 0.05131578947368421 0.16233108108108107 190.50000000000003 1462.0000000000002 0.37797619047619052 0.16956719128329298 102.50000000000001 128.50000000000003 0.626766169154229 19.500000000000004 371.50000000000006
decision_type=2 2 2 2 2 2 2 2 2 2 2 2 2 2
left_child=1 -1 -3 4 9 8 7 -7 -6 10 -2 -11 -8 -13
right_child=3 2 -4 -5 5 6 12 -9 -10 11 -12 13 -14 -15
leaf_value=-0.054561611007360206 0.023338117035274664 -0.04021488758391098 0.005191728691641773 -0.00031389739669396353 0.023029736604413917 0.045182859260794198 -0.043203798538321715 0.011751365410061245 -0.050023541469228418 -0.023969525014337953 -0.033501576260110459 0.023368016233868971 0.019920906439347599 -0.00029247966689783042
leaf_weight=2.1409727605932849 1.7130507099209333 2.5157582732936126 8.917577718413666 491.64339062603358 0.84800105780596213 10.540332548975135 1.686633342993445 12.9415941338666 1.7453876403451429 4.7094182580331099 6.4830716966243926 15.078477782401022 1.6226805475889703 19.777602613437921
leaf_count=84 27 127 310 29226 40 366 51 577 129 214 529 357 35 744
internal_value=0.000267688 -0.017927 -0.00723028 0.000732609 0.00732053 0.017333 0.0223607 0.0279904 -0.0263748 0.000931385 -0.0203757 0.0057387 -0.0148113 0.0103091
internal_weight=582.364 13.5743 11.4333 568.79 77.1463 29.3846 26.7912 23.4819 2.59339 47.7616 8.19612 39.5655 3.30931 34.8561
internal_count=32816 521 437 32295 3069 1198 1029 943 169 1871 556 1315 86 1101
is_linear=0
shrinkage=0.05


Tree=226
num_leaves=15
num_cat=0
split_feature=23 9 8 2 1 23 18 18 14 18 19 15 11 6
split_gain=1.81478 3.0136 3.85169 2.12851 1.68982 1.95643 2.02236 2.16061 1.92456 1.89477 2.83519 2.63612 2.55965 2.10817
threshold=0.64852941176470602 10.990181469922979 437.50000000000006 0.58568538633710254 5.5000000000000009 0.13961038961038957 0.15722311396468699 0.19456735496558503 0.42971846566748723 0.12778327560613559 0.12294197031039132 4.30923264121932 10.103254697386475 1523.0000000000002
decision_type=2 2 2 2 2 2 2 2 2 2 2 2 2 2
left_child=4 -2 3 -3 5 6 -1 -8 -9 11 -11 12 -7 -12
right_child=1 2 -4 -5 -6 9 7 8 -10 10 13 -13 -14 -15
leaf_value=-0.036789553799402804 -0.022322335854011936 0.05018861240820667 -0.011496698196824466 0.0088408127169597416 0.0011257628842898978 0.027615152462964827 0.043839792545819933 0.030515628080309654 -0.023627980322086472 -0.030813062938863062 -0.0063679236585989429 -0.012237472175802545 -0.02445445645921944 0.028245661374061804
leaf_weight=0.71617715107276936 4.156135123397692 7.902595644300165 5.8910763349995241 5.5653018974117003 319.72874087654418 13.3418438724475 4.7169548501260561 1.8000863281777126 2.9693493205413688 10.909235444443764 183.62104000760883 9.8234965275041741 2.0204481976106754 3.5333649244857943
leaf_count=26 116 413 212 203 26651 256 77 30 89 244 4141 208 52 124
internal_value=-0.000647542 0.0126669 0.0209061 0.0348946 -0.00123536 -0.00446009 0.015992 0.0231051 -0.00144578 -0.0054619 -0.00710609 0.00724578 0.0196909 -0.00556779
internal_weight=576.696 23.5151 19.359 13.4679 553.181 233.452 10.2026 9.48639 4.76944 223.249 198.064 25.1858 15.3623 187.154
internal_count=32842 944 828 616 31898 5247 222 196 119 5025 4509 516 308 4265
is_linear=0
shrinkage=0.05


Tree=227
num_leaves=15
num_cat=0
split_feature=29 28 21 0 11 30 22 30 18 17 10 4 9 26
split_gain=1.41801 2.03107 3.16061 2.63366 1.90928 1.72861 2.66072 1.72643 1.56047 1.4778 1.46301 3.11846 3.16673 3.74213
threshold=0.11324786324786322 0.24068965517241384 0.51363749070171105 1504.5000000000002 10.080646236003821 641.00000000000011 16.500000000000004 124.50000000000001 0.1491882691804137 0.66321160042964566 12.825479674693842 19.039344685242522 15.706692849395029 0.13188405797101446
decision_type=2 2 2 2 2 2 2 2 2 2 2 2 2 2
left_child=10 2 4 7 5 6 -2 -4 -6 -5 11 12 -1 -14
right_child=1 -3 3 9 8 -7 -8 -9 -10 -11 -12 -13 13 -15
leaf_value=-0.0079102746429002557 -0.01996582544551688 0.032522873575753904 0.011196850632182924 -0.018225900172044625 -0.0090495705618214937 -0.03346884085475732 0.026848708636176766 -0.04614931799834783 0.035298389831509354 0.037322427613606407 0.0049156439150897027 0.0028628877094585992 0.035625349324170094 -0.020427733988288468
leaf_weight=160.48230086666445 5.6279307559525495 1.7648743311874557 1.0966475003660878 1.5969740317377721 2.5929353326064293 4.2799460068999897 4.6028817076658015 10.123352556222015 4.4239581997971982 1.311385057546431 140.80518135801321 225.87651134697444 8.1130403336574073 3.6376345798526009
leaf_count=10431 875 38 56 152 138 563 167 1839 306 33 10951 6467 313 498
internal_value=-0.000106595 -0.00938751 -0.0122926 -0.0298066 1.45078e-05 -0.0102262 0.00161146 -0.0400867 0.0198259 0.00996181 0.000554042 -0.000997041 -0.00604648 0.0180319
internal_weight=576.336 37.4209 35.656 14.1284 21.5277 14.5108 10.2308 11.22 7.01689 2.90836 538.915 398.109 172.233 11.7507
internal_count=32827 4167 4129 2080 2049 1605 1042 1895 444 185 28660 17709 11242 811
is_linear=0
shrinkage=0.05


Tree=228
num_leaves=15
num_cat=0
split_feature=12 14 18 12 26 15 22 14 30 1 14 12 8 18
split_gain=2.20784 2.58452 1.94448 3.78558 2.65242 2.50794 2.54658 2.50489 3.26545 1.55709 1.53635 1.47572 2.26601 1.35391
threshold=10.382677884301833 0.88919346615739292 0.25410277105192364 13.145000000000001 0.29705882352941176 3.6929778287825066 18.500000000000004 0.94758810296846396 523.00000000000011 4.5000000000000009 0.72997595521322889 17.013492605233221 445.50000000000006 0.19124040920716109
decision_type=2 2 2 2 2 2 2 2 2 2 2 2 2 2
left_child=1 10 4 -4 -2 -5 -7 8 -6 -9 -1 12 -10 -11
right_child=2 -3 3 5 7 6 -8 9 11 13 -12 -13 -14 -15
leaf_value=-0.028733035421807412 0.00075559722667867821 -0.042428129542845132 0.046387856460805697 0.031713643930508809 -0.043593776304188508 -0.034504491616019949 0.019228586873152854 -0.022798477809284526 0.033778517088652885 -0.016219464765323214 0.039598867872657595 -0.02486289437547012 -0.020121306208197031 0.033950600053153215
leaf_weight=0.41086990513576793 531.45904629878714 5.0439815863755939 5.7115129287194604 2.9760728049732261 9.5103513448339125 5.1416858211741783 2.6417740909819258 1.8474035106482904 3.5399029332220362 1.1469014197282374 1.3269306513684567 3.5867401785071706 2.5443434807821177 4.1324738560178957
leaf_count=33 28065 1669 328 103 607 201 62 59 216 322 105 167 243 569
internal_value=0.000132908 -0.0263217 0.000490553 0.0169159 -2.38992e-05 -0.00134307 -0.0161542 -0.0152218 -0.0242893 0.00916876 0.0188492 -0.00299928 0.0115798 0.0222043
internal_weight=581.02 6.78178 574.238 16.471 557.767 10.7595 7.78346 26.3081 19.1813 7.12678 1.7378 9.67099 6.08425 5.27938
internal_count=32749 1807 30942 694 30248 366 263 2183 1233 950 138 626 459 891
is_linear=0
shrinkage=0.05


Tree=229
num_leaves=15
num_cat=0
split_feature=23 10 17 17 12 3 21 24 11 6 10 15 23 2
split_gain=1.97351 1.88173 2.85134 2.73457 1.95853 3.54772 2.80367 2.87143 3.96026 2.91181 2.73109 4.0313 3.77494 3.04497
threshold=0.75735294117647067 14.086331069140565 0.63028588445503286 0.68360888659261188 15.79455399061033 82.500000000000014 0.26256313131313136 0.12771739130434781 9.8661527421440081 168.50000000000003 9.8651614731058572 3.8988951071492415 0.31909090909090915 0.45835212707662171
decision_type=2 2 2 2 2 2 2 2 2 2 2 2 2 2
left_child=1 4 -3 -4 5 -1 -7 8 -8 -9 11 -6 -12 -14
right_child=-2 2 3 -5 10 6 7 9 -10 -11 12 -13 13 -15
leaf_value=-4.6551396599420895e-05 -0.027832663318681169 0.019511531762656398 -0.01829248266869345 0.015030806020248234 0.0044805428099565919 0.01832628269787653 -0.025485843074468557 -0.058470741704809648 0.014532432072635422 -0.018103639251607084 -0.0038187857294938662 -0.016326380804114127 -0.007219759188886077 0.01554139937020965
leaf_weight=208.16432800199254 4.9719927841797462 31.009779088864889 12.725148319019356 10.198391061458095 59.961492060207092 4.9649855879251836 11.39473272578107 6.0324435702059445 11.411965440507627 16.641163503431017 54.066148649188108 36.734544951294083 16.688915608538082 96.673018090266851
leaf_count=18208 211 2772 1409 530 1699 90 993 219 415 915 1739 845 589 2148
internal_value=0.000765744 0.00106007 0.00986311 -0.00345878 0.000134716 -0.0029525 -0.01471 -0.0186332 -0.00569227 -0.0308597 0.00315721 -0.00351015 0.00700584 0.0121567
internal_weight=581.639 576.667 53.9333 22.9235 522.734 258.61 50.4453 45.4803 22.8067 22.6736 264.124 96.696 167.428 113.362
internal_count=32782 32571 4711 1939 27860 20840 2632 2542 1408 1134 7020 2544 4476 2737
is_linear=0
shrinkage=0.05


Tree=230
num_leaves=15
num_cat=0
split_feature=1 1 27 9 10 18 29 30 27 19 1 10 30 2
split_gain=2.65944 2.56669 4.11021 3.47069 2.56979 2.68881 2.46367 2.86027 3.31366 4.11253 2.67889 2.3744 2.50774 2.7305
threshold=11.500000000000002 21.500000000000004 0.093073593073593072 15.536471685012813 10.511322847473172 0.14048793859649122 0.093073593073593072 129.50000000000003 0.078461538461538458 0.15590372929822474 4.5000000000000009 14.722138002121548 2268.0000000000005 0.49259866183449602
decision_type=2 2 2 2 2 2 2 2 2 2 2 2 2 2
left_child=6 11 3 4 -3 -6 -1 -8 9 -9 -11 12 13 -2
right_child=1 2 -4 -5 5 -7 7 8 -10 10 -12 -13 -14 -15
leaf_value=-0.0016437709011395381 0.009118581357895103 -0.0075203965690785485 -0.016298559490608454 -0.022091867165490889 -0.017428598654933066 0.030516300962207282 0.029200372071856384 0.014614982369667261 -0.036234671517316415 -0.045581111850290151 0.00030786295518556275 0.031287986555239782 0.04106191561331865 -0.0085450343219802376
leaf_weight=340.36278993403903 85.093883033918246 8.5689773681588139 32.568519848322467 6.947856577262427 2.7600872719376666 18.892839847248979 2.574410056375199 11.523696888143606 14.442220281900516 6.3185709424724319 5.6010482571145985 9.3934400324942526 3.9654211192973881 28.457095881662099
leaf_count=10063 8032 491 6198 862 279 2136 84 336 1020 186 355 693 144 2129
internal_value=-0.00061461 0.00409455 -0.00357856 0.00770184 0.0150395 0.0239052 -0.00305067 -0.0145609 -0.018209 -0.00607621 -0.025663 0.00830602 0.00622051 0.00465594
internal_weight=577.471 196.648 69.7383 37.1698 30.2219 21.6529 380.823 40.4599 37.8855 23.4433 11.9196 126.91 117.516 113.551
internal_count=33008 20964 9966 3768 2906 2415 12044 1981 1897 877 541 10998 10305 10161
is_linear=0
shrinkage=0.05


Tree=231
num_leaves=15
num_cat=0
split_feature=14 14 14 1 27 18 16 26 15 16 11 18 24 4
split_gain=2.88136 1.99081 1.97663 3.47925 3.31737 5.40156 4.31064 3.79084 3.28981 2.88425 4.18928 3.76662 4.53796 3.84652
threshold=1.482757743624801 1.4233815297087109 0.71864585637050504 4.5000000000000009 0.078461538461538458 0.14093535572408813 87.500000000000014 0.30217391304347829 4.0996245873483756 71.500000000000014 10.19910519769498 0.22542115437724383 0.064583333333333312 18.495436063397229
decision_type=2 2 2 2 2 2 2 2 2 2 2 2 2 2
left_child=1 2 9 -4 5 8 -7 -6 -5 11 -11 12 -1 -14
right_child=-2 -3 3 4 7 6 -8 -9 -10 10 -12 -13 13 -15
leaf_value=0.030520317298899126 -0.045410701440527369 0.040575836247515283 -0.010231217341388781 -0.028482351035050892 -0.0071203855216092522 0.008389624369002275 0.038903569990514204 0.026848917061648277 0.013292502762748504 0.0022628589940302973 -0.024184285769927982 -0.015140231387514903 0.00014355016320999727 0.023470299555847573
leaf_weight=25.979024574044161 2.3365866865278795 2.1913009495110591 86.704154901613947 13.245398253493478 101.12534566415707 68.875222297323489 13.15856642158178 7.9511254211647602 6.320841290493262 138.47778034953808 15.774824947002342 12.873160005801763 61.396367482946516 23.822664072635234
leaf_count=974 387 386 2007 688 12100 5413 288 1058 271 4518 598 627 2894 567
internal_value=0.00092437 0.00118983 0.000969822 -0.00186188 0.00161459 0.00807617 0.0136938 -0.00442278 -0.0149969 0.00399124 -0.000580142 0.00963385 0.0126113 0.00686104
internal_weight=580.232 577.896 575.704 297.381 210.676 101.6 82.0338 109.076 19.5662 278.324 154.253 124.071 111.198 85.219
internal_count=32776 32389 32003 21825 19818 6660 5701 13158 959 10178 5116 5062 4435 3461
is_linear=0
shrinkage=0.05


Tree=232
num_leaves=15
num_cat=0
split_feature=21 28 23 9 25 19 20 12 14 20 14 10 14 12
split_gain=2.36105 3.63985 3.47118 5.1922 3.76253 3.60438 3.3482 3.32464 3.67079 3.51262 3.33542 3.32228 5.24365 3.10633
threshold=0.41707119741100329 0.14907407407407408 0.46547619047619054 14.247845902724423 0.1188235294117647 0.26847469967236987 0.024896694214876006 18.791666666666668 0.88246925413212796 0.016001024065540152 1.1259956555154316 10.511322847473172 0.69989246283509787 23.002702702702706
decision_type=2 2 2 2 2 2 2 2 2 2 2 2 2 2
left_child=13 2 5 4 -4 -2 -5 8 9 11 -10 -3 -13 -1
right_child=1 7 3 6 -6 -7 -8 -9 10 -11 -12 12 -14 -15
leaf_value=0.0013167613843948359 -0.012484253921104716 -0.045494750862887928 0.0043152124162983375 0.014485547528033139 -0.026468828166928349 0.03148910804145779 -0.025110257094342614 0.018498048110587036 0.019181652218147383 0.022644211556761561 -0.020857338749918124 0.0050855272945743999 -0.030663835931485073 0.024198367393775743
leaf_weight=184.4691658365191 159.26629249166035 6.0626846073137122 17.238628207112924 50.479768125656847 21.640477370339795 3.8687236616606233 5.0429688555450403 27.88026227906812 27.21162333326356 6.8000604617409399 5.5093429322732836 27.293130252219271 15.215553074129273 15.144307935959658
leaf_count=6644 15877 142 648 4005 935 279 357 652 892 144 707 677 509 336
internal_value=-0.00121512 -0.00355802 -0.00686202 0.000769469 -0.0130535 -0.0112559 0.0105086 0.003775 -0.00104 -0.00883487 0.0120215 -0.0136099 -0.00812127 0.00316472
internal_weight=573.123 373.51 257.537 94.4018 38.8791 163.135 55.5227 115.973 88.0924 55.3714 32.721 48.5714 42.5087 199.613
internal_count=32804 25824 22101 5945 1583 16156 4362 3723 3071 1472 1599 1328 1186 6980
is_linear=0
shrinkage=0.05


Tree=233
num_leaves=15
num_cat=0
split_feature=25 23 10 0 30 0 27 10 18 21 30 17 2 20
split_gain=2.11339 2.78474 2.90335 2.79713 3.08548 2.41999 2.0851 2.62835 2.53074 1.98247 2.26815 2.23591 1.98291 1.9544
threshold=0.13714733542319749 0.39009661835748799 11.206529328288529 2708.5000000000005 897.00000000000011 3177.5000000000005 0.054093567251461951 12.366753012802532 0.18379075768238332 0.67175839552238814 452.00000000000006 0.52255766621438271 0.14315464252805032 0.012270400481782552
decision_type=2 2 2 2 2 2 2 2 2 2 2 2 2 2
left_child=1 2 -1 4 6 9 7 8 -3 12 11 -11 -2 -9
right_child=5 3 -4 -5 -6 -7 -8 13 -10 10 -12 -13 -14 -15
leaf_value=-0.025774490817975435 -0.020406324606804024 -0.037914058219216784 -0.0038701706966030717 -0.031116383027532536 0.020338492002980987 0.029231497944493885 0.0034065733522399091 -0.013667511841854647 0.0064153148894948069 0.024589005475505091 0.0058476034389446617 -0.06202670771483107 0.0032637040371203507 0.029348861999721185
leaf_weight=23.019155644615239 8.0751914707943779 10.598484610440211 42.05728879387425 5.4163150074891737 19.521469141815032 7.4861439112573853 66.396354525812058 4.5783990516647446 4.0978550223371704 0.35891209763940368 3.2768245143088279 2.7313987568923039 374.60191366501203 4.1174485509254737
leaf_count=1270 1693 406 3725 141 837 141 4634 281 150 8 185 277 18924 187
internal_value=0.000769404 -0.00371399 -0.0118911 0.000986993 0.00284538 0.00280658 -0.00114004 -0.0136557 -0.0259322 0.00222446 -0.0234858 -0.0484149 0.00271234 0.00762682
internal_weight=576.333 179.803 65.0764 114.726 109.31 396.53 89.7885 23.3922 14.6963 389.044 6.36714 3.09031 382.677 8.69585
internal_count=32859 11631 4995 6636 6495 21228 5658 1024 556 21087 470 285 20617 468
is_linear=0
shrinkage=0.05


Tree=234
num_leaves=15
num_cat=0
split_feature=28 20 30 8 22 13 5 8 6 8 24 6 9 4
split_gain=2.20475 2.97651 3.03598 2.55794 3.93535 4.29883 2.89246 3.68932 2.76099 2.73371 2.72521 3.41111 2.66433 4.80678
threshold=0.057189542483660101 0.025158227848101254 737.50000000000011 346.50000000000006 18.500000000000004 27.500000000000004 23.500000000000004 285.50000000000006 377.50000000000006 353.50000000000006 0.29289215686274511 346.50000000000006 12.843726595115635 23.198958333333337
decision_type=2 2 2 2 2 2 2 2 2 2 2 2 2 2
left_child=1 -1 -3 4 6 -6 7 8 -2 -5 11 -8 13 -7
right_child=3 2 -4 9 5 12 10 -9 -10 -11 -12 -13 -14 -15
leaf_value=-0.0054939390121746968 0.040046699986785471 -0.0025080933960851103 0.032757446776501595 0.030140486105215903 0.01505843904530014 0.016424576906641276 -0.048642960358594903 -0.013191259813327328 -0.013077643427105932 0.004935820941261479 0.0043880070834193177 -0.0088445358707456533 -0.029231884341887688 -0.024015940459028738
leaf_weight=193.22554731893433 6.3871735042157542 13.642949980960113 9.8549826173111779 10.395960757541614 44.428306578367483 17.399065660778437 11.821114141559525 19.785880155664927 3.0607059216636117 212.69147781074571 6.6311242656665845 10.207441590377128 9.4223080499505141 11.233545246181164
leaf_count=14752 779 597 227 514 1144 333 736 2614 542 9528 161 329 210 339
internal_value=0.00054555 -0.0034365 0.0130156 0.00292285 -0.00235504 0.00464539 -0.0122384 -0.00104071 0.0232322 0.00623963 -0.0232402 -0.0313863 -0.00758591 0.000283363
internal_weight=580.188 216.723 23.4979 363.464 140.377 82.4832 57.8934 29.2338 9.44788 223.087 28.6597 22.0286 38.0549 28.6326
internal_count=32805 15576 824 17229 7187 2026 5161 3935 1321 10042 1226 1065 882 672
is_linear=0
shrinkage=0.05


Tree=235
num_leaves=15
num_cat=0
split_feature=20 10 10 15 21 25 6 21 15 19 28 20 19 29
split_gain=2.7689 2.60617 3.62785 2.28886 2.47453 3.3843 2.91486 2.48847 2.38983 2.04105 2.01821 2.44331 1.94143 1.7698
threshold=0.032697790449037756 11.562653473696351 13.331137008000233 3.3855683317623613 0.59508740204942745 0.24068965517241384 52.500000000000007 0.43090185676392573 4.9710390403364206 0.17555713608345183 0.10172413793103446 0.013072453861927501 0.22271825396825398 0.17519181585677748
decision_type=2 2 2 2 2 2 2 2 2 2 2 2 2 2
left_child=3 -2 -3 4 6 -6 -1 9 13 -8 11 -9 -7 -5
right_child=1 2 -4 8 5 12 7 10 -10 -11 -12 -13 -14 -15
leaf_value=-0.045645453051802704 0.031020941282344866 -0.029982310823552533 0.025374726071200795 0.0009406833694895931 -0.021802635204675909 0.055378941295909534 0.020913576772804032 -0.048361005552684716 -0.028372651407639518 -0.018066531471312996 -0.0029356402546225242 0.0055739072331577929 -0.021661343763749057 -0.024324005213662757
leaf_weight=6.0773191742628105 12.525790799831158 4.9303925089188834 4.9160861195268808 487.06189540121341 2.770968930941307 3.1136193814090807 8.3289347925310739 7.3280513913705381 6.2302046060212879 4.3259599916855214 9.0989458353869832 2.5517370115121594 0.45230534692382196 6.0320501086353024
leaf_count=1807 262 216 208 26343 457 128 292 797 243 223 369 183 79 1064
internal_value=-8.43758e-05 0.0167675 -0.0025527 -0.000807746 -0.0116019 0.0155559 -0.0164494 -0.00961349 0.000165741 0.00724134 -0.0206521 -0.0351988 0.0430031 0.000583015
internal_weight=565.744 22.3723 9.84648 543.372 44.0478 6.33689 37.7109 31.6336 499.324 12.6549 18.9787 9.87979 3.56592 493.094
internal_count=32671 686 424 31985 4335 664 3671 1864 27650 515 1349 980 207 27407
is_linear=0
shrinkage=0.05


Tree=236
num_leaves=15
num_cat=0
split_feature=1 22 1 27 9 18 21 25 27 9 25 11 28 1
split_gain=1.81082 2.37642 1.93724 2.14872 2.61873 2.1396 2.12925 1.90611 3.28257 3.27482 3.04325 3.15592 2.52025 2.89788
threshold=10.500000000000002 11.500000000000002 21.500000000000004 0.075498575498575457 15.536471685012813 0.10880327163151096 0.65771449170872398 0.28285714285714292 0.046536796536796508 14.748064599577186 0.15192307692307691 11.580030655969333 0.13714733542319749 5.5000000000000009
decision_type=2 2 2 2 2 2 2 2 2 2 2 2 2 2
left_child=1 -1 5 4 -4 -2 -7 10 -9 12 11 -3 13 -10
right_child=2 7 3 -5 -6 6 -8 8 9 -11 -12 -13 -14 -15
leaf_value=-0.029748543931324326 -0.021407365503072397 -0.0073247427090836655 0.014033081827736903 -0.011003542054887112 -0.024529644840239048 0.0093745498024578149 -0.027335627864167433 0.0073285251424879934 -0.00043832653787272683 -0.030046986501673392 0.0047701975650907228 0.029449894464078908 0.02438748419348959 -0.040490348608812773
leaf_weight=6.6683618943789034 5.4022760414663926 120.3539313730289 22.918087267691593 37.773906527751024 4.4452131611469659 129.91411478531154 3.1270187767840971 20.888233001634944 16.149769460083924 21.643024915305432 159.94725046854364 5.1540037601953363 5.1993760243058196 5.2814459132787297
leaf_count=328 240 4216 2182 7094 553 11349 388 472 354 880 4306 115 87 248
internal_value=-8.09781e-05 -0.00220444 0.0036798 -0.00339559 0.00712454 0.00700923 0.00831421 -0.0016043 -0.00898799 -0.0160537 0.000209801 -0.00559373 -0.00400527 -0.0116737
internal_weight=564.866 361.285 203.581 65.1372 27.3633 138.443 133.041 354.617 69.1618 48.2736 285.455 125.508 26.6306 21.4312
internal_count=32812 11006 21806 9829 2735 11977 11737 10678 2041 1569 8637 4331 689 602
is_linear=0
shrinkage=0.05


Tree=237
num_leaves=15
num_cat=0
split_feature=1 14 5 27 3 5 14 12 22 17 28 24 26 24
split_gain=2.30641 2.64898 4.31912 3.11416 2.94042 2.20629 3.44321 3.46216 3.27302 3.55338 2.15806 2.10168 2.71716 2.07087
threshold=12.500000000000002 0.84218486656302594 20.500000000000004 0.070197044334975353 94.500000000000014 20.500000000000004 1.1113325712919571 13.573703703703705 12.500000000000002 0.70853559870550176 0.26491228070175438 0.45804195804195807 0.26969696969696971 0.11651583710407236
decision_type=2 2 2 2 2 2 2 2 2 2 2 2 2 2
left_child=5 4 -3 13 11 6 7 10 9 -7 -1 12 -2 -4
right_child=1 2 3 -5 -6 8 -8 -9 -10 -11 -12 -13 -14 -15
leaf_value=0.0228206130046546 0.0023648596981914616 -0.0033427234760255069 0.0029162213890670703 0.0073271296793138421 -0.035104121209354744 -0.054901204479453715 -0.035812026538368777 -0.014457141041496233 -0.0027781651271836651 0.010856426304509389 -0.038385366334574428 0.04050129032148464 -0.028316123553722452 0.039116986203238981
leaf_weight=30.005203319349679 82.991238696457003 31.695200670790655 5.0719423077971468 25.761325992583807 4.9488110746533485 5.1159601783801909 3.0601239760071612 8.4180958681390603 341.05690256040543 2.6619967738806736 0.62908286892343213 2.2748530568787819 6.894710966578713 20.048995023949828
leaf_count=1211 5730 7015 562 4058 441 314 552 297 10630 80 12 31 807 1008
internal_value=-9.81085e-05 0.00457565 0.011102 0.0199907 -0.0010306 -0.00225245 0.00843061 0.012705 -0.00356256 -0.0337228 0.0203901 0.00115623 -0.000274191 0.0321995
internal_weight=570.634 179.687 82.5775 50.8823 97.1096 390.947 42.1125 39.0524 348.835 7.77796 30.6343 92.1608 89.8859 25.1209
internal_count=32748 19652 12643 5628 7009 13096 2072 1520 11024 394 1223 6568 6537 1570
is_linear=0
shrinkage=0.05


Tree=238
num_leaves=15
num_cat=0
split_feature=18 30 24 16 6 29 21 17 0 2 18 9 1 19
split_gain=1.93462 2.47064 2.52875 1.94655 1.99 2.6751 3.86755 2.93302 2.51408 4.12574 3.26925 3.17408 3.70071 2.71921
threshold=0.25410277105192364 689.50000000000011 0.081666666666666665 43.500000000000007 296.50000000000006 0.03637566137566136 0.38496824276640795 0.65339933993399357 1006.5000000000001 0.51025983714775192 0.12993506493506493 11.928357255533893 3.5000000000000004 0.18099343185550082
decision_type=2 2 2 2 2 2 2 2 2 2 2 2 2 2
left_child=3 2 -2 -1 5 8 7 -7 13 -10 -11 -12 -13 -5
right_child=1 -3 -4 4 -6 6 -8 -9 9 10 11 12 -14 -15
leaf_value=-0.021662797335374455 -0.011047348119223277 -0.019039851304937645 0.039368062296041811 -0.0035700340197517204 0.0030976145849751315 0.037139148837715227 -0.013182736709855793 -0.0016493134487436554 -0.030453180243860047 0.022894904469607076 -0.036937123269836815 -0.013077633595119651 0.014827807575346692 0.014361823950476776
leaf_weight=9.5819854256405943 2.8254348084374206 2.9391577556452821 8.8998002809967129 35.301514749065973 263.48638620571001 5.8424607850902275 93.409319121912631 16.664466638838348 12.527358531900971 11.559256016989819 5.9642261008120832 25.770111911348067 20.363132815153222 50.502930455138994
leaf_count=932 195 204 340 2645 12119 219 8883 519 764 207 160 455 601 4369
internal_value=6.7136e-05 0.0173945 0.027306 -0.000424717 -9.58145e-06 -0.00295611 -0.00872064 0.00957118 0.00119708 -0.00537634 -4.66588e-05 -0.0054722 -0.000706959 0.00702819
internal_weight=565.638 14.6644 11.7252 550.973 541.391 277.905 115.916 22.5069 161.989 76.1841 63.6567 52.0975 46.1332 85.8044
internal_count=32612 739 535 31873 30941 18822 9621 738 9201 2187 1423 1216 1056 7014
is_linear=0
shrinkage=0.05


Tree=239
num_leaves=15
num_cat=0
split_feature=1 0 15 0 28 0 15 15 24 4 10 18 18 11
split_gain=1.6408 2.73242 4.59042 4.14859 3.75744 3.41466 2.56399 4.98535 2.68849 2.84259 2.61433 2.53684 4.49748 4.53534
threshold=5.5000000000000009 948.50000000000011 3.8463773497229847 1050.5000000000002 0.067816091954022953 714.50000000000011 4.2701613816058686 4.3571067075236973 0.17519181585677748 19.25105042016807 13.537869331482646 0.16477052359405298 0.16018867924528304 7.758791138820798
decision_type=2 2 2 2 2 2 2 2 2 2 2 2 2 2
left_child=1 2 4 -3 -1 -4 10 -8 9 -9 11 12 13 -5
right_child=-2 3 5 6 -6 -7 7 8 -10 -11 -12 -13 -14 -15
leaf_value=-0.012065742533398751 0.0010829780112123471 0.024630373982516718 0.030406171647622313 0.020559760539270888 -0.055329028818915819 -0.017117284471168632 -0.037034786394835928 -0.0036783956699749324 0.0058181400478871034 -0.035104969027170994 0.025414434360022171 -0.009148637950469005 0.036699607524558905 -0.013145517353983081
leaf_weight=12.299737681547414 335.73574646569978 12.559784397279143 6.1536177765810844 14.748390002787344 8.4445791140315105 7.072591569769429 13.906776971300131 20.778774270438593 30.308327042264864 10.234079645102609 8.8613911151478515 52.261796319711721 8.9061638003913668 26.254933214164339
leaf_count=414 27390 244 121 327 247 218 335 586 677 305 177 1196 120 510
internal_value=-0.00115364 -0.00437017 -0.017263 -0.00209193 -0.0314119 0.00557656 -0.00401575 -0.0110772 -0.00469065 -0.0148216 0.000824795 -0.00153354 0.00646354 -0.000821294
internal_weight=568.527 232.791 33.9705 198.82 20.7443 13.2262 186.261 75.228 61.3212 31.0129 111.033 102.171 49.9095 41.0033
internal_count=32867 5477 1000 4477 661 339 4233 1903 1568 891 2330 2153 957 837
is_linear=0
shrinkage=0.05


Tree=240
num_leaves=15
num_cat=0
split_feature=24 8 24 8 26 14 27 5 11 11 9 8 15 2
split_gain=1.68127 2.42219 2.54228 1.8213 1.87184 1.79373 3.08112 4.6879 4.87855 3.08926 3.59356 3.56441 3.00382 4.0892
threshold=0.42481203007518792 458.50000000000006 0.46410256410256417 378.50000000000006 0.064583333333333312 0.91827943882826546 0.070197044334975353 22.500000000000004 8.1498354504114356 8.7618502446440356 13.956221308461418 326.50000000000006 3.8853122971847092 0.76790982621627268
decision_type=2 2 2 2 2 2 2 2 2 2 2 2 2 2
left_child=5 3 -3 4 -2 -1 7 12 -9 -10 -11 -12 -7 -14
right_child=1 2 -4 -5 -6 6 -8 8 9 10 11 -13 13 -15
leaf_value=-0.0025548200604136686 0.044419543569711423 0.020713511428433706 -0.042249354617504731 0.048584432627808989 -0.010673023046988511 -0.022717622297614867 -0.0025101221607827912 -0.0082337528535357547 0.059179115879211111 -0.013854410463447276 -0.031420598222204672 0.04053821729304298 0.021543678980855394 -0.034999389396672326
leaf_weight=406.38742600920523 1.2122209702501985 2.2799552517244583 2.269781650044024 4.6485818995861337 4.2252346212480916 10.925219391407156 82.359415870012526 8.7107497474862594 7.7561766674334676 4.87556357495487 1.209910452904295 13.58690920070512 13.761387078222471 3.1272881765617049
leaf_count=17214 36 43 51 102 170 1461 11281 424 175 169 97 311 1053 144
internal_value=-0.000390537 0.0157794 -0.0126505 0.0285882 0.00660149 -0.00084645 0.00388373 0.0120297 0.02366 0.0337221 0.021308 0.0330377 -0.0033786 0.00970234
internal_weight=567.336 14.6358 4.54974 10.086 5.43746 552.7 146.313 63.9532 36.1393 27.4286 19.6724 14.7968 27.8139 16.8887
internal_count=32731 402 94 308 206 32329 15115 3834 1176 752 577 408 2658 1197
is_linear=0
shrinkage=0.05


Tree=241
num_leaves=15
num_cat=0
split_feature=13 4 8 18 15 23 16 29 2 0 24 26 14 3
split_gain=1.96999 3.06376 3.97764 3.80995 4.1051 3.59799 3.44241 2.64235 2.59012 2.579 2.97921 2.52335 2.49962 2.4847
threshold=26.500000000000004 18.754465709728869 456.50000000000006 0.16929280397022334 4.6216317488714953 0.64142857142857157 80.500000000000014 0.11324786324786322 0.64752959641036789 2009.5000000000002 0.16333333333333333 0.075498575498575457 1.3079070638898334 60.500000000000007
decision_type=2 2 2 2 2 2 2 2 2 2 2 2 2 2
left_child=1 3 9 4 11 6 7 12 -6 13 -11 -1 -5 -3
right_child=-2 2 -4 5 8 -7 -8 -9 -10 10 -12 -13 -14 -15
leaf_value=-0.00342237242735202 -0.0069226470297078964 -0.0004042480467182385 0.050816658322376175 0.0048493043541632764 0.045324655240795382 0.044096309717078869 -0.046639298120453282 -0.021694575207284204 -0.00078970477423312326 -0.01771546242902183 0.0070050477326759723 -0.018935000514616329 -0.033257363504194559 0.014078541854594777
leaf_weight=45.679584668869211 108.15706447877528 49.254196514571959 3.7784854106139383 146.88230505692263 4.0976778771437221 3.9860288615309392 2.7127949330752008 9.9368619746928726 7.4789550307759782 23.333979493821971 23.605533757916419 62.228427431084128 3.4426608439061956 73.066417926576833
leaf_count=2501 4401 2535 55 11049 113 211 282 1716 271 685 585 5390 1007 2032
internal_value=-0.000884468 0.000548795 0.00578339 -0.00262249 -0.00940062 0.00225534 0.000969311 0.00205941 0.017839 0.00448553 -0.0053969 -0.0124599 0.0037626 0.00829084
internal_weight=567.641 459.484 173.039 286.445 119.485 166.961 162.975 160.262 11.5766 169.26 46.9395 107.908 150.325 122.321
internal_count=32833 28432 5892 22540 8275 14265 14054 13772 384 5837 1270 7891 12056 4567
is_linear=0
shrinkage=0.05


Tree=242
num_leaves=15
num_cat=0
split_feature=8 8 14 25 1 22 8 11 27 8 8 9 30 26
split_gain=1.48065 1.79837 4.09863 3.33023 3.30838 2.64335 3.20181 2.51341 2.379 3.20608 3.3452 3.46416 3.16957 2.60732
threshold=619.50000000000011 447.50000000000006 0.98407405194065756 0.43614130434782611 4.5000000000000009 12.500000000000002 549.50000000000011 11.580030655969333 0.064583333333333312 478.50000000000006 527.50000000000011 15.323095238620633 484.50000000000006 0.12250000000000001
decision_type=2 2 2 2 2 2 2 2 2 2 2 2 2 2
left_child=1 -1 3 5 -4 6 7 -3 13 -10 11 -11 -13 -7
right_child=-2 2 4 -5 -6 8 -8 -9 9 10 -12 12 -14 -15
leaf_value=-0.00076445327537917943 -0.019272514642861838 -0.043059842051529518 -0.023474769954860298 -0.044069552589838017 0.030806984264130463 0.0081732806205125335 0.014226204176870481 0.017282944488678804 0.024332020174405201 -0.027893795241462412 0.016512729694470145 0.027950862732447637 -0.023732718986622072 -0.018933208282674807
leaf_weight=415.77078550885926 8.2320519439963373 7.77024726498348 2.4745982660097097 2.819344549876404 20.988234191609081 17.892013015676639 5.0575655383290714 1.5672384228091685 27.456206060498516 11.983583713357804 21.571362944800057 7.1478658999258169 3.7452683840965619 15.830603999842422
leaf_count=26197 397 541 89 166 1020 492 223 74 1016 648 907 195 328 595
internal_value=0.000591113 0.000915743 0.00566334 0.00192511 0.0243564 0.00336075 -0.0160506 -0.0322396 0.00613189 0.0112212 0.00276525 -0.0103465 0.00967968 -0.00473028
internal_weight=570.307 562.075 146.304 122.841 23.4628 120.022 14.3951 9.33749 105.627 71.9043 44.4481 22.8767 10.8931 33.7226
internal_count=32888 32491 6294 5185 1109 5019 838 615 4181 3094 2078 1171 523 1087
is_linear=0
shrinkage=0.05


Tree=243
num_leaves=15
num_cat=0
split_feature=28 15 3 14 21 19 19 27 20 18 14 15 4 14
split_gain=2.57598 2.36922 2.85632 2.44276 2.08029 1.9724 2.93955 1.96242 1.78651 2.41702 3.56771 3.55128 3.02301 2.40698
threshold=0.19615384615384618 4.6216317488714953 162.50000000000003 1.1335834894548982 0.62328251458686246 0.26546556122448989 0.19707639778062308 0.23303167420814477 0.010811126694717151 0.17083593912862202 1.1523094880692815 3.4519546098210472 17.48499849984999 0.61488285916859187
decision_type=2 2 2 2 2 2 2 2 2 2 2 2 2 2
left_child=4 3 -3 7 8 6 -6 -2 -1 10 11 -10 -13 -11
right_child=1 2 -4 -5 5 -7 -8 -9 9 13 -12 12 -14 -15
leaf_value=-0.0033357084452280334 0.015896346729405889 -0.045017069528208428 0.028704469784430205 -0.030128985993570719 0.00063132816632607922 0.032054472454841616 -0.040150191097665995 -0.020806057909820014 0.024717932898843855 -0.0032158624095556345 -0.046384552717783099 -0.03028413359872479 -0.0003717299729122422 0.016091073704453611
leaf_weight=312.19909236780768 55.007718647495494 3.1281906938238526 1.1216828972101209 2.4432755792950038 7.7551251115182884 0.95386002441955398 9.1776343851088296 3.051265111542306 11.502333023214304 23.436546697485028 3.3594773616969169 8.5818362865611544 71.506855375067971 48.878095299951383
leaf_count=21552 1420 81 16 300 779 66 1266 59 484 771 476 660 2002 2701
internal_value=-0.000522415 0.00878067 -0.0237981 0.0114188 -0.00174881 -0.0180274 -0.0224788 0.0136478 -0.00110527 0.0030529 -0.00219187 -8.7468e-05 -0.00391091 0.00987535
internal_weight=562.103 64.7521 4.24987 60.5023 497.351 17.8866 16.9328 58.059 479.464 167.265 94.9505 91.591 80.0887 72.3146
internal_count=32633 1876 97 1779 30757 2111 2045 1479 28646 7094 3622 3146 2662 3472
is_linear=0
shrinkage=0.05


Tree=244
num_leaves=15
num_cat=0
split_feature=0 18 6 19 24 14 16 21 28 14 22 14 11 6
split_gain=1.7807 2.57997 3.21234 1.91905 1.68576 1.5204 1.45168 3.86158 2.76867 3.17395 1.81879 3.09931 3.36338 3.18125
threshold=319.50000000000006 0.23463088939279417 52.500000000000007 0.1843382728666326 0.24500000000000002 0.91827943882826546 98.500000000000014 0.41287094547964115 0.078461538461538458 0.585385029415458 17.500000000000004 0.585385029415458 10.335113818011921 157.50000000000003
decision_type=2 2 2 2 2 2 2 2 2 2 2 2 2 2
left_child=1 2 4 5 -1 -4 10 -8 9 -9 11 12 -2 -14
right_child=6 -3 3 -5 -6 -7 7 8 -10 -11 -12 -13 13 -15
leaf_value=-0.030272597189249587 -0.019178455718665464 0.051112451674849395 0.042756138279371469 -0.0053320994140956084 0.014401634106025671 -0.0160466839179235 0.02800518767780056 -0.036288553241421162 -0.039056753065485408 0.021700883049530609 0.0032027333775344387 5.5040340502934342e-05 -0.038089846055732193 0.010552761773369126
leaf_weight=5.7708352020708897 48.445884259352169 2.7969282788981209 6.662336252658859 3.9903102971220505 2.3576501819188707 0.75301734933600517 3.761676371679644 2.8061638530707587 10.003517510995151 5.208918101809104 219.65745546676408 236.76096237752063 2.9598865199805031 21.440568113197514
leaf_count=2124 2585 156 172 356 297 91 76 153 321 215 6592 18681 177 859
internal_value=-0.000229792 0.0133011 0.00566168 0.0219958 -0.0171567 0.0355875 -0.00080123 -0.0131601 -0.0227747 -0.000375057 -0.000268778 -0.0027341 -0.0116772 0.00338492
internal_weight=573.376 22.3311 19.5341 11.4057 8.12849 7.41535 551.045 21.7803 18.0186 8.01508 529.265 309.607 72.8463 24.4005
internal_count=32855 3196 3040 619 2421 263 29659 765 689 368 28894 22302 3621 1036
is_linear=0
shrinkage=0.05


Tree=245
num_leaves=15
num_cat=0
split_feature=23 12 25 2 26 23 19 2 15 15 20 23 9 15
split_gain=1.79963 3.35794 3.18067 2.90641 2.81263 1.71293 2.25972 2.27418 1.97275 4.09962 3.1855 3.27813 5.28558 2.77853
threshold=0.64142857142857157 14.445000000000002 0.054093567251461951 0.17353292505054194 0.042572463768115909 0.56832298136645976 0.14504441327723233 0.92455538158291184 3.9075504486349417 3.8765108184196184 0.033520599250936305 0.2124060150375939 14.601673675404804 3.3325591603407223
decision_type=2 2 2 2 2 2 2 2 2 2 2 2 2 2
left_child=5 2 -2 -4 -3 8 -7 -8 9 10 11 12 -1 -13
right_child=1 4 3 -5 -6 6 7 -9 -10 -11 -12 13 -14 -15
leaf_value=0.038147986317591864 -0.018847132117320965 -0.032551710432975237 -0.026428567391467608 0.048713989396452773 0.0099148397641890158 0.0030173370811226808 -0.030174415874489643 0.016699199413386184 -0.0027482417116876097 0.025154198490472707 0.033133443373882812 -0.017598535534197126 -0.0023472160787278923 0.00030248328629758637
leaf_weight=13.141796397878354 2.1162187730806208 4.5421361692133386 0.82707344478694622 9.7567352968253527 12.198154728597727 14.644786622127866 15.007042790668494 2.4204694300424299 260.35597395678269 19.041255674506829 6.7264613951410857 23.874402871377242 18.479776179381588 168.39558693850631
leaf_count=571 161 138 94 361 404 564 1028 44 13159 828 202 2771 1474 11219
internal_value=0.000240789 0.0120707 0.0304368 0.0410674 -0.00279299 -0.000422727 -0.01145 -0.0231113 0.000291773 0.00346035 0.00156831 0.00047687 0.0151359 -0.00199986
internal_weight=571.528 29.4403 12.7 10.5838 16.7403 542.088 32.0723 17.4275 510.015 249.659 230.618 223.892 31.6216 192.27
internal_count=33018 1158 616 455 542 31860 1636 1072 30224 17065 16237 16035 2045 13990
is_linear=0
shrinkage=0.05


Tree=246
num_leaves=15
num_cat=0
split_feature=26 2 11 25 18 17 0 8 14 6 27 15 12 13
split_gain=2.66624 2.87468 3.26664 3.1728 2.86822 2.82659 2.7317 2.69582 2.49704 2.37143 2.35208 2.62743 1.9932 2.77554
threshold=0.081666666666666665 0.49845021100188064 6.8989693269256707 0.06904761904761901 0.081238214959145169 0.76028169014084523 1689.5000000000002 405.50000000000006 0.60112414186600438 27.500000000000004 0.17914438502673799 4.0941936572050244 14.771666666666667 24.500000000000004
decision_type=2 2 2 2 2 2 2 2 2 2 2 2 2 2
left_child=1 3 5 -1 -2 -3 10 8 -8 -5 -4 -12 -6 -14
right_child=4 2 6 9 12 -7 7 -9 -10 -11 11 -13 13 -15
leaf_value=0.037452965172701559 -0.051693282246111819 0.024914874963703457 -0.021747836183634687 -0.022754984185863296 -0.0063370083665850998 -0.027006953604349099 0.016204680710521124 0.017893404866378405 -0.021551209598068839 0.010100993469734922 0.029170461222294677 -0.024169416306495564 0.0055593438278783098 -0.0057347079505568332
leaf_weight=9.2905164142248378 1.9623574684082985 15.414632078551223 29.543600901266473 5.0145679083543646 170.21925474696945 2.2674023311119518 5.6751230047666494 16.497507160471287 12.239043875422793 70.057755920668569 4.7339637899494837 2.9268242738835397 129.15042695587545 92.479681421194982
leaf_count=416 51 549 911 1150 18192 51 138 343 261 3579 160 105 4378 2567
internal_value=-0.000386323 0.00475817 -0.00149767 0.0113199 -0.00266122 0.0171676 -0.00627909 0.00383887 -0.00936595 0.00763606 -0.0154931 0.00835413 -0.00228471 0.00084208
internal_weight=567.473 173.661 89.2981 84.3628 393.812 17.682 71.6161 34.4117 17.9142 75.0723 37.2044 7.66079 391.849 221.63
internal_count=32851 7663 2518 5145 25188 600 1918 742 399 4729 1176 265 25137 6945
is_linear=0
shrinkage=0.05


Tree=247
num_leaves=15
num_cat=0
split_feature=14 6 26 6 23 4 24 17 20 2 20 30 26 15
split_gain=1.92689 2.39885 2.8977 2.83512 2.37747 1.84527 1.6978 1.83229 2.15317 1.8302 1.80963 1.59831 1.48001 1.67656
threshold=0.34423945013994001 717.50000000000011 0.19615384615384618 135.50000000000003 0.30602006688963218 21.004545454545458 0.08514492753623186 0.62031176746366634 0.011976477337923102 0.9110865492791751 0.020942982456140301 760.50000000000011 0.39009661835748799 3.3325591603407223
decision_type=2 2 2 2 2 2 2 2 2 2 2 2 2 2
left_child=1 2 6 -4 -3 -5 -1 8 11 10 -9 -8 13 -2
right_child=12 4 3 5 -6 -7 7 9 -10 -11 -12 -13 -14 -15
leaf_value=-0.048175560955464637 -0.010088969746058508 -0.019058302977744187 0.036161891896988256 -0.033126711351991522 0.02599770796538442 0.015576567924665869 -0.033419346603624292 -0.047985516214102374 0.038715035142599302 0.0061979495608856169 0.010071716392963148 0.022436127830369149 -0.020822192690886126 0.0020808202285154775
leaf_weight=5.7200205952831373 29.070193611294599 3.7470514967717445 3.5485751221567607 3.778671611835307 6.9529342073365115 2.4997388520278037 2.6763357348681924 6.7053317186837358 1.9569498699274843 2.698829558561556 1.2522627692087551 1.123251185097615 6.6250037681747918 483.53339313566539
leaf_count=248 3319 243 110 210 252 46 130 249 49 69 41 41 549 27281
internal_value=0.000203316 -0.00988631 -0.0166239 0.00560612 0.0099391 -0.0142597 -0.0263096 -0.0163602 0.00580996 -0.0278074 -0.0387448 -0.0156728 0.00104969 0.00137236
internal_weight=561.889 42.66 31.96 9.82699 10.7 6.27841 22.133 16.413 5.75654 10.6564 7.95759 3.79959 519.229 512.604
internal_count=32837 1688 1193 366 495 256 827 579 220 359 290 171 31149 30600
is_linear=0
shrinkage=0.05


Tree=248
num_leaves=15
num_cat=0
split_feature=20 10 25 0 2 21 1 17 11 27 11 24 0 12
split_gain=1.53651 2.11224 1.41287 2.79454 4.2481 4.1329 3.78614 2.88922 2.63525 2.5871 2.27978 2.19712 3.53363 2.56758
threshold=0.050316455696202508 11.1074830548693 0.27888888888888896 1057.5000000000002 0.27647783992183333 0.54587542087542096 7.5000000000000009 0.55022935779816529 7.6097257204962876 0.040833333333333312 9.8661527421440081 0.16333333333333333 1464.5000000000002 13.975000000000003
decision_type=2 2 2 2 2 2 2 2 2 2 2 2 2 2
left_child=2 -2 -1 4 7 9 8 -4 -6 -5 -7 13 -13 -11
right_child=1 -3 3 5 6 10 -8 -9 -10 11 -12 12 -14 -15
leaf_value=0.0016121102322623239 0.021349174521729294 -0.048332703103374029 0.031630954639583812 0.014960571855517033 0.025206057572520469 -0.04650987813259029 0.024154356055548318 -0.02580473128886121 -0.021906413370300762 0.030811340490445108 -0.001504693083229511 -0.054802334445416517 -0.0049368194921875809 -0.0092611549678851511
leaf_weight=448.21281852213178 0.89758005490875747 2.5090848802356049 1.709719093159946 11.883809211110927 3.227401075186207 9.9169286540854937 24.375393974565668 13.342821253394503 9.3446022864663956 4.0208961843382012 3.8833380248979656 5.207906719770107 8.8285071085847431 18.627397250398644
leaf_count=26221 35 68 167 373 77 414 1816 1813 270 299 164 190 242 680
internal_value=0.000115367 -0.0292947 0.00034512 -0.00459117 0.00393336 -0.0116484 0.0129882 -0.0177169 -0.00884593 -0.00449987 -0.034803 -0.0110337 -0.0258525 -0.00114477
internal_weight=565.988 3.40666 562.582 114.369 51.9999 62.3688 36.9474 15.0525 12.572 48.5685 13.8003 36.6847 14.0364 22.6483
internal_count=32829 103 32726 6505 4143 2362 2163 1980 347 1784 578 1411 432 979
is_linear=0
shrinkage=0.05


Tree=249
num_leaves=15
num_cat=0
split_feature=8 4 11 11 9 23 18 15 23 23 8 1 23 11
split_gain=3.1499 2.75819 2.2337 2.49498 3.42692 3.34179 2.36535 2.62655 2.36104 2.16347 2.97149 2.86293 2.18165 2.78099
threshold=447.50000000000006 18.387907401766679 9.5001514745640936 8.9846466582610933 15.410922837326281 0.41277890466531442 0.16081691297208536 4.5841392325092123 0.46547619047619054 0.64852941176470602 129.50000000000003 9.5000000000000018 0.55777777777777793 8.3962584141941221
decision_type=2 2 2 2 2 2 2 2 2 2 2 2 2 2
left_child=9 2 3 4 -2 -6 7 -4 -5 12 -11 -12 -1 -14
right_child=1 -3 6 8 5 -7 -8 -9 -10 10 11 -13 13 -15
leaf_value=-0.0012524333257994181 -0.012596495231008812 0.02451365290088884 -0.010193936963270048 -0.032318489465654042 0.032721696097852734 -0.020051268473359099 0.014051975662526674 0.026241797051179069 0.010389185197415768 -0.029686518330713757 0.0018843836768172668 0.041949179611932397 -0.0026627598056618452 -0.033041593081755187
leaf_weight=359.82033151760697 15.246703040014838 18.323837896154146 23.914305876271104 10.779065694543531 11.167649955023078 3.2310762829874866 63.06247147427348 5.1819330731523214 3.9068290911673094 2.4126768068526898 9.0893851154105523 7.9432400178266098 18.956307026044673 11.719141266112272
leaf_count=23678 929 421 957 714 460 222 2744 126 185 77 270 416 1175 558
internal_value=0.000757687 0.00681008 0.00427236 -0.00487626 0.00354559 0.0203463 0.00867825 -0.00304855 -0.0210191 -0.001539 0.0143242 0.0218589 -0.00236351 -0.0149453
internal_weight=564.755 154.814 136.49 44.3313 29.6454 14.3987 92.1587 29.0962 14.6859 409.941 19.4453 17.0326 390.496 30.6754
internal_count=32932 6758 6337 2510 1611 682 3827 1083 899 26174 763 686 25411 1733
is_linear=0
shrinkage=0.05


Tree=250
num_leaves=15
num_cat=0
split_feature=24 24 10 22 24 19 15 14 18 26 15 20 19 21
split_gain=1.85661 1.95684 2.63645 2.48372 4.35911 3.85317 3.85046 3.27073 2.77983 2.47751 2.42488 5.06801 2.53782 2.4866
threshold=0.53137254901960795 0.17914438502673799 15.019516452541538 13.500000000000002 0.11651583710407236 0.19456735496558503 4.454089401362709 0.32150485174358195 0.14048793859649122 0.31698564593301443 3.4070241654921825 0.015749007936507905 0.072949002217294862 0.41103500761035011
decision_type=2 2 2 2 2 2 2 2 2 2 2 2 2 2
left_child=1 3 9 8 6 -6 7 -5 -1 10 11 13 -12 -3
right_child=-2 2 -4 4 5 -7 -8 -9 -10 -11 12 -13 -14 -15
leaf_value=0.012634495998907286 -0.036247827201865805 -0.0007644275405503673 0.033542804443890302 -0.021714522181673475 -0.0014745329683122357 -0.021295477141190493 -0.016942427643313347 0.0091838216445502135 -0.019774527682828003 -0.017563051911215693 -0.044327042734396839 0.033594757060643604 0.0063823490139673922 -0.039005271492872348
leaf_weight=7.511553016387551 2.4462356371805063 7.125946768675937 6.2754755989226387 8.1772194785153243 74.63702194239886 35.636317700751533 17.326644867105642 141.26881067965587 32.486916707119235 12.901743549919045 1.5101036437554274 3.9813879210851146 208.40969278597186 9.687941811838753
leaf_count=673 75 311 339 371 3777 2507 768 8128 5570 774 54 127 8331 962
internal_value=0.000341707 0.00056313 0.00386378 -0.00204239 -0.000341392 -0.00801375 0.00474925 0.00736006 -0.0135285 0.00296527 0.00418407 -0.0117342 0.00580913 -0.023751
internal_weight=569.383 566.937 249.892 317.044 277.046 110.273 166.773 149.446 39.9985 243.617 230.715 20.7953 209.92 16.8139
internal_count=32767 32692 10898 21794 15551 6284 9267 8499 6243 10559 9785 1400 8385 1273
is_linear=0
shrinkage=0.05


Tree=251
num_leaves=15
num_cat=0
split_feature=26 0 15 19 19 0 12 8 25 23 27 8 28 19
split_gain=2.05143 3.00883 3.46097 4.04864 3.24749 2.91523 2.83087 3.10576 3.36022 3.75843 2.94947 2.8305 2.77374 3.32027
threshold=0.078461538461538458 580.50000000000011 3.8077501579605886 0.19456735496558503 0.16912242686890575 737.50000000000011 15.388333333333337 344.50000000000006 0.12250000000000001 0.64142857142857157 0.17914438502673799 293.50000000000006 0.13484848484848483 0.15170694284618338
decision_type=2 2 2 2 2 2 2 2 2 2 2 2 2 2
left_child=1 2 3 4 -1 -3 7 -2 9 -9 -10 -8 13 -7
right_child=6 5 -4 -5 -6 12 11 8 10 -11 -12 -13 -14 -15
leaf_value=-0.0020349520654028563 -0.018406132975890367 -0.020030868330641823 0.041974003886963505 -0.01986899680245565 0.043718480767391141 0.011303771378775848 -0.0033900098371393004 -0.019469299188843388 0.0049908189848796147 0.030652800415972344 -0.018115769920353405 0.0084626055785533699 0.015554981625450486 -0.0086225160823507792
leaf_weight=7.1666118830180512 39.266520600605872 13.062798791223029 9.6217785395347146 8.0907948400163132 7.2393921739130747 33.210629805238568 101.77610059928338 37.635465769453731 96.72942861039337 3.2464023154534507 15.091042798023407 97.945693974616006 35.516982481465675 52.765793382848642
leaf_count=459 7252 825 522 973 525 847 3035 3543 6097 138 1990 2987 931 2435
internal_value=0.000250703 0.00488 0.0183827 0.00693584 0.0223027 0.00154507 -0.00172659 -0.00604732 -0.00277024 -0.0148523 0.00173947 0.00243584 0.00400947 -0.000884001
internal_weight=558.365 166.675 32.1186 22.4968 14.406 134.556 391.691 191.969 152.702 40.8819 111.82 199.722 121.493 85.9764
internal_count=32559 7517 2479 1957 984 5038 25042 19020 11768 3681 8087 6022 4213 3282
is_linear=0
shrinkage=0.05


Tree=252
num_leaves=15
num_cat=0
split_feature=19 28 19 21 28 15 2 25 0 12 12 16 21 9
split_gain=1.91483 1.89377 2.53668 3.89831 3.18628 3.22932 3.32531 2.85541 3.14559 5.29375 3.16097 3.44484 3.41036 3.21781
threshold=0.26705426356589146 0.2124060150375939 0.20301177536231887 0.45084230875448777 0.060661764705882353 4.0215253893844221 0.83634528372042649 0.37797619047619052 527.50000000000011 10.838255208333335 16.125000000000004 87.500000000000014 0.23836580086580081 15.550920505713025
decision_type=2 2 2 2 2 2 2 2 2 2 2 2 2 2
left_child=1 2 7 -4 -5 6 -6 8 -1 -10 11 12 13 -11
right_child=-2 -3 3 4 5 -7 -8 -9 9 10 -12 -13 -14 -15
leaf_value=0.011917951299979407 0.02279274068266662 0.0096606637909721522 0.0056018918371702709 -0.031909758807391289 -0.0042030328781362258 -0.025325405708301121 0.045296937353725295 0.022994233862422303 -0.042384801194206408 0.035513684339480614 0.0042811284491688136 0.034140025222777502 -0.0088300644244897666 -0.038491848812781962
leaf_weight=50.376991302886381 8.6013138458729355 47.928083321618033 37.962660159832012 17.689787760642503 35.452059948805982 16.872588561851444 2.7411184875527388 13.536137617047642 6.6888519910426103 6.8958269953436675 169.58855176144425 4.2919478469666492 140.19826166324492 0.94057775440160174
leaf_count=5434 443 1295 1897 3282 2693 1156 35 705 1763 137 4579 170 8970 39
internal_value=0.000655507 0.000269386 -0.000642424 -0.00729067 -0.0140025 -0.00778333 0.000414664 0.00124662 0.00041139 -0.00138344 -0.000402885 -0.00561161 -0.00698546 0.0232802
internal_weight=559.765 551.163 503.235 110.718 72.7556 55.0658 38.1932 392.517 378.981 328.604 321.915 152.327 148.035 7.8364
internal_count=32598 32155 30860 9063 7166 3884 2728 21797 21092 15658 13895 9316 9146 176
is_linear=0
shrinkage=0.05


Tree=253
num_leaves=15
num_cat=0
split_feature=14 22 24 24 14 26 1 30 8 10 29 29 30 0
split_gain=2.14551 3.54059 3.54205 4.27281 4.96428 4.46738 2.89189 3.82691 2.83432 3.2028 2.04094 2.03433 2.1818 2.61501
threshold=0.91827943882826546 14.500000000000002 0.14039408866995071 0.26794871794871794 1.0968384147784007 0.18019480519480516 12.500000000000002 345.50000000000006 484.50000000000006 10.050605167857606 0.11324786324786322 0.093073593073593072 308.50000000000006 1312.5000000000002
decision_type=2 2 2 2 2 2 2 2 2 2 2 2 2 2
left_child=11 2 -2 4 5 -4 8 -8 9 -3 -11 -1 -13 -14
right_child=1 6 3 -5 -6 -7 7 -9 -10 10 -12 12 13 -15
leaf_value=-0.00036390422876777812 -0.025338232277024027 -0.019026533040294002 0.044456586322083769 -0.018191168581863905 -0.018268841349717482 -0.014925937044196383 -0.029574891232478195 0.027313086303465791 -0.032343308291712107 0.01429288882456297 -0.029353938605329161 0.006130679645834817 -0.035081325067460388 -0.0056927536978404972
leaf_weight=373.71957617595399 14.429998332730973 8.8330494722467829 12.294848110577734 13.527774421236243 6.5949396949981738 3.6094470983953206 2.4369430613660361 31.515411150747241 3.8585688085295251 49.894324746572238 1.9120720381542913 11.763838332830344 12.768917091321784 17.868937039529555
leaf_count=14658 4185 369 696 1113 1870 495 840 3264 135 1949 337 516 1442 938
internal_value=0.000289476 0.00541942 -0.00528118 0.00321968 0.0163194 0.0308941 0.0109016 0.0225006 0.00454541 0.00737932 0.0121566 -0.00155485 -0.0118013 -0.0186627
internal_weight=565.029 148.907 50.457 36.027 22.4992 15.9043 98.4504 33.9524 64.498 60.6394 51.8064 416.121 42.4017 30.6379
internal_count=32807 15253 8359 4174 3061 1191 6894 4104 2790 2655 2286 17554 2896 2380
is_linear=0
shrinkage=0.05


Tree=254
num_leaves=15
num_cat=0
split_feature=6 22 16 6 18 23 19 4 6 13 14 14 18 29
split_gain=1.90493 1.39078 2.55616 1.50266 6.60677 3.76299 3.05853 2.48491 2.48411 2.53386 2.80934 2.76905 2.42535 3.58071
threshold=14.500000000000002 23.500000000000004 100.50000000000001 31.500000000000004 0.16477052359405298 0.64142857142857157 0.16233108108108107 19.433720930232564 59.500000000000007 8.5000000000000018 0.33393680213323734 1.1219232847342824 0.18063922356091028 0.054093567251461951
decision_type=2 2 2 2 2 2 2 2 2 2 2 2 2 2
left_child=-1 3 -3 4 -2 6 -6 -8 9 10 -5 12 13 -11
right_child=1 2 -4 8 5 -7 7 -9 -10 11 -12 -13 -14 -15
leaf_value=-0.035170035967364628 -0.027645576752123022 0.024178718144694373 -0.012943354006568084 0.02604469410265562 -0.026812135819389151 0.077708599170991835 0.031752515359815117 -0.031557795325160266 -0.00021746096742849245 0.026989601422562862 -0.051110089014742746 -0.041592463529748144 -0.01991337004931254 -0.027396721777817636
leaf_weight=2.8866474712358459 6.9713004500063134 13.601383821485799 6.0375868649280156 0.78327938971051736 2.6141371590056286 2.1156223460420724 12.481483017318165 0.94606122037657847 472.46633629273674 10.551730241517367 5.8476650918019004 3.6282150203987831 7.7429763875552444 3.2046359968335301
leaf_count=1041 1343 310 245 23 540 72 2355 214 22138 674 752 1092 1262 654
internal_value=-0.000288968 -4.19475e-05 0.0126921 -0.000537422 0.0111561 0.0267191 0.0158291 0.0254137 -0.00114111 -0.014456 -0.0397775 -0.00650722 0.000999195 0.0133219
internal_weight=551.879 548.992 19.639 529.353 25.1286 18.1573 16.0417 13.4275 504.225 31.7585 6.63094 25.1276 21.4993 13.7564
internal_count=32715 31674 555 31119 4524 3181 3109 2569 26595 4457 775 3682 2590 1328
is_linear=0
shrinkage=0.05


Tree=255
num_leaves=15
num_cat=0
split_feature=1 12 14 4 30 26 14 28 9 2 9 21 21 24
split_gain=1.79403 2.33613 2.11112 4.63815 4.22604 3.74981 2.49863 3.75999 2.37232 3.02165 2.27961 3.09226 2.66086 2.55208
threshold=10.500000000000002 10.793360881542698 0.92425513701086925 11.458674863387982 346.50000000000006 0.2124060150375939 0.64246900105038207 0.054093567251461951 14.849343013791861 0.66713629080871872 15.335421631363376 0.47550979608156735 0.62736185383244225 0.13188405797101446
decision_type=2 2 2 2 2 2 2 2 2 2 2 2 2 2
left_child=1 -1 4 -4 5 8 7 -6 -2 -10 12 13 -5 -12
right_child=2 -3 3 10 6 -7 -8 -9 9 -11 11 -13 -14 -15
leaf_value=-0.042687459124649246 -0.003761166776056141 -0.0017862532663413273 -0.04153295903208714 0.022933658580519805 -0.017384842523502975 -0.014995375478107609 -0.012092006773840305 0.012230639662442339 0.03997189706703029 -0.010833877206001033 -0.026542300010174793 -0.017499712290714505 -0.026363130236653889 0.027643224773134648
leaf_weight=2.5296826024568864 5.7058875529692186 344.781465227632 3.0838065112438917 42.347303948507033 14.403805419085982 7.1800816573595503 55.394160367355653 34.359672558934108 16.8187102891352 3.0581932805289389 1.8638958244155244 11.074513226707493 2.1073118471613261 10.0023081244326
leaf_count=274 465 10644 764 6155 1511 719 4334 1907 1031 186 537 2801 553 824
internal_value=-1.0373e-05 -0.00220586 0.00365913 0.0106242 2.28859e-05 0.0154133 -0.00491871 0.00330923 0.0241908 0.0320106 0.0135831 0.000702752 0.0200682 0.0177306
internal_weight=554.711 347.311 207.4 70.4791 136.921 32.7629 104.158 48.7635 25.5828 19.8769 67.3953 22.9407 44.4546 11.8662
internal_count=32705 10918 21787 11634 10153 2401 7752 3418 1682 1217 10870 4162 6708 1361
is_linear=0
shrinkage=0.05


Tree=256
num_leaves=15
num_cat=0
split_feature=12 8 6 2 1 15 9 14 6 11 9 25 26 20
split_gain=1.81363 2.9994 3.76626 4.02011 2.41254 3.68939 3.29893 3.21063 2.40774 2.1116 2.6002 2.29932 2.56469 2.06942
threshold=19.53166666666667 263.50000000000006 23.500000000000004 0.7339014455751075 10.500000000000002 3.5248871356174627 15.550920505713025 1.086308969322207 256.50000000000006 8.9637652548689335 15.590394383123417 0.13188405797101446 0.097619047619047619 0.015038444142921702
decision_type=2 2 2 2 2 2 2 2 2 2 2 2 2 2
left_child=1 2 -1 -4 -3 6 7 13 -5 10 11 12 -2 -6
right_child=9 4 3 8 5 -7 -8 -9 -10 -11 -12 -13 -14 -15
leaf_value=0.033675839163735538 0.010029803621743272 -0.002751333066853808 -0.033369689530034344 0.025655329851455771 0.022785673393382323 0.00074221025276407539 -0.01416266360532379 -0.016572302016318752 -0.030196822891036902 0.024200864437229165 -0.031914125076852817 0.0094558491731416283 -0.01675754490469528 0.058621865034899356
leaf_weight=2.5121647902087743 14.44049661234021 254.34360988277876 19.420551379665998 5.2557584475143804 19.510464522380069 103.9759289724916 5.3930511497164835 3.2194632083355819 1.8413359901387591 12.761487533338366 3.9954131066333494 82.661197036279191 20.459425333472609 5.2936585632487541
leaf_count=480 368 8261 1839 100 2213 13505 851 1139 77 394 132 2276 730 290
internal_value=0.000580315 -0.00103673 -0.0162658 -0.0220489 0.000130369 0.00544636 0.0196365 0.0264049 0.00922482 0.00561611 0.00348346 0.00494551 -0.00570314 0.0324092
internal_weight=555.084 420.766 29.0298 26.5176 391.736 137.393 33.4166 28.0236 7.09709 134.318 121.557 117.561 34.8999 24.8041
internal_count=32655 28755 2496 2016 26259 17998 4493 3642 177 3900 3506 3374 1098 2503
is_linear=0
shrinkage=0.05


Tree=257
num_leaves=15
num_cat=0
split_feature=14 18 14 23 9 19 11 22 13 30 6 28 24 30
split_gain=1.82815 3.06276 2.7501 2.50883 2.68953 2.35074 2.17031 2.08283 2.18186 2.79977 2.79818 2.07346 2.61723 2.55699
threshold=0.46824758543985529 0.14354395604395601 0.49527246089393401 0.21583850931677012 15.013627272818612 0.22378240377062056 10.153287793118976 19.500000000000004 1.5000000000000002 291.50000000000006 35.500000000000007 0.057189542483660101 0.093073593073593072 842.00000000000011
decision_type=2 2 2 2 2 2 2 2 2 2 2 2 2 2
left_child=1 -1 11 4 -3 7 -6 8 -5 10 -10 12 -2 -13
right_child=2 3 -4 5 6 -7 -8 -9 9 -11 -12 13 -14 -15
leaf_value=0.012008767303695963 0.033715119264126923 0.022935184587893717 0.00059119730822193106 0.019441290943964708 -0.037264069256919566 -0.046214528591703628 0.011694240295079266 0.0020797509494982699 0.019896933959314703 -0.014995997545263344 -0.065944013504334986 0.040022431257468571 -0.031146713474713213 -0.021328212286444482
leaf_weight=16.970846680625982 1.5832653219404189 8.9835888442285086 456.80958594764525 2.516962534646157 3.9227724809752536 5.0279373497323823 3.5086003855685703 16.31423051955062 0.6678067001048501 23.875695215228916 4.639572637330275 10.12293270723603 2.9632983129704371 1.3566930459273852
leaf_count=531 70 275 28753 112 258 288 150 490 14 1264 127 203 166 80
internal_value=0.000102332 -0.00654112 0.00132791 -0.0111796 0.00564214 -0.0163935 -0.0155037 -0.0123916 -0.019675 -0.023581 -0.0537009 0.021059 -0.00655336 0.0316438
internal_weight=559.264 86.428 472.836 69.4572 16.415 53.0422 7.43137 48.0143 31.7 29.1831 5.30738 16.0262 4.54656 11.4796
internal_count=32781 3509 29272 2978 683 2295 408 2007 1517 1405 141 519 236 283
is_linear=0
shrinkage=0.05


Tree=258
num_leaves=15
num_cat=0
split_feature=11 27 15 10 11 14 14 15 10 23 12 13 16 11
split_gain=2.65531 2.76942 2.2036 2.5574 3.0577 3.23972 3.13234 2.63201 2.38547 2.43593 2.9912 3.40232 3.12224 2.23067
threshold=3.1349094243706026 0.11324786324786322 4.1833752835732083 11.355594279149237 4.4934808149164676 0.56388710261586394 0.80393435938919955 4.2200063278873809 11.647448457233709 0.13961038961038957 11.530017667844524 16.500000000000004 69.500000000000014 9.6568319994000031
decision_type=2 2 2 2 2 2 2 2 2 2 2 2 2 2
left_child=1 -1 -2 4 -4 -6 13 -5 -9 -10 -11 -12 -13 -7
right_child=2 -3 3 7 5 6 -8 8 9 10 11 12 -14 -15
leaf_value=-0.044088362302921541 0.0018083889413643122 0.0049713454348157167 0.03484055403684716 -0.0278327269629568 -0.033999752779647265 0.015473533414332297 -0.022208840411884909 0.021969931919505661 0.025604023550409333 -0.032475827197630751 0.0056396973200480947 0.013156174911052563 -0.038311540735356087 -0.018511477116975011
leaf_weight=6.0318080729266494 390.94365181302055 4.556169152536313 2.2083240597858085 6.888049968831182 16.332210666168976 15.013491390302081 18.538867538016348 12.141153984659466 6.701466191239887 7.1610899802653867 49.52394776170695 3.6774049367522812 8.4694986099948419 5.9624854273279189
leaf_count=403 24811 264 60 507 579 410 916 390 326 1529 1938 128 317 213
internal_value=-0.000686589 -0.02437 -0.000181358 -0.00525685 -0.0134204 -0.0159081 -0.00777582 -0.000156964 0.00230671 -0.00109971 -0.004029 -0.000260321 -0.0229145 0.00541043
internal_weight=554.15 10.588 543.562 152.618 58.0554 55.8471 39.5148 94.5626 87.6746 75.5334 68.8319 61.6709 12.1469 20.976
internal_count=32791 667 32124 7313 2178 2118 1539 5135 4628 4238 3912 2383 445 623
is_linear=0
shrinkage=0.05


Tree=259
num_leaves=15
num_cat=0
split_feature=21 19 28 19 21 20 26 17 15 29 15 10 12 23
split_gain=3.12026 5.18117 4.47382 2.7968 2.32954 1.84647 3.39984 2.92019 3.05962 2.7444 2.36232 2.33357 2.17413 2.39477
threshold=0.61715261360651441 0.17411248504188273 0.20416666666666669 0.26546556122448989 0.65160027238678941 0.010811126694717151 0.28285714285714292 0.6042811355311356 3.6840563816514842 0.093073593073593072 3.5690615523519589 6.1583807198638958 12.983666666666668 0.13961038961038957
decision_type=2 2 2 2 2 2 2 2 2 2 2 2 2 2
left_child=5 -2 3 -3 -4 6 9 12 -9 11 -7 -1 -8 -14
right_child=1 2 4 -5 -6 10 7 8 -10 -11 -12 -13 13 -15
leaf_value=-0.017205222305117444 0.026334573352417897 -0.041289420135930885 -0.020852234666306813 0.025276370050620375 0.019081816103298437 0.017314151586413556 0.026535702736544171 0.0040873232659127011 -0.040535804270453703 -0.012330997874688707 0.0028807794016291674 0.0037771406705127304 0.01628284830234791 -0.033056251741087367
leaf_weight=12.971124668816627 6.0406324672512701 17.478786253284859 5.5445505683892389 1.0702674679778272 7.2696949464298086 34.493782590807314 4.6315151110975448 5.0577799619168244 13.001998886287764 32.962355111878423 143.82841335253397 262.62016831165784 3.4570797726919391 4.8027501749893418
leaf_count=584 386 2145 195 70 246 1880 719 552 1091 3678 5491 15110 153 357
internal_value=0.000632459 -0.0131212 -0.0212993 -0.0363521 0.00154422 0.00164929 -0.00051707 -0.0160442 -0.02848 0.00108726 0.00575369 0.00273094 0.00217351 -0.0128775
internal_weight=555.231 37.4039 31.3633 18.5491 12.8142 517.827 339.505 30.9511 18.0598 308.554 178.322 275.591 12.8913 8.25983
internal_count=32657 3042 2656 2215 441 29615 22244 2872 1643 19372 7371 15694 1229 510
is_linear=0
shrinkage=0.05


Tree=260
num_leaves=15
num_cat=0
split_feature=28 19 30 14 25 22 30 9 15 10 3 10 10 3
split_gain=2.11192 2.90205 2.98182 3.04595 2.63912 2.85059 3.60514 2.48285 3.92823 2.58619 2.37994 2.35522 2.22455 2.36573
threshold=0.10172413793103446 0.16145324209840337 172.50000000000003 0.83528777539830923 0.2124060150375939 19.500000000000004 1040.0000000000002 11.928357255533893 3.7910117862205319 13.850293073182849 100.50000000000001 12.236667336319215 10.69777867996965 54.500000000000007
decision_type=2 2 2 2 2 2 2 2 2 2 2 2 2 2
left_child=-1 7 3 -3 5 6 -4 8 -2 -9 -6 -5 13 -7
right_child=1 2 4 11 10 12 -8 9 -10 -11 -12 -13 -14 -15
leaf_value=-0.0016385134519598381 0.026250528998723544 -0.073364034435053488 -0.0045220195801851824 0.022910004631372802 0.012645272646515788 0.018491257905212399 -0.041789426766821187 0.022318299783198728 -0.046454769729018824 -0.011782401739302985 -0.011447036088104962 -0.034734828985754126 0.02672060552727586 -0.024298325501444958
leaf_weight=337.75752889492105 2.5102096328046164 1.58820749510778 53.079918150306185 2.7029584291667561 68.804478095000377 5.1880992181104393 6.4515163103351361 43.140353040362243 3.1162105484690983 5.7280481098860028 11.212021995830581 2.4276995415784768 10.770915050467009 5.7973969648592174
leaf_count=24192 76 59 2916 138 2229 166 393 1263 73 268 298 316 253 143
internal_value=0.000852296 0.00462348 0.00134088 -0.0290337 0.00277717 -0.00355045 -0.0091844 0.0145382 -0.0149512 0.0181651 0.0091698 -0.00558272 0.0115917 -0.00423342
internal_weight=560.276 222.518 168.023 6.71887 161.304 81.2878 59.5314 54.4948 5.62642 48.8684 80.0165 5.13066 21.7564 10.9855
internal_count=32783 8591 6911 513 6398 3871 3309 1680 149 1531 2527 454 562 309
is_linear=0
shrinkage=0.05


Tree=261
num_leaves=15
num_cat=0
split_feature=10 6 21 28 14 14 21 14 11 30 28 1 23 1
split_gain=1.69956 2.83509 2.19077 2.17932 2.64841 2.03518 1.8274 1.75865 2.0157 1.89561 1.63342 1.59507 1.4855 1.45348
threshold=14.927018068801301 970.00000000000011 0.38496824276640795 0.081666666666666665 0.32150485174358195 0.29630892176429141 0.28642149929278643 0.92425513701086925 9.4369585102226061 257.50000000000006 0.081666666666666665 5.5000000000000009 0.3550420168067227 5.5000000000000009
decision_type=2 2 2 2 2 2 2 2 2 2 2 2 2 2
left_child=1 13 6 4 -3 -5 -2 11 9 -9 -4 -6 -10 -1
right_child=2 3 10 5 7 -7 -8 8 12 -11 -12 -13 -14 -15
leaf_value=-0.0031146251550186422 -0.018226337378574133 0.039842163133338937 -0.02589591968120495 -0.05781780527170674 0.0060828840201341654 -0.015464396300423788 0.046868706163707592 -0.024976382802206484 0.057404514505334486 0.023480110574497517 0.013888130206286499 -0.026689946292868184 -0.0061468986093216171 0.0024219539271075571
leaf_weight=208.60380898725998 0.7549419344868501 2.4681289477302952 3.040676203912879 2.4234783740248558 4.9720325802663892 28.208058792228258 5.0075006261031376 4.1103905922136601 1.8390610880160241 2.3786052770265087 6.1383032380908844 10.694560396881569 1.0979525744623968 271.84767851415927
leaf_count=5003 41 148 647 76 154 2362 155 1338 92 573 443 1033 98 20474
internal_value=-0.000781503 -0.00125544 0.0153109 -0.0115805 -0.0012553 -0.0205372 0.0369064 -0.00666971 0.00976116 -0.00645067 -0.000540265 -0.0165481 0.03812 1.65899e-05
internal_weight=553.585 538.644 14.9414 58.1923 27.5607 30.6315 5.76244 25.0926 9.42601 6.489 9.17898 15.6666 2.93701 480.451
internal_count=32637 31351 1286 5874 3436 2438 196 3288 2101 1911 1090 1187 190 25477
is_linear=0
shrinkage=0.05


Tree=262
num_leaves=15
num_cat=0
split_feature=17 20 10 14 14 17 13 23 6 2 24 2 17 17
split_gain=2.01631 2.50331 2.47222 2.80938 2.27169 2.07812 2.54152 1.89209 3.81487 2.27124 2.14412 1.92636 3.64743 2.88504
threshold=0.71498599439775923 0.010050505050505051 11.764327697949023 0.71864585637050504 1.3649885130137662 0.72354423292273251 6.5000000000000009 0.63818181818181829 31.500000000000004 0.18827679591955812 0.05131578947368421 0.20796771286789431 0.6094494047619049 0.61925832279814597
decision_type=2 2 2 2 2 2 2 2 2 2 2 2 2 2
left_child=7 2 3 -2 -5 -3 -7 11 9 -9 -10 12 -1 -14
right_child=1 5 -4 4 -6 6 -8 8 10 -11 -12 -13 13 -15
leaf_value=-0.031381873288220723 -0.0053578157517264824 -0.026912933606713305 -0.0018059447571076746 -0.050120006494321793 0.02185888626153 -0.027048155065475688 0.018737444328533644 -0.018825432406596315 0.037539343340399656 0.073311959563539239 -0.007585127080831252 0.0014880969049941531 0.032659811128589226 -0.0073263224282959678
leaf_weight=12.284177857854955 8.1485689125256631 3.448613266140458 15.267193168241645 10.166738269414051 0.6594711269426633 2.7684768375474986 16.02663782943273 0.38843236296088379 2.4883956790290531 2.6749065482290462 9.8315570703707618 439.996785721778 4.6592824944673366 21.241977234318256
leaf_count=2646 211 130 694 341 17 101 472 75 96 59 413 23787 573 3186
internal_value=8.87325e-05 -0.00877465 -0.0170761 -0.0286571 -0.0442579 0.00418952 0.0109676 0.00111879 0.0178273 0.0598711 0.00366318 0.000545185 -0.0100804 0.000813315
internal_weight=550.051 56.4857 34.242 18.9748 10.8262 22.2437 18.7951 493.566 15.3833 3.06334 12.32 478.182 38.1854 25.9013
internal_count=32801 1966 1263 569 358 703 573 30835 643 134 509 30192 6405 3759
is_linear=0
shrinkage=0.05


Tree=263
num_leaves=15
num_cat=0
split_feature=20 26 18 11 12 2 20 13 9 26 27 14 12 17
split_gain=1.86989 2.62374 3.86809 2.96767 3.25345 2.6695 2.55366 2.3154 2.40149 2.44086 2.31093 2.05162 3.52149 1.84507
threshold=0.010811126694717151 0.064583333333333312 0.17157287157287157 7.0278561064215603 22.116954022988509 0.96789865947115528 0.010695493022191702 5.5000000000000009 15.150774895211429 0.21980676328502413 0.25543478260869573 1.0428996068050689 18.493362701908961 0.58851017042330966
decision_type=2 2 2 2 2 2 2 2 2 2 2 2 2 2
left_child=6 3 11 -2 -5 7 -1 -4 10 -10 -9 -3 -13 -11
right_child=1 2 5 4 -6 -7 -8 8 9 13 -12 12 -14 -15
leaf_value=-0.0029877518315078351 0.029956650638313112 -0.0066658094813714349 0.025467835102617666 0.0078667322556592364 -0.051137119522692003 -0.021777357964228698 -0.047469309628090289 0.013708736696069881 -0.024511282620249767 -0.029457226237034617 -0.039970549156731087 -0.05602766112779653 0.014972147412663603 0.031075365537803025
leaf_weight=359.80210281289328 15.269284563626568 54.901959784292558 16.352553294898826 35.581297137352522 1.501290711807086 6.5548463063314548 2.2616133497213005 36.049055357892939 10.575968187455144 0.84513635177427104 1.1657124309131166 4.4819133903220054 2.0455198559793644 3.6502784277836327
leaf_count=24697 531 1969 543 1239 25 154 44 1674 816 133 79 678 49 230
internal_value=-0.00129446 0.00272784 -0.000937486 0.0121315 0.00419789 0.00662987 -0.00339558 0.00961646 0.00427401 -0.0120453 0.0110253 -0.0101582 -0.034745 0.0164058
internal_weight=551.039 188.975 136.623 52.3519 37.0826 75.1936 362.064 68.6387 52.2862 15.0714 37.2148 61.4294 6.52743 4.49541
internal_count=32861 8120 6325 1795 1264 3629 24741 3475 2932 1179 1753 2696 727 363
is_linear=0
shrinkage=0.05


Tree=264
num_leaves=15
num_cat=0
split_feature=19 10 27 4 11 10 1 15 14 30 8 12 6 11
split_gain=2.16713 1.95856 3.16303 1.96384 1.56263 4.26923 2.67347 2.55887 2.38543 2.76214 3.13691 2.94029 2.68718 2.32896
threshold=0.28647416413373866 15.019516452541538 0.18350168350168347 11.96046117769672 10.19910519769498 11.228349845016165 3.5000000000000004 4.5000684524064054 0.9965099938773242 404.50000000000006 484.50000000000006 14.061007751937986 115.50000000000001 9.9551212664881863
decision_type=2 2 2 2 2 2 2 2 2 2 2 2 2 2
left_child=1 4 3 -3 13 6 -6 8 9 -7 11 -11 -10 -1
right_child=-2 2 -4 -5 5 7 -8 -9 12 10 -12 -13 -14 -15
leaf_value=-0.0012276525657152952 0.032045250277170055 0.029716325833496343 0.048388940106631473 -0.017335863079871078 -0.052891079632168797 0.0024963727834327433 -0.012228725150013315 0.016549437530545139 -0.033576841583954208 -0.038788958987986261 -0.036134659669718815 0.0014956816921104384 0.02395962772373357 0.01260949156874025
leaf_weight=393.0136644824961 3.9831116521745562 2.3470719276810978 4.184779806430015 5.5813532723477692 6.2035570848383967 27.848774285506806 11.135175871590034 13.994884896790607 1.5700239573561692 4.7357891097490237 13.957905364761244 21.216384871484479 10.05741023156588 31.952956249268027
leaf_count=25571 146 222 305 500 149 903 628 452 234 462 761 682 475 1279
internal_value=-0.000782579 -0.00107923 0.0180166 -0.00163867 -0.0015438 -0.00680581 -0.028868 -0.00244692 -0.00595997 -0.00956587 -0.017838 -0.00702194 0.0141468 -0.000160087
internal_weight=551.783 547.8 12.1132 7.92843 535.687 110.72 17.3387 93.3812 79.3863 67.7589 39.9101 25.9522 11.6274 424.967
internal_count=32769 32623 1027 722 31596 4746 777 3969 3517 2808 1905 1144 709 26850
is_linear=0
shrinkage=0.05


Tree=265
num_leaves=15
num_cat=0
split_feature=8 11 30 28 6 21 15 4 1 24 0 10 2 26
split_gain=1.57896 3.30507 2.31028 2.6366 2.25419 3.2107 2.38461 2.35097 2.50831 2.1887 2.61911 2.02022 2.88889 1.81626
threshold=215.50000000000003 7.0941787870203727 339.50000000000006 0.16333333333333333 717.50000000000011 0.41707119741100329 3.5596742196291218 22.113695090439279 17.500000000000004 0.097619047619047619 632.50000000000011 9.6047112469700089 0.26334865086122977 0.13714733542319749
decision_type=2 2 2 2 2 2 2 2 2 2 2 2 2 2
left_child=1 4 -3 -4 5 6 -1 -6 -9 10 -7 12 -11 -12
right_child=-2 2 3 -5 7 9 -8 8 -10 11 13 -13 -14 -15
leaf_value=-0.016067690031119335 0.0018498182264702517 0.014327373373530655 -0.040749833180410241 0.0071741179088415548 -0.042265163972981745 -0.030925235063640373 0.023243653943620969 0.026144709050252873 -0.030313089684112615 0.010464176673540316 0.0272741560660275 0.010314511461452971 -0.028102457518262233 -0.011736325845426833
leaf_weight=3.9264689366100383 459.11932215376692 2.8041959894908386 12.343343147244012 3.3127787334960876 5.1818984910314594 2.4130387517179797 21.20424138243834 3.4682784705655649 2.5167182417353615 5.8232906290250019 10.800294525964999 6.8975656475813585 19.031057058593433 3.3539610862353575
leaf_count=133 29538 151 423 76 254 208 478 79 86 380 251 250 565 95
internal_value=0.000592805 -0.00497008 -0.0235502 -0.0307874 -0.000688845 0.00258003 0.0167217 -0.0206347 0.00146303 -0.00496496 0.00940353 -0.0125203 -0.0190112 0.0178658
internal_weight=562.196 103.077 18.4603 15.6561 84.6168 73.4499 25.1307 11.1669 5.985 48.3192 16.5673 31.7519 24.8543 14.1543
internal_count=32967 3429 650 499 2779 2360 611 419 165 1749 554 1195 945 346
is_linear=0
shrinkage=0.05


Tree=266
num_leaves=15
num_cat=0
split_feature=1 12 23 23 17 13 11 26 3 25 25 28 30 23
split_gain=2.07882 2.49934 3.92193 7.44615 2.78505 3.62761 2.89559 2.49517 2.20339 3.51634 2.29108 2.07981 3.32593 2.71493
threshold=10.500000000000002 13.233078880407126 0.64142857142857157 0.37268518518518517 0.59216913643331637 16.500000000000004 10.103254697386475 0.081666666666666665 36.500000000000007 0.15192307692307691 0.05131578947368421 0.039230769230769208 466.00000000000006 0.46547619047619054
decision_type=2 2 2 2 2 2 2 2 2 2 2 2 2 2
left_child=1 2 3 4 5 6 -1 -2 9 -6 -10 12 13 -9
right_child=7 -3 -4 -5 8 -7 -8 11 10 -11 -12 -13 -14 -15
leaf_value=0.038306111443563828 0.01233701170487988 -0.0001771056867192351 0.027033148016678291 -0.035789769369857768 -0.041773084471576433 -0.035734445749821736 -0.03069133753195398 -0.0091604967053175498 0.025734354592138999 0.023941107098743964 -0.031951749981651241 0.0042997632383762292 -0.024574872887046399 0.02447010297452101
leaf_weight=9.5606199430421821 63.372475708187267 285.91919511453671 5.1857808262866447 23.789841138601332 1.7541514868717074 1.7131835656691681 1.0122670688433562 15.179274645206535 1.25898200974916 6.9966301810927689 10.328988935078085 103.1818453413598 17.755423709344541 8.5652105549052049
leaf_count=287 4820 7151 128 1857 175 192 37 3687 30 324 724 9152 3109 1072
internal_value=0.000205935 -0.00215897 -0.011208 -0.0151329 0.000546448 0.0185023 0.029619 0.00414754 -0.010659 0.00783514 -0.0241379 0.000500383 -0.00882498 0.00346952
internal_weight=555.574 347.52 61.6004 56.4147 32.6248 12.2861 10.5729 208.054 20.3388 8.75078 11.588 144.682 41.4999 23.7445
internal_count=32745 10905 3754 3626 1769 516 324 21840 1253 499 754 17020 7868 4759
is_linear=0
shrinkage=0.05


Tree=267
num_leaves=15
num_cat=0
split_feature=29 25 23 27 26 19 9 14 23 15 21 3 27 21
split_gain=2.00259 2.44245 3.19288 3.00884 2.91557 2.76592 2.71513 3.63236 3.65162 3.58244 2.92346 2.18486 2.15062 2.12603
threshold=0.093073593073593072 0.27888888888888896 0.30602006688963218 0.03637566137566136 0.30602006688963218 0.13259159085320879 14.868766919559013 0.56388710261586394 0.26201372997711675 4.2400304295134399 0.42050764655904843 28.500000000000004 0.17914438502673799 0.55413546076196696
decision_type=2 2 2 2 2 2 2 2 2 2 2 2 2 2
left_child=1 13 4 -4 6 -5 11 -8 9 -9 -10 -3 -13 -1
right_child=-2 2 3 5 -6 -7 7 8 10 -11 -12 12 -14 -15
leaf_value=0.0014385703517475381 -0.0082514794058320858 -0.018633491888628461 0.0022229938133525415 0.029524227770273276 -0.041623864694115872 -0.029498694344432037 -0.031728828061312934 -0.027439341532747488 -0.035447895698681779 0.023618013399663393 0.040603278647940312 0.026084870840073517 -0.021680726019079055 0.010351055976950255
leaf_weight=314.3767712629633 56.680080641692257 3.1528820326602753 14.852542287648246 1.3596434105711548 2.5812185963877701 25.322163643464592 8.2253404528019036 8.9395737467566523 0.7021474758075773 4.3391928264754815 7.1915955032709462 21.45885599809117 1.8782417721049558 84.159500452831708
leaf_count=15643 5810 229 749 39 174 1735 386 830 54 197 389 672 144 5748
internal_value=0.000570971 0.00158853 -0.0053627 -0.0157887 0.00218453 -0.0255331 0.00490396 -0.00549629 0.0056662 -0.0102694 0.0306134 0.016226 0.0215077 0.00334183
internal_weight=555.22 498.54 100.003 41.5343 58.469 26.6818 55.8878 29.3979 21.1725 13.2788 7.89374 26.49 23.3371 398.536
internal_count=32799 26989 5598 2523 3075 1774 2901 1856 1470 1027 443 1045 816 21391
is_linear=0
shrinkage=0.05


Tree=268
num_leaves=15
num_cat=0
split_feature=2 16 0 0 20 8 24 3 17 12 29 0 16 17
split_gain=1.63042 2.71397 2.47457 3.03353 2.02652 3.35003 2.11752 1.84352 3.47376 4.29653 3.04109 2.62347 2.62281 2.51535
threshold=0.59760925507870732 42.500000000000007 1312.5000000000002 1351.5000000000002 0.033803085126642506 466.50000000000006 0.37797619047619052 45.500000000000007 0.74305019305019315 14.061007751937986 0.064583333333333312 1141.5000000000002 48.500000000000007 0.70162346163917266
decision_type=2 2 2 2 2 2 2 2 2 2 2 2 2 2
left_child=2 -2 4 -4 6 -6 7 13 9 12 11 -11 -9 -1
right_child=1 -3 3 -5 5 -7 -8 8 -10 10 -12 -13 -14 -15
leaf_value=0.0043168603524867417 -0.039910029867581708 -0.0015740327717340696 0.037989182331822136 0.0072138563773871444 0.043924360791780907 -0.017967155997830015 0.019711923197301043 0.0013919514008423125 0.035415788295606244 0.015529310815017128 -0.025495886681916092 -0.01097621829855773 -0.031675675086746215 -0.01719294848623815
leaf_weight=142.72692816246672 3.7177440601590197 223.22046573291664 8.7062228889117232 50.39991442344035 5.5015080901648599 2.6170081045420375 12.171473915776003 7.8796505676691622 3.6216242377413428 25.392392188005033 8.2978867054698622 13.575650767044861 23.047733761961354 14.024734111524593
leaf_count=13530 195 7376 284 2171 234 82 451 1502 137 826 512 512 4042 771
internal_value=0.000856899 -0.0023744 0.00316337 0.0123036 0.00103701 0.0241911 0.000194199 -0.000879705 -0.00691756 -0.00930073 0.000265452 0.00625175 -0.023471 0.00229557
internal_weight=544.901 226.938 317.963 59.1061 258.857 8.11852 250.738 238.567 81.8149 78.1933 47.2659 38.968 30.9274 156.752
internal_count=32625 7571 25054 2455 22599 316 22283 21832 7531 7394 1850 1338 5544 14301
is_linear=0
shrinkage=0.05


Tree=269
num_leaves=15
num_cat=0
split_feature=0 12 11 23 9 18 6 8 16 30 27 8 27 27
split_gain=1.49452 1.3076 2.40254 1.3354 3.87993 3.6962 2.63424 1.58835 2.94168 2.04571 1.5418 1.5015 2.6202 2.49565
threshold=201.50000000000003 10.041819970128595 7.976614701657101 0.2124060150375939 14.629209134022796 0.17033365570599612 556.00000000000011 310.50000000000006 79.500000000000014 780.50000000000011 0.2752525252525253 447.50000000000006 0.064583333333333312 0.03637566137566136
decision_type=2 2 2 2 2 2 2 2 2 2 2 2 2 2
left_child=-1 2 -2 4 5 -3 10 8 -6 -9 -7 13 -13 -5
right_child=1 3 -4 11 7 6 -8 9 -10 -11 -12 12 -14 -15
leaf_value=0.033297112723784779 -0.048994246482147084 -0.01551784427178282 0.031676176236243928 0.0054946487788610464 0.039491226955105603 0.040105682275087554 -0.011890026907921113 -0.0013935186700478267 -0.020098571524630252 -0.030112960251695728 -0.013275508062237937 -0.0063291911983379915 0.0086629824493257949 -0.0051845441703975478
leaf_weight=2.2504012439894714 2.2926590245333496 4.9684859628541771 0.50328883374459099 66.907101195662108 4.2896138492724267 17.069397530249269 2.7907583501000763 29.781080199085409 2.6096357799033285 6.867280601123638 0.9987404835774204 44.816371955050272 79.439917160736513 282.73097305352712
leaf_count=142 625 243 20 3198 391 612 212 1900 109 626 69 1608 3870 19159
internal_value=-0.000508797 -0.000708726 -0.0299538 -0.000503457 0.00592547 0.0208914 0.029877 -0.00322029 0.0172605 -0.00743196 0.0366135 -0.0014551 0.00324829 -0.00313112
internal_weight=548.316 546.065 2.79595 543.269 69.375 25.8274 20.8589 43.5476 6.89925 36.6484 18.0681 473.894 124.256 349.638
internal_count=32784 32642 645 31997 4162 1136 893 3026 500 2526 681 27835 5478 22357
is_linear=0
shrinkage=0.05


Tree=270
num_leaves=15
num_cat=0
split_feature=24 10 11 11 21 14 30 14 9 30 16 26 12 8
split_gain=2.14394 3.10285 2.53891 4.68848 2.73868 2.42649 4.35328 2.97168 3.4655 4.01002 3.6934 2.86961 2.80629 2.55209
threshold=0.17914438502673799 14.975536651947705 10.177802356586229 9.9309711352780479 0.52098004694835687 0.65403958976321974 834.00000000000011 0.71864585637050504 14.431684950125026 544.50000000000011 79.500000000000014 0.057189542483660101 13.645000000000001 342.50000000000006
decision_type=2 2 2 2 2 2 2 2 2 2 2 2 2 2
left_child=-1 2 3 5 -5 -2 7 -7 9 12 -10 -8 -9 -12
right_child=1 -3 -4 4 -6 6 11 8 10 -11 13 -13 -14 -15
leaf_value=-0.0017488234802615832 -0.0046976231399514581 0.034484671813918948 -0.0070060445346768925 0.038827931455616506 -0.019073730022632129 0.023621157083473496 -0.012733341963560253 -0.02683878140422415 -0.0013213451338599681 -0.042639380674520888 0.042151359873295359 0.028378210189242744 0.016257227310537546 -0.027000314496307354
leaf_weight=302.34910928040517 58.49242507260351 7.3639099413994691 45.84892306884467 13.72342829935951 1.7557205504708679 12.041094915581196 4.3591563468944505 5.2267309912640512 42.204950940851631 8.7685832340430334 7.7088468655492743 28.802831244029221 8.6050974985992053 0.87217496833181929
leaf_count=21746 1987 383 1640 322 87 372 129 555 3696 383 183 941 237 61
internal_value=0.00106872 0.00452788 0.00346241 0.00597828 0.0315015 0.00358287 0.00767222 0.00161992 -0.00225902 -0.0181137 0.00501008 0.0227595 -0.00073933 0.0330383
internal_weight=548.123 245.774 238.41 192.561 15.4791 177.082 118.589 85.4275 73.3864 22.6004 50.786 33.162 13.8318 8.58102
internal_count=32722 10976 10593 8953 409 8544 6557 5487 5115 1175 3940 1070 792 244
is_linear=0
shrinkage=0.05


Tree=271
num_leaves=15
num_cat=0
split_feature=24 18 8 29 2 23 30 8 23 9 17 21 30 17
split_gain=2.79479 2.59696 3.03769 2.7029 2.97741 2.2912 2.31637 1.92448 1.83691 3.4189 2.75308 4.88345 4.02817 3.57981
threshold=0.064583333333333312 0.21322404371584697 405.50000000000006 0.060661764705882353 0.40636211931581145 0.23669467787114842 689.50000000000011 322.50000000000006 0.47913043478260875 10.990181469922979 0.62113237639553442 0.49305421570519009 528.50000000000011 0.61572802197802212
decision_type=2 2 2 2 2 2 2 2 2 2 2 2 2 2
left_child=1 2 5 -4 -5 -1 7 -7 10 -10 11 -2 13 -13
right_child=8 -3 3 4 -6 6 -8 -9 9 -11 -12 12 -14 -15
leaf_value=0.023264421061833903 0.0099353376444919986 -0.010255407408736468 0.027737240622079551 0.024459855076633747 -0.030112662151919503 -0.0099373829693209289 -0.021568825364506133 0.015609662282578377 -0.020858006564120193 0.0062913199445838695 -0.0081792790331637489 -0.00632946863720557 -0.026050152581288372 0.031932610730871828
leaf_weight=8.8852433807842299 71.139858867238217 18.40893322984266 28.515711493539129 3.8011369899541005 4.2395816074931645 12.447439257568478 11.445266831469779 15.448432567709458 12.228610655511146 93.755837365813932 203.36360486804188 34.485414723139911 21.54884870285241 6.3854790206169119
leaf_count=575 3725 1623 1048 350 346 1235 772 1324 412 4708 11100 3412 1856 296
internal_value=-0.000999455 0.0063725 0.0100604 0.0207246 -0.00446233 0.00171995 -0.00360197 0.00426089 -0.00272751 0.00299312 -0.00453056 0.00104464 -0.00908498 0.000268296
internal_weight=546.099 103.192 84.7828 36.5564 8.04072 48.2264 39.3411 27.8959 442.908 105.984 336.923 133.56 62.4197 40.8709
internal_count=32782 7273 5650 1744 696 3906 3331 2559 25509 5120 20389 9289 5564 3708
is_linear=0
shrinkage=0.05


Tree=272
num_leaves=15
num_cat=0
split_feature=1 20 10 14 3 15 3 25 22 2 2 27 15 19
split_gain=1.68012 2.36437 2.45756 2.22536 2.05709 2.82037 3.79586 5.04039 4.48959 2.78025 2.39679 2.27625 2.77444 2.25509
threshold=5.5000000000000009 0.029055860419304903 11.687162850920821 0.45296715887807831 140.50000000000003 4.2701613816058686 87.500000000000014 0.20942982456140347 17.500000000000004 0.68934304928535306 0.74701454948467638 0.075498575498575457 4.6426629452969337 0.22749774977497747
decision_type=2 2 2 2 2 2 2 2 2 2 2 2 2 2
left_child=1 4 3 -3 5 13 7 10 11 -10 -7 -8 -13 -1
right_child=-2 2 -4 -5 -6 6 8 -9 9 -11 -12 12 -14 -15
leaf_value=-0.00037720283058460189 0.0022681797048672357 -0.015211728010428966 -0.009441119192507532 0.044231404909497674 0.010129045552443794 -0.047506159818155147 0.0092867805566836121 0.031599322598293358 0.011675297665495517 -0.049582234583691785 0.0063078495612537578 -0.035839897716267846 0.012383982188968108 -0.022015633352123806
leaf_weight=127.23970359042869 329.8688811030388 1.4609327461803312 5.0766820154385641 6.3965471521951258 20.489731467474485 3.5348090154584479 9.595321206259543 7.6752101951569784 1.7147862955462212 14.79226406055386 3.4241070883290377 8.8724662869899458 3.6770316849579094 12.303655370516934
leaf_count=2996 27273 27 120 100 524 156 251 128 50 377 72 249 124 281
internal_value=-5.36966e-06 -0.00331552 0.0166751 0.0327096 -0.00459976 -0.006209 -0.015883 0.00553955 -0.023929 -0.0429153 -0.0235616 -0.00853372 -0.021839 -0.00242815
internal_weight=556.122 226.253 12.9342 7.85748 213.319 192.829 53.286 14.6341 38.6519 16.5071 6.95892 22.1448 12.5495 139.543
internal_count=32728 5455 247 127 5208 4684 1407 356 1051 427 228 624 373 3277
is_linear=0
shrinkage=0.05


Tree=273
num_leaves=15
num_cat=0
split_feature=11 26 12 19 23 15 8 12 16 4 4 6 29 30
split_gain=1.95672 2.95399 2.76755 3.11627 2.20304 1.73512 1.49593 2.8859 2.40984 2.36461 2.33246 2.28152 3.42586 2.26208
threshold=3.1349094243706026 0.13484848484848483 23.412141687141688 0.21760654326302192 0.40370370370370373 4.3325586355562349 165.50000000000003 19.140048309178749 91.500000000000014 22.462250712250711 22.91833333333334 1028.5000000000002 0.04880952380952381 339.50000000000006
decision_type=2 2 2 2 2 2 2 2 2 2 2 2 2 2
left_child=1 4 6 5 -1 -4 9 8 -8 13 -11 -9 -13 -2
right_child=2 -3 3 -5 -6 -7 7 11 -10 10 -12 12 -14 -15
leaf_value=0.020341123900237526 0.014558617742943994 -0.05177768236591649 0.028994989608052336 -0.030827809092496203 -0.027493249455139913 -0.01917888023155627 -0.00066062382695936041 0.01417568458033111 0.027613721375062884 0.016958890124647932 -0.013908167370992167 0.0082884647090388352 -0.050279576287939332 -0.031049261887053134
leaf_weight=4.5778722525283211 2.7360458562179693 3.3529889733472373 18.331035021838041 1.999359524808823 3.2343784067343222 1.384888624656013 397.63046196300274 62.347874672326725 6.6812796389349378 11.494799794512803 11.010120092309078 7.0833866306929831 2.6802963371446822 13.118531265339696
leaf_count=137 115 287 416 68 249 52 28244 1777 194 245 280 222 159 333
internal_value=0.00106359 -0.0187702 0.00151052 0.018591 -0.000335514 0.0248487 0.000755356 0.00152636 -0.000126412 -0.00861594 0.0019085 0.010668 -0.010967 -0.0227818
internal_weight=547.663 11.1652 536.498 21.7153 7.81225 19.7159 514.783 476.423 404.312 38.3595 22.5049 72.1116 9.76368 15.8546
internal_count=32778 673 32105 536 386 468 31569 30596 28438 973 525 2158 381 448
is_linear=0
shrinkage=0.05


Tree=274
num_leaves=15
num_cat=0
split_feature=29 10 2 2 2 25 12 12 16 9 21 21 21 27
split_gain=1.61342 1.43631 3.86115 3.76665 3.2577 3.07912 2.69045 2.57918 2.08121 2.01734 1.98576 1.95916 2.37792 2.23373
threshold=0.18898809523809523 13.350172669292217 0.20796771286789431 0.55972730379124414 0.65689924322123061 0.21980676328502413 10.382677884301833 10.436779935275084 48.500000000000007 15.478532796906434 0.34680272108843541 0.5345681119836122 0.50217391304347836 0.10620300751879695
decision_type=2 2 2 2 2 2 2 2 2 2 2 2 2 2
left_child=1 6 10 11 -5 8 -1 -8 -6 -7 -3 12 -4 -13
right_child=-2 2 3 4 5 9 7 -9 -10 -11 -12 13 -14 -15
leaf_value=-0.045091916078338574 -0.028274351061049648 0.025561305573224974 0.015887371284651532 -0.025490208734502303 -0.017069911167742913 -0.029857679452643362 0.047975259866472032 -0.00018042387858865461 0.024418497791081867 0.011816651311944688 -0.027164550873652295 0.040150839166878866 -0.018768432428291099 0.0022796380854698205
leaf_weight=2.3143895780849553 3.7313897100339082 1.3025475943868503 29.420427507509885 9.8772491414420056 2.9026185899201726 6.6291452174191345 1.7983821673951741 434.97021929322364 16.685702721886628 3.9875603053878876 10.406252042810591 14.332306434625936 5.0378736145976282 5.3871889067686416
leaf_count=685 830 63 2123 839 273 349 107 22426 595 238 2037 793 585 810
internal_value=0.000801488 0.00105195 0.00624743 0.00965011 -0.0019686 0.00629349 -0.000213275 0.000126993 0.0177402 -0.0145353 -0.0197493 0.0181259 0.0104342 0.0304141
internal_weight=548.783 545.052 105.969 94.2601 40.0823 30.205 439.083 436.769 19.5883 10.6167 11.7088 54.1778 34.4583 19.7195
internal_count=32753 31923 8705 6605 2294 1455 23218 22533 868 587 2100 4311 2708 1603
is_linear=0
shrinkage=0.05


Tree=275
num_leaves=15
num_cat=0
split_feature=21 19 21 28 20 19 2 16 30 19 14 16 30 15
split_gain=1.94519 2.66692 2.52036 2.15497 2.72625 2.542 1.89432 1.88589 1.33756 1.33068 1.29185 4.5101 3.85741 3.34746
threshold=0.61715261360651441 0.17411248504188273 0.61374887488748886 0.20416666666666669 0.0093898783283371014 0.26546556122448989 0.38495522667697135 68.500000000000014 1176.5000000000002 0.15505099562894606 0.91827943882826546 65.500000000000014 297.50000000000006 3.3855683317623613
decision_type=2 2 2 2 2 2 2 2 2 2 2 2 2 2
left_child=2 9 10 5 7 -3 -4 8 -5 -2 -1 12 -12 -13
right_child=1 3 6 4 -6 -7 -8 -9 -10 -11 11 13 -14 -15
leaf_value=-0.00018690569905454227 -0.0182173993780613 -0.032108901992228434 -0.018026703141134862 -0.054557233210022288 0.032319778457931811 0.027778247255774043 0.053060141709168375 0.0018787803975353467 0.012816065324353471 0.028329710036681693 0.0047201675258214948 -0.023110714418031232 -0.024757464905877279 0.014395185896064545
leaf_weight=373.66623557839557 1.2939495825485199 16.732271242624854 0.68653265990360468 2.330943738139466 3.483899850252782 1.2067658525484137 2.9110307315277169 6.442247785453219 0.52512139827013005 5.0246009755865089 26.377699870619836 5.5073872346692943 17.841811883212358 84.748998734035922
leaf_count=16114 97 2152 141 138 121 73 76 166 13 288 3889 1226 2168 6116
internal_value=0.000857373 -0.0100542 0.00166522 -0.0161199 -0.000237989 -0.0268263 0.0385241 -0.0143906 -0.0420587 0.0176108 0.00132911 0.00551193 -0.00745802 0.0118784
internal_weight=548.779 37.0398 511.74 30.7212 12.7822 17.939 3.59756 9.29831 2.85607 6.31855 508.142 134.476 44.2195 90.2564
internal_count=32778 3048 29730 2663 438 2225 217 317 151 385 29513 13399 6057 7342
is_linear=0
shrinkage=0.05


Tree=276
num_leaves=15
num_cat=0
split_feature=13 11 26 12 28 5 30 11 24 17 11 17 9 16
split_gain=1.37832 2.77969 2.26427 2.42505 1.90213 2.37129 2.91176 3.03906 2.43018 2.86752 2.2891 4.14824 3.04614 2.46791
threshold=26.500000000000004 4.4934808149164676 0.039230769230769208 19.53166666666667 0.057189542483660101 25.500000000000004 752.50000000000011 6.77730307157145 0.18634259259259259 0.70162346163917266 8.2810559147657354 0.71654228855721402 12.933766066687356 78.500000000000014
decision_type=2 2 2 2 2 2 2 2 2 2 2 2 2 2
left_child=1 -1 -2 -4 5 6 7 8 -3 -10 11 -8 -12 -14
right_child=2 4 3 -5 -6 -7 10 -9 9 -11 12 -13 13 -15
leaf_value=0.041460378513533534 -0.029755737282391122 0.03227725738500474 -0.017028439709342216 0.0018781059513724972 0.0036846390418628361 -0.042446141263614755 -0.029523562971764152 -0.0094711310153914787 -0.03338233341263 0.025579356721522291 0.04200970915536336 0.033296909607298766 -0.00079190190652028345 0.042575525527964633
leaf_weight=3.3467191578092743 7.3418666688594376 7.565336550207574 21.092822522867209 72.335803692476475 286.1546000581202 2.7543660592491497 7.3909725454850541 97.903370249494401 3.576431214925833 2.8011072774679633 7.2878248179476968 2.8808824882144108 20.012936716797416 2.9156340165427528
leaf_count=124 354 1653 1921 2072 14915 125 639 7656 610 176 195 76 1847 279
internal_value=0.000468835 0.0016671 -0.00478225 -0.00252544 0.00127221 -0.00317404 -0.00219177 -0.00634317 0.0147845 -0.00752854 0.00915269 -0.0105138 0.0159608 0.00627158
internal_weight=545.361 444.59 100.77 93.4286 441.243 155.089 152.334 111.846 13.9429 6.37754 40.4883 10.2719 30.2164 22.9286
internal_count=32642 28295 4347 3993 28171 13256 13131 10095 2439 786 3036 715 2321 2126
is_linear=0
shrinkage=0.05


Tree=277
num_leaves=15
num_cat=0
split_feature=21 24 22 16 15 11 0 30 23 2 15 13 0 13
split_gain=1.41166 2.27414 2.68058 2.80785 2.71265 2.45327 3.41934 3.2823 3.21114 3.18242 2.78106 2.60534 2.56564 2.33681
threshold=0.41707119741100329 0.11651583710407236 13.500000000000002 61.500000000000007 4.6216317488714953 9.8055459000685321 621.50000000000011 1570.0000000000002 0.24068965517241384 0.17776106891726587 3.3855683317623613 26.500000000000004 1223.5000000000002 23.500000000000004
decision_type=2 2 2 2 2 2 2 2 2 2 2 2 2 2
left_child=-1 2 3 -2 13 8 -7 -8 -3 -10 12 -12 -11 -4
right_child=1 5 4 -5 -6 6 7 -9 9 10 11 -13 -14 -15
leaf_value=0.00343880211419797 -0.0029690738748831529 -0.022861795440007045 0.011215980300612223 -0.044609838665601032 -0.025429939724417192 0.012726610498138205 -0.023951154701306349 0.022186299102132948 -0.027939056024805276 -0.035034354652644192 0.0093057679101704299 -0.0082858419110632547 0.017761891307449935 -0.0032548696210684988
leaf_weight=189.49203516895795 15.812293537892403 15.387960451607794 89.569147461992543 4.5180229972247608 5.9124329070473314 8.9464047843703138 41.488764794965391 3.462829150070319 8.0862306195122056 7.4156630447578191 85.029381147858658 27.006354829263728 2.460797079722397 39.772957450813919
leaf_count=6963 3028 1679 5964 942 307 580 1859 218 1881 869 5329 1013 49 2107
internal_value=-3.50452e-05 -0.00189445 0.00262639 -0.0138805 0.00519123 -0.00541944 -0.0144278 -0.0199915 -0.0020041 0.000620507 0.00272671 0.0050295 -0.0214562 0.00677533
internal_weight=544.361 354.869 155.585 20.3303 135.255 199.284 53.898 44.9516 145.386 129.998 121.912 112.036 9.87646 129.342
internal_count=32788 25825 12348 3970 8378 13477 2657 2077 10820 9141 7260 6342 918 8071
is_linear=0
shrinkage=0.05


Tree=278
num_leaves=15
num_cat=0
split_feature=8 21 23 13 26 18 24 6 9 24 21 19 17 10
split_gain=2.52295 2.15915 1.68363 3.90007 2.30472 3.95373 3.9719 3.68122 3.21911 2.73626 3.49435 2.59776 2.33017 3.08527
threshold=619.50000000000011 0.27151675485008825 0.21583850931677012 13.500000000000002 0.20416666666666669 0.18655367231638417 0.13188405797101446 454.50000000000006 15.241755301681845 0.32666666666666672 0.25137362637362642 0.21528724440116848 0.5628591954022989 14.13725165133545
decision_type=2 2 2 2 2 2 2 2 2 2 2 2 2 2
left_child=2 -2 3 -1 12 7 11 9 -8 10 -6 -7 13 -4
right_child=1 -3 4 -5 5 6 8 -9 -10 -11 -12 -13 -14 -15
leaf_value=-0.0027223647311623287 0.023759211621299018 -0.03760494516541163 -0.025894252494386427 0.020062928395213377 0.031071968509390192 -0.02566081000687695 0.022128014805461768 -0.045128693507564578 -0.011258524405321678 0.01806126572689035 -0.028095345848723852 0.02595780840964132 0.0024962529386758641 0.024563805631924479
leaf_weight=39.2032446158737 1.0657403933582816 6.1574229419056792 13.763368404381255 34.685758708932553 2.1193411549902583 14.136268080421361 21.833215587175804 9.7124003197532129 9.8173522868546552 5.9677681264583944 14.432149583526551 2.0689659244308123 364.24924843902591 2.9649360282746775
leaf_count=2326 27 343 1042 2336 30 1748 1278 840 819 197 1697 244 19467 240
internal_value=0.000724965 -0.0267627 0.00114536 0.00809882 1.58974e-05 -0.0076401 0.00152942 -0.0208908 0.0117446 -0.0089629 -0.0191806 -0.0179448 0.0016411 -0.0160699
internal_weight=542.177 7.22316 534.954 73.889 461.065 80.0875 47.8558 32.2317 31.6506 22.5193 16.5515 16.2052 380.978 16.7283
internal_count=32634 370 32264 4662 27602 6853 4089 2764 2097 1924 1727 1992 20749 1282
is_linear=0
shrinkage=0.05


Tree=279
num_leaves=15
num_cat=0
split_feature=1 3 18 19 18 23 21 26 25 23 15 18 23 12
split_gain=2.06833 2.78336 2.4711 2.99931 1.9111 2.24664 3.05067 3.84829 2.05418 1.77406 1.92308 1.87885 1.69154 3.24885
threshold=1.5000000000000002 130.50000000000003 0.15022123893805314 0.11791443850267376 0.23950997652582157 0.31698564593301443 0.31357916300848704 0.060661764705882353 0.10818713450292396 0.75735294117647067 3.1250403514996683 0.15484574111334673 0.64142857142857157 11.807662888533484
decision_type=2 2 2 2 2 2 2 2 2 2 2 2 2 2
left_child=1 2 3 -1 5 -4 -7 -8 -9 10 11 -2 -12 -14
right_child=9 -3 4 -5 -6 6 7 8 -10 -11 12 -13 13 -15
leaf_value=-0.042465123227736046 0.0095801402446880832 0.0071815949707618584 -0.0043328447037315207 0.015063565800379666 0.015239386485760391 0.026499211293125376 -0.0022570506383757074 -0.016746769410602377 -0.071426186941008107 -0.027722331354095683 0.001249242512269159 -0.032740212960217369 0.047953147075578656 0.0037430915115653184
leaf_weight=1.9109089354751621 3.3896347460286034 17.033497330383398 6.7368920840090203 9.2576092568924633 2.0416133259423068 1.004045507172125 4.0752272562822318 3.0453573424601919 8.0287714080186543 4.2784844504203638 446.55874139497246 6.8000541973688087 4.7103590026090414 15.98858810940146
leaf_count=52 240 395 165 155 34 22 61 62 142 198 29291 1016 221 595
internal_value=7.30247e-05 -0.00919468 -0.0169069 0.00253967 -0.0253802 -0.0294894 -0.0391168 -0.0448372 -0.0590218 0.00111217 0.00142797 -0.0190642 0.00191461 0.01555
internal_weight=534.86 53.1339 36.1004 11.1685 24.9319 22.8903 16.1534 15.1494 11.0741 481.726 477.447 10.1897 467.258 20.6989
internal_count=32649 1088 693 207 486 452 287 265 204 31561 31363 1256 30107 816
is_linear=0
shrinkage=0.05


Tree=280
num_leaves=15
num_cat=0
split_feature=26 21 6 15 16 23 25 23 3 27 18 24 26 4
split_gain=1.7134 2.3398 3.11152 4.31802 2.63259 2.85972 2.5318 2.49706 2.1607 2.05109 3.48102 3.53364 2.66365 2.19387
threshold=0.054093567251461951 0.40336728919071874 215.50000000000003 4.3646086286415899 65.500000000000014 0.45993589743589747 0.31414473684210531 0.28285714285714292 76.500000000000014 0.070197044334975353 0.12318229715489987 0.30217391304347829 0.29705882352941176 11.817255996691481
decision_type=2 2 2 2 2 2 2 2 2 2 2 2 2 2
left_child=-1 2 4 6 5 -2 -4 8 -6 12 -11 13 -3 -12
right_child=1 9 3 -5 7 -7 -8 -9 -10 10 11 -13 -14 -15
leaf_value=0.0059150400281932376 -0.020719076491147608 0.0015473657177589742 -0.0056594003554783986 0.013514093935276229 0.04273910303959607 0.024262682387433343 -0.03861737912099307 0.0080789498536740917 -0.0047089853988201633 0.028538926143888171 0.023587342663387995 -0.042333344445658033 -0.034806552132653386 -0.0088891159245641539
leaf_weight=77.382361882911937 9.1950185022760689 126.22681997575637 67.615550678565342 30.442540066782385 12.659192482351498 4.4393675357496241 5.4482191311108172 21.039807117849705 2.685039965203031 5.2837221537429278 4.440286536300845 6.8706506578309918 4.2464394065755178 156.08561864192416
leaf_count=3440 589 6306 2264 897 360 172 251 820 85 308 1023 585 484 15206
internal_value=-0.000918006 -0.00208623 0.00293035 -0.00203259 0.013039 -0.00541586 -0.00860524 0.0199146 0.0346562 -0.00462804 -0.00818683 -0.00950863 0.000108432 -0.00785032
internal_weight=534.061 456.678 153.525 103.506 50.0184 13.6344 73.0638 36.384 15.3442 303.154 172.68 167.397 130.473 160.526
internal_count=32790 29350 5438 3412 2026 761 2515 1265 445 23912 17122 16814 6790 16229
is_linear=0
shrinkage=0.05


Tree=281
num_leaves=15
num_cat=0
split_feature=1 14 11 4 6 10 11 25 6 23 2 11 6 30
split_gain=1.53405 1.98185 1.46951 3.44589 1.33919 1.78575 1.88815 1.2896 2.95665 5.45269 2.17428 2.08969 2.08195 2.79507
threshold=1.5000000000000002 0.75602895874773612 7.9366143483208038 21.501677852348998 82.500000000000014 11.335159471463536 9.6132835629737183 0.1188235294117647 86.500000000000014 0.64142857142857157 0.12521063989801337 11.830644059341497 493.50000000000006 2902.0000000000005
decision_type=2 2 2 2 2 2 2 2 2 2 2 2 2 2
left_child=1 2 3 -1 -4 6 -6 8 9 -2 -9 -10 13 -12
right_child=7 -3 4 -5 5 -7 -8 10 11 -11 12 -13 -14 -15
leaf_value=0.032305249892946974 -0.034721216047680234 -0.021985201266154553 0.022785962093530333 -0.020601010221819933 -0.0045056991566860887 0.00047256480890457394 -0.049926777381639212 -0.02646895985920273 -0.0012210055466018123 0.024243788700638067 0.005133738120090158 0.029522472431879172 -0.0027308797687428908 0.050313398083176086
leaf_weight=7.2896370124071819 14.633278338918901 15.240048475272486 2.2178574595600393 4.0443944443250075 4.6884152672719228 12.355554530164225 3.9190069411415607 5.1738999593999315 96.250243678980041 4.4396802844712502 268.48154401886131 4.8607487032641066 98.508024302333069 2.483809200464747
leaf_count=155 3361 328 23 106 107 286 71 1232 5249 222 14674 166 6675 89
internal_value=0.000700481 -0.00758052 -0.000780179 0.0132867 -0.0079231 -0.0120616 -0.0282303 0.00154674 -0.00294302 -0.0204717 0.00299102 0.000531585 0.00347389 0.00573135
internal_weight=544.586 49.7549 34.5149 11.334 23.1808 20.963 8.60742 494.831 120.184 19.073 374.647 101.111 369.473 270.965
internal_count=32744 1076 748 261 487 464 178 31668 8998 3583 22670 5415 21438 14763
is_linear=0
shrinkage=0.05


Tree=282
num_leaves=15
num_cat=0
split_feature=22 12 18 18 15 8 26 30 17 8 29 26 12 22
split_gain=1.51625 1.62385 3.17104 5.35828 4.5326 3.12804 2.7831 2.60173 2.27346 3.27524 2.20155 2.33723 1.96365 1.92917
threshold=10.500000000000002 12.434615384615386 0.16428133306072376 0.1843382728666326 4.3832544764491077 427.50000000000006 0.28285714285714292 282.50000000000006 0.59689455946076075 462.50000000000006 0.054093567251461951 0.14907407407407408 11.627091722595081 16.500000000000004
decision_type=2 2 2 2 2 2 2 2 2 2 2 2 2 2
left_child=-1 2 4 5 -2 10 8 -8 13 -10 11 -4 -12 -5
right_child=1 -3 3 6 -6 -7 7 -9 9 -11 12 -13 -14 -15
leaf_value=-0.013446892008075573 -0.020500978248807606 -0.0012744467761940082 0.060477075347251469 -0.0093600366929766209 0.038659631771941094 -0.0095638896450076852 0.045178043406939199 -0.025514084761836808 -0.038955066262742699 0.027191954966689136 0.028100897949569315 0.0094426635942624557 -0.027228485749931326 0.027543399991598633
leaf_weight=21.396094054895002 16.405119884928357 441.54502978714299 10.09552928659105 8.6031565435787396 3.0175462743718517 3.5089134063964584 4.0578676370787425 1.0262432025538144 7.8968450086122157 1.6053730025596449 3.3284126485159495 3.335527816487228 1.5996007288667895 4.647027617222192
leaf_count=3133 3214 17589 644 1840 178 339 292 511 2315 126 786 650 529 578
internal_value=-0.000713315 -0.000154567 0.00691476 0.0135376 -0.00986674 0.0314715 -0.00115384 0.0290604 -0.00884456 -0.0262546 0.0394034 0.0493355 0.00857776 0.00460713
internal_weight=532.068 510.672 69.1272 49.7045 19.4227 21.868 27.8365 5.08411 22.7524 9.50222 18.3591 13.4311 4.92801 13.2502
internal_count=32724 29591 12002 8610 3392 2948 5662 803 4859 2441 2609 1294 1315 2418
is_linear=0
shrinkage=0.05


Tree=283
num_leaves=15
num_cat=0
split_feature=1 12 30 21 2 11 11 30 30 9 3 21 18 3
split_gain=2.09526 3.04838 2.8828 2.3312 2.47358 2.32566 4.0973 2.24708 2.33649 2.23018 2.12622 2.35937 2.66323 2.40806
threshold=5.5000000000000009 14.061007751937986 819.50000000000011 0.34299719887955188 0.57369309904107058 10.446912117547194 9.3961993818435054 909.00000000000011 491.00000000000006 13.790636491985369 140.50000000000003 0.43090185676392573 0.20087719298245613 122.50000000000001
decision_type=2 2 2 2 2 2 2 2 2 2 2 2 2 2
left_child=1 3 5 4 -1 6 10 8 -5 -7 11 13 -13 -3
right_child=-2 2 -4 7 -6 9 -8 -9 -10 -11 -12 12 -14 -15
leaf_value=-0.020997854762748954 0.0021843822192552753 -0.0010101970480259927 -0.013196336013005475 -0.014956071754124584 0.034584898963361782 -0.013973706199304881 -0.016145994735232788 0.036551205162528876 -0.050001630898672433 0.025114953261981307 0.028741285063836677 0.01712187468349171 -0.016383923120364043 -0.03837761548486493
leaf_weight=2.5073867610190055 324.92209354691113 22.676710388041105 33.709769382796367 46.286403359175893 3.9343118710676208 3.8586082796100554 27.670640105512575 0.98518160928506304 4.648824941541533 17.451248336641584 8.1338585194898751 30.461901640053838 6.4678420220734543 4.3404474838753222
leaf_count=43 27236 545 1079 1397 50 79 608 27 204 371 152 610 195 82
internal_value=-0.000340655 -0.00418231 -0.000484474 -0.0138153 0.0130353 0.00313428 -0.000128383 -0.01733 -0.0190558 0.017728 0.00615731 0.00288639 0.0109765 -0.00816899
internal_weight=538.055 213.133 154.771 58.3621 6.4417 121.061 99.7514 51.9204 50.9352 21.3099 72.0808 63.9469 36.9297 27.0172
internal_count=32678 5442 3721 1721 93 2642 2192 1628 1601 450 1584 1432 805 627
is_linear=0
shrinkage=0.05


Tree=284
num_leaves=15
num_cat=0
split_feature=1 1 9 2 18 30 9 18 15 30 2 2 27 15
split_gain=1.9488 1.96572 3.06559 2.57376 2.51389 1.92968 1.91225 2.02658 2.66312 1.97436 1.8778 2.31064 2.62619 3.75661
threshold=16.500000000000004 18.500000000000004 14.761408744317306 0.56325507309925837 0.19308213716108449 875.00000000000011 15.50852781250201 0.23623737373737372 4.0065244661977522 3956.0000000000005 0.20796771286789431 0.39277832773981708 0.17028985507246372 3.7564465936535121
decision_type=2 2 2 2 2 2 2 2 2 2 2 2 2 2
left_child=10 2 3 -2 5 -4 7 8 9 -3 -1 12 13 -12
right_child=1 6 4 -5 -6 -7 -8 -9 -10 -11 11 -13 -14 -15
leaf_value=-0.019209215995719498 -0.019248503904854011 0.0091423270522163393 0.048896806650521103 0.039908958890242346 -0.00067584987941475712 -0.008406712821058003 -0.011732979842092719 0.031723418478391732 -0.014747441735271566 -0.046296500892574428 0.010971371516591708 -0.0032977900814132304 0.022727577186398975 -0.013810313214000558
leaf_weight=14.380313584548274 7.1352110626685334 58.767026959669238 9.8617963350443478 1.3932478285860268 4.852257404701958 1.3899909977262712 19.707759900198653 5.6668160721310405 15.819228246164128 0.67068572342395683 37.837753988194891 319.3545106604015 17.47590121862595 24.231118675383186
leaf_count=1888 693 6804 795 72 516 120 3239 615 2417 6 1989 10793 1258 1519
internal_value=-0.000405538 0.00503337 0.0173991 -0.00641013 0.0296456 0.0417094 0.0018651 0.0052795 0.00289839 0.00776109 -0.00206223 -0.00139759 0.00617751 0.00123125
internal_weight=538.544 125.264 24.6325 8.52846 16.104 11.2518 100.632 80.9238 75.2569 59.4377 413.28 398.899 79.5448 62.0689
internal_count=32724 15277 2196 765 1431 915 13081 9842 9227 6810 17447 15559 4766 3508
is_linear=0
shrinkage=0.05


Tree=285
num_leaves=15
num_cat=0
split_feature=3 11 26 30 8 18 8 10 29 30 11 11 19 4
split_gain=1.62606 2.06039 2.65843 2.16397 2.65244 2.73406 1.87687 2.61552 3.15704 1.86834 1.63228 3.21849 3.13038 3.14016
threshold=112.50000000000001 7.449124410225374 0.13188405797101446 1248.5000000000002 454.50000000000006 0.20851449275362319 482.50000000000006 15.352010422758207 0.060661764705882353 3409.5000000000005 6.5807235303068881 9.6132835629737183 0.23896820246593123 17.76506899055919
decision_type=2 2 2 2 2 2 2 2 2 2 2 2 2 2
left_child=9 2 -2 6 5 -5 -3 8 -8 10 -1 12 -12 -14
right_child=1 3 -4 4 -6 -7 7 -9 -10 -11 11 -13 13 -15
leaf_value=0.005386600775696658 0.038791825085132174 0.013751693349553343 -0.0051509576452485866 -0.040954304280274703 0.019196329800054326 0.015839343424083743 -0.039803518126556581 0.045281767244145836 0.017031870898267312 -0.042938881381150755 -0.0075595689577325938 0.0035007872687616275 -0.011831934145230967 0.032307682703855901
leaf_weight=96.363905728376267 9.0296097985701618 34.39612413301802 4.9163887353424789 7.2241103879641724 3.5284483681461998 2.2494171556318179 5.6626486753229948 0.86125012813136059 3.1417661342857173 1.5933194418903429 198.91766489864131 158.74414205844732 5.9579958936519679 9.2414257096970669
leaf_count=6682 255 803 237 312 222 103 200 11 101 41 15410 7397 661 427
internal_value=0.000453468 0.00745121 0.0239925 0.00306504 -0.0141705 -0.0272443 0.00835259 -0.0103485 -0.0198538 -0.000615501 -0.000380776 -0.00188174 -0.00587002 0.0153432
internal_weight=541.828 71.0098 13.946 57.0638 13.002 9.47353 44.0618 9.66566 8.80441 470.818 469.225 372.861 214.117 15.1994
internal_count=32862 2244 492 1752 637 415 1115 312 301 30618 30577 23895 16498 1088
is_linear=0
shrinkage=0.05


Tree=286
num_leaves=15
num_cat=0
split_feature=21 20 23 20 24 19 9 10 17 3 19 9 17 30
split_gain=2.46754 1.92946 2.17575 1.91168 1.54968 3.34247 2.99299 3.82515 2.51875 2.17986 2.83517 2.06809 2.12298 2.44726
threshold=0.67455869991594286 0.033520599250936305 0.57417582417582425 0.035346173867777157 0.16333333333333333 0.15022123893805314 12.537976768328795 9.1520871326294913 0.60570151679306616 66.500000000000014 0.11611054937647451 11.595966861804586 0.6844476055002372 318.50000000000006
decision_type=2 2 2 2 2 2 2 2 2 2 2 2 2 2
left_child=1 4 3 -3 5 9 8 -8 -6 10 -1 12 -10 -14
right_child=-2 2 -4 -5 6 -7 7 -9 11 -11 -12 -13 13 -15
leaf_value=0.017729232217228327 -0.027344512928540822 0.051888663798388648 -0.014588685485296264 0.012104227465300281 0.019059216781775662 -0.00012136584451843695 0.036639994539855093 0.0041599442241330399 0.0066202491278346863 -0.0048797692620247204 -0.038834610002752894 -0.028676695262535547 0.020522565324937393 -0.029719647043034921
leaf_weight=2.0325148171250467 6.7986275116199968 3.718783768417782 3.782155391178093 10.98406250712287 6.4778308056411325 217.48632658747192 8.5123649106972135 206.00275366702044 16.855463404353944 18.330083054694114 12.882709831807004 12.6297900689824 2.3206661919248281 10.294785136735298
leaf_count=112 655 64 140 384 190 17244 236 10879 570 787 1057 343 62 252
internal_value=0.000578924 0.000986164 0.0164303 0.0248305 0.000399723 -0.00240815 0.00307465 0.00561284 -0.00802074 -0.0169276 -0.0304969 -0.0125329 -0.00490044 -0.0196489
internal_weight=539.109 532.31 18.485 14.7028 513.825 250.732 263.094 214.515 48.5785 33.2453 14.9152 42.1007 29.4709 12.6155
internal_count=32975 32320 588 448 31732 19200 12532 11115 1417 1956 1169 1227 884 314
is_linear=0
shrinkage=0.05


Tree=287
num_leaves=15
num_cat=0
split_feature=1 16 11 11 14 2 24 1 15 6 23 25 19 26
split_gain=1.68111 2.32865 1.82992 2.62941 2.48501 2.51074 2.35911 2.26997 3.01531 2.83143 2.59786 2.24414 2.65709 2.49207
threshold=16.500000000000004 43.500000000000007 7.9548237307319676 6.6280738511941921 0.80721553533734292 0.23077931771873547 0.16333333333333333 18.500000000000004 3.679988153367256 235.50000000000003 0.28869047619047622 0.10818713450292396 0.22749774977497747 0.12250000000000001
decision_type=2 2 2 2 2 2 2 2 2 2 2 2 2 2
left_child=1 -1 3 7 -4 6 -6 8 -2 10 -9 -11 13 -13
right_child=2 -3 4 -5 5 -7 -8 9 -10 11 -12 12 -14 -15
leaf_value=-0.044925874086075339 -0.017056293573204078 -0.0021477871927903609 -0.00048019357826121719 -0.018054700211217158 -0.035315228643632936 0.024844534040168193 0.015086101233552918 0.053896843054914371 0.046813431493022861 0.012809400273926051 0.00096659092492717849 -0.048184227232198742 0.024938559510056069 -0.0018966007736624371
leaf_weight=2.2092363992851451 2.0513835617966825 414.50500281405402 33.414411381685568 17.63713327107871 3.004288858450308 28.785711709460884 4.6125974237183982 2.6307336408081046 5.01635327663098 5.5343388528162931 6.5163214018175495 7.0907154554279241 1.729877481364382 4.6716521513299085
leaf_count=121 206 17385 3110 3949 910 2639 490 305 304 704 1047 613 322 694
internal_value=-0.000967055 -0.00248159 0.00415527 -0.00283524 0.00941506 0.018268 -0.00658476 0.00506961 0.0284591 -0.00157235 0.0200009 -0.0124246 -0.0229449 -0.0313893
internal_weight=539.41 416.714 122.696 52.8785 69.817 36.4026 7.61689 35.2414 7.06774 28.1736 9.14706 19.0266 13.4922 11.7624
internal_count=32799 17506 15293 8144 7149 4039 1400 4195 510 3685 1352 2333 1629 1307
is_linear=0
shrinkage=0.05


Tree=288
num_leaves=15
num_cat=0
split_feature=0 26 0 2 18 14 30 11 13 4 21 3 3 12
split_gain=1.30208 3.54971 3.9822 2.85962 2.25359 2.18352 2.19648 1.98399 2.52094 1.95209 2.87047 1.79452 2.74328 2.30406
threshold=580.50000000000011 0.081666666666666665 472.50000000000006 0.25849738991731791 0.16405676535356004 0.94405827408968734 483.00000000000006 7.4921483203403882 7.5000000000000009 16.418010752688176 0.4768336314847943 65.500000000000014 67.500000000000014 21.397312925170073
decision_type=2 2 2 2 2 2 2 2 2 2 2 2 2 2
left_child=1 2 5 9 -4 -1 -7 -5 -9 -3 -11 -2 -13 -14
right_child=11 3 4 7 -6 6 -8 8 -10 10 -12 12 13 -15
leaf_value=0.012191156503609491 -0.004055788786792784 0.040661593832214279 0.0076511956842201722 -0.038141210415980231 0.048843707031184486 -0.039323891281772848 0.032915335550615418 -0.024396373511330047 0.017076875635608044 0.015943429554456979 -0.010418123958057735 0.024944499597842885 -0.00059778343626976538 0.01367947631417493
leaf_weight=13.39757667079539 183.52230449642047 2.7506370514238361 5.2557432687099199 6.0444923071991097 10.55092583899386 3.6814403684966228 0.53760532628075441 6.5890562819549796 6.1280787314899499 19.638536781580115 19.711604106254526 11.801703662466023 222.2663121104506 31.362418132834136
leaf_count=806 11130 253 311 773 349 883 148 261 515 1839 4077 550 10115 875
internal_value=0.000859833 0.0061685 0.0190015 -0.00107215 0.0364173 0.00225828 -0.0255759 -0.0168056 -0.00462342 0.00616648 0.00280725 -0.000266284 0.00235922 0.00121446
internal_weight=543.238 94.2857 33.4233 60.8624 15.8067 17.6166 4.21905 18.7616 12.7171 42.1008 39.3501 448.953 265.43 253.629
internal_count=32885 10215 2497 7718 660 1837 1031 1549 776 6169 5916 22670 11540 10990
is_linear=0
shrinkage=0.05


Tree=289
num_leaves=15
num_cat=0
split_feature=22 15 19 8 30 19 9 19 1 29 24 30 2 1
split_gain=1.82107 2.21721 2.33164 4.05027 2.65657 3.05866 2.14851 6.13302 2.50754 2.4286 2.92312 3.93336 3.00737 2.65693
threshold=13.500000000000002 4.30923264121932 0.16018867924528304 543.50000000000011 306.50000000000006 0.15590372929822474 14.540661075958724 0.19410230401391101 27.500000000000004 0.060661764705882353 0.12250000000000001 433.50000000000006 0.68934304928535306 10.500000000000002
decision_type=2 2 2 2 2 2 2 2 2 2 2 2 2 2
left_child=1 2 4 -4 5 -1 -2 8 -8 10 12 13 -9 -12
right_child=6 -3 3 -5 -6 -7 7 9 -10 -11 11 -13 -14 -15
leaf_value=4.021299942416772e-05 -0.0015034943150871473 0.0074085644414838159 -0.028113311900773236 0.016488978479963202 -0.018886392189491844 0.04636425044436468 0.012402970546749681 0.015173095351358244 -0.026634099548598991 -0.023054090300717516 -0.047328964832420758 0.0025532217083922295 -0.016708369829574458 0.00097899163065386465
leaf_weight=16.669501942727951 217.86836082853188 22.581006557855289 26.000136036047483 5.5705823042953844 11.822921862181827 3.5327721393332459 147.69093830224119 29.952937615598785 3.3200378472884031 14.864727104186384 8.5684699999910681 17.866759219970845 8.8177366102318029 3.9947081060126939
leaf_count=1071 9122 1909 5341 294 1078 168 7212 2049 525 2133 320 970 285 429
internal_value=0.000801327 -0.00581954 -0.0105584 -0.0199787 -0.000948052 0.00994559 0.00207105 0.00537627 0.0113752 -0.00540688 -0.00134175 -0.0127205 0.00768439 -0.0330288
internal_weight=539.122 86.1769 63.5959 31.5707 32.0252 20.2023 452.945 235.076 151.011 84.0653 69.2006 30.4299 38.7707 12.5632
internal_count=32906 9861 7952 5635 2317 1239 23045 13923 7737 6186 4053 1719 2334 749
is_linear=0
shrinkage=0.05


Tree=290
num_leaves=15
num_cat=0
split_feature=19 9 12 14 14 25 27 15 17 14 21 25 25 23
split_gain=2.14509 2.54446 3.10142 2.80276 5.77386 3.41177 2.64265 2.5136 1.90599 2.10978 1.82625 1.96284 2.30989 2.57598
threshold=0.20280062671367022 14.601673675404804 15.955000000000002 0.66743525539411441 0.91470129463488037 0.2124060150375939 0.26491228070175438 4.3923529830720556 0.58578643578643586 0.93676499951761549 0.51363749070171105 0.24068965517241384 0.2124060150375939 0.42582417582417581
decision_type=2 2 2 2 2 2 2 2 2 2 2 2 2 2
left_child=-1 2 3 -2 7 -6 10 -5 9 -8 -3 12 13 -12
right_child=1 6 -4 4 5 -7 8 -9 -10 -11 11 -13 -14 -15
leaf_value=0.0013049353353743656 0.034560891354865765 -0.025609105058837026 -0.0084739872450426846 -0.045580398729254484 -0.01976147233138803 0.042327424020800752 -0.036797755040702936 0.019988850019706021 0.025329549735288406 0.022462843429778497 -0.021467173241151671 -0.019739143812977922 0.028365826526751854 0.018368803226287318
leaf_weight=406.87921596779233 9.640890459064396 26.346524232370939 30.707416381672374 5.2930808628152581 2.4040648071913875 6.7932695475155924 2.6548779138320224 1.2744427637953775 6.7365512468277302 1.685853869817947 10.370379999858416 18.834268714086647 5.1114298262855291 5.392893027408717
leaf_count=22628 413 2263 965 485 482 521 256 27 580 286 1121 1793 403 660
internal_value=-0.000500408 -0.00598185 0.00210621 0.0147309 0.00126587 0.0257518 -0.0118175 -0.0318965 0.0100854 -0.0138856 -0.0155861 -0.00847027 0.00213469 -0.00755581
internal_weight=540.125 133.246 56.1132 25.4057 15.7649 9.19733 77.1328 6.56752 11.0773 4.34073 66.0555 39.709 20.8747 15.7633
internal_count=32883 10255 2893 1928 1515 1003 7362 512 1122 542 6240 3977 2184 1781
is_linear=0
shrinkage=0.05


Tree=291
num_leaves=15
num_cat=0
split_feature=19 13 24 24 3 0 17 27 14 14 21 18 17 23
split_gain=1.52704 2.71081 1.92847 1.4018 1.19338 1.81413 1.65752 2.02079 1.30828 1.30523 1.74951 1.4245 1.23251 2.78728
threshold=0.26705426356589146 4.5000000000000009 0.05131578947368421 0.15192307692307691 12.500000000000002 293.50000000000006 0.54858379228953591 0.10172413793103446 0.47573173040371192 0.82873724035822138 0.41103500761035011 0.23623737373737372 0.57459036439227207 0.23303167420814477
decision_type=2 2 2 2 2 2 2 2 2 2 2 2 2 2
left_child=4 -2 -3 -4 -1 9 7 8 -7 -6 -11 -12 13 -8
right_child=1 2 3 -5 5 6 12 -9 -10 10 11 -13 -14 -15
leaf_value=-0.029902601778600785 -0.026760007226491689 -0.01113501124078551 0.055481995823742442 -0.0049848042822589408 0.02900382520673337 0.034287283942660923 0.023367963966352184 -0.031212232674181762 -0.0099358413740297212 0.034210539801223447 -0.026041721245292755 0.033006662977458724 -0.0010457917856411174 -0.00378300760995973
leaf_weight=2.4339571900582078 1.6798517351271565 1.5358929961003012 4.3627738101276918 0.97766161609615654 7.9111657226640073 1.5596435893094156 16.012435548276699 8.5108422273588058 3.9561035741862725 1.4767375953451845 4.2343038321960194 0.36981503188144405 460.36087073284034 20.744182975195145
leaf_count=503 99 118 163 73 444 48 849 829 290 129 1398 52 26043 1723
internal_value=-0.000164576 0.0196448 0.0329395 0.0453721 -0.000522405 -0.000329654 -0.000830888 -0.0171918 0.00591186 0.016815 -0.000899147 -0.0162554 -0.000335663 0.00835052
internal_weight=536.126 8.55618 6.87633 5.34044 527.57 525.136 511.144 14.0266 5.51575 13.992 6.08086 4.60412 497.117 36.7566
internal_count=32761 453 354 236 32308 31805 29782 1167 338 2023 1579 1450 28615 2572
is_linear=0
shrinkage=0.05


Tree=292
num_leaves=15
num_cat=0
split_feature=26 6 6 18 2 10 10 12 14 23 17 19 14 27
split_gain=2.09278 3.25848 3.83061 3.09078 2.60547 2.40869 3.15544 2.55255 2.37252 4.54783 2.71225 2.7523 2.5554 2.3904
threshold=0.093073593073593072 21.500000000000004 31.500000000000004 0.15722311396468699 0.6103487630382759 11.863773818991504 14.450662912044683 14.061007751937986 0.54243721783321652 0.3550420168067227 0.61776661884265915 0.25658350658350659 0.26755457531057852 0.05131578947368421
decision_type=2 2 2 2 2 2 2 2 2 2 2 2 2 2
left_child=1 -1 3 -3 5 -4 -7 -8 9 10 11 -2 -12 -11
right_child=8 2 4 -5 -6 6 7 -9 -10 13 12 -13 -14 -15
leaf_value=-0.038094912177713963 0.013117599551045531 -0.018135601581741552 0.015777142974746815 0.050841634750159098 -0.0033599627626125124 -0.0059031481261070072 0.040859819219038362 -0.0202536376935229 0.00069345389284107041 -0.0033935728230041133 0.018261340831794159 -0.037683090623525616 -0.023093023152834496 -0.03325058393751653
leaf_weight=3.2986035065368915 30.299140004168294 1.5096865243831397 58.960612831313483 6.6681140509972465 66.873222762609657 36.565695242545189 6.1355730475988812 1.5714856915874404 271.75668838554884 10.07680953659292 4.0152957259269924 1.9509716969041608 15.507190811476901 20.608450554867886
leaf_count=933 1331 235 2335 416 2002 2416 398 90 20068 337 164 90 722 1154
internal_value=0.000668929 0.00501835 0.00602407 0.0375193 0.00429952 0.00924586 0.000391415 0.0275037 -0.00156859 -0.0089426 0.000184811 0.00900351 -0.0141121 -0.0238623
internal_weight=535.798 181.583 178.284 8.1778 170.107 103.233 44.2728 7.70706 354.215 82.4579 51.7726 32.2501 19.5225 30.6853
internal_count=32691 8825 7892 651 7241 5239 2904 488 23866 3798 2307 1421 886 1491
is_linear=0
shrinkage=0.05


Tree=293
num_leaves=15
num_cat=0
split_feature=9 19 15 21 14 9 23 14 10 14 8 12 12 2
split_gain=1.74813 4.11347 2.63555 2.59581 3.72275 2.4612 2.36239 4.78518 4.20217 2.765 3.83475 4.10009 3.21551 2.6277
threshold=14.399679002613345 0.20301177536231887 3.6401362893465605 0.36240942028985507 0.18389660365439456 14.795613938884118 0.43614130434782611 0.56388710261586394 14.113962592493985 0.94405827408968734 429.50000000000006 14.105000000000002 13.050423728813561 0.39277832773981708
decision_type=2 2 2 2 2 2 2 2 2 2 2 2 2 2
left_child=-1 3 5 -2 -5 -3 7 8 -6 10 13 -12 -11 -8
right_child=1 2 -4 4 6 -7 9 -9 -10 12 11 -13 -14 -15
leaf_value=-0.0033747994825728033 -0.0038585828433284545 0.010119790248541378 -0.0019459597998310715 -0.046655557131898701 -0.027266414341566417 -0.030961897703621007 0.049508464615101958 0.0096787126052419823 0.022173158761240572 -0.01722269153306592 -0.017246752087707363 0.02355463502808763 0.018403937274117686 0.019549766332664916
leaf_weight=207.87726164646665 54.543969632148219 4.120148192534546 62.71930014065947 2.0453664740998638 17.149520195271183 15.916087568852161 12.952347168627965 87.798059401984574 4.804125362490594 11.263310412703506 10.130184880414165 12.872070240526226 12.102874804215388 20.411407027204405
leaf_count=9026 1958 382 5273 121 995 2115 831 7679 183 2186 574 369 411 693
internal_value=0.000204746 0.00247102 -0.00711517 0.00571064 0.00844167 -0.0224346 0.00927822 0.00445388 -0.0159529 0.0157815 0.0216877 0.00561581 0.00122864 0.0322825
internal_weight=536.706 328.829 82.7555 246.073 191.529 20.0362 189.484 109.752 21.9536 79.7322 56.366 23.0023 23.3662 33.3638
internal_count=32796 23770 7770 16000 14042 2497 13921 8857 1178 5064 2467 943 2597 1524
is_linear=0
shrinkage=0.05


Tree=294
num_leaves=15
num_cat=0
split_feature=12 2 23 0 23 15 20 15 15 19 14 11 12 18
split_gain=2.44309 1.58488 3.29735 2.7301 4.0266 2.3628 2.2321 1.96491 2.20854 2.30581 2.29476 1.63568 1.91079 1.85592
threshold=10.041819970128595 0.39277832773981708 0.64142857142857157 760.50000000000011 0.43875000000000003 4.1386530004179507 0.029925373134328352 3.3551334028558859 3.9032434233439606 0.18099343185550082 0.57418753129247124 2.5989432053920782 23.190866510538644 0.19773830820342447
decision_type=2 2 2 2 2 2 2 2 2 2 2 2 2 2
left_child=-1 2 7 4 5 -3 -4 -2 11 -10 -11 -9 -13 -14
right_child=1 3 6 -5 -6 -7 -8 8 9 10 -12 12 13 -15
leaf_value=-0.043416647173072455 -0.010299303459864495 -0.013357855370273702 0.037590275031735676 0.00021595698037783675 -0.048562050098238392 0.030590659693221996 -0.023654174710042067 -0.028882247253376844 -0.019539479706735859 -0.022061109886858873 0.015945761596717772 0.007944655498006754 0.045314194280047709 -0.013074491612982226
leaf_weight=2.116851560669601 22.595273598257336 11.37947253843595 9.9228342148417124 342.65823425682902 6.2274549097710397 3.0677485406195037 1.0328757109091373 1.8286377825570514 15.042281873942555 4.4452414333645747 14.017724988814733 91.283894777767273 5.4412470746901809 1.2434298302396198
leaf_count=632 3160 712 444 14434 366 113 56 238 1555 340 1742 8928 87 28
internal_value=0.000724491 0.000982134 0.00500073 -0.000871985 -0.0180814 -0.00264954 0.0303208 0.00303945 0.00536027 -0.00562572 0.0061317 0.00906786 0.0100609 0.0341652
internal_weight=532.303 530.186 166.853 363.333 20.6747 14.4472 10.9557 155.898 133.302 33.5052 18.463 99.7972 97.9686 6.68468
internal_count=32835 32203 16578 15625 1191 825 500 16078 12918 3637 2082 9281 9043 115
is_linear=0
shrinkage=0.05


Tree=295
num_leaves=15
num_cat=0
split_feature=10 29 27 10 2 9 16 10 29 17 2 25 21 23
split_gain=1.43579 1.91785 1.47938 2.05572 3.38225 2.17904 2.8509 1.99159 1.95733 1.93618 2.11599 1.78651 1.59774 1.55287
threshold=15.019516452541538 0.067816091954022953 0.20942982456140347 10.647070847877018 0.51657086588958634 15.28844282474868 69.500000000000014 10.371358971174542 0.044466403162055308 0.55150309460654301 0.98231099167280611 0.21980676328502413 0.29449472096530921 0.21583850931677012
decision_type=2 2 2 2 2 2 2 2 2 2 2 2 2 2
left_child=2 -2 13 4 8 9 11 12 -4 -5 -11 -7 -6 -1
right_child=1 -3 3 5 7 6 -8 -9 -10 10 -12 -13 -14 -15
leaf_value=0.0079874383840484505 0.024854266644468964 -0.024359817668141884 0.03894820570270062 0.01178861528447088 0.011734262621465513 0.017907762136256701 -0.035733330114704899 0.017361330947964739 -0.012901566430182435 -0.034875823419576145 0.0070073772905941889 -0.024180387041735987 -0.049101418330294237 -0.0008835232530441993
leaf_weight=55.05047197849126 9.7190675059755431 1.5868194629001653 6.3961986785361642 2.8904280460337786 1.0002953771036107 11.788930699469349 3.3928668283879224 1.9710572836847857 1.8681855700924641 17.9740175618299 3.2282941223238586 2.2240093632772178 3.2806255853938637 410.62973010595852
leaf_count=3034 711 317 336 240 27 1087 453 65 215 2428 97 346 155 23273
internal_value=-0.000353562 0.0165287 -0.000750346 -0.00835251 0.00747168 -0.0139334 -0.000321009 -0.0186337 0.0271 -0.023363 -0.0284702 0.0100622 -0.0353561 0.000180027
internal_weight=533.001 11.3059 521.695 56.0149 14.5164 41.4985 17.4058 6.25198 8.26438 24.0927 21.2023 14.0129 4.28092 465.68
internal_count=32784 1028 31756 5449 798 4651 1886 247 551 2765 2525 1433 182 26307
is_linear=0
shrinkage=0.05


Tree=296
num_leaves=15
num_cat=0
split_feature=16 13 4 29 9 13 9 23 9 30 25 23 20 11
split_gain=1.54653 2.45763 1.92694 1.55341 2.4143 1.27015 1.78789 2.73843 1.58211 1.45394 1.66722 1.45114 1.40142 1.26631
threshold=56.500000000000007 25.500000000000004 16.50490196078432 0.16333333333333333 13.412012065017864 9.5000000000000018 15.390746454792229 0.30602006688963218 15.863744632215171 665.50000000000011 0.21980676328502413 0.2752525252525253 0.022100122100122053 3.1349094243706026
decision_type=2 2 2 2 2 2 2 2 2 2 2 2 2 2
left_child=1 5 -2 13 -5 6 9 -8 -9 10 11 -1 -13 -4
right_child=2 -3 3 4 -6 -7 7 8 -10 -11 -12 12 -14 -15
leaf_value=-0.0091957481072506633 0.035304863779948611 0.033476494452845992 -0.014442872251099491 0.024249675249235155 -0.035938847977027136 -0.025007361966229588 0.0060129234602326574 -0.036794279194796629 0.025629807661159982 -0.024373730183532907 -0.012118359371221521 0.036411929591937578 -0.014587317869062165 0.0022902017266119134
leaf_weight=2.6607107782765587 3.2643595631252529 2.4883409241992913 10.600315703297381 1.4976470224719367 5.1067068329521135 10.183083395753782 7.5983519061192082 9.828477039944115 0.42439345014281649 2.5577748999057794 4.841493169340537 7.8530681584525137 1.0327116756816392 466.10478051070277
leaf_count=160 447 666 673 129 979 2883 551 808 14 114 345 365 55 24651
internal_value=0.00097257 -0.00736229 0.00183331 0.00153481 -0.020896 -0.010178 -0.0055211 -0.0164561 -0.0321624 0.00509065 0.0108266 0.0206466 0.0296087 0.00188866
internal_weight=536.042 49.4684 486.574 483.309 6.60435 46.9801 36.797 17.8512 10.2529 18.9458 16.388 11.5465 8.88578 476.705
internal_count=32840 5961 26879 26432 1108 5295 2412 1373 822 1039 925 580 420 25324
is_linear=0
shrinkage=0.05


Tree=297
num_leaves=15
num_cat=0
split_feature=26 27 27 6 10 8 21 10 21 14 9 13 22 22
split_gain=1.46221 3.89028 2.21568 1.86608 1.85159 1.63558 1.93471 1.82314 2.6489 2.49081 2.36957 2.71871 2.42648 2.36003
threshold=0.081666666666666665 0.17914438502673799 0.23303167420814477 366.50000000000006 15.227162201730945 592.50000000000011 0.27151675485008825 11.863773818991504 0.58123821495914529 1.3441904672435725 15.417402644750581 8.5000000000000018 14.500000000000002 22.500000000000004
decision_type=2 2 2 2 2 2 2 2 2 2 2 2 2 2
left_child=1 -1 -3 -4 -5 7 -7 8 13 10 -9 12 -12 -2
right_child=5 2 3 4 -6 6 -8 9 -10 -11 11 -13 -14 -15
leaf_value=0.00092458507005121907 -0.0037062448331653952 0.030033748951101343 0.018063773524687795 -0.03954943813361083 0.032522926483964924 0.022399757732534928 -0.03092079391784739 0.0081701186025575044 -0.021201999888235457 -0.037258536037037444 -0.0084935845775140368 -0.019818680048693527 0.019295221942300513 0.015508657937285506
leaf_weight=130.53067223744438 167.35505695716711 19.461582379770338 4.5248189222947977 2.8910769086323858 0.34036173360072997 1.3595041175140048 7.4767021238294546 112.47573366875258 18.690787106388598 2.7075853820479088 16.329682555548064 18.010903082215009 13.445940418139797 16.667850615194766
leaf_count=6019 8220 1001 399 213 13 37 456 9087 1512 939 1269 2689 550 447
internal_value=0.000548878 0.00457107 0.0214063 -0.00119895 -0.0260662 -0.00115294 -0.0212739 -0.000610057 -0.00376727 0.00331614 0.00422843 -0.00502648 0.00427437 -0.00189144
internal_weight=532.268 157.749 27.2178 7.75626 3.23144 374.52 8.83621 365.684 202.714 162.97 160.262 47.7865 29.7756 184.023
internal_count=32851 7645 1626 625 226 25206 493 24713 10179 14534 13595 4508 1819 8667
is_linear=0
shrinkage=0.05


Tree=298
num_leaves=15
num_cat=0
split_feature=16 2 8 23 20 30 29 2 29 21 8 30 27 9
split_gain=1.77749 2.54158 2.71951 2.93575 2.25489 2.14738 2.92708 2.35693 2.33461 2.37413 1.99573 1.98548 4.02464 1.8284
threshold=84.500000000000014 0.89903579155450131 137.50000000000003 0.23904761904761904 0.033150183150183109 1302.5000000000002 0.081666666666666665 0.34650777018047707 0.044466403162055308 0.44935678228301584 85.500000000000014 1738.0000000000002 0.044466403162055308 10.039650610771831
decision_type=2 2 2 2 2 2 2 2 2 2 2 2 2 2
left_child=11 2 3 -2 5 6 7 13 9 -9 -7 -1 -13 -5
right_child=1 -3 -4 4 -6 10 -8 8 -10 -11 -12 12 -14 -15
leaf_value=-0.0010172098154439654 0.029909021664752157 -0.020151990251030701 0.015169808381260697 0.010059319764374144 0.032262509001143094 -0.02945463301038392 0.016063762749172216 0.0080842022282140782 -0.065645507464201461 -0.039363893188441836 0.028628461643596781 0.026401104557896727 -0.030893662563672993 -0.028618089808659458
leaf_weight=411.57249382836926 5.3702413466817225 7.9101580198621368 54.020046647590789 7.0168856284071861 2.4417378900106987 1.087486513191833 5.1700307564606183 4.1647022767720028 3.8509965575067318 5.0485121753008571 4.8668013180140406 3.1251562007819293 12.588684715970883 3.9805141681572422
leaf_count=28335 134 220 1834 407 40 49 220 91 80 161 100 86 922 98
internal_value=-0.000271945 0.00552793 0.00780592 -0.00158014 -0.00673224 -0.0102551 -0.0157967 -0.0230103 -0.0366026 -0.0192242 0.0153102 -0.00170579 -0.0186011 -0.00515848
internal_weight=532.214 104.928 97.018 42.9979 37.6277 35.1859 29.2316 24.0616 13.0642 9.21321 5.95429 427.286 15.7138 10.9974
internal_count=32777 3434 3214 1380 1246 1206 1057 837 332 252 149 29343 1008 505
is_linear=0
shrinkage=0.05


Tree=299
num_leaves=15
num_cat=0
split_feature=24 8 27 22 9 23 17 9 11 11 27 6 27 9
split_gain=1.33471 2.27458 1.5231 1.3842 2.00228 2.42264 4.78909 3.25014 2.38973 3.22192 2.97721 2.21344 4.74355 3.45861
threshold=0.42481203007518792 458.50000000000006 0.070197044334975353 23.500000000000004 12.299687612495388 0.32071428571428579 0.62926191398682685 12.843726595115635 8.4624647008149019 8.7790769289335149 0.31009615384615391 181.50000000000003 0.088932806324110672 14.629209134022796
decision_type=2 2 2 2 2 2 2 2 2 2 2 2 2 2
left_child=3 -2 -3 4 -1 6 8 -8 10 -10 -6 12 13 -7
right_child=1 2 -4 -5 5 11 7 -9 9 -11 -12 -13 -14 -15
leaf_value=-0.0083712514659891098 0.026168364458278283 -0.04173385927005796 0.010931179097990885 0.013418073903113141 -0.014811418865592075 -0.0093032619797902855 0.029090522359965443 -0.020926311500092363 0.032230174231151869 0.0021709478532765569 0.03434806854949992 0.0069307032032750113 -0.016764107796651075 0.015682272879527559
leaf_weight=70.175585717923241 10.572653722287212 1.6246557547128753 2.2088169658672996 17.236407211981714 29.39705775799121 21.458242191500176 2.6426158261820083 43.693654513754154 9.1736205633387709 73.550564261644467 2.4775441567471708 173.36711716529317 35.332412418019885 35.562615663338875
leaf_count=2245 317 41 54 563 3548 1348 66 3504 507 3921 249 8033 5574 2794
internal_value=0.000322509 0.0148237 -0.0154053 -0.000111862 -0.000607262 0.000686335 -0.00413957 -0.0175195 0.00137516 0.00584948 -0.0100618 0.00361373 -0.00262048 0.00628136
internal_weight=528.474 14.4061 3.83347 514.067 496.831 426.655 160.935 46.3363 114.599 82.7242 31.8746 265.72 92.3533 57.0209
internal_count=32764 412 95 32352 31789 29544 11795 3570 8225 4428 3797 17749 9716 4142
is_linear=0
shrinkage=0.05


end of trees

feature_importances:
f_backbone=284
prot_n_res=240
buried_mean=238
r_gly=226
centrality=207
nat_cavity_npts=190
r_aromatic=170
depth=163
f_O=151
r_pos=150
cav_volume=147
ax3=143
r_neg=142
ax1=140
r_hydrophobic=138
r_pro=135
f_N=118
nat_rank=117
n_res=117
nat_rel=116
r_polar=116
nat_mean_bur=110
f_C=110
f_S=109
ax2=103
vol_rank=84
nat_npts=78
nat_score=75
n_atoms=67
nat_max_bur=16

parameters:
[boosting: gbdt]
[objective: lambdarank]
[metric: ndcg]
[tree_learner: serial]
[device_type: cpu]
[data_sample_strategy: bagging]
[data: ]
[valid: ]
[num_iterations: 300]
[learning_rate: 0.05]
[num_leaves: 15]
[num_threads: 4]
[seed: 0]
[deterministic: 0]
[force_col_wise: 0]
[force_row_wise: 0]
[histogram_pool_size: -1]
[max_depth: -1]
[min_data_in_leaf: 20]
[min_sum_hessian_in_leaf: 0.001]
[bagging_fraction: 0.8]
[pos_bagging_fraction: 1]
[neg_bagging_fraction: 1]
[bagging_freq: 1]
[bagging_seed: 7719]
[bagging_by_query: 0]
[feature_fraction: 0.8]
[feature_fraction_bynode: 1]
[feature_fraction_seed: 2437]
[extra_trees: 0]
[extra_seed: 11797]
[early_stopping_round: 0]
[early_stopping_min_delta: 0]
[first_metric_only: 0]
[max_delta_step: 0]
[lambda_l1: 0]
[lambda_l2: 1]
[linear_lambda: 0]
[min_gain_to_split: 0]
[drop_rate: 0.1]
[max_drop: 50]
[skip_drop: 0.5]
[xgboost_dart_mode: 0]
[uniform_drop: 0]
[drop_seed: 21238]
[top_rate: 0.2]
[other_rate: 0.1]
[min_data_per_group: 100]
[max_cat_threshold: 32]
[cat_l2: 10]
[cat_smooth: 10]
[max_cat_to_onehot: 4]
[top_k: 20]
[monotone_constraints: ]
[monotone_constraints_method: basic]
[monotone_penalty: 0]
[feature_contri: ]
[forcedsplits_filename: ]
[refit_decay_rate: 0.9]
[cegb_tradeoff: 1]
[cegb_penalty_split: 0]
[cegb_penalty_feature_lazy: ]
[cegb_penalty_feature_coupled: ]
[path_smooth: 0]
[interaction_constraints: ]
[verbosity: -1]
[saved_feature_importance_type: 0]
[use_quantized_grad: 0]
[num_grad_quant_bins: 4]
[quant_train_renew_leaf: 0]
[stochastic_rounding: 1]
[linear_tree: 0]
[max_bin: 255]
[max_bin_by_feature: ]
[min_data_in_bin: 3]
[bin_construct_sample_cnt: 200000]
[data_random_seed: 38]
[is_enable_sparse: 1]
[enable_bundle: 1]
[use_missing: 1]
[zero_as_missing: 0]
[feature_pre_filter: 1]
[pre_partition: 0]
[two_round: 0]
[header: 0]
[label_column: ]
[weight_column: ]
[group_column: ]
[ignore_column: ]
[categorical_feature: ]
[forcedbins_filename: ]
[precise_float_parser: 0]
[parser_config_file: ]
[objective_seed: 8855]
[num_class: 1]
[is_unbalance: 0]
[scale_pos_weight: 1]
[sigmoid: 1]
[boost_from_average: 1]
[reg_sqrt: 0]
[alpha: 0.9]
[fair_c: 1]
[poisson_max_delta_step: 0.7]
[tweedie_variance_power: 1.5]
[lambdarank_truncation_level: 5]
[lambdarank_norm: 1]
[label_gain: ]
[lambdarank_position_bias_regularization: 0]
[eval_at: 1,3]
[multi_error_top_k: 1]
[auc_mu_weights: ]
[num_machines: 1]
[local_listen_port: 12400]
[time_out: 120]
[machine_list_filename: ]
[machines: ]
[gpu_platform_id: -1]
[gpu_device_id: -1]
[gpu_device_id_list: ]
[gpu_use_dp: 0]
[num_gpu: 1]

end of parameters

pandas_categorical:[]
